{"prediction_class": "Regulatory Breaches Tax Evasion Smuggling of goods", "prediction_score": "0.71", "name": "Alimentation Couche-Tard", "title": "House Judiciary Subcommittee on Regulatory Reform, Commercial and Antitrust Law Hearing;\"Oversight of the Antitrust Enforcement Agencies.\";Testimony by Joseph Simons, Chairman, Federal Trade Commission;WAXc05c1218H006", "published": "2018-12-12T00:00:00Z", "updated": "2020-11-16T07:43:06Z", "cleaned_article": "[TITLE] House Judiciary Subcommittee on Regulatory Reform, Commercial and Antitrust Law Hearing;\"Oversight of the Antitrust Enforcement Agencies.\";Testimony by Joseph Simons, Chairman, Federal Trade Commission;WAXc05c1218H006 [TITLE] \n\nn6 FTC v. Wilhelmsen, No. 1:18-cv-00414 (D.D.C. July 21, 2018), https://www.ftc.gov/enforcement/cases-proceedings/171-0161/wilhelm-wilhelmsen-et-al-ftc-v. n7 FTC v. Sanford Health, No. 17-3783 (8th Cir.) (merging parties' pending appeal of the district court's grant of a preliminary injunction), https://www.ftc.gov/enforcement/cases-proceedings/171-0019/sanford-health-ftc-state-north-dakota-v; In re Otto Bock HealthCare North America, Inc., Dkt. 9378 (Dec. 20, 2017),       \u00a0    https://www.ftc.gov/enforcement/cases-proceedings/171-0231/otto-bock-healthcarefreedom-innovations.; In re Tronox Ltd., Dkt. 9377 (Dec. 5, 2017),       \u00a0    https://www.ftc.gov/enforcement/cases-proceedings/171-0085/tronoxcristal-usa. The district court recently issued a preliminary injunction to prevent the consummation of the merger of Tronox and Cristal, pending the outcome of the Commission's administrative proceedings. FTC v. Tronox Ltd., No. 1:18-cv-01622 (D.D.C. Sept. 5, 2018). n8 Marathon Petroleum Corp. and Express Mart, No. 181-0152 (Oct. 25, 2018), https://www.ftc.gov/enforcement/cases-proceedings/181-0152/marathon-petroleum-et-al; Alimentation Couche-Tard and CST Brands, C-4618 (June 26, 2017),       \u00a0    https://www.ftc.gov/enforcement/cases-proceedings/161-0207-docket-no-c-4618/alimentation-couche-tard-cst-brands; Alimentation Couche-Tard and CrossAmerica Partners, C-4635 (Dec. 15, 2017),       \u00a0    https://www.ftc.gov/enforcement/cases-proceedings/1710184/alimentation-couche-tard-crossamerica-partners-matter; Alimentation Couche-Tard and CrossAmerica Partners, C-4631 (Nov. 22, 2017),       \u00a0    https://www.ftc.gov/enforcement/cases-proceedings/1710207/alimentation-couche-tard-crossamerica-partners; Seven and iHoldings Co., C-4641 (Jan. 19, 2018),       \u00a0    https://www.ftc.gov/enforcement/cases-proceedings/171-0126-c-4641/seven-i-holdings-7-eleven-sunoco. n9 Agrium Inc. et al., C-4638 (Dec. 27, 2017), https://www.ftc.gov/enforcement/cases-proceedings/161-0232/agrium-inc-potash-corporation-nutrien-ltd. n10 CRH plc, C-4653 (June 14, 2018), https://www.ftc.gov/enforcement/cases-proceedings/171-0230-c-4653/crh-plc.", "raw_cleaned_article": "<h2>House Judiciary Subcommittee on Regulatory Reform, Commercial and Antitrust Law Hearing;\"Oversight of the Antitrust Enforcement Agencies.\";Testimony by Joseph Simons, Chairman, Federal Trade Commission;WAXc05c1218H006</h2><p>n6 FTC v. Wilhelmsen, No. 1:18-cv-00414 (D.D.C. July 21, 2018), https://www.ftc.gov/enforcement/cases-proceedings/171-0161/wilhelm-wilhelmsen-et-al-ftc-v. n7 FTC v. Sanford Health, No. 17-3783 (8th Cir.) (merging parties' pending appeal of the district court's grant of a preliminary injunction), https://www.ftc.gov/enforcement/cases-proceedings/171-0019/sanford-health-ftc-state-north-dakota-v; In re Otto Bock HealthCare North America, Inc., Dkt. 9378 (Dec. 20, 2017),       \u00a0    https://www.ftc.gov/enforcement/cases-proceedings/171-0231/otto-bock-healthcarefreedom-innovations.; In re Tronox Ltd., Dkt. 9377 (Dec. 5, 2017),       \u00a0    https://www.ftc.gov/enforcement/cases-proceedings/171-0085/tronoxcristal-usa. The district court recently issued a preliminary injunction to prevent the consummation of the merger of Tronox and Cristal, pending the outcome of the Commission's administrative proceedings. FTC v. Tronox Ltd., No. 1:18-cv-01622 (D.D.C. Sept. 5, 2018). <b>n8 Marathon Petroleum Corp. and Express Mart, No. 181-0152 (Oct. 25, 2018), https://www.ftc.gov/enforcement/cases-proceedings/181-0152/marathon-petroleum-et-al; Alimentation Couche-Tard and CST Brands, C-4618 (June 26, 2017),       \u00a0    https://www.ftc.gov/enforcement/cases-proceedings/161-0207-docket-no-c-4618/alimentation-couche-tard-cst-brands; Alimentation Couche-Tard and CrossAmerica Partners, C-4635 (Dec. 15, 2017),       \u00a0    https://www.ftc.gov/enforcement/cases-proceedings/1710184/alimentation-couche-tard-crossamerica-partners-matter; Alimentation Couche-Tard and CrossAmerica Partners, C-4631 (Nov. 22, 2017),       \u00a0    https://www.ftc.gov/enforcement/cases-proceedings/1710207/alimentation-couche-tard-crossamerica-partners; Seven and iHoldings Co., C-4641 (Jan. 19, 2018),       \u00a0    https://www.ftc.gov/enforcement/cases-proceedings/171-0126-c-4641/seven-i-holdings-7-eleven-sunoco.</b> n9 Agrium Inc. et al., C-4638 (Dec. 27, 2017), https://www.ftc.gov/enforcement/cases-proceedings/161-0232/agrium-inc-potash-corporation-nutrien-ltd. n10 CRH plc, C-4653 (June 14, 2018), https://www.ftc.gov/enforcement/cases-proceedings/171-0230-c-4653/crh-plc.</p>", "original_content": "<entry xmlns=\"http://www.w3.org/2005/Atom\"><id>urn:contentItem:5TYD-J5F1-JCCP-01FW-00000-00</id><title>House Judiciary Subcommittee on Regulatory Reform, Commercial and Antitrust Law Hearing;\"Oversight of the Antitrust Enforcement Agencies.\";Testimony by Joseph Simons, Chairman, Federal Trade Commission;WAXc05c1218H006</title><published>2018-12-12T00:00:00Z</published><updated>2020-11-16T07:43:06Z</updated><author><name>LexisNexis</name></author><content type=\"application/xml\"><!--Transformation version 1.23--><articleDoc xmlns=\"\" xmlns:xsi=\"http://www.w3.org/2001/XMLSchema-instance\" xsi:noNamespaceSchemaLocation=\"http://www.lexisnexis.com/xmlschemas/content/public/articledoc/1/\" schemaVersion=\"1.8\" xml:lang=\"en\"><articleDocHead><itemInfo><sourceSectionInfo><positionSection>U.S. HOUSE OF REPRESENTATIVES DOCUMENTS</positionSection></sourceSectionInfo></itemInfo></articleDocHead><nitf:body xmlns:nitf=\"http://iptc.org/std/NITF/2006-10-18/\"><nitf:body.head><nitf:hedline><nitf:hl1>House Judiciary Subcommittee on Regulatory Reform, Commercial and Antitrust Law Hearing</nitf:hl1><nitf:hl2>\"Oversight of the Antitrust Enforcement Agencies.\"</nitf:hl2><nitf:hl2>Testimony by Joseph Simons, Chairman, Federal Trade Commission</nitf:hl2><nitf:hl2>WAXc05c1218H006</nitf:hl2></nitf:hedline></nitf:body.head><nitf:body.content><bodyText><p nitf:lede=\"true\">Chairman Marino, Ranking Member Cicilline, and members of the Subcommittee, thank you for the opportunity to appear before you today. I am Joe Simons, Chairman of the Federal Trade Commission, and I am pleased to testify on behalf of the Commission and discuss some of our current competition enforcement activities and policy priorities. n1</p><p nitf:lede=\"true\">For over 100 years, the FTC has worked to ensure that American markets are open, vibrant, and unencumbered by unreasonable private or public restraints. With its dual missions to promote competition and protect consumers, the FTC applies antitrust and consumer protection law in a dynamic economy that is rapidly responding to new technology. The FTC is committed to understanding how technological developments and globalization can and should impact our law enforcement, research, and advocacy. As commerce and technology continue to evolve, companies may find newer ways to engage in unfair and deceptive practices that cause substantial consumer harm. Companies may also merge or engage in other conduct that harms, or threatens to harm, competition. Our agency tackles these challenges primarily through targeted law enforcement, although we also take full advantage of our unique set of policy tools. Our bipartisan administrative structure, extensive research capabilities, and committed staff enable the FTC to continue to meet its mandate of protecting consumers and competition in an ever-changing marketplace.</p><p>This testimony highlights a number of recent FTC competition initiatives, n2 including notable victories stopping anticompetitive mergers and conduct, public hearings on a variety of competition and consumer protection issues, and advocacy both domestically and abroad.</p><p>I. FTC Competition Enforcement</p><p>The Commission seeks to promote competition through a rigorous, fact-intensive approach to law enforcement. The FTC has jurisdiction over a wide swath of the economy and focuses its enforcement efforts on sectors that most directly affect consumers and their wallets, such as consumer products and services, energy, health care, high technology, and manufacturing. The agency shares primary jurisdiction with the Department of Justice in enforcing the nation's antitrust laws.</p><p>A. Maintaining Competition through Robust Merger Enforcement</p><p>One of the agency's principal responsibilities is to prevent mergers that may substantially lessen competition. Premerger filings under the Hart-Scott-Rodino (\"HSR\") Act have increased steadily since FY 2013, and in FY 2017, the agencies received over 2,000 HSR filings for the first time since 2007, bringing filings in the past fiscal year to the average over the past 20 years. n3 The FTC's work to challenge anticompetitive mergers has placed a considerable strain on the Commission's resources, which were already limited. Although most reported transactions do not raise competitive concerns and are cleared expeditiously by the agencies, when available evidence gives the Commission reason to believe that a proposed merger likely would be anticompetitive, the Commission does not hesitate to intervene. Since the beginning of FY 2017, the Commission has challenged 48 mergers. Although many of these cases were resolved through settlements, in the last year alone, the Commission sued to block five mergers, and each of these matters required a significant commitment of resources to prepare for litigation. Two of those challenges ended successfully when the parties abandoned the transactions after the Commission initiated litigation. n4 For instance, after the FTC voted to initiate litigation to block the transaction, CDK Global, Inc. and Auto/Mate, Inc. abandoned a proposed merger that likely would have substantially reduced competition for the sale of automobile dealer management system software. n5 In July, the district court in Washington, D.C. issued a preliminary injunction blocking Wilhelmsen Maritime Services' proposed acquisition of Drew Marine Group, a merger that would have combined the world's two largest suppliers of water treatment chemicals used by tankers, container ships, and cruise ships. n6 Three other merger cases are still pending in litigation. n7</p><p>As noted above, the Commission continues to resolve most horizontal merger challenges through negotiated settlements requiring divestitures sufficient to restore lost competition. In the past year, for example, the FTC reviewed a number of horizontal mergers involving retail gas stations and convenience stores, and required divestitures to maintain competition in more than 160 local gasoline markets. n8 The Commission also took action to prevent harm from horizontal mergers involving a wide variety of products (such as agricultural chemicals, n9 cement, n10 industrial gases, n11 medical instruments, n12 and pharmaceuticals n13) and services (such as air ambulance services, n14 casino services, n15 and specialty veterinary services n16).</p><p>The FTC also reviews vertical mergers and, when appropriate, acts to prevent harm to competition. For example, the Commission reviewed the merger of Northrop Grumman, a leading provider of missile systems to the Department of Defense (DOD), and Orbital ATK, a key supplier of solid rocket motors (SRM). The FTC was concerned that the acquisition would provide Northrop with the incentive and ability to harm competition for missile contracts by either withholding access to Orbital's SRMs or increasing SRM prices to competitors. As a result, competitors would be forced to raise the prices of their missile systems, invest less aggressively to win missile programs, or decide not to compete at all, which would decrease competitive pressure on Northrop. We also were concerned that the acquisition would create a risk that the proprietary, competitively sensitive information of a rival SRM supplier supporting Northrop's missile system business could be shared with Northrop's vertically integrated SRM business. The FTC worked closely with the DOD in our review, and our proposed order imposes non-discrimination requirements and a firewall to preserve competition. n17</p><p>One increasing challenge for the Commission in litigating competition cases is the need to hire testifying economic experts. Qualified experts are a critical resource in all of the FTC's competition cases heading toward litigation. The FTC thus far has managed to allocate sufficient resources to fund the experts needed to support its cases and continues to develop strategies for managing expert costs more effectively. But the agency is reaching the point where it will be unable to meet these needs without compromising its ability to fulfill other aspects of the agency's mission. The Commission appreciates Congress's attention to its resource needs, including the need to continue to hire outside experts to support effective antitrust enforcement.</p><p>Finally, the Commission is committed to efficient and transparent merger review. In response to concerns that merger investigations are taking longer, the Bureau of Competition has developed a more robust system of tracking key milestones in the merger review process to determine whether this perception has merit and, if so, why some reviews may be taking longer. Armed with better information, the Bureau of Competition will assess what might be done to make the merger review process more efficient and less burdensome, while still ensuring the right outcome for consumers. The Bureau of Competition also has released a Model Timing Agreement, which adds greater transparency and certainty to the merger review process. n18</p><p>B. Combatting Anticompetitive Conduct in Health Care Markets</p><p>The Commission maintains a robust program to identify and stop anticompetitive conduct, especially in critical health care markets. For over twenty years and on a bipartisan basis, the Commission has prioritized ending anticompetitive reverse-payment agreements in which a brand-name drug firm pays its potential generic rival to give up its patent challenge and agree not to launch a lower cost generic product. Following the U.S. Supreme Court's 2013 decision in FTC v. Actavis, Inc., n19 the Commission is in a much stronger position to challenge agreements of this type. For example, on remand the district court hearing the Actavis case denied the defendants' motion for summary judgment, clearing the way for trial. n20 In addition, since the Supreme Court decided Actavis, the FTC has obtained a landmark $1.2 billion settlement from the maker of sleep disorder drug Provigil, n21 and other manufacturers have agreed to abandon anticompetitive agreements of this type. n22 Currently, the FTC has three additional matters pending in litigation challenging reverse payment agreements. n23</p><p>The Commission also has challenged anticompetitive unilateral conduct by drug manufacturers to maintain a monopoly, such as abuse of government process through sham litigation or repetitive regulatory filings intended to slow the approval of competitive drugs. n24 Here too, the Commission recently had a major victory when a federal court ruled on the basis of a full trial record that AbbVie Inc. used sham litigation to illegally maintain its monopoly over the testosterone replacement drug Androgel, and ordered $493.7 million in monetary relief to those who were overcharged for Androgel as a result of AbbVie's conduct. n25 This case represents the first time any court has held that sham litigation violated Section 2 of the Sherman Act since the U.S. Supreme Court first recognized this legal theory in Professional Real Estate Investors, Inc. v. Columbia Pictures Industries, Inc., and it is a significant win for consumers. n26</p><p>Nevertheless, the FTC's antitrust enforcement program has faced some setbacks. In 2017, the FTC filed a complaint in federal district court charging Shire ViroPharma Inc. with violating the antitrust laws by abusing government processes through a campaign of serial, repetitive, and unsupported filings with the U.S. Food and Drug Administration (FDA) and courts to delay the FDA's approval of generic Vancocin capsules. n27 Vancocin capsules are used to treat C.difficile-associated diarrhea, or CDAD, a sometimes life-threatening bacterial infection. The FTC alleged that Vancocin capsules are not reasonably interchangeable with any other medications used to treat CDAD, and that because of ViroPharma's actions, consumers and other purchasers paid hundreds of millions of dollars more for their medication.</p><p>In March of this year, the U.S. district court in Delaware ruled that the Commission had stated a valid claim that ViroPharma's repetitive and baseless petitions to the FDA amounted to sham petitioning that was not protected activity under the Noerr-Pennington doctrine. n28 Unfortunately, the court nevertheless dismissed the FTC's monopolization complaint, ruling that the agency failed to adequately plead an imminent violation of antitrust law and thus was not entitled to file suit under Section 13(b) of the FTC Act. The Commission has appealed this ruling to the Third Circuit, noting that no court in the 45 years since the enactment of Section 13(b) has required the FTC to meet this stringent imminence standard. n29 In particular, and as we argued in our appeal brief, the district court failed to follow well-established precedent holding that injunctive relief may be awarded even after unlawful conduct has ceased so long as there is a reasonable likelihood of recurrence.</p><p>The Commission is also attentive to situations where health care firms engage in conduct that restrains competition for employees, such as anticompetitive information exchanges and other collusive practices by employers in labor markets. For example, in July of this year, the FTC charged three parties--a Texas company that provides therapists to home health agencies, the company's owner, and the former owner of a competing staffing company--with violating the antitrust laws. The Commission alleged that the parties violated the FTC Act by agreeing to reduce rates paid to therapists and by inviting other competitors to join their collusive scheme. n30 Fortunately, the FTC and Texas Attorney General were successful in stopping this conduct quickly. Just as American consumers deserve robust competition among producers who set prices for the goods they buy, American workers deserve robust competition among potential employers who determine their wages. This case highlights an important message of the October 2016 joint DOJ/FTC guidance for human resources professionals: Competition is essential to well-functioning markets, including job markets. n31</p><p>C. Monitoring Technology Firms</p><p>From search platforms and social media to smart appliances, smart cars, and mobile devices, the widespread use of technology and data is changing not only the way we live, but also the way firms operate. Although many of these changes offer consumer benefits, they also raise complex and sometimes novel competition issues. Given the important role that technology companies play in the American economy, it is critical that the Commission--in furthering its mission to protect consumers and promote competition--not only understand current and developing business models, but also scrutinize incumbents' conduct to ensure that they abide by the same rules of competitive markets that apply to any company. When appropriate, the Commission will take action to counter anticompetitive transactions and conduct by technology firms. n32</p><p>II. Competition Policy Work</p><p>Although vigorous law enforcement is the Commission's primary means to promote competition and protect consumers, we take advantage of a variety of research and advocacy tools to stay abreast of new trends in our dynamic economy, study business developments, and advocate for policies that eliminate unreasonable restrictions on competition.</p><p>In June, we announced a new series of public hearings--Hearings on Competition and Consumer Protection in the 21st Century--to consider whether broad-based changes in the economy, evolving business practices, new technologies, and international developments warrant adjustments to competition and consumer protection law, enforcement priorities, and policy. n33 This initiative is modeled on a similar effort in 1995 by former FTC Chairman Bob Pitofsky, which was the first step in establishing the FTC as a key modern center for competition \"RandD.\" That effort also led to a well-received two-volume staff report, Anticipating the 21st Century, which presented analyses and recommendations on competition and consumer protection policy, respectively. n34 Similarly, through the series of hearings that began on September 13th, the Commission is devoting significant resources to refresh and, if warranted, renew its thinking on a wide range of cutting-edge competition and consumer protection issues. n35 The hearings kicked off at Georgetown University Law Center, with opening sessions on market competitiveness, enforcement policy, and the regulation of consumer data. There have been additional sessions on a wide range of competition and consumer protection topics, such as the role of the consumer welfare standard in U.S. antitrust law; privacy, big data and competition; innovation and intellectual property policy; monopsony power; the antitrust framework for the acquisition of nascent competitors; vertical merger analysis; and algorithms, AI and predictive analysis. To date, we have heard from more than 200 panelists and received more than 700 public comments. Future sessions have been announced that will focus on common ownership, data security, and consumer privacy, and will continue through early 2019. The Commission approaches this effort with an open mind, and expects to use what we learn from the hearings to more effectively carry out our mission to protect consumers and competition.</p><p>The Commission will continue to look for opportunities to issue joint guidance with our antitrust partners at the Department of Justice. Last year, the agencies issued updated Antitrust Guidelines for the Licensing of Intellectual Property, which explain how the federal antitrust agencies evaluate licensing and related activities involving patents, copyrights, trade secrets, and know-how. This update modernizes the agencies' 1995 IP Licensing Guidelines, ensuring that they continue to provide useful guidance to the public and the business community about the agencies' enforcement approach to intellectual property licensing.</p><p>The FTC also engages in competition advocacy, providing comments to state legislatures, state and federal agencies, and other policymakers. Competition advocacy is particularly effective in addressing market restraints imposed by governments themselves, such as excessive state occupational licensing requirements, where the likely effects on competition and other social objectives like employment may not be adequately understood by policy makers. n36 For example, the FTC's Economic Liberty Task Force recently released a policy paper entitled Policy Perspectives: Options to Enhance Occupational License Portability. This paper assesses various approaches that state licensure boards, professional organizations, state legislatures, and others may consider in developing effective licensure portability initiatives. n37 American workers, employers, consumers, and our economy as a whole will benefit from eliminating unnecessary and overbroad licensing requirements that impose additional costs, restrict competition, and are unnecessary to protect consumer health and safety.</p><p>The FTC also relies on its expertise in health care competition to identify policies that unnecessarily burden competition to the detriment of consumers. For instance, the FTC recently responded to the Department of Health and Human Services' request for comment on its Blueprint to Lower Drug Prices and Reduce Out-of-Pocket Costs, focusing on two topics: the misuse of Risk Evaluation and Mitigation Strategies (REMS) programs and the inadvertent creation of new barriers to biologic competition. The FTC supports well-crafted regulatory and legislative actions to correct the misuse of REMS programs. Today, brands can misuse REMS restrictions to prevent or delay generic firms from obtaining FDA approval for lower cost drugs, and may place voluntary limits on drug distribution that deny potential generic competitors access to the samples they need for bioequivalence testing. In addition, the Commission's comment explains how certain FDA regulations may create unnecessary barriers to biosimilar and interchangeable competition, and recommends that the FDA reconsider its naming guidance for biologics and expedite the approval process for interchangeable biosimilars. n38</p><p>III. International Cooperation</p><p>In addition to its domestic programs, the FTC engages in significant international work. On the competition side, with the expansion of global trade and the operation of many companies across national borders, the FTC and DOJ increasingly engage with foreign antitrust agencies to ensure close collaboration on cross-border cases and convergence toward sound competition policies and procedures.</p><p>Putting these principles into practice, the FTC effectively coordinates reviews of mergers and cases of potential unilateral anticompetitive conduct under concurrent review with its international counterparts to achieve effective, sound, and consistent outcomes. For example, in the recent merger of industrial gas suppliers Praxair, Inc. and Linde AG, Commission staff worked cooperatively with the staff of antitrust agencies in Argentina, Brazil, Canada, Chile, China, Colombia, the European Union, India, Korea, and Mexico to analyze the proposed transaction and potential remedies. n39</p><p>The U.S. antitrust agencies also facilitate dialogue and promote convergence by taking an active role in bilateral and multilateral channels. For example, in 2018, we held high-level bilateral meetings with counterparts from China's antitrust authorities to promote sound practices and procedures in antitrust investigations. Our discussion topics included procedural fairness, interagency cooperation, and antitrust treatment of the exercise of intellectual property rights. The FTC will support the continued development of such initiatives, and will continue to engage in high-level consultations with other key counterparts, as we did recently with counterparts from Canada, the European Commission, and Mexico.</p><p>In addition, the FTC plays a key role in multilateral fora dedicated to facilitating dialogue and convergence toward sound competition policy and enforcement. For example, the FTC led the development, and is now promoting the implementation, of the International Competition Network's (ICN) Guidance on Investigative Process, the most comprehensive agency-led effort to articulate principles and practices of procedural fairness in antitrust investigations. We also are heading a project aimed at further developing the ICN's flagship Recommended Practices for Merger Notification and Review Procedures, which has resulted in more streamlined review of cross-border transactions.</p><p>When appropriate, the FTC works with other U.S. government agencies to ensure that competition-related issues that also implicate broader U.S. policy interests, such as the protection of intellectual property and non-discriminatory treatment of U.S. companies, are addressed in a coordinated and effective manner. For example, the FTC participated in negotiating the relevant chapters of NAFTA and the USMCA, was a member of the U.S. team involved in shaping G20 and G7 outcomes on digital economy issues, and has been part of interagency groups that addressed economic and trade issues with China and Korea.</p><p>Last year, the FTC and DOJ issued updated Antitrust Guidelines for International Enforcement and Cooperation to provide transparent guidance to the business community on our international antitrust enforcement and cooperation policies, including on the territorial scope of U.S. antitrust investigations and remedies. n40</p><p>IV. Conclusion</p><p>As the members of this Subcommittee well know, competitive markets are the foundation of our economy, and effective antitrust enforcement helps ensure that those markets function properly and benefit both consumers and businesses. Thank you for this opportunity to share highlights of the Commission's recent enforcement, research, and advocacy work to promote competition and protect consumers.</p><p>n1 This written statement represents the views of the Federal Trade Commission. The oral presentation and responses to questions by Chairman Simons are his own, and do not necessarily reflect the views of the Commission or any other Commissioner.</p><p>n2 For an overview of the FTC's efforts to protect consumers from unfair or deceptive acts or practices, see the Commission's recent testimony before the Senate Committee on Commerce, Science and Transportation Subcommittee on Consumer Protection, Product Safety, Insurance, and Data Security (Nov. 27, 2018), <url normalizedValue=\"https://www.ftc.gov/system/files/documents/public_statements/1423835/p180101_commission_testimony_re_oversight_senate_11272018_0.pdf\">https://www.ftc.gov/system/files/documents/public_statements/1423835/p180101_commission_testimony_re_oversight_senate_11272018_0.pdf</url>.</p><p>n3 In FY 2017, the agencies received notice of 2,052 transactions, compared with 1,326 in FY 2013 and 2,201 in FY 2007. The 20-year average extends back to FY 1998. Effective February 1, 2001, the HSR Act was amended to increase the size-of-transaction threshold from $15 million to $50 million. After that change took effect, the number of filings dropped from 4,926 in FY 2000 to 2,376 in FY 2001 and 1,187 in FY 2002. See FTC/DOJ Hart-Scott-Rodino Annual Report Fiscal Year 2007 at 2 n.2, <url normalizedValue=\"https://www.ftc.gov/sites/default/files/documents/reports_annual/30th-report-fy-2007/hsrreportfy2007_0.pdf\">https://www.ftc.gov/sites/default/files/documents/reports_annual/30th-report-fy-2007/hsrreportfy2007_0.pdf</url>. For historical information about HSR filings and U.S. merger enforcement, see the joint FTC/DOJ Hart-Scott-Rodino annual reports,       \u00a0    <url normalizedValue=\"https://www.ftc.gov/policy/reports/policy-reports/annual-competition-reports\">https://www.ftc.gov/policy/reports/policy-reports/annual-competition-reports</url>.</p><p>n4 Fed. Trade Comm'n, Press Release, FTC Challenges Proposed Acquisition of Conagra's Wesson Cooking Oil Brand by Crisco Owner, J.M. Smucker Co. (Mar. 5, 2018), <url normalizedValue=\"https://www.ftc.gov/news-events/press-releases/2018/03/ftc-challenges-proposed-acquisition-conagras-wesson-cooking-oil;\">https://www.ftc.gov/news-events/press-releases/2018/03/ftc-challenges-proposed-acquisition-conagras-wesson-cooking-oil;</url> In re CDK Global and Auto/Mate, Dkt. 9382 (Mar. 20, 2018),       \u00a0    <url normalizedValue=\"https://www.ftc.gov/enforcement/cases-proceedings/171-0156/cdk-global-automate-matter\">https://www.ftc.gov/enforcement/cases-proceedings/171-0156/cdk-global-automate-matter</url>.</p><p>n5 In re CDK Global and Auto/Mate, Dkt. 9382 (Mar. 20, 2018), <url normalizedValue=\"https://www.ftc.gov/enforcement/cases-proceedings/171-0156/cdk-global-automate-matter\">https://www.ftc.gov/enforcement/cases-proceedings/171-0156/cdk-global-automate-matter</url>.</p><p>n6 FTC v. Wilhelmsen, No. 1:18-cv-00414 (D.D.C. July 21, 2018), <url normalizedValue=\"https://www.ftc.gov/enforcement/cases-proceedings/171-0161/wilhelm-wilhelmsen-et-al-ftc-v\">https://www.ftc.gov/enforcement/cases-proceedings/171-0161/wilhelm-wilhelmsen-et-al-ftc-v</url>.</p><p>n7 FTC v. Sanford Health, No. 17-3783 (8th Cir.) (merging parties' pending appeal of the district court's grant of a preliminary injunction), <url normalizedValue=\"https://www.ftc.gov/enforcement/cases-proceedings/171-0019/sanford-health-ftc-state-north-dakota-v;\">https://www.ftc.gov/enforcement/cases-proceedings/171-0019/sanford-health-ftc-state-north-dakota-v;</url> In re Otto Bock HealthCare North America, Inc., Dkt. 9378 (Dec. 20, 2017),       \u00a0    <url normalizedValue=\"https://www.ftc.gov/enforcement/cases-proceedings/171-0231/otto-bock-healthcarefreedom-innovations.;\">https://www.ftc.gov/enforcement/cases-proceedings/171-0231/otto-bock-healthcarefreedom-innovations.;</url> In re Tronox Ltd., Dkt. 9377 (Dec. 5, 2017),       \u00a0    <url normalizedValue=\"https://www.ftc.gov/enforcement/cases-proceedings/171-0085/tronoxcristal-usa\">https://www.ftc.gov/enforcement/cases-proceedings/171-0085/tronoxcristal-usa</url>. The district court recently issued a preliminary injunction to prevent the consummation of the merger of Tronox and Cristal, pending the outcome of the Commission's administrative proceedings. FTC v. Tronox Ltd., No. 1:18-cv-01622 (D.D.C. Sept. 5, 2018).</p><p>n8 Marathon Petroleum Corp. and Express Mart, No. 181-0152 (Oct. 25, 2018), <url normalizedValue=\"https://www.ftc.gov/enforcement/cases-proceedings/181-0152/marathon-petroleum-et-al;\">https://www.ftc.gov/enforcement/cases-proceedings/181-0152/marathon-petroleum-et-al;</url> Alimentation Couche-Tard and CST Brands, C-4618 (June 26, 2017),       \u00a0    <url normalizedValue=\"https://www.ftc.gov/enforcement/cases-proceedings/161-0207-docket-no-c-4618/alimentation-couche-tard-cst-brands;\">https://www.ftc.gov/enforcement/cases-proceedings/161-0207-docket-no-c-4618/alimentation-couche-tard-cst-brands;</url> Alimentation Couche-Tard and CrossAmerica Partners, C-4635 (Dec. 15, 2017),       \u00a0    <url normalizedValue=\"https://www.ftc.gov/enforcement/cases-proceedings/1710184/alimentation-couche-tard-crossamerica-partners-matter;\">https://www.ftc.gov/enforcement/cases-proceedings/1710184/alimentation-couche-tard-crossamerica-partners-matter;</url> Alimentation Couche-Tard and CrossAmerica Partners, C-4631 (Nov. 22, 2017),       \u00a0    <url normalizedValue=\"https://www.ftc.gov/enforcement/cases-proceedings/1710207/alimentation-couche-tard-crossamerica-partners;\">https://www.ftc.gov/enforcement/cases-proceedings/1710207/alimentation-couche-tard-crossamerica-partners;</url> Seven and iHoldings Co., C-4641 (Jan. 19, 2018),       \u00a0    <url normalizedValue=\"https://www.ftc.gov/enforcement/cases-proceedings/171-0126-c-4641/seven-i-holdings-7-eleven-sunoco\">https://www.ftc.gov/enforcement/cases-proceedings/171-0126-c-4641/seven-i-holdings-7-eleven-sunoco</url>.</p><p>n9 Agrium Inc. et al., C-4638 (Dec. 27, 2017), <url normalizedValue=\"https://www.ftc.gov/enforcement/cases-proceedings/161-0232/agrium-inc-potash-corporation-nutrien-ltd\">https://www.ftc.gov/enforcement/cases-proceedings/161-0232/agrium-inc-potash-corporation-nutrien-ltd</url>.</p><p>n10 CRH plc, C-4653 (June 14, 2018), <url normalizedValue=\"https://www.ftc.gov/enforcement/cases-proceedings/171-0230-c-4653/crh-plc\">https://www.ftc.gov/enforcement/cases-proceedings/171-0230-c-4653/crh-plc</url>.</p><p>n11 Linde AG and Praxair, Inc., No. 171-0068 (Oct. 22, 2018), <url normalizedValue=\"https://www.ftc.gov/enforcement/cases-proceedings/171-0068/linde-ag-praxair-inc\">https://www.ftc.gov/enforcement/cases-proceedings/171-0068/linde-ag-praxair-inc</url>.</p><p>n12 Abbott Laboratories and Alere Inc., C-4625 (Sept. 28, 2017), <url normalizedValue=\"https://www.ftc.gov/enforcement/cases-proceedings/161-0084/abbott-laboratories-alere-inc\">https://www.ftc.gov/enforcement/cases-proceedings/161-0084/abbott-laboratories-alere-inc</url>.</p><p>n13 Amneal Holdings and Impax Laboratories, C-4650 (Apr. 27, 2018), <url normalizedValue=\"https://www.ftc.gov/enforcement/cases-proceedings/181-0017-c-4650/amneal-holdings-impax-laboratories-matter\">https://www.ftc.gov/enforcement/cases-proceedings/181-0017-c-4650/amneal-holdings-impax-laboratories-matter</url>.</p><p>n14 Air Medical Group, et al, C-4642 (Mar. 7, 2018), <url normalizedValue=\"https://www.ftc.gov/enforcement/cases-proceedings/171-0217-c-4642/air-medical-group-kkr-north-america-amr-holdco\">https://www.ftc.gov/enforcement/cases-proceedings/171-0217-c-4642/air-medical-group-kkr-north-america-amr-holdco</url>.</p><p>n15 Penn National Gaming and Pinnacle Entertainment, No. 181-0011 (Oct. 1, 2018), <url normalizedValue=\"https://www.ftc.gov/enforcement/cases-proceedings/181-0011/penn-national-gaming-pinnacle-entertainment-matter\">https://www.ftc.gov/enforcement/cases-proceedings/181-0011/penn-national-gaming-pinnacle-entertainment-matter</url>.</p><p>n16 Mars, Inc. and VCA Inc., C-4633 (Aug. 30, 2017), <url normalizedValue=\"https://www.ftc.gov/enforcement/cases-proceedings/171-0057/mars-incorporated-vca-inc\">https://www.ftc.gov/enforcement/cases-proceedings/171-0057/mars-incorporated-vca-inc</url>.</p><p>n17 Northrop Grumman and Orbital ATK, C-4652 (June 5, 2018), <url normalizedValue=\"https://www.ftc.gov/enforcement/cases-proceedings/181-0005-c-4652/northrop-grumman-orbital-atk\">https://www.ftc.gov/enforcement/cases-proceedings/181-0005-c-4652/northrop-grumman-orbital-atk</url>.</p><p>n18 Bruce Hoffman, Timing Is Everything: The Model Timing Agreement (Aug. 7, 2018), <url normalizedValue=\"https://www.ftc.gov/news-events/blogs/competition-matters/2018/08/timing-everything-model-timing-agreement\">https://www.ftc.gov/news-events/blogs/competition-matters/2018/08/timing-everything-model-timing-agreement</url>.</p><p>n19 570 U.S. 756 (2013).</p><p>n20 FTC v. Actavis, Inc., No. 1:09-MD-2084 (N.D. Ga. Jun. 14, 2018).</p><p>n21 Fed. Trade Comm'n, Press Release, FTC Settlement of Cephalon Pay for Delay Case Ensures $1.2 Billion in Ill-Gotten Gains Relinquished; Refunds Will Go To Purchasers Affected by Anticompetitive Tactics (May 28, 2015), <url normalizedValue=\"https://www.ftc.gov/news-events/press-releases/2015/05/ftc-settlement-cephalon-pay-delay-case-ensures-12-billion-ill\">https://www.ftc.gov/news-events/press-releases/2015/05/ftc-settlement-cephalon-pay-delay-case-ensures-12-billion-ill</url>.</p><p>n22 Joint Motion for Entry of Stipulated Order for Permanent Injunction, FTC v. Allergan plc, No. 17-cv-00312 (N.D. Cal. Jan. 23, 2017), <url normalizedValue=\"https://www.ftc.gov/enforcement/cases-proceedings/141-0004/allergan-plc-watson-laboratories-inc-et-al;\">https://www.ftc.gov/enforcement/cases-proceedings/141-0004/allergan-plc-watson-laboratories-inc-et-al;</url> Stipulated Order for Permanent Injunction, FTC v. Teikoku Pharma USA, Inc., No. 16-cv-01440 (E.D. Pa. Mar. 30, 2016),       \u00a0    <url normalizedValue=\"https://www.ftc.gov/enforcement/cases-proceedings/141-0004/endo-pharmaceuticals-impax-labs\">https://www.ftc.gov/enforcement/cases-proceedings/141-0004/endo-pharmaceuticals-impax-labs</url>.</p><p>n23 In re Impax Laboratories, Inc., Dkt. 9373 (complaint filed Jan. 23, 2017); FTC v. Allergan plc, No. 17-cv-00312 (N.D. Cal. Jan. 23, 2017); Notice of Appeal, FTC v. AbbVie Inc., No. 14-cv-5151 (E.D. Pa. Sept. 8, 2014), <url normalizedValue=\"https://www.ftc.gov/enforcement/cases-proceedings/121-0028/abbvie-inc-et-al\">https://www.ftc.gov/enforcement/cases-proceedings/121-0028/abbvie-inc-et-al</url> (appealing dismissal of reverse payment claim to Third Circuit).</p><p>n24 FTC v. AbbVie Inc., No. 14-cv-5151 (E.D. Pa. Sept. 8, 2014), <url normalizedValue=\"https://www.ftc.gov/enforcement/cases-proceedings/121-0028/abbvie-inc-et-al;\">https://www.ftc.gov/enforcement/cases-proceedings/121-0028/abbvie-inc-et-al;</url> FTC v. Shire ViroPharma Inc., No. 17-cv-131(D. Del. Feb. 7, 2017),       \u00a0    <url normalizedValue=\"https://www.ftc.gov/enforcement/cases-proceedings/121-0062/shire-viropharma\">https://www.ftc.gov/enforcement/cases-proceedings/121-0062/shire-viropharma</url>.</p><p>n25 Fed. Trade Comm'n, Press Release, Statement of FTC Chairman Joe Simons Regarding Federal Court Ruling in FTC v. AbbVie (June 29, 2018), <url normalizedValue=\"https://www.ftc.gov/news-events/press-releases/2018/06/statement-ftc-chairman-joe-simons-regarding-federal-court-ruling\">https://www.ftc.gov/news-events/press-releases/2018/06/statement-ftc-chairman-joe-simons-regarding-federal-court-ruling</url>.</p><p>n26 508 U.S. 49 (1993). The Commission also recently filed an amicus brief in private litigation involving counterclaims of sham litigation, urging the court not to expand Noerr-Pennington protection to all patent infringement suits brought under the provisions of the Hatch-Waxman Act. Fed. Trade Comm'n Brief as Amicus Curiae, Takeda Pharmaceutical Co. v. Zydus Pharmaceuticals, (D.N.J. filed July 2, 2018), <url normalizedValue=\"https://www.ftc.gov/policy/advocacy/amicus-briefs/2018/06/takeda-pharmaceutical-company-limited-et-al-v-zydus\">https://www.ftc.gov/policy/advocacy/amicus-briefs/2018/06/takeda-pharmaceutical-company-limited-et-al-v-zydus</url>.</p><p>n27 FTC v. Shire ViroPharma, Inc., No. 1:17-cv-00131 (D. Del. Feb. 7, 2017), <url normalizedValue=\"https://www.ftc.gov/enforcement/cases-proceedings/121-0062/shire-viropharma\">https://www.ftc.gov/enforcement/cases-proceedings/121-0062/shire-viropharma</url>.</p><p>n28 FTC v. Shire ViroPharma Inc., 2018 WL 1401329 (D. Del. Apr. 12, 2018).</p><p>n29 FTC v. Shire ViroPharma Inc., No. 18-1807 (3d Cir. 2018).</p><p>n30 Your Therapy Source, No. 171-0134 (July 31, 2018), <url normalizedValue=\"https://www.ftc.gov/enforcement/cases-proceedings/171-0134/your-therapy-source-neeraj-jindal-sheri-yarbray\">https://www.ftc.gov/enforcement/cases-proceedings/171-0134/your-therapy-source-neeraj-jindal-sheri-yarbray</url>.</p><p>n31 Fed. Trade Comm'n and U.S. Dep't of Justice, Antitrust Guidance for Human Resource Professionals (Oct. 2016), <url normalizedValue=\"https://www.ftc.gov/public-statements/2016/10/antitrust-guidance-human-resource-professionals-department-justice\">https://www.ftc.gov/public-statements/2016/10/antitrust-guidance-human-resource-professionals-department-justice</url>. The agencies also published a list of red flags for employment practices to help identify potential antitrust law violations.</p><p>n32 See, e.g., In re DraftKings, Inc., No. 161-0174 (June 19, 2017), <url normalizedValue=\"https://www.ftc.gov/system/files/documents/cases/docket_no_9375_draftkings_fanduel_part_3_complaint_final_redacted_public_version.pdf\">https://www.ftc.gov/system/files/documents/cases/docket_no_9375_draftkings_fanduel_part_3_complaint_final_redacted_public_version.pdf</url>.</p><p>n33 Fed. Trade Comm'n, Hearings on Competition and Consumer Protection in the 21st Century, <url normalizedValue=\"https://www.ftc.gov/policy/hearings-competition-consumer-protection;\">https://www.ftc.gov/policy/hearings-competition-consumer-protection;</url> see also Fed. Trade Comm'n, Press Release, FTC Announces Hearings On Competition and Consumer Protection in the 21st Century (June 20, 2018),       \u00a0    <url normalizedValue=\"https://www.ftc.gov/news-events/press-releases/2018/06/ftc-announces-hearings-competition-consumer-protection-21st\">https://www.ftc.gov/news-events/press-releases/2018/06/ftc-announces-hearings-competition-consumer-protection-21st</url>.</p><p>n34 FED. TRADE COMM'N STAFF, ANTICIPATING THE 21ST CENTURY: COMPETITION AND CONSUMER PROTECTION POLICY IN THE NEW HIGH-TECH, GLOBAL MARKETPLACE (1996).</p><p>n35 See Prepared Remarks of Chairman Simons Announcing the Competition and Consumer Protection Hearings (June 20, 2018), <url normalizedValue=\"https://www.ftc.gov/system/files/documents/public_statements/1385308/prepared_remarks_of_joe_simons_announcing_the_hearings_6-20-18_0.pdf\">https://www.ftc.gov/system/files/documents/public_statements/1385308/prepared_remarks_of_joe_simons_announcing_the_hearings_6-20-18_0.pdf</url>.</p><p>n36 See Prepared Statement of the Federal Trade Commission on Competition and Occupational Licensure before the Subcommittee on Regulatory Reform, Commercial and Antitrust Law, Judiciary Committee, House of Representatives, Washington D.C. (Sept. 12, 2017), <url normalizedValue=\"https://www.ftc.gov/system/files/documents/public_statements/1253073/house_testimony_licensing_and_rbi_act_sept_2017_vote.pdf\">https://www.ftc.gov/system/files/documents/public_statements/1253073/house_testimony_licensing_and_rbi_act_sept_2017_vote.pdf</url>.</p><p>n37 Fed. Trade Comm'n, Press Release, FTC Staff Report Examines Ways to Improve Occupational License Portability Across State Lines (Sept. 24, 2018), <url normalizedValue=\"https://www.ftc.gov/news-events/press-releases/2018/09/ftc-staff-report-examines-ways-improve-occupational-license\">https://www.ftc.gov/news-events/press-releases/2018/09/ftc-staff-report-examines-ways-improve-occupational-license</url>.</p><p>n38 Fed. Trade Comm'n, Press Release, FTC Submits Statement to HHS on Its Blueprint to Lower Drug Prices (July 17, 2018), <url normalizedValue=\"https://www.ftc.gov/news-events/press-releases/2018/07/ftc-submits-statement-hhs-its-blueprint-lower-drug-prices\">https://www.ftc.gov/news-events/press-releases/2018/07/ftc-submits-statement-hhs-its-blueprint-lower-drug-prices</url>.</p><p>n39 Fed. Trade Comm'n, Press Release, FTC Requires International Industrial Gas Suppliers Praxair, Inc. and Linde AG to Divest Assets in Nine Industrial Gas Markets as a Condition of Merger (Oct. 22, 2018), <url normalizedValue=\"https://www.ftc.gov/news-events/press-releases/2018/10/ftc-requires-international-industrial-gas-suppliers-praxair-inc\">https://www.ftc.gov/news-events/press-releases/2018/10/ftc-requires-international-industrial-gas-suppliers-praxair-inc</url>.</p><p>n40 Press Release, Fed. Trade Comm'n, Federal Trade Commission and Department of Justice Announce Updated International Antitrust Guidelines (Jan. 13, 2017), <url normalizedValue=\"https://www.ftc.gov/news-events/press-releases/2017/01/federal-trade-commission-department-justice-announce-updated\">https://www.ftc.gov/news-events/press-releases/2017/01/federal-trade-commission-department-justice-announce-updated</url>.</p><p>Read this original document at: <url normalizedValue=\"https://judiciary.house.gov/wp-content/uploads/2018/11/Simons-Testimony.pdf\">https://judiciary.house.gov/wp-content/uploads/2018/11/Simons-Testimony.pdf</url></p></bodyText></nitf:body.content></nitf:body><metadata><dc:metadata xmlns:dc=\"http://purl.org/dc/elements/1.1/\"><dc:identifier identifierScheme=\"DOC-ID\">GOVPUB-COSHCC12816L1</dc:identifier><dc:source sourceScheme=\"royaltyReportingKey\">CO2018</dc:source><dc:identifier identifierScheme=\"PGUID\">urn:contentItem:5TYD-J5F1-JCCP-01FW-00000-00</dc:identifier><dc:source sourceScheme=\"productContentSetIdentifier\">468349</dc:source><dc:date dateType=\"last-updated\">2020-04-02</dc:date></dc:metadata><wordCount number=\"5636\"/><publicationInfo><copyright>Copyright 2018 Federal Information and News Dispatch, Inc.</copyright><publicationName>Congressional Documents and Publications</publicationName><publicationDate day=\"12\" month=\"12\" year=\"2018\"><dateText>December 12, 2018</dateText></publicationDate><classification classificationScheme=\"publicationtype\"><classificationItem><className>Report</className></classificationItem></classification><classification classificationScheme=\"publicationtype\"><classificationItem><className>Statistics</className></classificationItem></classification></publicationInfo><classification classificationScheme=\"language\"><classificationItem classificationScheme=\"lang.english\"><className>ENGLISH</className></classificationItem></classification><classificationGroup classificationScheme=\"indexing-terms\"><classification classificationScheme=\"organization\"><classificationItem score=\"97\"><className>FEDERAL TRADE COMMISSION</className></classificationItem></classification></classificationGroup><classificationGroup classificationScheme=\"indexing-terms\"><classification classificationScheme=\"legal\"><classificationItem><className>Antitrust &amp; Trade Law</className><classCode>Z3VpZD11cm46dG9waWM6REEyRTNDM0JGQzYyNEMyOEFGNTAwNUJEOUU1MDg4NjU7cGFyZW50Z3VpZD0</classCode><classificationItem score=\"90\"><className>Discretion</className><classCode>Z3VpZD11cm46dG9waWM6RjdERjFENTBEOTdDNENFRjk5ODNBRUJDM0MwRjc4MzM7cGFyZW50Z3VpZD11cm46dG9waWM6RUU1OTEyOTNEQ0U4NEQ1RkEwMkU0MzZCQkE0QjBBOTA</classCode></classificationItem><classificationItem score=\"50\"><className>Federal Trade Commission Guides</className><classCode>Z3VpZD11cm46dG9waWM6QjRGMkQyQjY0ODAwNDJGQzg3NzgwRjUxREE5N0M5QkI7cGFyZW50Z3VpZD11cm46dG9waWM6OTg1NEI3RDlDNEQxNDg4MThCMTE0OUVFOTU0MTUyMzM</classCode></classificationItem><classificationItem score=\"94\"><className>General Overview</className><classCode>Z3VpZD11cm46dG9waWM6QzdFNDdDN0M1REI0NDA0Njk4MUIyRjRFMUU1NTBCREI7cGFyZW50Z3VpZD11cm46dG9waWM6NzQ3MDU0RjhCMjdENDRDOTg0MjMxNUVEMkJCNjg2ODM</classCode></classificationItem><classificationItem score=\"91\"><className>General Overview</className><classCode>Z3VpZD11cm46dG9waWM6QjY2RTUzMTMzQUI5NDYxNDhBMzhFOTNCQzRDNDc3REM7cGFyZW50Z3VpZD11cm46dG9waWM6RTcxQTU5RDM5M0M4NEREOTg2MjA3NjZGQzI3NjUxOUU</classCode></classificationItem><classificationItem score=\"89\"><className>General Overview</className><classCode>Z3VpZD11cm46dG9waWM6MTFDN0QxQTgxOUVBNEQxRjk4RDBCRUQ1OUFBMUEwNjU7cGFyZW50Z3VpZD11cm46dG9waWM6MURDREFENDZBNDg1NDg2Mjg0QkNFRkNDNTdDNDU3MjA</classCode></classificationItem><classificationItem score=\"79\"><className>General Overview</className><classCode>Z3VpZD11cm46dG9waWM6M0UxNzUwQkZDMjFBNDUwNjg0NkI2MjE4RDA2NTRDMEU7cGFyZW50Z3VpZD11cm46dG9waWM6REEyRTNDM0JGQzYyNEMyOEFGNTAwNUJEOUU1MDg4NjU</classCode></classificationItem><classificationItem score=\"70\"><className>General Overview</className><classCode>Z3VpZD11cm46dG9waWM6QUYxQzdBNjNCQUFENEYyNzk2RjJDMDc3NzdBM0NGNTI7cGFyZW50Z3VpZD11cm46dG9waWM6RDJBNDY2Rjc3Mzk4NDI3NUJDOTlCQTRCNzE2M0IwRTU</classCode></classificationItem><classificationItem score=\"79\"><className>Scope</className><classCode>Z3VpZD11cm46dG9waWM6NTI5NkE2MTQ3QjgyNDMxQjkzMEE0OUNDODgxQTBFNEQ7cGFyZW50Z3VpZD11cm46dG9waWM6OTFCODBFMkE0RjlENEZEOTg2MkJFMUEwNjExOTQ4RTI</classCode></classificationItem><classificationItem score=\"50\"><className>Scope</className><classCode>Z3VpZD11cm46dG9waWM6RjU0RDVEMjQ1NEMzNEQxREEzQkJENjhCNUZDMzNDRUI7cGFyZW50Z3VpZD11cm46dG9waWM6RDhCMDVCMkMxRDNDNDlCNEI0QThEREJFMDVFN0FEQ0Q</classCode></classificationItem><classificationItem score=\"50\"><className>State Civil Actions</className><classCode>Z3VpZD11cm46dG9waWM6NTg5MTU0OUZCMUY1NERBMUIwNDVCM0RENzU3NTI4OEQ7cGFyZW50Z3VpZD11cm46dG9waWM6OTBBRDZFRDM5NUI2NDhGOTkyRjNBRDlEQUIwMjFFMkQ</classCode></classificationItem><classificationItem score=\"50\"><className>State Regulation</className><classCode>Z3VpZD11cm46dG9waWM6QzYxRUM2REVDMjVFNDk1NUIyNzJFRTlEQTk4QzgzNDY7cGFyZW50Z3VpZD11cm46dG9waWM6RTcxQTU5RDM5M0M4NEREOTg2MjA3NjZGQzI3NjUxOUU</classCode></classificationItem></classificationItem><classificationItem><className>Business &amp; Corporate Compliance</className><classCode>Z3VpZD11cm46dG9waWM6MUFEMUQ2QTA1OUZCNEE5RjkzNTA2RERFMUNEOTk1RTI7cGFyZW50Z3VpZD0</classCode><classificationItem score=\"50\"><className>Federal Trade Commission Guides</className><classCode>Z3VpZD11cm46dG9waWM6QjRGMkQyQjY0ODAwNDJGQzg3NzgwRjUxREE5N0M5QkI7cGFyZW50Z3VpZD11cm46dG9waWM6OTg1NEI3RDlDNEQxNDg4MThCMTE0OUVFOTU0MTUyMzM</classCode></classificationItem></classificationItem><classificationItem><className>Civil Procedure</className><classCode>Z3VpZD11cm46dG9waWM6MzUxNjJDMEQ5N0YwNDMzM0JDMjEzM0UzOTYzMzI3OTU7cGFyZW50Z3VpZD0</classCode><classificationItem score=\"50\"><className>General Overview</className><classCode>Z3VpZD11cm46dG9waWM6REQ4REUyMjE2Mjc0NDkwN0E4RDdFNEJEQTcxNDk1MzQ7cGFyZW50Z3VpZD11cm46dG9waWM6Q0FEMzNERkU2ODBENEM5OUE2MTlGMDRBRDU4QUVENUQ</classCode></classificationItem></classificationItem><classificationItem><className>Constitutional Law</className><classCode>Z3VpZD11cm46dG9waWM6QkI5QzFFRjAxMEFFNDMxOThENUE1RjVCQUYzQkQ2RjQ7cGFyZW50Z3VpZD0</classCode><classificationItem score=\"50\"><className>Freedom to Petition</className><classCode>Z3VpZD11cm46dG9waWM6OUU4MTIxRkM1RjFCNDg1M0E1MDQwQzc3NjRBOENGOUQ7cGFyZW50Z3VpZD11cm46dG9waWM6RTFCNEUyMUZCNzJDNEY0NjkzRDVCMjIxOUE5NzZBNzg</classCode></classificationItem></classificationItem><classificationItem><className>Energy &amp; Utilities Law</className><classCode>Z3VpZD11cm46dG9waWM6OUUzODAyRDk1QzVFNEZGMEJDM0RGMDYxOTlEMEEzRDA7cGFyZW50Z3VpZD0</classCode><classificationItem score=\"50\"><className>Administrative Considerations</className><classCode>Z3VpZD11cm46dG9waWM6OEVCMUVEQTg1MDMyNDEyQjlEODgzMzExRjdDNDgzQkQ7cGFyZW50Z3VpZD11cm46dG9waWM6NzJFNEFCMDJEMjBENEU4RUEzQ0IyNEJEQkZGQjA5RjQ</classCode></classificationItem></classificationItem><classificationItem><className>Healthcare Law</className><classCode>Z3VpZD11cm46dG9waWM6NkUxMkVDQjJDOEY5NDVDQ0E5NTFEMTlDMjIwNzVERjc7cGFyZW50Z3VpZD0</classCode><classificationItem score=\"50\"><className>Home Health Agencies</className><classCode>Z3VpZD11cm46dG9waWM6MDhCOEVENUYzNkYyNEE5RTgxRUZBN0I5MUI2Qzg0QzA7cGFyZW50Z3VpZD11cm46dG9waWM6MUVGMzQ2NUZDREVCNEEwQkI0N0I4NjQ2RDVBQTFEQzI</classCode></classificationItem></classificationItem><classificationItem><className>Legal Ethics</className><classCode>Z3VpZD11cm46dG9waWM6NUNFOUIxOEI1QzlBNDc2NkFFNTM0QjBGMEJGOTQ5OEI7cGFyZW50Z3VpZD0</classCode><classificationItem score=\"73\"><className>General Overview</className><classCode>Z3VpZD11cm46dG9waWM6NzE3NjNBMTM1NTBENDg3OEJDRjU4QTYwODhCMTMzRDY7cGFyZW50Z3VpZD11cm46dG9waWM6RTM3RkQ1RTg5NjU2NDJEOUFGOUExODY1NDg2RjZGRjc</classCode></classificationItem></classificationItem><classificationItem><className>Mergers &amp; Acquisitions Law</className><classCode>Z3VpZD11cm46dG9waWM6QjRDRTUzQzBCMEIyNDU5QkE4QjFDMEE2Qjg2MUZDOTk7cGFyZW50Z3VpZD0</classCode><classificationItem score=\"90\"><className>General Overview</className><classCode>Z3VpZD11cm46dG9waWM6RUY4N0JCOTk2OTJENDI1RjhGMjZDRjI3RDE1MjZGMkY7cGFyZW50Z3VpZD11cm46dG9waWM6NkE4OEIzNzhFMEUxNEMwRkFENkZBNzlCRDcyNUEyRkI</classCode></classificationItem><classificationItem score=\"60\"><className>Vertical Acquisitions</className><classCode>Z3VpZD11cm46dG9waWM6MEYyMDZCQzA3MTI5NDYzQjgyOUQ0QkU0MTI2M0Y3RTg7cGFyZW50Z3VpZD11cm46dG9waWM6NkE4OEIzNzhFMEUxNEMwRkFENkZBNzlCRDcyNUEyRkI</classCode></classificationItem></classificationItem><classificationItem><className>Trade Secrets Law</className><classCode>Z3VpZD11cm46dG9waWM6RkE5RkIzRDg2MDIzNDY1Mjg0OURCRDlFNTQ3NkE0NDA7cGFyZW50Z3VpZD0</classCode><classificationItem score=\"50\"><className>General Overview</className><classCode>Z3VpZD11cm46dG9waWM6QTJFQzA3NTlEMzAyNDg1MThEMjQ2RkJDN0VDQjE0RDA7cGFyZW50Z3VpZD11cm46dG9waWM6RkE5RkIzRDg2MDIzNDY1Mjg0OURCRDlFNTQ3NkE0NDA</classCode></classificationItem><classificationItem score=\"50\"><className>General Overview</className><classCode>Z3VpZD11cm46dG9waWM6MTg2RUU4QkM1MzU5NDBCMkI4NTQ5NDI3N0FCMjlFMEU7cGFyZW50Z3VpZD11cm46dG9waWM6RERGNTExMDE5NDg1NDg5Mzk2RDQ1NDhEQ0MzQkJEQjg</classCode></classificationItem></classificationItem></classification><classification classificationScheme=\"subject\"><classificationItem score=\"94\"><classCode>STX000100</classCode><className>ANTITRUST &amp; TRADE LAW</className><classCode>Z3VpZD11cm46dG9waWM6REEyRTNDM0JGQzYyNEMyOEFGNTAwNUJEOUU1MDg4NjU7cGFyZW50Z3VpZD0</classCode><className>Antitrust &amp; Trade Law</className></classificationItem><classificationItem score=\"93\"><classCode>ST00097CC</classCode><className>COMMERCE DEPARTMENTS</className><classCode/><className/></classificationItem><classificationItem score=\"90\"><classCode>ST0008X57</classCode><className>CONSUMER LAW</className><classCode>Z3VpZD11cm46dG9waWM6RDJBNDY2Rjc3Mzk4NDI3NUJDOTlCQTRCNzE2M0IwRTU7cGFyZW50Z3VpZD11cm46dG9waWM6REEyRTNDM0JGQzYyNEMyOEFGNTAwNUJEOUU1MDg4NjU</classCode><className>Consumer Protection</className></classificationItem><classificationItem score=\"90\"><classCode>N926110GJ</classCode><className>CONSUMER PROTECTION</className><classCode/><className/></classificationItem><classificationItem score=\"90\"><classCode>ST000DJQC</classCode><className>CONSUMERS</className><classCode/><className/></classificationItem><classificationItem score=\"90\"><classCode>N920000CC</classCode><className>GOVERNMENT &amp; PUBLIC ADMINISTRATION</className><classCode>Z3VpZD11cm46dG9waWM6MjdEQjE4OUJDMzQxNDNEMEI0RTI1QUFCMzJENjEwRTA7cGFyZW50Z3VpZD11cm46dG9waWM6MUFEMUQ2QTA1OUZCNEE5RjkzNTA2RERFMUNEOTk1RTI</classCode><className>Governments</className></classificationItem><classificationItem score=\"90\"><classCode>ST00097CR</classCode><className>GOVERNMENT PROCEDURE &amp; LAWMAKING</className><classCode/><className/></classificationItem><classificationItem score=\"90\"><classCode>ST000989C</classCode><className>JOINT VENTURES, MERGERS &amp; ACQUISITIONS LAW</className><classCode>Z3VpZD11cm46dG9waWM6MTRCNUQ1QjEyQjEyNDcyN0E2NjIxOUJGQUQ1MTYxNzI7cGFyZW50Z3VpZD11cm46dG9waWM6NkE4OEIzNzhFMEUxNEMwRkFENkZBNzlCRDcyNUEyRkI</classCode><className>Antitrust Statutes</className></classificationItem><classificationItem score=\"90\"><classCode>N921120CC</classCode><className>LEGISLATIVE BODIES</className><classCode/><className/></classificationItem><classificationItem score=\"90\"><classCode>ST000DMWC</classCode><className>UNFAIR COMPETITION</className><classCode/><className/></classificationItem><classificationItem score=\"90\"><classCode>ST000DA1D</classCode><className>US CONGRESS</className><classCode/><className/></classificationItem><classificationItem score=\"90\"><classCode>N921100MM</classCode><className>US FEDERAL GOVERNMENT</className><classCode>Z3VpZD11cm46dG9waWM6MkM1MTYwRDE0NkJBNEVFMEIxQjM3RUE2NDRFQUFEODY7cGFyZW50Z3VpZD11cm46dG9waWM6MjdEQjE4OUJDMzQxNDNEMEI0RTI1QUFCMzJENjEwRTA</classCode><className>Federal Government</className></classificationItem><classificationItem score=\"89\"><classCode>ST0008WWI</classCode><className>ENERGY &amp; UTILITY LAW</className><classCode>Z3VpZD11cm46dG9waWM6OUUzODAyRDk1QzVFNEZGMEJDM0RGMDYxOTlEMEEzRDA7cGFyZW50Z3VpZD11cm46dG9waWM6MUFEMUQ2QTA1OUZCNEE5RjkzNTA2RERFMUNEOTk1RTI</classCode><className>Energy &amp; Utilities</className></classificationItem><classificationItem score=\"89\"><classCode>N922120CC</classCode><className>LAW ENFORCEMENT</className><classCode/><className/></classificationItem><classificationItem score=\"89\"><classCode>ST000A0EC</classCode><className>MERGERS</className><classCode>Z3VpZD11cm46dG9waWM6MkZCODBEQTBEMjdDNDA1Njk5NDIxQjQ3MThGQ0MyMUM7cGFyZW50Z3VpZD11cm46dG9waWM6QjRDRTUzQzBCMEIyNDU5QkE4QjFDMEE2Qjg2MUZDOTk</classCode><className>Mergers</className></classificationItem><classificationItem score=\"88\"><classCode>STX001932</classCode><className>CRIME, LAW ENFORCEMENT &amp; CORRECTIONS</className><classCode/><className/></classificationItem><classificationItem score=\"78\"><classCode>STX001485</classCode><className>RESTRAINT OF TRADE</className><classCode>Z3VpZD11cm46dG9waWM6Nzc5QTM2RDA2QTExNDg4Njk3MzJEQzkzODM4REJENEE7cGFyZW50Z3VpZD11cm46dG9waWM6NDA2NTZCMDc0RDA0NDBCOEFFMjA0NTg1QTBGMjM3NTQ</classCode><className>Price Fixing &amp; Restraints of Trade</className></classificationItem><classificationItem score=\"77\"><classCode>STX000988</classCode><className>JURISDICTION</className><classCode/><className/></classificationItem><classificationItem score=\"77\"><classCode>ST0009898</classCode><className>TRADE PRACTICES &amp; UNFAIR COMPETITION LAW</className><classCode>Z3VpZD11cm46dG9waWM6NzQ3MDU0RjhCMjdENDRDOTg0MjMxNUVEMkJCNjg2ODM7cGFyZW50Z3VpZD11cm46dG9waWM6NDA2NTZCMDc0RDA0NDBCOEFFMjA0NTg1QTBGMjM3NTQ</classCode><className>Trade Practices &amp; Unfair Competition</className></classificationItem><classificationItem score=\"73\"><classCode>ST0009PZU</classCode><className>CALENDARS</className><classCode/><className/></classificationItem><classificationItem score=\"72\"><classCode>STX001429</classCode><className>PUBLIC HEARINGS</className><classCode/><className/></classificationItem><classificationItem score=\"63\"><classCode>ST00097CJ</classCode><className>JUSTICE DEPARTMENTS</className><classCode/><className/></classificationItem></classification><classification classificationScheme=\"industry\"><classificationItem score=\"89\"><classCode>ST0008WWI</classCode><className>ENERGY &amp; UTILITY LAW</className><classCode>Z3VpZD11cm46dG9waWM6OUUzODAyRDk1QzVFNEZGMEJDM0RGMDYxOTlEMEEzRDA7cGFyZW50Z3VpZD11cm46dG9waWM6MUFEMUQ2QTA1OUZCNEE5RjkzNTA2RERFMUNEOTk1RTI</classCode><className>Energy &amp; Utilities</className></classificationItem><classificationItem score=\"77\"><classCode>STX002014</classCode><className>MANUFACTURING</className><classCode/><className/></classificationItem><classificationItem score=\"71\"><classCode>ST0009NQ5</classCode><className>CONSUMER PRODUCTS</className><classCode/><className/></classificationItem></classification><classification classificationScheme=\"country\"><classificationItem score=\"92\"><classCode>GC343</classCode><className>UNITED STATES</className><classCode/><className/></classificationItem></classification></classificationGroup></metadata></articleDoc></content></entry>"}