{"prediction_class": "Regulatory Breaches Tax Evasion Smuggling of goods", "prediction_score": "0.98", "name": "Alimentation Couche-Tard", "title": "Levi & Korsinsky, LLP Investigates Possible Breach of Fiduciary Duty by the Board of Casey's General Stores, Inc. - CASY", "published": "2010-04-09T00:00:00Z", "updated": "2020-11-16T08:22:22Z", "cleaned_article": "[TITLE] Levi & Korsinsky, LLP Investigates Possible Breach of Fiduciary Duty by the Board of Casey's General Stores, Inc. - CASY [TITLE] \n\nLevi & Korsinsky is investigating the Board of Directors of Casey's General Stores, Inc.(\"Casey's\" or the \"Company\") (NasdaqGS: CASY) for possible breaches of fiduciary duty and other violations of state law in connection with an unsolicited offer the Company received from Alimentation Couche-Tard Inc.(\"Couche-Tard\") to acquire all the outstanding shares of Casey's for $36 per share in cash. The proposed transaction has a total enterprise value of approximately $1.9B on a fully diluted basis, including Casey's net debt of approximately $29M. Couche-Tard's all-cash proposal represents a 14% premium over Casey's closing price of $31.59 per share on April 8, the last trading day prior to the public disclosure of Couche-Tard's proposal, a 17% premium over Casey's 90-calendar day average closing price, and a 24% premium over Casey's one-year average closing price. The proposal also implies a last twelve months EBITDA multiple of 7.4x and a price of $1.3M per store. On April 9, 2010, Casey's announced that it informed Couche-Tard that Casey's Board had rejected the offer. The investigation concerns potential breaches of fiduciary duty in connection with the rejection of the offer by the Casey's Board. If you own common stock in Casey's and wish to obtain additional information, please contact us at the number listed below or visit http://www.zlk.com/caseys-general-stores-casy.html .", "raw_cleaned_article": "<h2>Levi & Korsinsky, LLP Investigates Possible Breach of Fiduciary Duty by the Board of Casey's General Stores, Inc. - CASY</h2><p><b>Levi & Korsinsky is investigating the Board of Directors of Casey's General Stores, Inc.(\"Casey's\" or the \"Company\") (NasdaqGS: CASY) for possible breaches of fiduciary duty and other violations of state law in connection with an unsolicited offer the Company received from Alimentation Couche-Tard Inc.(\"Couche-Tard\") to acquire all the outstanding shares of Casey's for $36 per share in cash. The proposed transaction has a total enterprise value of approximately $1.9B on a fully diluted basis, including Casey's net debt of approximately $29M. Couche-Tard's all-cash proposal represents a 14% premium over Casey's closing price of $31.59 per share on April 8, the last trading day prior to the public disclosure of Couche-Tard's proposal, a 17% premium over Casey's 90-calendar day average closing price, and a 24% premium over Casey's one-year average closing price. The proposal also implies a last twelve months EBITDA multiple of 7.4x and a price of $1.3M per store.</b> On April 9, 2010, Casey's announced that it informed Couche-Tard that Casey's Board had rejected the offer. The investigation concerns potential breaches of fiduciary duty in connection with the rejection of the offer by the Casey's Board. If you own common stock in Casey's and wish to obtain additional information, please contact us at the number listed below or visit http://www.zlk.com/caseys-general-stores-casy.html .</p>", "original_content": "<entry xmlns=\"http://www.w3.org/2005/Atom\"><id>urn:contentItem:5130-8FD1-JBG1-82VM-00000-00</id><title>Levi &amp; Korsinsky, LLP Investigates Possible Breach of Fiduciary Duty by the Board of Casey's General Stores, Inc. - CASY</title><published>2010-04-09T00:00:00Z</published><updated>2020-11-16T08:22:22Z</updated><author><name>LexisNexis</name></author><content type=\"application/xml\"><!--Transformation version 1.23--><articleDoc xmlns=\"\" xmlns:xsi=\"http://www.w3.org/2001/XMLSchema-instance\" xsi:noNamespaceSchemaLocation=\"http://www.lexisnexis.com/xmlschemas/content/public/articledoc/1/\" schemaVersion=\"1.8\" xml:lang=\"en\"><articleDocHead><itemInfo><distribution>Business Editors</distribution><distribution>Legal Editors</distribution></itemInfo></articleDocHead><nitf:body xmlns:nitf=\"http://iptc.org/std/NITF/2006-10-18/\"><nitf:body.head><nitf:hedline><nitf:hl1>Levi &amp; Korsinsky, LLP Investigates Possible Breach of Fiduciary Duty by the Board of Casey's General Stores, Inc.- CASY</nitf:hl1></nitf:hedline><nitf:dateline><location>NEW YORK</location></nitf:dateline></nitf:body.head><nitf:body.content><bodyText><p nitf:lede=\"true\">Levi &amp; Korsinsky is investigating the Board of Directors of Casey's General Stores, Inc.(\"Casey's\" or the \"Company\") (NasdaqGS: CASY) for possible breaches of fiduciary duty and other violations of state law in connection with an unsolicited offer the Company received from Alimentation Couche-Tard Inc.(\"Couche-Tard\") to acquire all the outstanding shares of Casey's for $36 per share in cash. The proposed transaction has a total enterprise value of approximately $1.9B on a fully diluted basis, including Casey's net debt of approximately $29M. Couche-Tard's all-cash proposal represents a 14% premium over Casey's closing price of $31.59 per share on April 8, the last trading day prior to the public disclosure of Couche-Tard's proposal, a 17% premium over Casey's 90-calendar day average closing price, and a 24% premium over Casey's one-year average closing price. The proposal also implies a last twelve months EBITDA multiple of 7.4x and a price of $1.3M per store.</p><p>On April 9, 2010, Casey's announced that it informed Couche-Tard that Casey's Board had rejected the offer. The investigation concerns potential breaches of fiduciary duty in connection with the rejection of the offer by the Casey's Board.</p><p>If you own common stock in Casey's and wish to obtain additional information, please contact us at the number listed below or visit <url normalizedValue=\"http://cts.businesswire.com/ct/CT?id=smartlink&amp;url=http%3A%2F%2Fwww.zlk.com%2Fcaseys-general-stores-casy.html&amp;esheet=6244329&amp;lan=en_US&amp;anchor=http%3A%2F%2Fwww.zlk.com%2Fcaseys-general-stores-casy.html&amp;index=1&amp;md5=5739985e017ab1cffae0574e2be02c53\">http://www.zlk.com/caseys-general-stores-casy.html</url> .</p><p>Levi &amp; Korsinsky has expertise in prosecuting investor securities litigation and extensive experience in actions involving financial fraud and represents investors throughout the nation, concentrating its practice in securities and shareholder litigation.</p></bodyText></nitf:body.content><nitf:body.end><contact><bodyText><p><br/><br/>CONTACT: Levi &amp; Korsinsky, LLP<br/>Joseph Levi, Esq.<br/>Eduard Korsinsky, Esq.<br/>Tel: 212-363-7500<br/>Fax: 212-363-7171<br/><url normalizedValue=\"http://cts.businesswire.com/ct/CT?id=smartlink&amp;url=http%3A%2F%2Fwww.zlk.com&amp;esheet=6244329&amp;lan=en_US&amp;anchor=www.zlk.com&amp;index=2&amp;md5=d4296829ceb9f51c43a2acffc9095b39\">www.zlk.com</url></p></bodyText></contact></nitf:body.end></nitf:body><metadata><dc:metadata xmlns:dc=\"http://purl.org/dc/elements/1.1/\"><dc:identifier identifierScheme=\"DOC-ID\">BWIRE-20100409005938</dc:identifier><dc:source sourceScheme=\"royaltyReportingKey\">BWIRE2010</dc:source><dc:identifier identifierScheme=\"PGUID\">urn:contentItem:5130-8FD1-JBG1-82VM-00000-00</dc:identifier><dc:source sourceScheme=\"productContentSetIdentifier\">7924</dc:source><dc:date dateType=\"last-updated\">2019-05-26</dc:date></dc:metadata><wordCount number=\"294\"/><timeReceived>7:54 PM GMT</timeReceived><publicationInfo><copyright>Copyright 2010 Business Wire, Inc.</copyright><publicationName>Business Wire</publicationName><url normalizedValue=\"http://www.businesswire.com\">http://www.businesswire.com</url><publicationDate day=\"09\" month=\"04\" year=\"2010\"><dateText>April 9, 2010 Friday</dateText></publicationDate><classification classificationScheme=\"publicationtype\"><classificationItem><className>Newswire</className></classificationItem></classification><classification classificationScheme=\"publicationtype\"><classificationItem><className>Newswires &amp; Press Releases</className></classificationItem></classification></publicationInfo><classification classificationScheme=\"language\"><classificationItem classificationScheme=\"lang.english\"><className>ENGLISH</className></classificationItem></classification><classificationGroup classificationScheme=\"indexing-terms\"><classification classificationScheme=\"company\"><classificationItem score=\"94\"><classCode>CC000CJXX</classCode><className>LEVI &amp; KORSINSKY LLP</className></classificationItem><classificationItem score=\"93\"><classCode>CC000272U</classCode><className>CASEY'S GENERAL STORES INC</className></classificationItem><classificationItem score=\"85\"><classCode>CC00023LV</classCode><className>ALIMENTATION COUCHE-TARD INC</className></classificationItem></classification><classification classificationScheme=\"industry\"><classificationItem score=\"94\"><className>NAICS541110 OFFICES OF LAWYERS</className></classificationItem><classificationItem score=\"94\"><className>SIC8111 LEGAL SERVICES</className></classificationItem><classificationItem score=\"93\"><className>NAICS447110 GASOLINE STATIONS WITH CONVENIENCE STORES</className></classificationItem><classificationItem score=\"93\"><className>SIC5541 GASOLINE SERVICE STATIONS</className></classificationItem><classificationItem score=\"93\"><className>NAICS445120 CONVENIENCE STORES</className></classificationItem><classificationItem score=\"93\"><className>NAICS441310 AUTOMOTIVE PARTS &amp; ACCESSORIES STORES</className></classificationItem></classification><classification classificationScheme=\"ticker\"><classificationItem score=\"93\"><className>CASY (NASDAQ)</className></classificationItem><classificationItem score=\"85\"><className>ATD.A (TSX)</className></classificationItem></classification></classificationGroup><classificationGroup classificationScheme=\"licensor.indexing-terms\"><classification classificationScheme=\"licensor.company\"><classificationItem><className>NY-LEVI-&amp;-KORSINSKY</className></classificationItem></classification><classification classificationScheme=\"licensor.country\"><classificationItem><className>United States</className></classificationItem></classification><classification classificationScheme=\"licensor.industry\"><classificationItem><className>Professional Services</className></classificationItem><classificationItem><className>Legal</className></classificationItem></classification><classification classificationScheme=\"licensor.region\"><classificationItem><className>North America</className></classificationItem></classification><classification classificationScheme=\"licensor.state\"><classificationItem><className>New York</className></classificationItem></classification><classification classificationScheme=\"licensor.subject\"><classificationItem><className>Lawsuit</className></classificationItem></classification><classification classificationScheme=\"licensor.ticker\"><classificationItem><className>CASY</className><className>(NASDAQ)</className></classificationItem></classification></classificationGroup><classificationGroup classificationScheme=\"indexing-terms\"><classification classificationScheme=\"legal\"><classificationItem><className>Torts</className><classCode>Z3VpZD11cm46dG9waWM6MDAwOEM2NTEzQkVDNEI4NzlGMEZERUEyRjQwODM4Njg7cGFyZW50Z3VpZD0</classCode><classificationItem score=\"50\"><className>Defenses</className><classCode>Z3VpZD11cm46dG9waWM6ODFCQzYzQjFDNTFBNEU1NUFBNDVBNTQyRkNBQ0Q1NTk7cGFyZW50Z3VpZD11cm46dG9waWM6QUVDQzM5NjgzRDYwNEVGRkExRDgzMjEzQ0UxREUzQjE</classCode></classificationItem></classificationItem></classification><classification classificationScheme=\"subject\"><classificationItem score=\"91\"><classCode>N541110GM</classCode><className>LAWYERS</className><classCode/><className/></classificationItem><classificationItem score=\"90\"><classCode>STX000194</classCode><className>BOARDS OF DIRECTORS</className><classCode/><className/></classificationItem><classificationItem score=\"90\"><classCode>ST000DLX8</classCode><className>BUSINESS INVESTIGATIONS</className><classCode/><className/></classificationItem><classificationItem score=\"90\"><classCode>STX000235</classCode><className>BUSINESS TORTS</className><classCode>Z3VpZD11cm46dG9waWM6MjAyNjRCMUE5MjRBNDVFNkFFMEQ0OTA3MEZDQTE5MUM7cGFyZW50Z3VpZD11cm46dG9waWM6MDAwOEM2NTEzQkVDNEI4NzlGMEZERUEyRjQwODM4Njg</classCode><className>Business Torts</className></classificationItem><classificationItem score=\"90\"><classCode>ST20031561</classCode><className>FIDUCIARY DUTIES</className><classCode/><className/></classificationItem><classificationItem score=\"90\"><classCode>ST0008XMR</classCode><className>LAW &amp; LEGAL SYSTEM</className><classCode/><className/></classificationItem><classificationItem score=\"90\"><classCode>STX001372</classCode><className>PRESS RELEASES</className><classCode/><className/></classificationItem><classificationItem score=\"90\"><classCode>STX001462</classCode><className>REGULATORY COMPLIANCE</className><classCode/><className/></classificationItem><classificationItem score=\"90\"><classCode>ST000CZTI</classCode><className>STOCK PRICES</className><classCode/><className/></classificationItem><classificationItem score=\"89\"><classCode>STX000969</classCode><className>INVESTIGATIONS</className><classCode/><className/></classificationItem><classificationItem score=\"89\"><classCode>STX001040</classCode><className>LITIGATION</className><classCode/><className/></classificationItem><classificationItem score=\"89\"><classCode>STX001976</classCode><className>SECURITIES &amp; OTHER INVESTMENTS</className><classCode/><className/></classificationItem><classificationItem score=\"79\"><classCode>ST0009QD4</classCode><className>NEGATIVE BUSINESS NEWS</className><classCode/><className/></classificationItem><classificationItem score=\"78\"><classCode>N523210MM</classCode><className>STOCK EXCHANGES</className><classCode>Z3VpZD11cm46dG9waWM6M0ZDMDg5MEQ3OTlGNEJCMkI0M0EyM0MwN0E1Njk1MEQ7cGFyZW50Z3VpZD11cm46dG9waWM6NDBGREFBMDgyNTQ0NERFRUI3MEUwNDBFOTM5NDExREI</classCode><className>Stock Exchanges</className></classificationItem><classificationItem score=\"78\"><classCode>STX001648</classCode><className>SUITS &amp; CLAIMS</className><classCode/><className/></classificationItem><classificationItem score=\"78\"><classCode>STX001668</classCode><className>TAKEOVERS</className><classCode/><className/></classificationItem><classificationItem score=\"76\"><classCode>STX000336</classCode><className>COMMON STOCK</className><classCode/><className/></classificationItem><classificationItem score=\"76\"><classCode>STX001561</classCode><className>SHAREHOLDERS</className><classCode>Z3VpZD11cm46dG9waWM6NEI2QjYxNjkwMTkzNDhFRUExNjlFRjVFRUU3NDhBQkE7cGFyZW50Z3VpZD11cm46dG9waWM6MDQ3M0RFODczN0I4NDg2RjlFRDNFMUNBODRDQTU0Q0E</classCode><className>Shareholders</className></classificationItem><classificationItem score=\"73\"><classCode>STX001559</classCode><className>SHAREHOLDER LAWSUITS</className><classCode/><className/></classificationItem><classificationItem score=\"69\"><classCode>ST000A3NT</classCode><className>EBITDA</className><classCode/><className/></classificationItem></classification><classification classificationScheme=\"industry\"><classificationItem score=\"91\"><classCode>N445120MM</classCode><className>CONVENIENCE STORES</className><classCode/><className/></classificationItem><classificationItem score=\"91\"><classCode>N541110GM</classCode><className>LAWYERS</className><classCode/><className/></classificationItem><classificationItem score=\"90\"><classCode>N447000CC</classCode><className>GAS STATIONS</className><classCode/><className/></classificationItem><classificationItem score=\"90\"><classCode>N540000CC</classCode><className>PROFESSIONAL SERVICES</className><classCode/><className/></classificationItem><classificationItem score=\"90\"><classCode>ST0008XSL</classCode><className>RETAILERS</className><classCode/><className/></classificationItem><classificationItem score=\"90\"><classCode>ST000CZTI</classCode><className>STOCK PRICES</className><classCode/><className/></classificationItem><classificationItem score=\"89\"><classCode>STX001976</classCode><className>SECURITIES &amp; OTHER INVESTMENTS</className><classCode/><className/></classificationItem><classificationItem score=\"78\"><classCode>N523210MM</classCode><className>STOCK EXCHANGES</className><classCode>Z3VpZD11cm46dG9waWM6M0ZDMDg5MEQ3OTlGNEJCMkI0M0EyM0MwN0E1Njk1MEQ7cGFyZW50Z3VpZD11cm46dG9waWM6NDBGREFBMDgyNTQ0NERFRUI3MEUwNDBFOTM5NDExREI</classCode><className>Stock Exchanges</className></classificationItem><classificationItem score=\"76\"><classCode>STX000336</classCode><className>COMMON STOCK</className><classCode/><className/></classificationItem></classification><classification classificationScheme=\"state\"><classificationItem score=\"90\"><classCode>GS148</classCode><className>NEW YORK, USA</className><classCode/><className/></classificationItem></classification><classification classificationScheme=\"country\"><classificationItem score=\"79\"><classCode>GR120</classCode><className>NORTH AMERICA</className><classCode/><className/></classificationItem><classificationItem score=\"79\"><classCode>GC343</classCode><className>UNITED STATES</className><classCode/><className/></classificationItem></classification></classificationGroup></metadata></articleDoc></content></entry>"}