{"prediction_class": "Regulatory Breaches Tax Evasion Smuggling of goods", "prediction_score": "0.99", "name": "Alimentation Couche-Tard", "title": "Hostile bid for Casey's turns litigious", "published": "2010-06-11T00:00:00Z", "updated": "2020-11-16T07:43:06Z", "cleaned_article": "[TITLE] Hostile bid for Casey's turns litigious [TITLE] \n\nTORONTO -- The already-nasty takeover battle between Alimentation Couche-Tard Inc.and Iowa-based Casey's General Stores Inc.turned litigious Friday with the latter filing a lawsuit charging the Canadian chain with securities fraud and market manipulation. Casey's, subject of a hostile pursuit by Couche-Tard since April, has filed a complaint in a U.S. state district court alleging the Laval, Que.-based convenience store chain has manipulated the market through \"illicit stock sales\" to purchase Casey's at an artificially deflated price while pocketing more than US$10-million in profit. In a statement Friday, Couche-Tard said it was \"disappointed\" in the situation.", "raw_cleaned_article": "<h2>Hostile bid for Casey's turns litigious</h2><p><b>TORONTO -- The already-nasty takeover battle between Alimentation Couche-Tard Inc.and Iowa-based Casey's General Stores Inc.turned litigious Friday with the latter filing a lawsuit charging the Canadian chain with securities fraud and market manipulation.</b> Casey's, subject of a hostile pursuit by Couche-Tard since April, has filed a complaint in a U.S. state district court alleging the Laval, Que.-based convenience store chain has manipulated the market through \"illicit stock sales\" to purchase Casey's at an artificially deflated price while pocketing more than US$10-million in profit. In a statement Friday, Couche-Tard said it was \"disappointed\" in the situation.</p>", "original_content": "<entry xmlns=\"http://www.w3.org/2005/Atom\"><id>urn:contentItem:7YR4-2VX1-2SFB-51FD-00000-00</id><title>Hostile bid for Casey's turns litigious</title><published>2010-06-11T00:00:00Z</published><updated>2020-11-16T07:43:06Z</updated><author><name>LexisNexis</name></author><content type=\"application/xml\"><!--Transformation version 1.23--><articleDoc xmlns=\"\" xmlns:xsi=\"http://www.w3.org/2001/XMLSchema-instance\" xsi:noNamespaceSchemaLocation=\"http://www.lexisnexis.com/xmlschemas/content/public/articledoc/1/\" schemaVersion=\"1.8\" xml:lang=\"en\"><articleDocHead><itemInfo/></articleDocHead><nitf:body xmlns:nitf=\"http://iptc.org/std/NITF/2006-10-18/\"><nitf:body.head><nitf:hedline><nitf:hl1>Hostile bid for Casey's turns litigious</nitf:hl1></nitf:hedline><nitf:byline><author><person><nameText>Eric Lam</nameText></person></author><nitf:byttl>Financial Post</nitf:byttl></nitf:byline></nitf:body.head><nitf:body.content><bodyText><p nitf:lede=\"true\">TORONTO -- The already-nasty takeover battle between Alimentation Couche-Tard Inc.and Iowa-based Casey's General Stores Inc.turned litigious Friday with the latter filing a lawsuit charging the Canadian chain with securities fraud and market manipulation.</p><p nitf:lede=\"true\">Casey's, subject of a hostile pursuit by Couche-Tard since April, has filed a complaint in a U.S. state district court alleging the Laval, Que.-based convenience store chain has manipulated the market through \"illicit stock sales\" to purchase Casey's at an artificially deflated price while pocketing more than US$10-million in profit.</p><p>In a statement Friday, Couche-Tard said it was \"disappointed\" in the situation.</p><p>\"We believe this lawsuit is entirely without merit and we will vigorously defend against these baseless claims,\" the company said. \"We believe [the lawsuit] is designed to distract Casey's shareholders from focusing on the real issue - our all cash, premium bid.\"</p><p>The allegations are serious enough to warrant jail time and substantial fines, Philadelphia-based lawyer Richard Silfen with Duane Morris LLPsaid in an interview.</p><p>\"Not enough to put someone away for 10 years, but yes,\" he said. \"And for certain kinds of security fraud, the standard is three times the trading profit.\"</p><p>Shares of Couche-Tard took a beating on the TSX Friday, down as much as 4% before recovering slightly.</p><p>In documents filed with the U.S. state district court for the southern district of Iowa, Casey's alleges Couche-Tard had acquired almost two million shares for a 3.9% stake in the company prior to disclosing its hostile offer of US$36 a share on April 9.</p><p>Within an hour of making its offer public, Couche-Tard sold almost all of its shares at a price of US$38.43 a share for a profit of more than US$10-million, the company alleges.</p><p>\"The egregious nature of Couche-Tard's conduct should speak for itself. It is a classic 'pump and dump' scheme,\" the company said in its complaint.</p><p>In court documents, Casey's accuses Couche-Tard of \"quietly\" accumulating stock through 40 transactions made between September 2009 and April 2010, and not revealing these facts to the public for almost two months until it disclosed SEC filings.</p><p>In the documents, Casey's said Couche-Tard first approached management in October 2009 but was rejected. A second overture in November was also turned down, as were the two final written offers made in March.</p><p>\"By announcing its intent to acquire Casey's in a hostile takeover ... Couche-Tard simultaneously reaped millions of dollars of profit by trading on the market's reaction to its own announcement and artificially depressed the run-up in Casey's stock price that otherwise would have followed,\" the company said.</p><p>Along with a demand that Couche-Tard acknowledge it has broken U.S. securities laws, Casey's also wants an injunction barring the company from trying to complete its tender offer by purchasing shares.</p><p>The allegations have not been proven in court.</p><p>For Casey's case to hold water, the company will need to prove Couche-Tard never had any intention of purchasing them when they made their offer public in April, and only did so to drive up the shares with the goal of then selling and pocketing the difference, Mr. Silfen said.</p><p>\"That's plain old fraud,\" he said.</p><p>However, because Couche-Tard did not acquire the 5% of Casey's necessary to force it to disclose its intentions, the company was in its rights to say it decided to take the profit when the shares rose and then use the additional cash to continue its bid, he said.</p><p>Alain Bouchard, chief executive of Couche-Tard, told the Financial Post last week they had sold the shares as part of the process, but did not elaborate on the particulars at the time.</p><p>\"We were compelled to sell,\" he said.</p><p>Even so, Mr. Bouchard said at the time he was hoping for a friendly deal with Casey's.</p></bodyText></nitf:body.content></nitf:body><metadata><dc:metadata xmlns:dc=\"http://purl.org/dc/elements/1.1/\"><dc:identifier identifierScheme=\"DOC-ID\">CANWNS-201006118756WCNS</dc:identifier><dc:source sourceScheme=\"royaltyReportingKey\">CANWNS2010</dc:source><dc:identifier identifierScheme=\"PGUID\">urn:contentItem:7YR4-2VX1-2SFB-51FD-00000-00</dc:identifier><dc:source sourceScheme=\"productContentSetIdentifier\">335915</dc:source><dc:date dateType=\"last-updated\">2015-10-17</dc:date></dc:metadata><wordCount number=\"637\"/><timeReceived>10:08 AM EST</timeReceived><publicationInfo><copyright>Copyright 2010 Canwest News Service All Rights Reserved</copyright><publicationName>Canwest News Service</publicationName><publicationDate day=\"11\" month=\"06\" year=\"2010\"><dateText>June 11, 2010 Friday</dateText></publicationDate><classification classificationScheme=\"publicationtype\"><classificationItem><className>Newswire</className></classificationItem></classification><classification classificationScheme=\"publicationtype\"><classificationItem><className>Newswires &amp; Press Releases</className></classificationItem></classification></publicationInfo><classification classificationScheme=\"language\"><classificationItem classificationScheme=\"lang.english\"><className>ENGLISH</className></classificationItem></classification><classificationGroup classificationScheme=\"indexing-terms\"><classification classificationScheme=\"company\"><classificationItem score=\"95\"><classCode>CC00023LV</classCode><className>ALIMENTATION COUCHE-TARD INC</className></classificationItem><classificationItem score=\"91\"><classCode>CC000272U</classCode><className>CASEY'S GENERAL STORES INC</className></classificationItem><classificationItem score=\"82\"><classCode>CC00052MI</classCode><className>DUANE MORRIS LLP</className></classificationItem></classification><classification classificationScheme=\"industry\"><classificationItem score=\"95\"><className>NAICS447110 GASOLINE STATIONS WITH CONVENIENCE STORES</className></classificationItem><classificationItem score=\"95\"><className>SIC5541 GASOLINE SERVICE STATIONS</className></classificationItem><classificationItem score=\"91\"><className>NAICS445120 CONVENIENCE STORES</className></classificationItem><classificationItem score=\"91\"><className>NAICS441310 AUTOMOTIVE PARTS &amp; ACCESSORIES STORES</className></classificationItem><classificationItem score=\"82\"><className>NAICS541110 OFFICES OF LAWYERS</className></classificationItem><classificationItem score=\"82\"><className>SIC8111 LEGAL SERVICES</className></classificationItem></classification><classification classificationScheme=\"ticker\"><classificationItem score=\"95\"><className>ATD.A (TSX)</className></classificationItem><classificationItem score=\"91\"><className>CASY (NASDAQ)</className></classificationItem></classification></classificationGroup><classificationGroup classificationScheme=\"indexing-terms\"><classification classificationScheme=\"legal\"><classificationItem><className>Mergers &amp; Acquisitions Law</className><classCode>Z3VpZD11cm46dG9waWM6QjRDRTUzQzBCMEIyNDU5QkE4QjFDMEE2Qjg2MUZDOTk7cGFyZW50Z3VpZD0</classCode><classificationItem score=\"50\"><className>Duties &amp; Liabilities of Offerors</className><classCode>Z3VpZD11cm46dG9waWM6OTVBMDNCREQzQTk2NDQ1NUJCMzgyRjU3MzQ3NTRGOTM7cGFyZW50Z3VpZD11cm46dG9waWM6MTc2MzdFNUM1NTU4NDE5NUJBOTIxRUFEQkREQTM3OEU</classCode></classificationItem></classificationItem></classification><classification classificationScheme=\"subject\"><classificationItem score=\"92\"><classCode>N541110GM</classCode><className>LAWYERS</className><classCode/><className/></classificationItem><classificationItem score=\"91\"><classCode>STX001040</classCode><className>LITIGATION</className><classCode/><className/></classificationItem><classificationItem score=\"91\"><classCode>STX001648</classCode><className>SUITS &amp; CLAIMS</className><classCode/><className/></classificationItem><classificationItem score=\"90\"><classCode>ST0008XMR</classCode><className>LAW &amp; LEGAL SYSTEM</className><classCode/><className/></classificationItem><classificationItem score=\"90\"><classCode>ST0009PZT</classCode><className>MAJOR US LAW FIRMS</className><classCode/><className/></classificationItem><classificationItem score=\"90\"><classCode>ST000DLZ7</classCode><className>MARKET MANIPULATION</className><classCode/><className/></classificationItem><classificationItem score=\"90\"><classCode>ST0009FJK</classCode><className>NEGATIVE PERSONAL NEWS</className><classCode/><className/></classificationItem><classificationItem score=\"90\"><classCode>STX001668</classCode><className>TAKEOVERS</className><classCode/><className/></classificationItem><classificationItem score=\"89\"><classCode>STX000759</classCode><className>FRAUD &amp; FINANCIAL CRIME</className><classCode/><className/></classificationItem><classificationItem score=\"78\"><classCode>ST0009QD4</classCode><className>NEGATIVE BUSINESS NEWS</className><classCode/><className/></classificationItem><classificationItem score=\"78\"><classCode>STX001561</classCode><className>SHAREHOLDERS</className><classCode>Z3VpZD11cm46dG9waWM6NEI2QjYxNjkwMTkzNDhFRUExNjlFRjVFRUU3NDhBQkE7cGFyZW50Z3VpZD11cm46dG9waWM6MDQ3M0RFODczN0I4NDg2RjlFRDNFMUNBODRDQTU0Q0E</classCode><className>Shareholders</className></classificationItem><classificationItem score=\"77\"><classCode>N926150GC</classCode><className>BANKING &amp; FINANCE REGULATION</className><classCode/><className/></classificationItem><classificationItem score=\"77\"><classCode>STX001976</classCode><className>SECURITIES &amp; OTHER INVESTMENTS</className><classCode/><className/></classificationItem><classificationItem score=\"77\"><classCode>N926150GM</classCode><className>SECURITIES LAW</className><classCode>Z3VpZD11cm46dG9waWM6RkFFMTQ3ODhCRDYyNDkyN0IwQkEyQzRCRDlFMEM5ODc7cGFyZW50Z3VpZD11cm46dG9waWM6MUFEMUQ2QTA1OUZCNEE5RjkzNTA2RERFMUNEOTk1RTI</classCode><className>Securities</className></classificationItem><classificationItem score=\"77\"><classCode>N523210MM</classCode><className>STOCK EXCHANGES</className><classCode>Z3VpZD11cm46dG9waWM6M0ZDMDg5MEQ3OTlGNEJCMkI0M0EyM0MwN0E1Njk1MEQ7cGFyZW50Z3VpZD11cm46dG9waWM6NDBGREFBMDgyNTQ0NERFRUI3MEUwNDBFOTM5NDExREI</classCode><className>Stock Exchanges</className></classificationItem><classificationItem score=\"77\"><classCode>STX001632</classCode><className>STOCK OFFERINGS</className><classCode/><className/></classificationItem><classificationItem score=\"76\"><classCode>N922110CC</classCode><className>LAW COURTS &amp; TRIBUNALS</className><classCode/><className/></classificationItem><classificationItem score=\"71\"><classCode>ST000A4J6</classCode><className>CRIMINAL FINES</className><classCode>Z3VpZD11cm46dG9waWM6NUY4M0RBNUNERDlGNEI1QUJFMDc4QzU5OTU4RjNDRTY7cGFyZW50Z3VpZD11cm46dG9waWM6MUIzQ0NGRDZERUU3NERCODg2MEZFMDI2RTI0RTA3RTc</classCode><className>Fines</className></classificationItem><classificationItem score=\"71\"><classCode>ST000A4J3</classCode><className>JAIL SENTENCING</className><classCode/><className/></classificationItem><classificationItem score=\"70\"><classCode>STX001410</classCode><className>COMPANY PROFITS</className><classCode/><className/></classificationItem><classificationItem score=\"66\"><classCode>ST0008ZF6</classCode><className>INTERVIEWS</className><classCode/><className/></classificationItem></classification><classification classificationScheme=\"industry\"><classificationItem score=\"92\"><classCode>N445120MM</classCode><className>CONVENIENCE STORES</className><classCode/><className/></classificationItem><classificationItem score=\"92\"><classCode>N541110GM</classCode><className>LAWYERS</className><classCode/><className/></classificationItem><classificationItem score=\"92\"><classCode>ST0008XSL</classCode><className>RETAILERS</className><classCode/><className/></classificationItem><classificationItem score=\"90\"><classCode>N447000CC</classCode><className>GAS STATIONS</className><classCode/><className/></classificationItem><classificationItem score=\"90\"><classCode>ST0009PZT</classCode><className>MAJOR US LAW FIRMS</className><classCode/><className/></classificationItem><classificationItem score=\"90\"><classCode>ST000DLZ7</classCode><className>MARKET MANIPULATION</className><classCode/><className/></classificationItem><classificationItem score=\"90\"><classCode>N540000CC</classCode><className>PROFESSIONAL SERVICES</className><classCode/><className/></classificationItem><classificationItem score=\"77\"><classCode>N926150GC</classCode><className>BANKING &amp; FINANCE REGULATION</className><classCode/><className/></classificationItem><classificationItem score=\"77\"><classCode>STX001976</classCode><className>SECURITIES &amp; OTHER INVESTMENTS</className><classCode/><className/></classificationItem><classificationItem score=\"77\"><classCode>N926150GM</classCode><className>SECURITIES LAW</className><classCode>Z3VpZD11cm46dG9waWM6RkFFMTQ3ODhCRDYyNDkyN0IwQkEyQzRCRDlFMEM5ODc7cGFyZW50Z3VpZD11cm46dG9waWM6MUFEMUQ2QTA1OUZCNEE5RjkzNTA2RERFMUNEOTk1RTI</classCode><className>Securities</className></classificationItem><classificationItem score=\"77\"><classCode>N523210MM</classCode><className>STOCK EXCHANGES</className><classCode>Z3VpZD11cm46dG9waWM6M0ZDMDg5MEQ3OTlGNEJCMkI0M0EyM0MwN0E1Njk1MEQ7cGFyZW50Z3VpZD11cm46dG9waWM6NDBGREFBMDgyNTQ0NERFRUI3MEUwNDBFOTM5NDExREI</classCode><className>Stock Exchanges</className></classificationItem><classificationItem score=\"77\"><classCode>STX001632</classCode><className>STOCK OFFERINGS</className><classCode/><className/></classificationItem></classification><classification classificationScheme=\"city\"><classificationItem score=\"74\"><classCode>GX060</classCode><className>TORONTO, ON, CANADA</className><classCode/><className/></classificationItem></classification><classification classificationScheme=\"state\"><classificationItem score=\"79\"><classCode>GS154</classCode><className>PENNSYLVANIA, USA</className><classCode/><className/></classificationItem><classificationItem score=\"59\"><classCode>GS174</classCode><className>ONTARIO, CANADA</className><classCode/><className/></classificationItem><classificationItem score=\"58\"><classCode>GS176</classCode><className>QUEBEC, CANADA</className><classCode/><className/></classificationItem></classification><classification classificationScheme=\"country\"><classificationItem score=\"79\"><classCode>GC339</classCode><className>CANADA</className><classCode/><className/></classificationItem><classificationItem score=\"79\"><classCode>GC343</classCode><className>UNITED STATES</className><classCode/><className/></classificationItem></classification></classificationGroup></metadata></articleDoc></content></entry>"}