{"prediction_class": "Regulatory Breaches Tax Evasion Smuggling of goods", "prediction_score": "0.98", "name": "Alimentation Couche-Tard", "title": "Casey's faces three lawsuits for \"intransigence\" against Couche bid", "published": "2010-07-28T00:00:00Z", "updated": "2020-11-16T07:56:37Z", "cleaned_article": "[TITLE] Casey's faces three lawsuits for \"intransigence\" against Couche bid [TITLE] \n\nMONTREAL - Casey's General Stores Inc.is facing three lawsuits related to a takeover offer by Alimentation Couche-Tard Inc.as investors demand the Iowa-based corner store chain abandon its defensive tactics and explore a potential sale. The most recent suit, filed last week in Iowa, is a class-action petition by the Kentucky State District Council of Carpenters Pension Trust Fund. It alleges Casey's board members breached their fiduciary duty to shareholders though \"disproportionate, draconian and preclusive defensive measures\" that have hurt investors. \"The board's refusal to negotiate in good faith and present the company's shareholders an opportunity to fairly consider Couche-Tard's offer is causing substantial harm to Casey's shareholders,\" the suit says. \"These (individual directors) have demonstrated a course of action consistent only with their self-serving motives - namely creating barriers to a change of control in order to ensure that they will retain their prestigious and lucrative positions with the company.\"", "raw_cleaned_article": "<h2>Casey's faces three lawsuits for \"intransigence\" against Couche bid</h2><p><b>MONTREAL - Casey's General Stores Inc.is facing three lawsuits related to a takeover offer by Alimentation Couche-Tard Inc.as investors demand the Iowa-based corner store chain abandon its defensive tactics and explore a potential sale.</b> The most recent suit, filed last week in Iowa, is a class-action petition by the Kentucky State District Council of Carpenters Pension Trust Fund. It alleges Casey's board members breached their fiduciary duty to shareholders though \"disproportionate, draconian and preclusive defensive measures\" that have hurt investors. \"The board's refusal to negotiate in good faith and present the company's shareholders an opportunity to fairly consider Couche-Tard's offer is causing substantial harm to Casey's shareholders,\" the suit says. \"These (individual directors) have demonstrated a course of action consistent only with their self-serving motives - namely creating barriers to a change of control in order to ensure that they will retain their prestigious and lucrative positions with the company.\"</p>", "original_content": "<entry xmlns=\"http://www.w3.org/2005/Atom\"><id>urn:contentItem:8028-TSC1-2SFB-54TW-00000-00</id><title>Casey's faces three lawsuits for \"intransigence\" against Couche bid</title><published>2010-07-28T00:00:00Z</published><updated>2020-11-16T07:56:37Z</updated><author><name>LexisNexis</name></author><content type=\"application/xml\"><!--Transformation version 1.23--><articleDoc xmlns=\"\" xmlns:xsi=\"http://www.w3.org/2001/XMLSchema-instance\" xsi:noNamespaceSchemaLocation=\"http://www.lexisnexis.com/xmlschemas/content/public/articledoc/1/\" schemaVersion=\"1.8\" xml:lang=\"en\"><articleDocHead><itemInfo/></articleDocHead><nitf:body xmlns:nitf=\"http://iptc.org/std/NITF/2006-10-18/\"><nitf:body.head><nitf:hedline><nitf:hl1>Casey's faces three lawsuits for \"intransigence\" against Couche bid</nitf:hl1></nitf:hedline><nitf:byline><author><person><nameText>Nicolas Van Praet</nameText></person></author><nitf:byttl>Financial Post</nitf:byttl></nitf:byline></nitf:body.head><nitf:body.content><bodyText><p nitf:lede=\"true\">MONTREAL - Casey's General Stores Inc.is facing three lawsuits related to a takeover offer by Alimentation Couche-Tard Inc.as investors demand the Iowa-based corner store chain abandon its defensive tactics and explore a potential sale.</p><p nitf:lede=\"true\">The most recent suit, filed last week in Iowa, is a class-action petition by the Kentucky State District Council of Carpenters Pension Trust Fund. It alleges Casey's board members breached their fiduciary duty to shareholders though \"disproportionate, draconian and preclusive defensive measures\" that have hurt investors.</p><p>\"The board's refusal to negotiate in good faith and present the company's shareholders an opportunity to fairly consider Couche-Tard's offer is causing substantial harm to Casey's shareholders,\" the suit says. \"These (individual directors) have demonstrated a course of action consistent only with their self-serving motives - namely creating barriers to a change of control in order to ensure that they will retain their prestigious and lucrative positions with the company.\"</p><p>The Carpenters Pension Trust alleges that instead of engaging in talks with Couche-Tard, the board of Casey's created a number of roadblocks to ward off the Quebec company's approaches. Chief among them was a so-called \"poison pill\" shareholder rights agreement adopted in April. Under the agreement, once any single shareholder amasses a 15 per cent stake in Casey's, all other shareholders except the acquiring investor would have the right to purchase new stock in the company at half the market price.</p><p>The Pension Trust also takes issue with Casey's 10-cent dividend announced on June 15, saying it is out of line with previous dividends and \"designed to make the company less attractive to potential suitors by reducing its cash on hand.\" And it blasts amended employment agreements Casey's struck May 27 and June 1 with certain executives.</p><p>The legal action is one of three suits filed against Casey's related to Couche-Tard. The others, also class-action complaints, assert claims for breach of fiduciary duty. One seeks an order requiring the Casey's board to put the company up for auction. The other seeks an order requiring the board to evaluate other deals.</p><p>Casey's said this week it believes all the claims are without merit and that it intends to defend itself against them. None of the allegations have been proven.</p><p>After receiving an opinion by advisers Goldman Sachs &amp;Co., Casey's board on Wednesday unanimously rejected Couche-Tard's latest offer of $36.75 US a share, saying it undervalues the company. Casey's said it would buy back about one quarter of its stock for between $38 US and $40 US a share in a move to increase value for shareholders.</p><p>\"(They found) a big bat\" to stave off suitors, RBC Capital Markets analyst Irene Nattel said in a research note. \"The next move must come from (Couche-Tard): Walk away or raise the offer to above $38 US to $40.\"</p><p>Couche-Tard executives have met with several large Casey's shareholders in recent weeks to solicit their support for formal negotiations between the two companies. One of those shareholders, New York-based Clear-Bridge Advisors, has said the Casey's board's intransigence discourages a higher offer.</p><p>Casey's is based in Ankeny, Iowa and operates roughly 1,500 convenience stores in nine midwestern states, including Missouri and Illinois. Laval, Que.-based Couche-Tard runs a network of 5,878 stores in the United States and Canada under the names Couche-Tard, Mac's, and Circle K.</p></bodyText></nitf:body.content></nitf:body><metadata><dc:metadata xmlns:dc=\"http://purl.org/dc/elements/1.1/\"><dc:identifier identifierScheme=\"DOC-ID\">CANWNS-201007281501 !@DOCID=91927618</dc:identifier><dc:source sourceScheme=\"royaltyReportingKey\">CANWNS2010</dc:source><dc:identifier identifierScheme=\"PGUID\">urn:contentItem:8028-TSC1-2SFB-54TW-00000-00</dc:identifier><dc:source sourceScheme=\"productContentSetIdentifier\">335915</dc:source><dc:date dateType=\"last-updated\">2015-09-06</dc:date></dc:metadata><wordCount number=\"581\"/><timeReceived>06:00 PM EST</timeReceived><publicationInfo><copyright>Copyright 2010 Canwest News Service All Rights Reserved</copyright><publicationName>Canwest News Service</publicationName><publicationDate day=\"28\" month=\"07\" year=\"2010\"><dateText>July 28, 2010 Wednesday</dateText></publicationDate><classification classificationScheme=\"publicationtype\"><classificationItem><className>Newswire</className></classificationItem></classification><classification classificationScheme=\"publicationtype\"><classificationItem><className>Newswires &amp; Press Releases</className></classificationItem></classification></publicationInfo><classification classificationScheme=\"language\"><classificationItem classificationScheme=\"lang.english\"><className>ENGLISH</className></classificationItem></classification><classificationGroup classificationScheme=\"indexing-terms\"><classification classificationScheme=\"company\"><classificationItem score=\"95\"><classCode>CC00023LV</classCode><className>ALIMENTATION COUCHE-TARD INC</className></classificationItem><classificationItem score=\"91\"><classCode>CC000272U</classCode><className>CASEY'S GENERAL STORES INC</className></classificationItem><classificationItem score=\"84\"><classCode>CC0001RKX</classCode><className>GOLDMAN SACHS GROUP INC</className></classificationItem></classification><classification classificationScheme=\"industry\"><classificationItem score=\"95\"><className>NAICS447110 GASOLINE STATIONS WITH CONVENIENCE STORES</className></classificationItem><classificationItem score=\"95\"><className>SIC5541 GASOLINE SERVICE STATIONS</className></classificationItem><classificationItem score=\"91\"><className>NAICS445120 CONVENIENCE STORES</className></classificationItem><classificationItem score=\"91\"><className>NAICS441310 AUTOMOTIVE PARTS &amp; ACCESSORIES STORES</className></classificationItem><classificationItem score=\"84\"><className>NAICS523930 INVESTMENT ADVICE</className></classificationItem><classificationItem score=\"84\"><className>NAICS523920 PORTFOLIO MANAGEMENT</className></classificationItem><classificationItem score=\"84\"><className>NAICS523110 INVESTMENT BANKING &amp; SECURITIES DEALING</className></classificationItem><classificationItem score=\"84\"><className>SIC6289 SERVICES ALLIED WITH THE EXCHANGE OF SECURITIES OR COMMODITIES, NEC</className></classificationItem><classificationItem score=\"84\"><className>SIC6282 INVESTMENT ADVICE</className></classificationItem><classificationItem score=\"84\"><className>SIC6211 SECURITY BROKERS, DEALERS, &amp; FLOTATION COMPANIES</className></classificationItem></classification><classification classificationScheme=\"ticker\"><classificationItem score=\"95\"><className>ATD.A (TSX)</className></classificationItem><classificationItem score=\"91\"><className>CASY (NASDAQ)</className></classificationItem><classificationItem score=\"84\"><className>GS (NYSE)</className></classificationItem></classification></classificationGroup><classificationGroup classificationScheme=\"indexing-terms\"><classification classificationScheme=\"subject\"><classificationItem score=\"92\"><classCode>STX001976</classCode><className>SECURITIES &amp; OTHER INVESTMENTS</className><classCode/><className/></classificationItem><classificationItem score=\"92\"><classCode>STX001561</classCode><className>SHAREHOLDERS</className><classCode>Z3VpZD11cm46dG9waWM6NEI2QjYxNjkwMTkzNDhFRUExNjlFRjVFRUU3NDhBQkE7cGFyZW50Z3VpZD11cm46dG9waWM6MDQ3M0RFODczN0I4NDg2RjlFRDNFMUNBODRDQTU0Q0E</classCode><className>Shareholders</className></classificationItem><classificationItem score=\"91\"><classCode>STX001648</classCode><className>SUITS &amp; CLAIMS</className><classCode/><className/></classificationItem><classificationItem score=\"90\"><classCode>ST000DH0Q</classCode><className>AGREEMENTS</className><classCode/><className/></classificationItem><classificationItem score=\"90\"><classCode>N523930MC</classCode><className>INVESTMENT ADVISERS</className><classCode>Z3VpZD11cm46dG9waWM6ODQ2M0Q5NUExRUZENEY2NDkzMzlDMDVFNjFCNTY3MTQ7cGFyZW50Z3VpZD11cm46dG9waWM6RkFFMTQ3ODhCRDYyNDkyN0IwQkEyQzRCRDlFMEM5ODc</classCode><className>Investment Advisers</className></classificationItem><classificationItem score=\"90\"><classCode>STX001040</classCode><className>LITIGATION</className><classCode/><className/></classificationItem><classificationItem score=\"90\"><classCode>STX001209</classCode><className>NEW ISSUES</className><classCode/><className/></classificationItem><classificationItem score=\"90\"><classCode>STX001668</classCode><className>TAKEOVERS</className><classCode/><className/></classificationItem><classificationItem score=\"89\"><classCode>STX000304</classCode><className>CLASS ACTIONS</className><classCode>Z3VpZD11cm46dG9waWM6Mjk5M0Q3OEY2NkE3NDIwQzg4MDk1NUUxQUI5Nzc5NTU7cGFyZW50Z3VpZD11cm46dG9waWM6MDc3RDI0Njg5OEU2NEM5NzkxRUU2MjBEMDMyRkQ3Mzk</classCode><className>Class Actions</className></classificationItem><classificationItem score=\"89\"><classCode>STX000518</classCode><className>DIVIDENDS</className><classCode/><className/></classificationItem><classificationItem score=\"89\"><classCode>ST0009QD4</classCode><className>NEGATIVE BUSINESS NEWS</className><classCode/><className/></classificationItem><classificationItem score=\"78\"><classCode>STX000194</classCode><className>BOARDS OF DIRECTORS</className><classCode/><className/></classificationItem><classificationItem score=\"78\"><classCode>STX000235</classCode><className>BUSINESS TORTS</className><classCode>Z3VpZD11cm46dG9waWM6MjAyNjRCMUE5MjRBNDVFNkFFMEQ0OTA3MEZDQTE5MUM7cGFyZW50Z3VpZD11cm46dG9waWM6MDAwOEM2NTEzQkVDNEI4NzlGMEZERUEyRjQwODM4Njg</classCode><className>Business Torts</className></classificationItem><classificationItem score=\"78\"><classCode>N523920MM</classCode><className>INVESTMENT MANAGEMENT</className><classCode/><className/></classificationItem><classificationItem score=\"78\"><classCode>ST000DIJW</classCode><className>PRICES</className><classCode/><className/></classificationItem><classificationItem score=\"78\"><classCode>STX001560</classCode><className>SHAREHOLDER RIGHTS</className><classCode/><className/></classificationItem><classificationItem score=\"78\"><classCode>STX001634</classCode><className>STOCK PURCHASE RIGHTS</className><classCode/><className/></classificationItem><classificationItem score=\"77\"><classCode>STX000129</classCode><className>AUCTIONS</className><classCode/><className/></classificationItem><classificationItem score=\"77\"><classCode>ST0009FJK</classCode><className>NEGATIVE PERSONAL NEWS</className><classCode/><className/></classificationItem><classificationItem score=\"76\"><classCode>ST000CA1O</classCode><className>BAD FAITH</className><classCode/><className/></classificationItem><classificationItem score=\"76\"><classCode>ST20031561</classCode><className>FIDUCIARY DUTIES</className><classCode/><className/></classificationItem><classificationItem score=\"76\"><classCode>STX001669</classCode><className>TALKS &amp; MEETINGS</className><classCode/><className/></classificationItem><classificationItem score=\"76\"><classCode>N525920MM</classCode><className>TRUST ARRANGEMENTS</className><classCode>Z3VpZD11cm46dG9waWM6NUQ4NThEMTk0MTQ4NDM3N0FGOEM5RkU2QUQ4RjA1MkQ7cGFyZW50Z3VpZD11cm46dG9waWM6OENGNTY0MEQ2RTU2NDA2NTk4QjcyNzI2NTBERUU3NUI</classCode><className>Trusts</className></classificationItem><classificationItem score=\"75\"><classCode>ST00097WY</classCode><className>EMPLOYMENT CONTRACTS</className><classCode>Z3VpZD11cm46dG9waWM6NUFCRjQ1NzlGRERGNDg0QkI4MDY2MzNFMkFCMkQ4RUQ7cGFyZW50Z3VpZD11cm46dG9waWM6QjdBMEI3Mzc0MDA3NDVFNTlDQzRGM0MxRDE4MjI2MTc</classCode><className>Employment Contracts</className></classificationItem><classificationItem score=\"73\"><classCode>ST0008XMR</classCode><className>LAW &amp; LEGAL SYSTEM</className><classCode/><className/></classificationItem><classificationItem score=\"72\"><classCode>STX001317</classCode><className>PETITIONS</className><classCode/><className/></classificationItem><classificationItem score=\"71\"><classCode>ST0009G89</classCode><className>REGIONAL &amp; LOCAL GOVERNMENTS</className><classCode>Z3VpZD11cm46dG9waWM6Njg1MkM3RkYyNzIxNEVFRkJFMTI2NUM4NUU1ODdEM0Q7cGFyZW50Z3VpZD11cm46dG9waWM6MjdEQjE4OUJDMzQxNDNEMEI0RTI1QUFCMzJENjEwRTA</classCode><className>Local Governments</className></classificationItem></classification><classification classificationScheme=\"industry\"><classificationItem score=\"93\"><classCode>ST0008XSL</classCode><className>RETAILERS</className><classCode/><className/></classificationItem><classificationItem score=\"92\"><classCode>STX001976</classCode><className>SECURITIES &amp; OTHER INVESTMENTS</className><classCode/><className/></classificationItem><classificationItem score=\"91\"><classCode>N445120MM</classCode><className>CONVENIENCE STORES</className><classCode/><className/></classificationItem><classificationItem score=\"90\"><classCode>N520000CC</classCode><className>BANKING &amp; FINANCE</className><classCode/><className/></classificationItem><classificationItem score=\"90\"><classCode>N447000CC</classCode><className>GAS STATIONS</className><classCode/><className/></classificationItem><classificationItem score=\"90\"><classCode>N523930MC</classCode><className>INVESTMENT ADVISERS</className><classCode>Z3VpZD11cm46dG9waWM6ODQ2M0Q5NUExRUZENEY2NDkzMzlDMDVFNjFCNTY3MTQ7cGFyZW50Z3VpZD11cm46dG9waWM6RkFFMTQ3ODhCRDYyNDkyN0IwQkEyQzRCRDlFMEM5ODc</classCode><className>Investment Advisers</className></classificationItem><classificationItem score=\"90\"><classCode>N523110EC</classCode><className>INVESTMENT BANKING</className><classCode/><className/></classificationItem><classificationItem score=\"90\"><classCode>STX001209</classCode><className>NEW ISSUES</className><classCode/><className/></classificationItem><classificationItem score=\"90\"><classCode>ST0009RX6</classCode><classCode/><className/></classificationItem><classificationItem score=\"78\"><classCode>N523920MM</classCode><className>INVESTMENT MANAGEMENT</className><classCode/><className/></classificationItem><classificationItem score=\"78\"><classCode>STX001634</classCode><className>STOCK PURCHASE RIGHTS</className><classCode/><className/></classificationItem></classification><classification classificationScheme=\"city\"><classificationItem score=\"74\"><classCode>GX063</classCode><className>MONTREAL, QC, CANADA</className><classCode/><className/></classificationItem></classification><classification classificationScheme=\"state\"><classificationItem score=\"79\"><classCode>GS133</classCode><className>KENTUCKY, USA</className><classCode/><className/></classificationItem><classificationItem score=\"59\"><classCode>GS176</classCode><className>QUEBEC, CANADA</className><classCode/><className/></classificationItem></classification></classificationGroup></metadata></articleDoc></content></entry>"}