{"prediction_class": "Intellectual property Offences", "prediction_score": "0.6", "name": "BHP Billiton", "title": "BHP's legal win over employment scam", "published": "2011-07-25T00:00:00Z", "updated": "2020-11-15T20:58:15Z", "cleaned_article": "[TITLE] BHP's legal win over employment scam [TITLE] \n\nBHP Billiton will continue to source workers through external agencies despite a recent legal stoush over a rogue employment scam. The mining giant was forced to take legal action through an arm of the United Nations earlier this year to combat a scam that solicited workers for BHP Billiton without the company's knowledge. According to legal documents filed to the World Intellectual Property Organisation, European-based scammers approached potential employees of BHP Billiton and advised them that the company considered them suitable for employment. ", "raw_cleaned_article": "<h2>BHP's legal win over employment scam</h2><p><b>BHP Billiton will continue to source workers through external agencies despite a recent legal stoush over a rogue employment scam. The mining giant was forced to take legal action through an arm of the United Nations earlier this year to combat a scam that solicited workers for BHP Billiton without the company's knowledge. According to legal documents filed to the World Intellectual Property Organisation, European-based scammers approached potential employees of BHP Billiton and advised them that the company considered them suitable for employment. </b></p>", "original_content": "<entry xmlns=\"http://www.w3.org/2005/Atom\"><id>urn:contentItem:53CW-R7R1-F09W-84D8-00000-00</id><title>BHP's legal win over employment scam</title><published>2011-07-25T00:00:00Z</published><updated>2020-11-15T20:58:15Z</updated><author><name>LexisNexis</name></author><content type=\"application/xml\"><!--Transformation version 1.23--><articleDoc xmlns=\"\" xmlns:xsi=\"http://www.w3.org/2001/XMLSchema-instance\" xsi:noNamespaceSchemaLocation=\"http://www.lexisnexis.com/xmlschemas/content/public/articledoc/1/\" schemaVersion=\"1.8\" xml:lang=\"en\"><articleDocHead><itemInfo><sourceSectionInfo><positionSection>BUSINESS</positionSection><positionSequence>Pg. 4</positionSequence></sourceSectionInfo></itemInfo></articleDocHead><nitf:body xmlns:nitf=\"http://iptc.org/std/NITF/2006-10-18/\"><nitf:body.head><nitf:hedline><nitf:hl1>BHP's legal win over employment scam</nitf:hl1></nitf:hedline><nitf:byline><author><person><nameText>PETER KER</nameText></person></author></nitf:byline></nitf:body.head><nitf:body.content><bodyText><p nitf:lede=\"true\">BHP Billiton will continue to source workers through external agencies despite a recent legal stoush over a rogue employment scam. The mining giant was forced to take legal action through an arm of the United Nations earlier this year to combat a scam that solicited workers for BHP Billiton without the company's knowledge. According to legal documents filed to the World Intellectual Property Organisation, European-based scammers approached potential employees of BHP Billiton and advised them that the company considered them suitable for employment. </p><p>The approaches were made using the internet domain \"bhp-plc.com\" - an address strikingly similar to BHP Billiton's trading name on the London Stock Exchange. The culprits had no commercial relationship with BHP Billiton, and the company fears they may have issued \"phoney employment contracts\" that purport to be on behalf of BHP Billiton. The scam sought to capitalise on an era of severe skills shortages in the resources sector, where most large mining companies - including BHP Billiton - rely on external agencies to help supply labour. BHP Billiton believes the approaches were an attempt to scam unsuspecting victims of personal information, rather than an unauthorised attempt to supply labour in a freelance capacity. Melbourne-based patent and trademark attorneys acting for BHP Billiton were successful in the case, and WIPO ruled that BHP Billiton had the right to take control of the website and domain name that the scam was built around. \"The disputed domain name was registered for the purpose of disrupting (BHP Billiton's) business, as internet users are led to believe falsely that they have entered into employment contracts with the complainant,\" said WIPO adjudicator Dennis Foster. Mr Foster said he was \"convinced\" the culprits were acting in \"bad faith\" when they established the domain name. BHP Billiton is not planning to pursue further legal action as the company believes there is little prospect of successfully prosecuting the culprits. Despite the incident, BHP Billiton will continue to use external agencies to source its labour. The company already employs more than 40,000 people across more than 100 operations in 25 countries, and with significant expansion plans slated for the years ahead, the company has an almost constant requirement for new staff. Revelations of the labour scam come after controversy last week over the tactics being used by other Australian resources companies in the battle to secure skilled workers. Cashed-up resources companies are hiring workers on full pay long before they are actually needed to start work on projects, in a bid to avoid a looming skills shortage that is expected to peak in coming years. The deals have been described by the Reserve Bank of Australia as exacerbating both the skills shortage and the problem of inflationary spending by one sector amid a struggling broader economy. The recent WIPO case is not the first time BHP Billiton has been forced to defend its intellectual property and domain names through the Geneva-based organisation. A stocktake of WIPO records over the past decade shows more than 10 instances where BHP Billiton has launched legal action over breaches.</p></bodyText></nitf:body.content></nitf:body><metadata><dc:metadata xmlns:dc=\"http://purl.org/dc/elements/1.1/\"><dc:identifier identifierScheme=\"DOC-ID\">AGEMLB-60njebn868015z5swoer</dc:identifier><dc:source sourceScheme=\"royaltyReportingKey\">AGEMLB2011</dc:source><dc:identifier identifierScheme=\"PGUID\">urn:contentItem:53CW-R7R1-F09W-84D8-00000-00</dc:identifier><dc:source sourceScheme=\"productContentSetIdentifier\">314239</dc:source><dc:date dateType=\"last-updated\">2019-10-03</dc:date></dc:metadata><wordCount number=\"537\"/><publicationInfo><copyright>Copyright 2011 The Age Company Limited All Rights Reserved</copyright><publicationName>The Age (Melbourne, Australia)</publicationName><edition>First Edition</edition><publicationDate day=\"25\" month=\"07\" year=\"2011\"><dateText>July 25, 2011 Monday</dateText></publicationDate><classification classificationScheme=\"publicationtype\"><classificationItem><className>Newspaper</className></classificationItem></classification><classification classificationScheme=\"publicationtype\"><classificationItem><className>Newspapers</className></classificationItem></classification></publicationInfo><classification classificationScheme=\"language\"><classificationItem classificationScheme=\"lang.english\"><className>ENGLISH</className></classificationItem></classification><classificationGroup classificationScheme=\"licensor.indexing-terms\"><classification classificationScheme=\"licensor.region\"><classificationItem><className>Australia</className></classificationItem></classification><classification classificationScheme=\"licensor.subject\"><classificationItem><className>Company/BHP Billiton Ltd</className></classificationItem><classificationItem><className>Labour/Employment/Recruitment</className></classificationItem></classification></classificationGroup><classificationGroup classificationScheme=\"indexing-terms\"><classification classificationScheme=\"legal\"><classificationItem><className>Computer &amp; Internet Law</className><classCode>Z3VpZD11cm46dG9waWM6Qzk0QUJBRENDQzhBNDc2MDk5OTAyQzI3QkRFMkU0OUU7cGFyZW50Z3VpZD0</classCode><classificationItem score=\"50\"><className>Actual &amp; Intended Use</className><classCode>Z3VpZD11cm46dG9waWM6MEFFMTVEMUQ5QzUwNEJBMEE2NUI3MTE3Qjk0OEY2QUQ7cGFyZW50Z3VpZD11cm46dG9waWM6Mjk1MDg4OTc1Rjk4NDk3QzlDMjZENUI4OTdCQTU0MTQ</classCode></classificationItem><classificationItem score=\"63\"><className>Anticybersquatting Consumer Protection Act</className><classCode>Z3VpZD11cm46dG9waWM6QTZBRTYyNDczQjE3NEJCRkE2RkQ1NUY4QTVFMjlCM0U7cGFyZW50Z3VpZD11cm46dG9waWM6QjdDOTlBMkExNzBCNEZFODhDM0NCREY1RDQ5ODlGRjI</classCode></classificationItem><classificationItem score=\"50\"><className>General Overview</className><classCode>Z3VpZD11cm46dG9waWM6M0JBMzgzOEUxNThCNDkzQkE5QzE1NzdGRTkxMjE5NDQ7cGFyZW50Z3VpZD11cm46dG9waWM6QTQzMkNGRkRBMEU5NEM4MjgyMjk5MTNBOURBNTBFNTU</classCode></classificationItem><classificationItem score=\"50\"><className>Internet Domain Names</className><classCode>Z3VpZD11cm46dG9waWM6QjdDOTlBMkExNzBCNEZFODhDM0NCREY1RDQ5ODlGRjI7cGFyZW50Z3VpZD11cm46dG9waWM6Mjk1MDg4OTc1Rjk4NDk3QzlDMjZENUI4OTdCQTU0MTQ</classCode></classificationItem><classificationItem score=\"57\"><className>World Intellectual Property Organization</className><classCode>Z3VpZD11cm46dG9waWM6OEU4QzgwOTA2M0RBNDc5ODhCN0JBOUYwNTY3MkY1RkI7cGFyZW50Z3VpZD11cm46dG9waWM6Q0YxNUE2NDgxRjAxNDkxNzk3QzlBRjE3MzcyMThGNUY</classCode></classificationItem></classificationItem></classification><classification classificationScheme=\"subject\"><classificationItem score=\"90\"><classCode>ST0008XMR</classCode><className>LAW &amp; LEGAL SYSTEM</className><classCode/><className/></classificationItem><classificationItem score=\"89\"><classCode>ST00097WY</classCode><className>EMPLOYMENT CONTRACTS</className><classCode>Z3VpZD11cm46dG9waWM6NUFCRjQ1NzlGRERGNDg0QkI4MDY2MzNFMkFCMkQ4RUQ7cGFyZW50Z3VpZD11cm46dG9waWM6QjdBMEI3Mzc0MDA3NDVFNTlDQzRGM0MxRDE4MjI2MTc</classCode><className>Employment Contracts</className></classificationItem><classificationItem score=\"89\"><classCode>STX001948</classCode><className>LABOR &amp; EMPLOYMENT</className><classCode/><className/></classificationItem><classificationItem score=\"89\"><classCode>ST000CZT4</classCode><className>LABOR SHORTAGES</className><classCode/><className/></classificationItem><classificationItem score=\"89\"><classCode>ST0009FJK</classCode><className>NEGATIVE PERSONAL NEWS</className><classCode/><className/></classificationItem><classificationItem score=\"89\"><classCode>ST000DDGY</classCode><className>SHORTAGES</className><classCode/><className/></classificationItem><classificationItem score=\"89\"><classCode>STX001648</classCode><className>SUITS &amp; CLAIMS</className><classCode/><className/></classificationItem><classificationItem score=\"79\"><classCode>ST000A2A8</classCode><className>INTELLECTUAL PROPERTY</className><classCode/><className/></classificationItem><classificationItem score=\"78\"><classCode>ST000DL7V</classCode><className>CRAFT &amp; TRADE WORKERS</className><classCode/><className/></classificationItem><classificationItem score=\"78\"><classCode>ST00097YK</classCode><className>RECRUITMENT &amp; HIRING</className><classCode/><className/></classificationItem><classificationItem score=\"77\"><classCode>ST000DKU4</classCode><className>UNITED NATIONS</className><classCode/><className/></classificationItem><classificationItem score=\"76\"><classCode>ST000CZAG</classCode><className>TRADEMARKS</className><classCode/><className/></classificationItem><classificationItem score=\"73\"><classCode>ST000A2YF</classCode><className>FREELANCE EMPLOYMENT</className><classCode/><className/></classificationItem><classificationItem score=\"71\"><classCode>STX001301</classCode><className>PATENTS</className><classCode/><className/></classificationItem><classificationItem score=\"69\"><classCode>N523210MM</classCode><className>STOCK EXCHANGES</className><classCode>Z3VpZD11cm46dG9waWM6M0ZDMDg5MEQ3OTlGNEJCMkI0M0EyM0MwN0E1Njk1MEQ7cGFyZW50Z3VpZD11cm46dG9waWM6NDBGREFBMDgyNTQ0NERFRUI3MEUwNDBFOTM5NDExREI</classCode><className>Stock Exchanges</className></classificationItem><classificationItem score=\"61\"><classCode>STX000913</classCode><className>INFLATION</className><classCode/><className/></classificationItem><classificationItem score=\"60\"><classCode>N521100MM</classCode><className>CENTRAL BANKS</className><classCode/><className/></classificationItem></classification><classification classificationScheme=\"industry\"><classificationItem score=\"89\"><classCode>ST0009SXB</classCode><className>DOMAIN NAMES</className><classCode/><className/></classificationItem><classificationItem score=\"89\"><classCode>STX000954</classCode><className>INTERNET &amp; WWW</className><classCode/><className/></classificationItem><classificationItem score=\"78\"><classCode>ST0008X7V</classCode><className>MINES &amp; MINING</className><classCode/><className/></classificationItem><classificationItem score=\"78\"><classCode>N210000CC</classCode><className>MINING &amp; EXTRACTION</className><classCode/><className/></classificationItem><classificationItem score=\"69\"><classCode>N523210MM</classCode><className>STOCK EXCHANGES</className><classCode>Z3VpZD11cm46dG9waWM6M0ZDMDg5MEQ3OTlGNEJCMkI0M0EyM0MwN0E1Njk1MEQ7cGFyZW50Z3VpZD11cm46dG9waWM6NDBGREFBMDgyNTQ0NERFRUI3MEUwNDBFOTM5NDExREI</classCode><className>Stock Exchanges</className></classificationItem><classificationItem score=\"60\"><classCode>N521100MM</classCode><className>CENTRAL BANKS</className><classCode/><className/></classificationItem></classification><classification classificationScheme=\"city\"><classificationItem score=\"92\"><classCode>GX015</classCode><className>MELBOURNE, AUSTRALIA</className><classCode/><className/></classificationItem></classification><classification classificationScheme=\"state\"><classificationItem score=\"93\"><classCode>GS007</classCode><className>VICTORIA, AUSTRALIA</className><classCode/><className/></classificationItem></classification><classification classificationScheme=\"country\"><classificationItem score=\"94\"><classCode>GC301</classCode><className>AUSTRALIA</className><classCode/><className/></classificationItem></classification></classificationGroup></metadata></articleDoc></content></entry>"}