{"prediction_class": "Money laundering", "prediction_score": "1.0", "name": "BHP Billiton", "title": "Foreign Corrupt Practices Act 2015 Update", "published": "2015-10-20T00:00:00Z", "updated": "2020-11-15T20:28:41Z", "cleaned_article": "[TITLE] Foreign Corrupt Practices Act 2015 Update [TITLE] \n\nOct 20, 2015( Mondaq: http://mondaq.com/ Delivered by Newstex) <nl/> Despite a decline in enforcement actions by the Securities Exchange Commission (\"SEC\") and the Department of Justice (\"DOJ\"), the first half of 2015 has continued to highlight the relevance and ever-evolving effects of the Foreign Corrupt Practices Act (\"FCPA\"). Notable in the first half of 2015 was the SEC's willingness to look beyond the foreign official bribery provision of the FCPA, as it instituted actions for inadequate internal controls and violations of the FCPA's books and records provisions against companies including Polycom, BHP Billiton, and Goodyear Tire ...bber Company (\"Goodyear\"). In May, the DOJ demonstrated its willingness to go beyond the FCPA's provisions to tackle foreign corruption. The F\u00e9d\u00e9ration Internationale de Football Association (\"FIFA\") conspiracy resulted in the DOJ indictment of at least 14 individuals so far for racketeering, wire fraud, and money laundering. As the controversy continues to unravel, it demonstrates the concerted efforts of U.S. and foreign law enforcement authorities. ", "raw_cleaned_article": "<h2>Foreign Corrupt Practices Act 2015 Update</h2><p><b>Oct 20, 2015( Mondaq: http://mondaq.com/ Delivered by Newstex) <nl/> Despite a decline in enforcement actions by the Securities Exchange Commission (\"SEC\") and the Department of Justice (\"DOJ\"), the first half of 2015 has continued to highlight the relevance and ever-evolving effects of the Foreign Corrupt Practices Act (\"FCPA\"). Notable in the first half of 2015 was the SEC's willingness to look beyond the foreign official bribery provision of the FCPA, as it instituted actions for inadequate internal controls and violations of the FCPA's books and records provisions against companies including Polycom, BHP Billiton, and Goodyear Tire ...bber Company (\"Goodyear\"). In May, the DOJ demonstrated its willingness to go beyond the FCPA's provisions to tackle foreign corruption. The F\u00e9d\u00e9ration Internationale de Football Association (\"FIFA\") conspiracy resulted in the DOJ indictment of at least 14 individuals so far for racketeering, wire fraud, and money laundering. As the controversy continues to unravel, it demonstrates the concerted efforts of U.S. and foreign law enforcement authorities. </b></p>", "original_content": "<entry xmlns=\"http://www.w3.org/2005/Atom\"><id>urn:contentItem:5H67-1WN1-JCMN-Y442-00000-00</id><title>Foreign Corrupt Practices Act 2015 Update</title><published>2015-10-20T00:00:00Z</published><updated>2020-11-15T20:28:41Z</updated><author><name>LexisNexis</name></author><content type=\"application/xml\"><!--Transformation version 1.23--><articleDoc xmlns=\"\" xmlns:xsi=\"http://www.w3.org/2001/XMLSchema-instance\" xsi:noNamespaceSchemaLocation=\"http://www.lexisnexis.com/xmlschemas/content/public/articledoc/1/\" schemaVersion=\"1.8\" xml:lang=\"en\"><articleDocHead><itemInfo/></articleDocHead><nitf:body xmlns:nitf=\"http://iptc.org/std/NITF/2006-10-18/\"><nitf:body.head><nitf:hedline><nitf:hl1>Foreign Corrupt Practices Act 2015 Update</nitf:hl1></nitf:hedline><nitf:byline><author><person><nameText>BakerHostetler nbsp</nameText></person></author></nitf:byline></nitf:body.head><nitf:body.content><bodyText><p nitf:lede=\"true\"/><p nitf:lede=\"true\">Oct 20, 2015( Mondaq: <url normalizedValue=\"http://mondaq.com\">http://mondaq.com</url>/ Delivered by Newstex) &lt;nl/&gt; Despite a decline in enforcement actions by the Securities Exchange Commission (\"SEC\") and the Department of Justice (\"DOJ\"), the first half of 2015 has continued to highlight the relevance and ever-evolving effects of the Foreign Corrupt Practices Act (\"FCPA\"). Notable in the first half of 2015 was the SEC's willingness to look beyond the foreign official bribery provision of the FCPA, as it instituted actions for inadequate internal controls and violations of the FCPA's books and records provisions against companies including Polycom, BHP Billiton, and Goodyear Tire ...bber Company (\"Goodyear\"). In May, the DOJ demonstrated its willingness to go beyond the FCPA's provisions to tackle foreign corruption. The F\u00e9d\u00e9ration Internationale de Football Association (\"FIFA\") conspiracy resulted in the DOJ indictment of at least 14 individuals so far for racketeering, wire fraud, and money laundering. As the controversy continues to unravel, it demonstrates the concerted efforts of U.S. and foreign law enforcement authorities. </p><p>Although the FIFA investigation has not yet resulted in FCPA actions, it provides insight into the DOJ's willingness to use all available criminal statutes in its crusade against foreign corruption or bribery.&lt;nl/&gt;&lt;nl/&gt;The common theme that has resonated throughout the first half of 2015 is the value placed on cooperation with government investigations. Though the focus on cooperation is not newmdash;the November 2012 joint DOJ and SEC Resource Guide to the FCPA provided insight and guidance on this mattermdash; the various settlements, declinations, and SEC and DOJ remarks during the first half of 2015 have indicated that it is a valuable tool in ensuring a greater potential for settlement and reduced penalties.&lt;nl/&gt;&lt;nl/&gt;The SEC's first enforcement action of the year, in January 2015, against PBSJ Corporation (\"PBSJ\"), resulted in a deferred prosecution agreement with a modest monetary penalty of $375,000. Though PBSJ was criticized for its failure to identify the bribery early, the SEC emphasized PBSJ's immediate steps to remedy the situation, its voluntary disclosure, and its substantial cooperation with the investigation. Similarly, in the SEC's February 2015 enforcement action against Goodyear, Goodyear accepted an administrative cease-and-desist order with no monetary penalty. Again, the SEC noted that its decision was guided by Goodyear's willingness to cooperate with the investigation. The DOJ, in June 2015, made only its second public FCPA declination in the act's history. PetroTiger's \"voluntary disclosure, cooperation, and remediation\" were important factors leading to the DOJ's ultimate decision not to prosecute the company. The DOJ issued its first public declination in 2012 and similarly cited Morgan Stanley's voluntary disclosure and cooperation as among the factors prompting its decision not to prosecute. Although this public declination is only the second public announcement for the DOJ, six companies have publicly reported that the DOJ has concluded its investigations and declined to prosecute. Hyperdynamics Corporation (\"Hyperdynamics\"), in its announcement of the DOJ's declination, noted that the DOJ had referenced the company's cooperation as an important factor.&lt;nl/&gt;&lt;nl/&gt;While cooperation with investigations has relieved companies of liability, it is important to note that cooperation is not without costs. Many companies, spending years cooperating with government investigations while simultaneously conducting internal investigations and remediation efforts, find themselves burdened by substantial costs and fees, and cooperation does not immediately result in a declination or modest penalty. In May 2015, BHP Billiton agreed to an administrative cease-and-desist order with the SEC. Despite the company's substantial efforts toward cooperation and remediation, the SEC still imposed a $25 million penalty.&lt;nl/&gt;&lt;nl/&gt;The SEC and DOJ have spoken extensively regarding the importance of cooperation during the first half of 2015. On March 3, 2015, Andrew J. Ceresney, SEC director of enforcement, addressed the CBI Pharmaceutical Compliance Congress in Washington, D.C. His speech noted the SEC's efforts to ensure enhancements to the cooperation program, in the hope that an improved program would encourage companies to report suspected misconduct promptly. Ceresney emphasized that meaningful cooperation has resulted in reduced charges and penalties and even non-prosecution or deferred prosecution agreements. On May 13, 2015, Ceresney delivered remarks at the University of Texas School of Law's Government Enforcement Institute. These remarks focused on the SEC cooperation program's five-year anniversary. Ceresney noted four factors considered when evaluating a company's cooperation: (i) self-policing, (ii) self-reporting, (iii) remediation, and (iv) cooperation. Ceresney again stated that the rewards of cooperation could range from the \"'extraordinary' step of declining an enforcement action, to narrowing charges, limiting sanctions, or including mitigating or similar language in charging documents.\"&lt;nl/&gt;&lt;nl/&gt;Assistant Attorney General Leslie R. Caldwell of the DOJ also delivered cooperation-focused speeches during the first half of 2015. Caldwell's April 17, 2015, remarks at New York University Law School's Corporate Compliance and Enforcement Program addressed the benefits of transparency for the DOJ and for companies. Transparency allows companies to be fully aware of the potential benefits of cooperation, and to be aware of the types of consequences they would face for not cooperating with investigations. Caldwell emphasized the importance of shaping corporate culture and the DOJ's efforts to \"transparently communicate its expectations and the consequences of corporate misconduct\" to ensure the deterrence of future wrongdoing.&lt;nl/&gt;&lt;nl/&gt;Caldwell's May 12, 2015, remarks at the New York City Bar Association's Fourth Annual White Collar Crime Institute further illustrated the benefits of complete cooperation, while also citing cases where failure to cooperate has resulted in severe penalties in and out of the FCPA spacemdash;Alstom's $772 million penalty, the largest in FCPA history, and BNP Paribas's $8.9 billion penalty, the largest financial penalty in a criminal case, though not FCPA-related. Caldwell recognized that investigations have been costly for companies and stated that the DOJ would not instruct companies on how to investigate, but underscored the importance of due diligence, full and complete cooperation in the delivery of information, a willingness to disclose individual misconduct, and timeliness. Caldwell remarked that the DOJ does not expect companies to go overboard in their investigative efforts, but stressed the importance of thoughtful and reasonable efforts at cooperation. But on July 30, 2015, the chief of the DOJ Criminal Division's Fraud Section announced that the DOJ will be hiring a former prosecutor to serve as a full-time expert in compliance programs to ensure that corporate compliance programs are more than \"mere window dressing.\"&lt;nl/&gt;&lt;nl/&gt;Included below are summaries of the major enforcement actions, settlements, prosecutions, and declinations from the first half of 2015. We are pleased to offer this update and look forward to answering any questions or concerns you have about these significant developments in FCPA enforcement, compliance, and defense.&lt;nl/&gt;&lt;nl/&gt; Foreign Corrupt Practices Act 2015 Update[1]&lt;nl/&gt;&lt;nl/&gt;The content of this article is intended to provide a general guide to the subject matter. Specialist advice should be sought about your specific circumstances.&lt;nl/&gt;&lt;nl/&gt; BakerHostetler ...p&lt;nl/&gt;BakerHostetler&lt;nl/&gt;PNC Center&lt;nl/&gt;1900 East Ninth Street, Suite 3200&lt;nl/&gt;Cleveland&lt;nl/&gt;OH 44114&lt;nl/&gt;UNITED STATES&lt;nl/&gt; Tel: 2166210200&lt;nl/&gt;Fax: 2166960740&lt;nl/&gt;&lt;nl/&gt;E-mail: <email normalizedValue=\"mailto:mkohuth@bakerlaw.com\">mkohuth@bakerlaw.com</email>;&lt;nl/&gt;URL: <url normalizedValue=\"http://www.bakerlaw.com\">www.bakerlaw.com</url>&lt;nl/&gt;&lt;nl/&gt;Click Here [2] for related articles (c) Mondaq Ltd, 2015 - Tel. +44 (0)20 8544 8300 -       \u00a0    <url normalizedValue=\"http://www.mondaq.com\">http://www.mondaq.com</url>[3]&lt;nl/&gt; [ 1]:       \u00a0    <url normalizedValue=\"https://www.bakerlaw.com/files/uploads/Documents/FCPA/FCPA_2015_Mid-Year_Update_p11.pdf\">https://www.bakerlaw.com/files/uploads/Documents/FCPA/FCPA_2015_Mid-Year_Update_p11.pdf</url> [ 2]:       \u00a0    <url normalizedValue=\"http://www.mondaq.com/search/relate.asp?article_id=436270...ine_host_id=0\">http://www.mondaq.com/search/relate.asp?article_id=436270...ine_host_id=0</url> [ 3]:       \u00a0    <url normalizedValue=\"http://www.mondaq.com/default.asp?online_host_id=22...436270\">http://www.mondaq.com/default.asp?online_host_id=22...436270</url></p><p/></bodyText></nitf:body.content></nitf:body><metadata><dc:metadata xmlns:dc=\"http://purl.org/dc/elements/1.1/\"><dc:identifier identifierScheme=\"DOC-ID\">NEWSTX-MNDQ10638714453430327990035155</dc:identifier><dc:source sourceScheme=\"royaltyReportingKey\">MNDQ-5508</dc:source><dc:identifier identifierScheme=\"PGUID\">urn:contentItem:5H67-1WN1-JCMN-Y442-00000-00</dc:identifier><dc:source sourceScheme=\"productContentSetIdentifier\">299488</dc:source><dc:date dateType=\"last-updated\">2020-04-08</dc:date></dc:metadata><wordCount number=\"1400\"/><timeReceived>12:10 PM EST</timeReceived><publicationInfo><copyright>Copyright 2015 Newstex LLC All Rights Reserved</copyright><publicationName>Mondaq</publicationName><publicationDate day=\"20\" month=\"10\" year=\"2015\"><dateText>October 20, 2015 Tuesday</dateText></publicationDate><classification classificationScheme=\"publicationtype\"><classificationItem><className>Web Blog</className></classificationItem></classification><classification classificationScheme=\"publicationtype\"><classificationItem><className>Blogs</className></classificationItem></classification></publicationInfo><classification classificationScheme=\"language\"><classificationItem classificationScheme=\"lang.english\"><className>English</className></classificationItem></classification><classificationGroup classificationScheme=\"indexing-terms\"><classification classificationScheme=\"company\"><classificationItem score=\"70\"><classCode>CC00024OT</classCode><className>BHP BILLITON PLC</className></classificationItem><classificationItem score=\"63\"><classCode>CC0008HTT</classCode><className>PBSJ CORP</className></classificationItem><classificationItem score=\"56\"><classCode>CC0002M70</classCode><className>GOODYEAR TIRE &amp; RUBBER CO</className></classificationItem></classification><classification classificationScheme=\"organization\"><classificationItem score=\"93\"><className>FEDERATION INTERNATIONALE DE FOOTBALL ASSOCIATION</className></classificationItem><classificationItem score=\"93\"><className>US DEPARTMENT OF JUSTICE</className></classificationItem><classificationItem score=\"90\"><className>SECURITIES &amp; EXCHANGE COMMISSION</className></classificationItem></classification><classification classificationScheme=\"industry\"><classificationItem score=\"70\"><className>NAICS212299 ALL OTHER METAL ORE MINING</className></classificationItem><classificationItem score=\"70\"><className>NAICS212234 COPPER ORE &amp; NICKEL ORE MINING</className></classificationItem><classificationItem score=\"70\"><className>NAICS212210 IRON ORE MINING</className></classificationItem><classificationItem score=\"70\"><className>SIC1021 COPPER ORES</className></classificationItem><classificationItem score=\"70\"><className>SIC1011 IRON ORES</className></classificationItem><classificationItem score=\"56\"><className>NAICS441320 TIRE DEALERS</className></classificationItem><classificationItem score=\"56\"><className>NAICS326220 RUBBER &amp; PLASTICS HOSES &amp; BELTING MANUFACTURING</className></classificationItem><classificationItem score=\"56\"><className>NAICS326211 TIRE MANUFACTURING (EXCEPT RETREADING)</className></classificationItem><classificationItem score=\"56\"><className>SIC5531 AUTO &amp; HOME SUPPLY STORES</className></classificationItem><classificationItem score=\"56\"><className>SIC3052 RUBBER &amp; PLASTICS HOSE &amp; BELTING</className></classificationItem><classificationItem score=\"56\"><className>SIC3011 TIRES &amp; INNER TUBES</className></classificationItem></classification><classification classificationScheme=\"ticker\"><classificationItem score=\"70\"><className>BLT (LSE)</className></classificationItem><classificationItem score=\"70\"><className>BIBLT (JSE)</className></classificationItem><classificationItem score=\"70\"><className>BBL (NYSE)</className></classificationItem><classificationItem score=\"56\"><className>GT (SWX)</className></classificationItem><classificationItem score=\"56\"><className>GT (NASDAQ)</className></classificationItem></classification></classificationGroup><classificationGroup classificationScheme=\"licensor.indexing-terms\"><classification classificationScheme=\"licensor.organization\"><classificationItem><className>FIFA</className></classificationItem><classificationItem><className>BHP Billiton</className></classificationItem><classificationItem><className>Polycom</className></classificationItem><classificationItem><className>U.S. Department of Justice</className></classificationItem><classificationItem><className>Morgan Stanley</className></classificationItem><classificationItem><className>FCPA</className></classificationItem><classificationItem><className>Hyperdynamics Corporation</className></classificationItem><classificationItem><className>SEC</className></classificationItem><classificationItem><className>U.S. Securities and Exchange Commission</className></classificationItem><classificationItem><className>Goodyear</className></classificationItem></classification><classification classificationScheme=\"licensor.subject\"><classificationItem><className>Government, Public Sector, Criminal Law, Money Laundering, White Collar Crime, Bribery Fraud</className></classificationItem></classification><classification classificationScheme=\"licensor.general-terms\"><classificationItem><className>United States</className></classificationItem><classificationItem><className>District of Columbia</className></classificationItem><classificationItem><className>Washington</className></classificationItem></classification></classificationGroup><classificationGroup classificationScheme=\"indexing-terms\"><classification classificationScheme=\"legal\"><classificationItem><className>Business &amp; Corporate Compliance</className><classCode>Z3VpZD11cm46dG9waWM6MUFEMUQ2QTA1OUZCNEE5RjkzNTA2RERFMUNEOTk1RTI7cGFyZW50Z3VpZD0</classCode><classificationItem score=\"92\"><className>Foreign Corrupt Practices Act</className><classCode>Z3VpZD11cm46dG9waWM6RTIyNjMwREI2RDU0NEQyNkExQjRCNzcwN0QwNTA1MzA7cGFyZW50Z3VpZD11cm46dG9waWM6RkFFMTQ3ODhCRDYyNDkyN0IwQkEyQzRCRDlFMEM5ODc</classCode></classificationItem><classificationItem score=\"50\"><className>US Department of Justice</className><classCode>Z3VpZD11cm46dG9waWM6NDIwQjUyMTIwMkE5NDc3Qjk5ODQyMUI1OThGMzk2OTE7cGFyZW50Z3VpZD11cm46dG9waWM6RkQxQjQ4OEIyMUE0NDVEQjk2QkFDMUQ3MEMyOTEwNTY</classCode></classificationItem></classificationItem><classificationItem><className>Securities Law</className><classCode>Z3VpZD11cm46dG9waWM6RkFFMTQ3ODhCRDYyNDkyN0IwQkEyQzRCRDlFMEM5ODc7cGFyZW50Z3VpZD0</classCode><classificationItem score=\"92\"><className>Foreign Corrupt Practices Act</className><classCode>Z3VpZD11cm46dG9waWM6RTIyNjMwREI2RDU0NEQyNkExQjRCNzcwN0QwNTA1MzA7cGFyZW50Z3VpZD11cm46dG9waWM6RkMxQkJCRDI5RkRBNDQxOThGQzcyMzYxOTVCRjRGQUU</classCode></classificationItem><classificationItem score=\"50\"><className>General Overview</className><classCode>Z3VpZD11cm46dG9waWM6Mjg0MTE1QzIwODg2NDA3ODgzNUQxMUU4MzRGODZFRjA7cGFyZW50Z3VpZD11cm46dG9waWM6NTIwNDgzMTY4QzQ5NDYzOEE0Njg0ODk0QzZBNEZFNUM</classCode></classificationItem><classificationItem score=\"94\"><className>Purposes</className><classCode>Z3VpZD11cm46dG9waWM6MDIxMUMyNEJGMTQ3NEQwMzgyQzQxRkQ1Rjg0MEZGODU7cGFyZW50Z3VpZD11cm46dG9waWM6NDIwQjUyMTIwMkE5NDc3Qjk5ODQyMUI1OThGMzk2OTE</classCode></classificationItem><classificationItem score=\"50\"><className>US Department of Justice</className><classCode>Z3VpZD11cm46dG9waWM6NDIwQjUyMTIwMkE5NDc3Qjk5ODQyMUI1OThGMzk2OTE7cGFyZW50Z3VpZD11cm46dG9waWM6RkQxQjQ4OEIyMUE0NDVEQjk2QkFDMUQ3MEMyOTEwNTY</classCode></classificationItem></classificationItem></classification><classification classificationScheme=\"subject\"><classificationItem score=\"92\"><classCode>N922120CC</classCode><className>LAW ENFORCEMENT</className><classCode/><className/></classificationItem><classificationItem score=\"92\"><classCode>ST000DB5B</classCode><className>US FOREIGN CORRUPT PRACTICES ACT</className><classCode>Z3VpZD11cm46dG9waWM6RTIyNjMwREI2RDU0NEQyNkExQjRCNzcwN0QwNTA1MzA7cGFyZW50Z3VpZD11cm46dG9waWM6RkFFMTQ3ODhCRDYyNDkyN0IwQkEyQzRCRDlFMEM5ODc</classCode><className>Foreign Corrupt Practices Act</className></classificationItem><classificationItem score=\"91\"><classCode>STX001932</classCode><className>CRIME, LAW ENFORCEMENT &amp; CORRECTIONS</className><classCode/><className/></classificationItem><classificationItem score=\"91\"><classCode>ST00097CJ</classCode><className>JUSTICE DEPARTMENTS</className><classCode/><className/></classificationItem><classificationItem score=\"91\"><classCode>ST0009FJK</classCode><className>NEGATIVE PERSONAL NEWS</className><classCode/><className/></classificationItem><classificationItem score=\"90\"><classCode>N926150GC</classCode><className>BANKING &amp; FINANCE REGULATION</className><classCode/><className/></classificationItem><classificationItem score=\"90\"><classCode>STX000211</classCode><className>BRIBERY</className><classCode>Z3VpZD11cm46dG9waWM6MDdBNUZBQTcxQ0QzNEQ2MDk3MUU1RUM0Rjg0RDM1NDk7cGFyZW50Z3VpZD11cm46dG9waWM6RjgwNUY4MjJCMTg5NDgzRUJBMDQwNkM4NkUyNTJBMEY</classCode><className>Bribery</className></classificationItem><classificationItem score=\"90\"><classCode>ST000D5SG</classCode><className>CORRUPTION</className><classCode/><className/></classificationItem><classificationItem score=\"90\"><classCode>ST0009J0N</classCode><className>CRIMINAL LAW</className><classCode>Z3VpZD11cm46dG9waWM6NEU0RkE1OUQwNUQwNDgxODhEODZCMjkzOTg3NThBNzk7cGFyZW50Z3VpZD0</classCode><className>Criminal Law &amp; Procedure</className></classificationItem><classificationItem score=\"90\"><classCode>STX000759</classCode><className>FRAUD &amp; FINANCIAL CRIME</className><classCode/><className/></classificationItem><classificationItem score=\"90\"><classCode>STX000969</classCode><className>INVESTIGATIONS</className><classCode/><className/></classificationItem><classificationItem score=\"90\"><classCode>ST0009QD4</classCode><className>NEGATIVE BUSINESS NEWS</className><classCode/><className/></classificationItem><classificationItem score=\"90\"><classCode>STX001976</classCode><className>SECURITIES &amp; OTHER INVESTMENTS</className><classCode/><className/></classificationItem><classificationItem score=\"90\"><classCode>N441320MM</classCode><className>TIRE DEALERS</className><classCode/><className/></classificationItem><classificationItem score=\"89\"><classCode>STX000081</classCode><className>AMERICAN FOOTBALL</className><classCode/><className/></classificationItem><classificationItem score=\"89\"><classCode>ST000DF45</classCode><className>ENFORCEMENT ACTIONS</className><classCode/><className/></classificationItem><classificationItem score=\"89\"><classCode>STX000722</classCode><className>FINES &amp; PENALTIES</className><classCode/><className/></classificationItem><classificationItem score=\"89\"><classCode>N921100MM</classCode><className>US FEDERAL GOVERNMENT</className><classCode>Z3VpZD11cm46dG9waWM6MkM1MTYwRDE0NkJBNEVFMEIxQjM3RUE2NDRFQUFEODY7cGFyZW50Z3VpZD11cm46dG9waWM6MjdEQjE4OUJDMzQxNDNEMEI0RTI1QUFCMzJENjEwRTA</classCode><className>Federal Government</className></classificationItem><classificationItem score=\"78\"><classCode>ST000DID5</classCode><className>2015 FIFA CORRUPTION SCANDAL</className><classCode/><className/></classificationItem><classificationItem score=\"78\"><classCode>ST000A4JV</classCode><className>INDICTMENTS</className><classCode>Z3VpZD11cm46dG9waWM6NUZBQzg5RTRGNTcwNDVFOEFDRjJFODQwOTc3NTFFOEU7cGFyZW50Z3VpZD11cm46dG9waWM6MUFFNkY3ODg0ODk4NEEwNTk4Q0RDNUQwMUI4NzgzMkM</classCode><className>Indictments</className></classificationItem><classificationItem score=\"78\"><classCode>ST0008ZBX</classCode><className>INTERNATIONAL LAW</className><classCode>Z3VpZD11cm46dG9waWM6QUJBMkUzQ0QwN0E0NEM4RDgzMjM1QTREMkU3RDdBODQ7cGFyZW50Z3VpZD0</classCode><className>International Law</className></classificationItem><classificationItem score=\"78\"><classCode>ST000DL4I</classCode><className>US SECURITIES &amp; EXCHANGE COMMISSION INVESTIGATIONS</className><classCode/><className/></classificationItem><classificationItem score=\"77\"><classCode>STX000369</classCode><className>CONSPIRACY</className><classCode>Z3VpZD11cm46dG9waWM6Q0FGMDkyQTE0NTI1NEUyNkE0NjUxM0E2OTBDQjQ0NUU7cGFyZW50Z3VpZD11cm46dG9waWM6NzZBMzM3QjFDOTcxNENCNzhBNTE0MzVGMzBBMzdERUY</classCode><className>Conspiracy</className></classificationItem><classificationItem score=\"77\"><classCode>STX001040</classCode><className>LITIGATION</className><classCode/><className/></classificationItem><classificationItem score=\"77\"><classCode>STX001159</classCode><className>MONEY LAUNDERING</className><classCode>Z3VpZD11cm46dG9waWM6QzBDQzA4NEVCN0Q0NEZCRkEwNjY3Qzk3MDA3NzlCMjU7cGFyZW50Z3VpZD11cm46dG9waWM6NkUzNTQ1QUZBM0Y5NDcyQjk4N0I5Mjg0QzU3NDk0MDI</classCode><className>Money Laundering</className></classificationItem><classificationItem score=\"77\"><classCode>ST000DB0R</classCode><className>WIRE FRAUD</className><classCode>Z3VpZD11cm46dG9waWM6RTlCRDk0QTA4RjgzNDVBN0I4RjI0RTVGQjNDMkZBOEQ7cGFyZW50Z3VpZD11cm46dG9waWM6NjY5RDJFRkEwRDgwNEFCOEIzQ0Y5RTUzQ0Y4MDZENzg</classCode><className>Wire Fraud</className></classificationItem><classificationItem score=\"73\"><classCode>ST000DLJ4</classCode><className>CEASE &amp; DESIST ORDERS</className><classCode/><className/></classificationItem></classification><classification classificationScheme=\"industry\"><classificationItem score=\"90\"><classCode>N926150GC</classCode><className>BANKING &amp; FINANCE REGULATION</className><classCode/><className/></classificationItem><classificationItem score=\"90\"><classCode>N212234IM</classCode><className>COPPER MINING</className><classCode/><className/></classificationItem><classificationItem score=\"90\"><classCode>N212200CC</classCode><className>METAL ORE MINING</className><classCode/><className/></classificationItem><classificationItem score=\"90\"><classCode>ST0008X7V</classCode><className>MINES &amp; MINING</className><classCode/><className/></classificationItem><classificationItem score=\"90\"><classCode>N212234OM</classCode><className>NICKEL MINING</className><classCode/><className/></classificationItem><classificationItem score=\"90\"><classCode>N331400CC</classCode><className>NONFERROUS METAL PRODUCTION</className><classCode/><className/></classificationItem><classificationItem score=\"90\"><classCode>STX001976</classCode><className>SECURITIES &amp; OTHER INVESTMENTS</className><classCode/><className/></classificationItem><classificationItem score=\"90\"><classCode>N441320MM</classCode><className>TIRE DEALERS</className><classCode/><className/></classificationItem><classificationItem score=\"90\"><classCode>N326210CC</classCode><className>TIRE MFG</className><classCode/><className/></classificationItem><classificationItem score=\"89\"><classCode>STX002014</classCode><className>MANUFACTURING</className><classCode/><className/></classificationItem><classificationItem score=\"78\"><classCode>ST000DL4I</classCode><className>US SECURITIES &amp; EXCHANGE COMMISSION INVESTIGATIONS</className><classCode/><className/></classificationItem><classificationItem score=\"77\"><classCode>ST000DB0R</classCode><className>WIRE FRAUD</className><classCode>Z3VpZD11cm46dG9waWM6RTlCRDk0QTA4RjgzNDVBN0I4RjI0RTVGQjNDMkZBOEQ7cGFyZW50Z3VpZD11cm46dG9waWM6NjY5RDJFRkEwRDgwNEFCOEIzQ0Y5RTUzQ0Y4MDZENzg</classCode><className>Wire Fraud</className></classificationItem></classification><classification classificationScheme=\"state\"><classificationItem score=\"79\"><classCode>GS124</classCode><className>DISTRICT OF COLUMBIA, USA</className><classCode/><className/></classificationItem></classification><classification classificationScheme=\"country\"><classificationItem score=\"93\"><classCode>GC343</classCode><className>UNITED STATES</className><classCode/><className/></classificationItem></classification></classificationGroup></metadata></articleDoc></content></entry>"}