{"prediction_class": "Regulatory Breaches Tax Evasion Smuggling of goods", "prediction_score": "0.98", "name": "BHP Billiton", "title": "BRIEFLY", "published": "2007-05-24T00:00:00Z", "updated": "2020-11-15T20:33:48Z", "cleaned_article": "[TITLE] BRIEFLY [TITLE] \n\n Williams had faced up to 10 years in prison on the single conspiracy charge in a failed scheme to sell Coke's trade secrets to rival PepsiCo for at least $1.5 million.  But sentencing guidelines, which federal judges are not bound by, called for a sentence of 63 months to 78 months. Williams was convicted Feb. 2 following a jury trial in U.S. District Court in Atlanta, where the Coca-Cola is based.  Newspaper: Alcan in talks with BHP Billiton Canadian aluminum producer Alcan, fending off a hostile $27 billion takeover bid by U.S. competitor Alcoa, has entered into talks with Australian mining giant BHP Billiton, a newspaper reported.  Analysts say such negotiations could be under way, and other suitors may be waiting in the wings as Alcan seeks a richer offer for its shareholders. Alcan rejected Alcoa's offer as inadequate Tuesday, saying in a filing with the Securities and Exchange Commission that it was exploring alternatives, partly through discussions with third parties. Canada's Globe and Mail, citing unidentified people familiar with the matter, reported that Montreal-based Alcan was in talks with BHP Billiton, the world's biggest resource company.Alcan did not immediately respond to messages seeking comment. A BHP Billiton spokeswoman declined to comment.  SEC eases rules on compliance  The Securities and Exchange Commission approved revisions to rules under a landmark anti-fraud law that are designed to ease the compliance burden on public companies and allow them to tailor their internal inspections to the scale of a business.", "raw_cleaned_article": "<h2>BRIEFLY</h2><p> Williams had faced up to 10 years in prison on the single conspiracy charge in a failed scheme to sell Coke's trade secrets to rival PepsiCo for at least $1.5 million.  But sentencing guidelines, which federal judges are not bound by, called for a sentence of 63 months to 78 months. Williams was convicted Feb. 2 following a jury trial in U.S. District Court in Atlanta, where the Coca-Cola is based. <b> Newspaper: Alcan in talks with BHP Billiton</b></p><p>[...]</p><p> Williams had faced up to 10 years in prison on the single conspiracy charge in a failed scheme to sell Coke's trade secrets to rival PepsiCo for at least $1.5 million. <b> Canadian aluminum producer Alcan, fending off a hostile $27 billion takeover bid by U.S. competitor Alcoa, has entered into talks with Australian mining giant BHP Billiton, a newspaper reported.</b>  Analysts say such negotiations could be under way, and other suitors may be waiting in the wings as Alcan seeks a richer offer for its shareholders. Alcan rejected Alcoa's offer as inadequate Tuesday, saying in a filing with the Securities and Exchange Commission that it was exploring alternatives, partly through discussions with third parties.<b> Canada's Globe and Mail, citing unidentified people familiar with the matter, reported that Montreal-based Alcan was in talks with BHP Billiton, the world's biggest resource company.</b><b>Alcan did not immediately respond to messages seeking comment. A BHP Billiton spokeswoman declined to comment.</b>  SEC eases rules on compliance  The Securities and Exchange Commission approved revisions to rules under a landmark anti-fraud law that are designed to ease the compliance burden on public companies and allow them to tailor their internal inspections to the scale of a business.</p>", "original_content": "<entry xmlns=\"http://www.w3.org/2005/Atom\"><id>urn:contentItem:4NTB-BFG0-TXM3-H2W8-00000-00</id><title>BRIEFLY</title><published>2007-05-24T00:00:00Z</published><updated>2020-11-15T20:33:48Z</updated><author><name>LexisNexis</name></author><content type=\"application/xml\"><!--Transformation version 1.23--><articleDoc xmlns=\"\" xmlns:xsi=\"http://www.w3.org/2001/XMLSchema-instance\" xsi:noNamespaceSchemaLocation=\"http://www.lexisnexis.com/xmlschemas/content/public/articledoc/1/\" schemaVersion=\"1.8\" xml:lang=\"en\"><articleDocHead><itemInfo><sourceSectionInfo><positionSection>BUSINESS</positionSection><positionSequence>Pg. 61</positionSequence></sourceSectionInfo></itemInfo></articleDocHead><nitf:body xmlns:nitf=\"http://iptc.org/std/NITF/2006-10-18/\"><nitf:body.head><nitf:hedline><nitf:hl1>BRIEFLY</nitf:hl1></nitf:hedline></nitf:body.head><nitf:body.content><bodyText><p nitf:lede=\"true\">Limited Brands earnings fall  Limited Brands said yesterday its earnings fell 46 percent in the first quarter, hurt by lower-than-anticipated sales and margins across all its brands, particularly Victoria's Secret. It also cut its full-year earnings outlook.</p><p nitf:lede=\"true\"> Limited Brands said it made $52.9 million, or 13 cents per share, for the quarter ended May 5, compared with profit of $99.4 million, or 25 cents a share, a year ago. Sales totaled $2.3 billion compared with $2.1 billion a year ago.</p><p> Limited Brands said last week it expected to make 12 cents to 14 cents a share in the first quarter, compared with its previous forecast of 25 to 28 cents. For the same quarter last year, Limited earned 25 cents a share.</p><p> The retailer said sales at stores opened at least a year - considered a key indicator of a retailer's strength - rose 4 percent in the quarter.</p><p> Analysts surveyed by Thomson Financial expected earnings of 14 cents a share on revenue of $2.3 billion. They had projected earnings of 22 cents a share before Limited Brands' slashed its outlook last week.</p><p> Limited Brands said it now expects to make 20 cents to 24 cents a share in the second quarter, compared with 28 cents a year ago, and that earnings for the full year would be between $1.55 and $1.65 per share, compared with its initial guidance of $1.75 per share. Analysts were anticipating earnings of 22 cents a share for the quarter and $1.88 for the year.</p><p> Limited Brands operates 3,768 stores under the names Victoria's Secret, Bath &amp; Body Works, C.O. Bigelow, Express, Limited Stores, White Barn Candle and Henri Bendel.</p><p>HP settles SEC claim over resignation</p><p>Hewlett-Packard has settled federal securities charges alleging the company illegally concealed the reason a director resigned just before its boardroom spying scandal erupted.</p><p> The Securities and Exchange Commission and the Palo Alto, Calif.-based technology giant separately announced the settlement yesterday.</p><p> The SEC found HP violated mandatory disclosure rules in the way it announced venture capitalist Tom Perkins' May 2006 resignation from the board. The agency filed settled administrative charges yesterday. The settlement does not include a fine or admission of guilt by HP, only an agreement by the company not to violate the SEC's reporting requirements in the future.</p><p> Former Coca-Cola secretary sentenced to 8 years</p><p> A federal judge ignored a former Coca-Cola secretary's plea for mercy and sentenced her to eight years in prison for conspiring to steal trade secrets from the world's largest beverage maker.</p><p>U.S. District Judge J. Owen Forrester told Joya Williams, 42, he was giving her a longer sentence than recommended by federal prosecutors and sentencing guidelines because, \"This is the kind of offense that cannot be tolerated in our society.\"</p><p> Williams had faced up to 10 years in prison on the single conspiracy charge in a failed scheme to sell Coke's trade secrets to rival PepsiCo for at least $1.5 million.</p><p> But sentencing guidelines, which federal judges are not bound by, called for a sentence of 63 months to 78 months. Williams was convicted Feb. 2 following a jury trial in U.S. District Court in Atlanta, where the Coca-Cola is based.</p><p> Newspaper: Alcan in talks with BHP Billiton</p><p> Canadian aluminum producer Alcan, fending off a hostile $27 billion takeover bid by U.S. competitor Alcoa, has entered into talks with Australian mining giant BHP Billiton, a newspaper reported.</p><p> Analysts say such negotiations could be under way, and other suitors may be waiting in the wings as Alcan seeks a richer offer for its shareholders.</p><p>Alcan rejected Alcoa's offer as inadequate Tuesday, saying in a filing with the Securities and Exchange Commission that it was exploring alternatives, partly through discussions with third parties.</p><p> Canada's Globe and Mail, citing unidentified people familiar with the matter, reported that Montreal-based Alcan was in talks with BHP Billiton, the world's biggest resource company.</p><p>Alcan did not immediately respond to messages seeking comment. A BHP Billiton spokeswoman declined to comment.</p><p> SEC eases rules on compliance</p><p> The Securities and Exchange Commission approved revisions to rules under a landmark anti-fraud law that are designed to ease the compliance burden on public companies and allow them to tailor their internal inspections to the scale of a business.</p><p> The vote by the five SEC commissioners was unanimous to approve guidelines allowing management greater leeway in assessing the strength of a company's internal checks and balances to guard against fraud.</p><p> A crucial part of the Sarbanes-Oxley law, which arose from the 2002 corporate scandals, mandates such annual assessments of internal financial controls by company executives. Business interests, especially technology companies and smaller businesses, have lobbied vigorously in the ensuing years for a softening of the rules under Section 404 of the 2002 law, complaining that it is overly burdensome and costly.</p><p> The SEC's action at a public meeting yesterday culminated a lengthy administrative process that took place against a backdrop of intense public debate.</p><p> And finally . . .</p><p> Mitsubishi UFJ, Japan's biggest banking group, said it earned $7.2 billion in its first year as a combined company. But it said the results were hurt by losses at its consumer finance operations, offsetting gains from its investment trust businesses. Mitsubishi UFJ Financial Group reported an 881 billion yen profit for the year through March.</p></bodyText></nitf:body.content><nitf:body.end><graphic><nitf:media><caption><p>1. Shoppers in San Bruno, Calif., walk past a Victoria's Secret, the sexy Limited Brands branch that contributed to skimpier company earnings.</p></caption></nitf:media></graphic></nitf:body.end></nitf:body><metadata><dc:metadata xmlns:dc=\"http://purl.org/dc/elements/1.1/\"><dc:identifier identifierScheme=\"DOC-ID\">NEWSTL-sl20074655c83c71</dc:identifier><dc:source sourceScheme=\"royaltyReportingKey\">NEWSTL2007</dc:source><dc:identifier identifierScheme=\"PGUID\">urn:contentItem:4NTB-BFG0-TXM3-H2W8-00000-00</dc:identifier><dc:source sourceScheme=\"productContentSetIdentifier\">308096</dc:source><dc:date dateType=\"last-updated\">2015-09-04</dc:date></dc:metadata><wordCount number=\"913\"/><publicationInfo><copyright>Copyright 2007 Newark Morning Ledger Co. All Rights Reserved</copyright><publicationName>The Star-Ledger (Newark, New Jersey)</publicationName><edition>FINAL EDITION</edition><publicationDate day=\"24\" month=\"05\" year=\"2007\"><dateText>May 24, 2007 Thursday</dateText></publicationDate><classification classificationScheme=\"publicationtype\"><classificationItem><className>Newspaper</className></classificationItem></classification><classification classificationScheme=\"publicationtype\"><classificationItem><className>Newspapers</className></classificationItem></classification></publicationInfo><classification classificationScheme=\"language\"><classificationItem classificationScheme=\"lang.english\"><className>ENGLISH</className></classificationItem></classification><classificationGroup classificationScheme=\"indexing-terms\"><classification classificationScheme=\"company\"><classificationItem score=\"92\"><classCode>CC0002JXY</classCode><className>L BRANDS INC</className></classificationItem><classificationItem score=\"69\"><classCode>CC0009QC7</classCode><className>THOMSON FINANCIAL</className></classificationItem><classificationItem score=\"58\"><classCode>CC0007YLT</classCode><className>VICTORIA'S SECRET CATALOG</className></classificationItem><classificationItem score=\"53\"><classCode>CC0006K7J</classCode><className>BATH &amp; BODY WORKS LLC</className></classificationItem><classificationItem score=\"53\"><classCode>CC0002KLJ</classCode><className>HEWLETT-PACKARD CO</className></classificationItem><classificationItem score=\"51\"><classCode>CC0002J8M</classCode><className>COCA-COLA CO</className></classificationItem></classification><classification classificationScheme=\"industry\"><classificationItem score=\"92\"><className>NAICS446120 COSMETICS, BEAUTY SUPPLIES &amp; PERFUME STORES</className></classificationItem><classificationItem score=\"92\"><className>NAICS448190 OTHER CLOTHING STORES</className></classificationItem><classificationItem score=\"92\"><className>NAICS448120 WOMEN'S CLOTHING STORES</className></classificationItem><classificationItem score=\"53\"><className>NAICS325620 TOILET PREPARATION MANUFACTURING</className></classificationItem><classificationItem score=\"53\"><className>SIC2844 PERFUMES, COSMETICS, &amp; OTHER TOILET PREPARATIONS</className></classificationItem><classificationItem score=\"53\"><className>NAICS334118 COMPUTER TERMINAL &amp; OTHER COMPUTER PERIPHERAL EQUIPMENT MANUFACTURING</className></classificationItem><classificationItem score=\"51\"><className>NAICS312111 SOFT DRINK MANUFACTURING</className></classificationItem><classificationItem score=\"51\"><className>SIC2086 BOTTLED &amp; CANNED SOFT DRINKS &amp; CARBONATED WATER</className></classificationItem></classification><classification classificationScheme=\"ticker\"><classificationItem score=\"92\"><className>LB (NYSE)</className></classificationItem><classificationItem score=\"53\"><className>HPQ (NYSE)</className></classificationItem><classificationItem score=\"51\"><className>KO (NYSE)</className></classificationItem></classification></classificationGroup><classificationGroup classificationScheme=\"indexing-terms\"><classification classificationScheme=\"subject\"><classificationItem score=\"91\"><classCode>STX000340</classCode><className>COMPANY EARNINGS</className><classCode/><className/></classificationItem><classificationItem score=\"90\"><classCode>STX000542</classCode><className>ANNUAL FINANCIAL RESULTS</className><classCode/><className/></classificationItem><classificationItem score=\"90\"><classCode>ST0008X90</classCode><className>MANUFACTURING OUTPUT</className><classCode/><className/></classificationItem><classificationItem score=\"90\"><classCode>STX001517</classCode><className>SALES PROJECTIONS</className><classCode/><className/></classificationItem><classificationItem score=\"89\"><classCode>STX001976</classCode><className>SECURITIES &amp; OTHER INVESTMENTS</className><classCode/><className/></classificationItem><classificationItem score=\"88\"><classCode>ST0009FJK</classCode><className>NEGATIVE PERSONAL NEWS</className><classCode/><className/></classificationItem><classificationItem score=\"87\"><classCode>STX001550</classCode><className>SENTENCING</className><classCode>Z3VpZD11cm46dG9waWM6MUIzQ0NGRDZERUU3NERCODg2MEZFMDI2RTI0RTA3RTc7cGFyZW50Z3VpZD11cm46dG9waWM6NEU0RkE1OUQwNUQwNDgxODhEODZCMjkzOTg3NThBNzk</classCode><className>Sentencing</className></classificationItem><classificationItem score=\"85\"><classCode>STX001480</classCode><className>RESIGNATIONS</className><classCode/><className/></classificationItem><classificationItem score=\"85\"><classCode>N926150GM</classCode><className>SECURITIES LAW</className><classCode>Z3VpZD11cm46dG9waWM6RkFFMTQ3ODhCRDYyNDkyN0IwQkEyQzRCRDlFMEM5ODc7cGFyZW50Z3VpZD11cm46dG9waWM6MUFEMUQ2QTA1OUZCNEE5RjkzNTA2RERFMUNEOTk1RTI</classCode><className>Securities</className></classificationItem><classificationItem score=\"85\"><classCode>N921100MM</classCode><className>US FEDERAL GOVERNMENT</className><classCode>Z3VpZD11cm46dG9waWM6MkM1MTYwRDE0NkJBNEVFMEIxQjM3RUE2NDRFQUFEODY7cGFyZW50Z3VpZD11cm46dG9waWM6MjdEQjE4OUJDMzQxNDNEMEI0RTI1QUFCMzJENjEwRTA</classCode><className>Federal Government</className></classificationItem><classificationItem score=\"79\"><classCode>ST00629441</classCode><className>INTELLECTUAL PROPERTY CRIME</className><classCode/><className/></classificationItem><classificationItem score=\"78\"><classCode>ST000DH0Q</classCode><className>AGREEMENTS</className><classCode/><className/></classificationItem><classificationItem score=\"78\"><classCode>ST000DBBL</classCode><className>BEVERAGE SALES &amp; REVENUES</className><classCode/><className/></classificationItem><classificationItem score=\"78\"><classCode>STX000408</classCode><className>CORPORATE WRONGDOING</className><classCode/><className/></classificationItem><classificationItem score=\"78\"><classCode>STX000545</classCode><className>EARNINGS PER SHARE</className><classCode/><className/></classificationItem><classificationItem score=\"78\"><classCode>ST0009YXV</classCode><className>EARNINGS PREANNOUNCEMENTS</className><classCode/><className/></classificationItem><classificationItem score=\"78\"><classCode>STX000718</classCode><className>FINANCIAL RESULTS</className><classCode/><className/></classificationItem><classificationItem score=\"78\"><classCode>ST0008X9K</classCode><className>INDUSTRY ANALYSTS</className><classCode/><className/></classificationItem><classificationItem score=\"78\"><classCode>ST0009QD4</classCode><className>NEGATIVE BUSINESS NEWS</className><classCode/><className/></classificationItem><classificationItem score=\"78\"><classCode>ST000CPAS</classCode><className>RETAIL SALES</className><classCode/><className/></classificationItem><classificationItem score=\"78\"><classCode>ST000CTIZ</classCode><className>SCANDALS</className><classCode/><className/></classificationItem><classificationItem score=\"68\"><classCode>ST0008XK3</classCode><className>BOARD CHANGES</className><classCode/><className/></classificationItem><classificationItem score=\"67\"><classCode>ST000CEAQ</classCode><className>ADMISSIONS &amp; CONFESSIONS</className><classCode/><className/></classificationItem><classificationItem score=\"67\"><classCode>STX000369</classCode><className>CONSPIRACY</className><classCode>Z3VpZD11cm46dG9waWM6Q0FGMDkyQTE0NTI1NEUyNkE0NjUxM0E2OTBDQjQ0NUU7cGFyZW50Z3VpZD11cm46dG9waWM6NzZBMzM3QjFDOTcxNENCNzhBNTE0MzVGMzBBMzdERUY</classCode><className>Conspiracy</className></classificationItem><classificationItem score=\"67\"><classCode>ST000A4JJ</classCode><className>GUILTY PLEAS</className><classCode>Z3VpZD11cm46dG9waWM6OUFCRjAwOERDM0JGNDQ4QjhEODU0MDYxOUE3QUY2RjM7cGFyZW50Z3VpZD11cm46dG9waWM6Qjc1MDBENkU0ODJCNDQ5MzkxNEFERjkzQTYwODQzRDA</classCode><className>Guilty Pleas</className></classificationItem><classificationItem score=\"63\"><classCode>ST000A4J3</classCode><className>JAIL SENTENCING</className><classCode/><className/></classificationItem><classificationItem score=\"63\"><classCode>STX000984</classCode><className>JUDGES</className><classCode>Z3VpZD11cm46dG9waWM6OTg1QUIzNkIwNzk5NDQ4NzhGMDdDQjVGNEYyRjY5OTI7cGFyZW50Z3VpZD11cm46dG9waWM6NURENzJGNTEyQzM0NEREQUI2RkVCRTM4RTc1RTZBREU</classCode><className>Judges</className></classificationItem><classificationItem score=\"63\"><classCode>ST000CZF0</classCode><className>SENTENCING GUIDELINES</className><classCode>Z3VpZD11cm46dG9waWM6RjQ4NERBRkFFQTlGNEM3RUI1ODM3OTBCOUMyOUMyQ0I7cGFyZW50Z3VpZD11cm46dG9waWM6MUIzQ0NGRDZERUU3NERCODg2MEZFMDI2RTI0RTA3RTc</classCode><className>Sentencing Guidelines</className></classificationItem><classificationItem score=\"60\"><classCode>N922130TM</classCode><className>PUBLIC PROSECUTORS</className><classCode/><className/></classificationItem><classificationItem score=\"50\"><classCode>ST000DM3E</classCode><className>DATA THEFT</className><classCode/><className/></classificationItem><classificationItem score=\"50\"><classCode>N523910MM</classCode><className>VENTURE CAPITAL</className><classCode/><className/></classificationItem></classification><classification classificationScheme=\"industry\"><classificationItem score=\"91\"><classCode>STX000410</classCode><className>COSMETICS &amp; TOILETRIES</className><classCode/><className/></classificationItem><classificationItem score=\"91\"><classCode>STX001593</classCode><className>SOFT DRINKS</className><classCode/><className/></classificationItem><classificationItem score=\"91\"><classCode>N325620MM</classCode><className>TOILETRIES MFG</className><classCode/><className/></classificationItem><classificationItem score=\"90\"><classCode>N312100CC</classCode><className>BEVERAGE MFG</className><classCode/><className/></classificationItem><classificationItem score=\"90\"><classCode>STX000201</classCode><className>BOTTLED WATER</className><classCode/><className/></classificationItem><classificationItem score=\"90\"><classCode>N448000CC</classCode><className>CLOTHING &amp; ACCESSORIES STORES</className><classCode/><className/></classificationItem><classificationItem score=\"90\"><classCode>ST0009S3C</classCode><className>COSMETICS</className><classCode/><className/></classificationItem><classificationItem score=\"90\"><classCode>N446120MM</classCode><className>COSMETICS &amp; BEAUTY SUPPLY STORES</className><classCode/><className/></classificationItem><classificationItem score=\"90\"><classCode>STX002014</classCode><className>MANUFACTURING</className><classCode/><className/></classificationItem><classificationItem score=\"90\"><classCode>ST0008X90</classCode><className>MANUFACTURING OUTPUT</className><classCode/><className/></classificationItem><classificationItem score=\"90\"><classCode>STX001912</classCode><className>RETAIL &amp; WHOLESALE TRADE</className><classCode/><className/></classificationItem><classificationItem score=\"90\"><classCode>ST0008XSL</classCode><className>RETAILERS</className><classCode/><className/></classificationItem><classificationItem score=\"90\"><classCode>STX001517</classCode><className>SALES PROJECTIONS</className><classCode/><className/></classificationItem><classificationItem score=\"90\"><classCode>STX001592</classCode><className>SOFT DRINK INDUSTRY</className><classCode/><className/></classificationItem><classificationItem score=\"90\"><classCode>N312111MM</classCode><className>SOFT DRINK MFG</className><classCode/><className/></classificationItem><classificationItem score=\"89\"><classCode>STX001976</classCode><className>SECURITIES &amp; OTHER INVESTMENTS</className><classCode/><className/></classificationItem><classificationItem score=\"85\"><classCode>N926150GM</classCode><className>SECURITIES LAW</className><classCode>Z3VpZD11cm46dG9waWM6RkFFMTQ3ODhCRDYyNDkyN0IwQkEyQzRCRDlFMEM5ODc7cGFyZW50Z3VpZD11cm46dG9waWM6MUFEMUQ2QTA1OUZCNEE5RjkzNTA2RERFMUNEOTk1RTI</classCode><className>Securities</className></classificationItem><classificationItem score=\"78\"><classCode>STX001894</classCode><className>BEVERAGE INDUSTRY</className><classCode/><className/></classificationItem><classificationItem score=\"78\"><classCode>ST000DBBL</classCode><className>BEVERAGE SALES &amp; REVENUES</className><classCode/><className/></classificationItem><classificationItem score=\"78\"><classCode>ST0008X9K</classCode><className>INDUSTRY ANALYSTS</className><classCode/><className/></classificationItem><classificationItem score=\"78\"><classCode>ST000CPAS</classCode><className>RETAIL SALES</className><classCode/><className/></classificationItem><classificationItem score=\"77\"><classCode>STX001994</classCode><className>WOMEN'S CLOTHING</className><classCode/><className/></classificationItem><classificationItem score=\"77\"><classCode>N448120MM</classCode><className>WOMEN'S CLOTHING STORES</className><classCode/><className/></classificationItem><classificationItem score=\"76\"><classCode>ST000A1SM</classCode><className>COMPUTER PERIPHERALS</className><classCode/><className/></classificationItem><classificationItem score=\"50\"><classCode>ST000DM3E</classCode><className>DATA THEFT</className><classCode/><className/></classificationItem><classificationItem score=\"50\"><classCode>N523910MM</classCode><className>VENTURE CAPITAL</className><classCode/><className/></classificationItem></classification><classification classificationScheme=\"city\"><classificationItem score=\"88\"><classCode>GX622</classCode><className>NEWARK, NJ, USA</className><classCode/><className/></classificationItem><classificationItem score=\"52\"><classCode>ST0009UE1</classCode><className>SAN FRANCISCO BAY AREA, CA, USA</className><classCode/><className/></classificationItem></classification><classification classificationScheme=\"state\"><classificationItem score=\"88\"><classCode>GS146</classCode><className>NEW JERSEY, USA</className><classCode/><className/></classificationItem><classificationItem score=\"67\"><classCode>GS120</classCode><className>CALIFORNIA, USA</className><classCode/><className/></classificationItem></classification><classification classificationScheme=\"country\"><classificationItem score=\"79\"><classCode>GC343</classCode><className>UNITED STATES</className><classCode/><className/></classificationItem></classification></classificationGroup></metadata></articleDoc></content></entry>"}