{"prediction_class": "Regulatory Breaches Tax Evasion Smuggling of goods", "prediction_score": "0.89", "name": "BHP Billiton", "title": "SHAREHOLDER ALERT: Pomerantz Law Firm Reminds Shareholders with Losses on their Investment in BHP Billiton Limited, BHP Billiton plc of Class Action Lawsuit and Upcoming Deadline \u20ac\u201c BHP", "published": "2016-04-01T00:00:00Z", "updated": "2020-11-15T21:25:01Z", "cleaned_article": "[TITLE] SHAREHOLDER ALERT: Pomerantz Law Firm Reminds Shareholders with Losses on their Investment in BHP Billiton Limited, BHP Billiton plc of Class Action Lawsuit and Upcoming Deadline \u20ac\u201c BHP [TITLE] \n\nNEW YORK, April  01, 2016  (GLOBE NEWSWIRE) -- Pomerantz LLP announces that a class action lawsuit has been filed against BHP Billiton Limited (\"BHP Ltd.\") and BHP Billiton plc (\"BHP plc\") (together, \"BHP\" or the \"Company\") (NYSE:BHP) and certain of its officers. The class action, filed in United States District Court, Northern District of New York, and docketed under 16-cv-01920, is on behalf of a class consisting of all persons or entities who purchased or otherwise acquired the American Depositary Receipts (the \"ADRs\") of BHP between September 25, 2014 and November 30, 2015, inclusive (the \"Class Period\").\u00a0 This class action seeks to recover damages against Defendants for alleged violations of the federal securities laws under the Securities Exchange Act of 1934 (the \"Exchange Act\").\u00a0 If you are a shareholder who purchased BHP securities during the Class Period, you have until April 25, 2016 to ask the Court to appoint you as Lead Plaintiff for the class.\u00a0 A copy of the Complaint can be obtained at www.pomerantzlaw.com. \u00a0 To discuss this action, contact Robert S. Willoughby at rswilloughby@pomlaw.com or 888.476.6529 (or 888.4-POMLAW), toll free, ext. 9980. Those who inquire by e-mail are encouraged to include their mailing address, telephone number, and number of shares purchased. BHP describes itself as a leading global resources company and is among the world's top producers of major commodities, including iron ore, metallurgical and energy coal, conventional and unconventional oil and gas, copper, aluminum, manganese, uranium, nickel and silver. The Company operates under a Dual Listed Company structure, with parent companies BHP Ltd. and BHP Plc operated as a single economic entity by a unified board and management team. The economic and voting interests in BHP resulting from holding one BHP Ltd. share are equivalent to that resulting from holding one BHP Plc share. Accordingly, holders of ADRs effectively have an interest in a single group that combines the assets, and is subject to the liabilities, of BHP Ltd. and BHP Plc. Throughout the Class Period, the ADRs of BHP Ltd. and BHP Plc were listed on the NYSE under the ticker symbols \"BHP\" and \"BBL,\" respectively, with SEC filings jointly issued on their behalf. Each ADR represented two ordinary shares of BHP Ltd. or BHP Plc, as the case may be. For the fiscal year ended June 30, 2015, BHP Ltd. and BHP Plc had outstanding 3,211,691,105 and 2,112,071,796 fully paid ordinary shares, respectively.", "raw_cleaned_article": "<h2>SHAREHOLDER ALERT: Pomerantz Law Firm Reminds Shareholders with Losses on their Investment in BHP Billiton Limited, BHP Billiton plc of Class Action Lawsuit and Upcoming Deadline \u20ac\u201c BHP</h2><p><b>NEW YORK, April  01, 2016  (GLOBE NEWSWIRE) -- Pomerantz LLP announces that a class action lawsuit has been filed against BHP Billiton Limited (\"BHP Ltd.\") and BHP Billiton plc (\"BHP plc\") (together, \"BHP\" or the \"Company\") (NYSE:BHP) and certain of its officers. The class action, filed in United States District Court, Northern District of New York, and docketed under 16-cv-01920, is on behalf of a class consisting of all persons or entities who purchased or otherwise acquired the American Depositary Receipts (the \"ADRs\") of BHP between September 25, 2014 and November 30, 2015, inclusive (the \"Class Period\").\u00a0 This class action seeks to recover damages against Defendants for alleged violations of the federal securities laws under the Securities Exchange Act of 1934 (the \"Exchange Act\").\u00a0</b> If you are a shareholder who purchased BHP securities during the Class Period, you have until April 25, 2016 to ask the Court to appoint you as Lead Plaintiff for the class.\u00a0 A copy of the Complaint can be obtained at www.pomerantzlaw.com. \u00a0 To discuss this action, contact Robert S. Willoughby at rswilloughby@pomlaw.com or 888.476.6529 (or 888.4-POMLAW), toll free, ext. 9980. Those who inquire by e-mail are encouraged to include their mailing address, telephone number, and number of shares purchased. BHP describes itself as a leading global resources company and is among the world's top producers of major commodities, including iron ore, metallurgical and energy coal, conventional and unconventional oil and gas, copper, aluminum, manganese, uranium, nickel and silver. The Company operates under a Dual Listed Company structure, with parent companies BHP Ltd. and BHP Plc operated as a single economic entity by a unified board and management team. The economic and voting interests in BHP resulting from holding one BHP Ltd. share are equivalent to that resulting from holding one BHP Plc share. Accordingly, holders of ADRs effectively have an interest in a single group that combines the assets, and is subject to the liabilities, of BHP Ltd. and BHP Plc. Throughout the Class Period, the ADRs of BHP Ltd. and BHP Plc were listed on the NYSE under the ticker symbols \"BHP\" and \"BBL,\" respectively, with SEC filings jointly issued on their behalf. Each ADR represented two ordinary shares of BHP Ltd. or BHP Plc, as the case may be. For the fiscal year ended June 30, 2015, BHP Ltd. and BHP Plc had outstanding 3,211,691,105 and 2,112,071,796 fully paid ordinary shares, respectively.</p>", "original_content": "<entry xmlns=\"http://www.w3.org/2005/Atom\"><id>urn:contentItem:5JF9-M791-JBKN-D15K-00000-00</id><title>SHAREHOLDER ALERT: Pomerantz Law Firm Reminds Shareholders with Losses on their Investment in BHP Billiton Limited, BHP Billiton plc of Class Action Lawsuit and Upcoming Deadline \u20ac\u201c BHP</title><published>2016-04-01T00:00:00Z</published><updated>2020-11-15T21:25:01Z</updated><author><name>LexisNexis</name></author><content type=\"application/xml\"><!--Transformation version 1.23--><articleDoc xmlns=\"\" xmlns:xsi=\"http://www.w3.org/2001/XMLSchema-instance\" xsi:noNamespaceSchemaLocation=\"http://www.lexisnexis.com/xmlschemas/content/public/articledoc/1/\" schemaVersion=\"1.8\" xml:lang=\"en\"><articleDocHead><itemInfo><sourceSectionInfo><positionSection>CLASS ACTION</positionSection><positionSubsection>LAW &amp; LEGAL ISSUES</positionSubsection></sourceSectionInfo></itemInfo></articleDocHead><nitf:body xmlns:nitf=\"http://iptc.org/std/NITF/2006-10-18/\"><nitf:body.head><nitf:hedline><nitf:hl1>SHAREHOLDER ALERT: Pomerantz Law Firm Reminds Shareholders with Losses on their Investment in BHP Billiton Limited, BHP Billiton plc of Class Action Lawsuit and Upcoming Deadline \u20ac\u201c BHP</nitf:hl1></nitf:hedline></nitf:body.head><nitf:body.content><bodyText><p nitf:lede=\"true\">NEW YORK, April  01, 2016  (GLOBE NEWSWIRE) -- Pomerantz LLP announces that a class action lawsuit has been filed against BHP Billiton Limited (\"BHP Ltd.\") and BHP Billiton plc (\"BHP plc\") (together, \"BHP\" or the \"Company\") (NYSE:BHP) and certain of its officers. The class action, filed in United States District Court, Northern District of New York, and docketed under 16-cv-01920, is on behalf of a class consisting of all persons or entities who purchased or otherwise acquired the American Depositary Receipts (the \"ADRs\") of BHP between September 25, 2014 and November 30, 2015, inclusive (the \"Class Period\").\u00a0 This class action seeks to recover damages against Defendants for alleged violations of the federal securities laws under the Securities Exchange Act of 1934 (the \"Exchange Act\").\u00a0</p><p>If you are a shareholder who purchased BHP securities during the Class Period, you have until April 25, 2016 to ask the Court to appoint you as Lead Plaintiff for the class.\u00a0 A copy of the Complaint can be obtained at <url normalizedValue=\"http://www.pomerantzlaw.com\">www.pomerantzlaw.com</url>. \u00a0 To discuss this action, contact Robert S. Willoughby at <email normalizedValue=\"mailto:rswilloughby@pomlaw.com\">rswilloughby@pomlaw.com</email> or 888.476.6529 (or 888.4-POMLAW), toll free, ext. 9980. Those who inquire by e-mail are encouraged to include their mailing address, telephone number, and number of shares purchased.</p><p>BHP describes itself as a leading global resources company and is among the world's top producers of major commodities, including iron ore, metallurgical and energy coal, conventional and unconventional oil and gas, copper, aluminum, manganese, uranium, nickel and silver. The Company operates under a Dual Listed Company structure, with parent companies BHP Ltd. and BHP Plc operated as a single economic entity by a unified board and management team. The economic and voting interests in BHP resulting from holding one BHP Ltd. share are equivalent to that resulting from holding one BHP Plc share. Accordingly, holders of ADRs effectively have an interest in a single group that combines the assets, and is subject to the liabilities, of BHP Ltd. and BHP Plc. Throughout the Class Period, the ADRs of BHP Ltd. and BHP Plc were listed on the NYSE under the ticker symbols \"BHP\" and \"BBL,\" respectively, with SEC filings jointly issued on their behalf. Each ADR represented two ordinary shares of BHP Ltd. or BHP Plc, as the case may be. For the fiscal year ended June 30, 2015, BHP Ltd. and BHP Plc had outstanding 3,211,691,105 and 2,112,071,796 fully paid ordinary shares, respectively.</p><p>The Complaint alleges that during the Class Period, defendants knew or recklessly disregarded the precarious condition of mining operations and facilities at the Samarco mine, a Brazilian mining operation jointly owned by BHP and Vale S.A., yet made materially false and misleading statements concerning the Company's commitment to safety and the implementation of safety and monitoring protocols at the mine sites.</p><p>On November 5, 2015, a dam burst at the Samarco mining site, flooding the nearby town and river with 60 million cubic meters of mud and mine waste. On that date and thereafter, the price of BHP ADRs declined in concert with the disclosure of news and analyst reports regarding the cause of the dam failure, the Company's failure to adhere to safety standards that defendants emphasized during the Class Period, and BHP's potential liability and financial exposure for the dam failure.</p><p>As a result of this news, the trading price of BHP Ltd.'s ADRs declined from $33.43 on November 4, 2015 (the day before the incident) to $26.68 on November 30, 2015 - a decline of more than 20%. The trading price of BHP Plc's ADRs declined similarly, falling from $32.84 on November 4, 2015 to $24.25 on November 30, 2015, a decline of more than 26%.</p><p>The Pomerantz Firm, with offices in New York, Chicago, Florida, and Los Angeles, is acknowledged as one of the premier firms in the areas of corporate, securities, and antitrust class litigation. Founded by the late Abraham L. Pomerantz, known as the dean of the class action bar, the Pomerantz Firm pioneered the field of securities class actions. Today, more than 80 years later, the Pomerantz Firm continues in the tradition he established, fighting for the rights of the victims of securities fraud, breaches of fiduciary duty, and corporate misconduct. The Firm has recovered numerous multimillion-dollar damages awards on behalf of class members. See <url normalizedValue=\"http://www.pomerantzlaw.com\">www.pomerantzlaw.com</url></p></bodyText></nitf:body.content><nitf:body.end><contact><bodyText><p><br/><br/>CONTACT: Robert S. Willoughby Pomerantz LLP<email normalizedValue=\"mailto:rswilloughby@pomlaw.com\">rswilloughby@pomlaw.com</email></p></bodyText></contact></nitf:body.end></nitf:body><metadata><dc:metadata xmlns:dc=\"http://purl.org/dc/elements/1.1/\"><dc:identifier identifierScheme=\"DOC-ID\">PRIZNE-6245372</dc:identifier><dc:source sourceScheme=\"royaltyReportingKey\">PRIZNE2016</dc:source><dc:identifier identifierScheme=\"PGUID\">urn:contentItem:5JF9-M791-JBKN-D15K-00000-00</dc:identifier><dc:source sourceScheme=\"productContentSetIdentifier\">222091</dc:source><dc:date dateType=\"last-updated\">2018-01-10</dc:date></dc:metadata><wordCount number=\"747\"/><timeReceived>10:54 AM PT</timeReceived><publicationInfo><copyright>Copyright 2016 GlobeNewswire, Inc. All Rights Reserved</copyright><publicationName>GlobeNewswire</publicationName><publicationDate day=\"01\" month=\"04\" year=\"2016\"><dateText>April 1, 2016 Friday</dateText></publicationDate><classification classificationScheme=\"publicationtype\"><classificationItem><className>Newswire</className></classificationItem></classification><classification classificationScheme=\"publicationtype\"><classificationItem><className>Newswires &amp; Press Releases</className></classificationItem></classification></publicationInfo><classification classificationScheme=\"language\"><classificationItem classificationScheme=\"lang.english\"><className>ENGLISH</className></classificationItem></classification><classificationGroup classificationScheme=\"indexing-terms\"><classification classificationScheme=\"company\"><classificationItem score=\"96\"><classCode>CC00026MK</classCode><className>BHP BILLITON LTD</className></classificationItem><classificationItem score=\"95\"><classCode>CC00024OT</classCode><className>BHP BILLITON PLC</className></classificationItem><classificationItem score=\"92\"><classCode>CC000BOAD</classCode><className>POMERANTZ GROSSMAN HUFFORD DAHLSTROM &amp; GROSS LLP</className></classificationItem><classificationItem score=\"80\"><classCode>CC00030B8</classCode><className>VALE SA</className></classificationItem></classification><classification classificationScheme=\"ticker\"><classificationItem score=\"96\"><className>BHP (NYSE)</className></classificationItem><classificationItem score=\"96\"><className>BHP (ASX)</className></classificationItem><classificationItem score=\"95\"><className>BLT (LSE)</className></classificationItem><classificationItem score=\"95\"><className>BIBLT (JSE)</className></classificationItem><classificationItem score=\"95\"><className>BBL (NYSE)</className></classificationItem><classificationItem score=\"80\"><className>VALE3 (PAR)</className></classificationItem><classificationItem score=\"80\"><className>VALE3 (BOVESPA)</className></classificationItem><classificationItem score=\"80\"><className>VALE (NYSE)</className></classificationItem><classificationItem score=\"80\"><className>6210 (HKSE)</className></classificationItem></classification></classificationGroup><classificationGroup classificationScheme=\"licensor.indexing-terms\"><classification classificationScheme=\"licensor.company\"><classificationItem><className>POMERANTZ LLP</className></classificationItem></classification><classification classificationScheme=\"licensor.industry\"><classificationItem><className>Consumer Services</className></classificationItem></classification><classification classificationScheme=\"licensor.subject\"><classificationItem><className>CLASS ACTION</className></classificationItem></classification><classification classificationScheme=\"licensor.ticker\"><classificationItem><className>BHP</className><className>(NYSE)</className></classificationItem></classification><classification classificationScheme=\"licensor.company-terms\"><classificationItem><className>Pomerantz LLP</className><className>BHP</className><className>(NYSE)</className><className>New York</className><className>NY</className><className>US</className></classificationItem></classification></classificationGroup><classificationGroup classificationScheme=\"indexing-terms\"><classification classificationScheme=\"legal\"><classificationItem><className>Environmental Law</className><classCode>Z3VpZD11cm46dG9waWM6NzFDRDYyNkI2QjhBNDg3NTkyRjRDRkZEQjlCRkRBQzM7cGFyZW50Z3VpZD0</classCode><classificationItem score=\"66\"><className>General Overview</className><classCode>Z3VpZD11cm46dG9waWM6OTJBMTAyQURGQ0Y3NEEzNkIyQjRERjQzQTVBNDdBMDI7cGFyZW50Z3VpZD11cm46dG9waWM6MUE3OUU5MDM1NjFGNDdBOEIxMDVCOUEyQTQ3QzcyOUQ</classCode></classificationItem></classificationItem><classificationItem><className>Securities Law</className><classCode>Z3VpZD11cm46dG9waWM6RkFFMTQ3ODhCRDYyNDkyN0IwQkEyQzRCRDlFMEM5ODc7cGFyZW50Z3VpZD0</classCode><classificationItem score=\"53\"><className>Class Actions</className><classCode>Z3VpZD11cm46dG9waWM6N0U3NzgxQzgwRkVFNDI4OTg4QTcyNjk5QTA3RkQxNTM7cGFyZW50Z3VpZD11cm46dG9waWM6MDQ2QjczQUU0QjIwNDg0NUJFM0RFRjg0NkQ2NTk5Mjk</classCode></classificationItem><classificationItem score=\"50\"><className>Class Actions</className><classCode>Z3VpZD11cm46dG9waWM6MTE2NjQ1MkIzOEJENDI5RDg5RUExRjY2Mjc5NUQyMDY7cGFyZW50Z3VpZD11cm46dG9waWM6QjMxRDFBMTgwMDFFNEFBQTlCNTgzMTY0MzY4QkU4QUQ</classCode></classificationItem><classificationItem score=\"50\"><className>General Overview</className><classCode>Z3VpZD11cm46dG9waWM6Q0QyMUU5RUQ3QjRENEJEMDgxQjY4MTZFOEM5NTU4Qzg7cGFyZW50Z3VpZD11cm46dG9waWM6RUIzQjA3MTA3NDFENDVGNkIzNjVEM0IwNDNDMTkxOEQ</classCode></classificationItem><classificationItem score=\"50\"><className>General Overview</className><classCode>Z3VpZD11cm46dG9waWM6RjBDNkVFRUI3NTg2NEUyREFCQ0NFRjQ0NTc1QjVENkY7cGFyZW50Z3VpZD11cm46dG9waWM6NDQzNjlDNkQ5Qjk5NDlGMDlDODdDRjg5NTZEM0FGRkU</classCode></classificationItem><classificationItem score=\"50\"><className>Postoffering &amp; Secondary Distributions</className><classCode>Z3VpZD11cm46dG9waWM6N0NFQTZBMzFEM0RDNDhEQzkwMDExNkU4RTFBMjlDQTI7cGFyZW50Z3VpZD11cm46dG9waWM6N0M0M0IwMUMxRkI2NDc5Nzk4N0YwMUY0OTVBMkQ5NzM</classCode></classificationItem><classificationItem score=\"53\"><className>Stock Exchanges</className><classCode>Z3VpZD11cm46dG9waWM6M0ZDMDg5MEQ3OTlGNEJCMkI0M0EyM0MwN0E1Njk1MEQ7cGFyZW50Z3VpZD11cm46dG9waWM6NDBGREFBMDgyNTQ0NERFRUI3MEUwNDBFOTM5NDExREI</classCode></classificationItem></classificationItem></classification><classification classificationScheme=\"subject\"><classificationItem score=\"92\"><classCode>STX000304</classCode><className>CLASS ACTIONS</className><classCode>Z3VpZD11cm46dG9waWM6Mjk5M0Q3OEY2NkE3NDIwQzg4MDk1NUUxQUI5Nzc5NTU7cGFyZW50Z3VpZD11cm46dG9waWM6MDc3RDI0Njg5OEU2NEM5NzkxRUU2MjBEMDMyRkQ3Mzk</classCode><className>Class Actions</className></classificationItem><classificationItem score=\"90\"><classCode>STX001648</classCode><className>SUITS &amp; CLAIMS</className><classCode/><className/></classificationItem><classificationItem score=\"90\"><classCode>STX001040</classCode><className>LITIGATION</className><classCode/><className/></classificationItem><classificationItem score=\"89\"><classCode>N926150GM</classCode><className>SECURITIES LAW</className><classCode>Z3VpZD11cm46dG9waWM6RkFFMTQ3ODhCRDYyNDkyN0IwQkEyQzRCRDlFMEM5ODc7cGFyZW50Z3VpZD11cm46dG9waWM6MUFEMUQ2QTA1OUZCNEE5RjkzNTA2RERFMUNEOTk1RTI</classCode><className>Securities</className></classificationItem><classificationItem score=\"88\"><classCode>N926150GC</classCode><className>BANKING &amp; FINANCE REGULATION</className><classCode/><className/></classificationItem><classificationItem score=\"78\"><classCode>ST000CMR7</classCode><className>PARENT COMPANIES</className><classCode/><className/></classificationItem><classificationItem score=\"78\"><classCode>STX000442</classCode><className>DAMAGES</className><classCode>Z3VpZD11cm46dG9waWM6QzQyQ0JFRkFDNDIzNDU3RjhFMkE1N0JEOTFGNzIwQzE7cGFyZW50Z3VpZD11cm46dG9waWM6NEY5RDZFNTJBQzJGNERFQjg0MEIyMEVBRUU4NjI0RjU</classCode><className>Damages</className></classificationItem><classificationItem score=\"78\"><classCode>STX000106</classCode><className>APPOINTMENTS</className><classCode/><className/></classificationItem><classificationItem score=\"77\"><classCode>STX001929</classCode><className>COMPANY STRUCTURES &amp; OWNERSHIP</className><classCode/><className/></classificationItem><classificationItem score=\"73\"><classCode>STX001561</classCode><className>SHAREHOLDERS</className><classCode>Z3VpZD11cm46dG9waWM6NEI2QjYxNjkwMTkzNDhFRUExNjlFRjVFRUU3NDhBQkE7cGFyZW50Z3VpZD11cm46dG9waWM6MDQ3M0RFODczN0I4NDg2RjlFRDNFMUNBODRDQTU0Q0E</classCode><className>Shareholders</className></classificationItem><classificationItem score=\"73\"><classCode>ST000DANR</classCode><className>FALSE STATEMENTS</className><classCode/><className/></classificationItem><classificationItem score=\"73\"><classCode>ST0009SMZ</classCode><className>US SECURITIES EXCHANGE ACT OF 1934</className><classCode>Z3VpZD11cm46dG9waWM6RUIzQjA3MTA3NDFENDVGNkIzNjVEM0IwNDNDMTkxOEQ7cGFyZW50Z3VpZD11cm46dG9waWM6RkFFMTQ3ODhCRDYyNDkyN0IwQkEyQzRCRDlFMEM5ODc</classCode><className>Postoffering &amp; Secondary Distributions</className></classificationItem><classificationItem score=\"73\"><classCode>ST000D17D</classCode><className>NEWS BRIEFS</className><classCode/><className/></classificationItem><classificationItem score=\"71\"><classCode>N922110CC</classCode><className>LAW COURTS &amp; TRIBUNALS</className><classCode/><className/></classificationItem><classificationItem score=\"50\"><classCode>STX001066</classCode><className>MANAGERS &amp; SUPERVISORS</className><classCode/><className/></classificationItem></classification><classification classificationScheme=\"industry\"><classificationItem score=\"90\"><classCode>STX000080</classCode><className>AMERICAN DEPOSITARY RECEIPTS</className><classCode/><className/></classificationItem><classificationItem score=\"89\"><classCode>N212299MM</classCode><className>MANGANESE MINING</className><classCode/><className/></classificationItem><classificationItem score=\"89\"><classCode>N212234OM</classCode><className>NICKEL MINING</className><classCode/><className/></classificationItem><classificationItem score=\"89\"><classCode>N331400CC</classCode><className>NONFERROUS METAL PRODUCTION</className><classCode/><className/></classificationItem><classificationItem score=\"89\"><classCode>N212234IM</classCode><className>COPPER MINING</className><classCode/><className/></classificationItem><classificationItem score=\"89\"><classCode>N926150GM</classCode><className>SECURITIES LAW</className><classCode>Z3VpZD11cm46dG9waWM6RkFFMTQ3ODhCRDYyNDkyN0IwQkEyQzRCRDlFMEM5ODc7cGFyZW50Z3VpZD11cm46dG9waWM6MUFEMUQ2QTA1OUZCNEE5RjkzNTA2RERFMUNEOTk1RTI</classCode><className>Securities</className></classificationItem><classificationItem score=\"88\"><classCode>N926150GC</classCode><className>BANKING &amp; FINANCE REGULATION</className><classCode/><className/></classificationItem><classificationItem score=\"88\"><classCode>STX000336</classCode><className>COMMON STOCK</className><classCode/><className/></classificationItem><classificationItem score=\"86\"><classCode>ST0008X7V</classCode><className>MINES &amp; MINING</className><classCode/><className/></classificationItem><classificationItem score=\"86\"><classCode>ST000DHXS</classCode><className>MINE OPERATIONS</className><classCode/><className/></classificationItem><classificationItem score=\"86\"><classCode>N212110CC</classCode><className>COAL MINING</className><classCode>Z3VpZD11cm46dG9waWM6NkEyREE0NkU0MUQwNDhFQ0I0RTdBN0FCN0U2QzhDMTI7cGFyZW50Z3VpZD11cm46dG9waWM6REM5NzI2NTQyRDU0NENDQkFGQkRGOUZGMDc5NEY4Mzc</classCode><className>Coal Mining</className></classificationItem><classificationItem score=\"85\"><classCode>ST0009S1D</classCode><className>MINE PLANNING &amp; MANAGEMENT</className><classCode/><className/></classificationItem><classificationItem score=\"77\"><classCode>STX001240</classCode><className>OIL &amp; GAS INDUSTRY</className><classCode/><className/></classificationItem><classificationItem score=\"76\"><classCode>N523210MM</classCode><className>STOCK EXCHANGES</className><classCode>Z3VpZD11cm46dG9waWM6M0ZDMDg5MEQ3OTlGNEJCMkI0M0EyM0MwN0E1Njk1MEQ7cGFyZW50Z3VpZD11cm46dG9waWM6NDBGREFBMDgyNTQ0NERFRUI3MEUwNDBFOTM5NDExREI</classCode><className>Stock Exchanges</className></classificationItem><classificationItem score=\"75\"><classCode>STX000475</classCode><className>DEPOSITORY SERVICES</className><classCode/><className/></classificationItem><classificationItem score=\"73\"><classCode>ST0009SMZ</classCode><className>US SECURITIES EXCHANGE ACT OF 1934</className><classCode>Z3VpZD11cm46dG9waWM6RUIzQjA3MTA3NDFENDVGNkIzNjVEM0IwNDNDMTkxOEQ7cGFyZW50Z3VpZD11cm46dG9waWM6RkFFMTQ3ODhCRDYyNDkyN0IwQkEyQzRCRDlFMEM5ODc</classCode><className>Postoffering &amp; Secondary Distributions</className></classificationItem><classificationItem score=\"68\"><classCode>ST0009RDX</classCode><className>EXTRACTIVE METALLURGY</className><classCode/><className/></classificationItem><classificationItem score=\"68\"><classCode>ST0009RX6</classCode><classCode/><className/></classificationItem><classificationItem score=\"68\"><classCode>N520000CC</classCode><className>BANKING &amp; FINANCE</className><classCode/><className/></classificationItem></classification><classification classificationScheme=\"state\"><classificationItem score=\"90\"><classCode>GS148</classCode><className>NEW YORK, USA</className><classCode/><className/></classificationItem></classification><classification classificationScheme=\"country\"><classificationItem score=\"92\"><classCode>GC343</classCode><className>UNITED STATES</className><classCode/><className/></classificationItem></classification></classificationGroup></metadata></articleDoc></content></entry>"}