{"prediction_class": "Intellectual property Offences", "prediction_score": "0.66", "name": "BHP Billiton", "title": "AFP awaits call from US in `shadow CIA' hacking", "published": "2011-12-30T00:00:00Z", "updated": "2020-11-15T20:52:27Z", "cleaned_article": "[TITLE] AFP awaits call from US in `shadow CIA' hacking [TITLE] \n\nA spokesperson for federal Attorney-General Nicola Roxon said yesterday the Stratfor hacking illustrated the need for tough laws on cyber crime. ``While this is a matter for the US authorities, Australia is committed to playing its part in combating cyber crime,'' Ms Roxon's spokesperson said. Companies caught up in the hacking include the big four Australian banks, BHP Billiton and energy giant Woodside Petroleum, while the US Army and the US Department of Homeland Security were also affected. The hackers used US-based executives' information to make large donations to charities, leading them to be dubbed the ``Robin Hood'' hackers. In an email to members, Mr Friedman said: ``As we alerted you over the weekend, an unauthorised party illegally obtained and disclosed personally identifiable information and related credit card data of some of our members.", "raw_cleaned_article": "<h2>AFP awaits call from US in `shadow CIA' hacking</h2><p>A spokesperson for federal Attorney-General Nicola Roxon said yesterday the Stratfor hacking illustrated the need for tough laws on cyber crime. ``While this is a matter for the US authorities, Australia is committed to playing its part in combating cyber crime,'' Ms Roxon's spokesperson said. <b>Companies caught up in the hacking include the big four Australian banks, BHP Billiton and energy giant Woodside Petroleum, while the US Army and the US Department of Homeland Security were also affected.</b> The hackers used US-based executives' information to make large donations to charities, leading them to be dubbed the ``Robin Hood'' hackers. In an email to members, Mr Friedman said: ``As we alerted you over the weekend, an unauthorised party illegally obtained and disclosed personally identifiable information and related credit card data of some of our members.</p>", "original_content": "<entry xmlns=\"http://www.w3.org/2005/Atom\"><id>urn:contentItem:54KJ-MDC1-F0JP-W29D-00000-00</id><title>AFP awaits call from US in `shadow CIA' hacking</title><published>2011-12-30T00:00:00Z</published><updated>2020-11-15T20:52:27Z</updated><author><name>LexisNexis</name></author><content type=\"application/xml\"><!--Transformation version 1.23--><articleDoc xmlns=\"\" xmlns:xsi=\"http://www.w3.org/2001/XMLSchema-instance\" xsi:noNamespaceSchemaLocation=\"http://www.lexisnexis.com/xmlschemas/content/public/articledoc/1/\" schemaVersion=\"1.8\" xml:lang=\"en\"><articleDocHead><itemInfo><sourceSectionInfo><positionSection>LOCAL</positionSection><positionSequence>Pg. 4</positionSequence></sourceSectionInfo></itemInfo></articleDocHead><nitf:body xmlns:nitf=\"http://iptc.org/std/NITF/2006-10-18/\"><nitf:body.head><nitf:hedline><nitf:hl1>AFP awaits call from US in `shadow CIA' hacking</nitf:hl1></nitf:hedline><nitf:byline><author><person><nameText>Cameron Stewart, Fran Foo</nameText></person></author></nitf:byline></nitf:body.head><nitf:body.content><bodyText><p nitf:lede=\"true\">THE Australian Federal Police will assist US authorities if needed to investigate a widening hacking scandal that has engulfed hundreds of prominent Australians including politicians, businessmen and defence and security experts.</p><p nitf:lede=\"true\">The hacking of the customer database of international security intelligence service Stratfor is set to escalate following threats by the hackers to release as many as 2.7 million emails obtained from the firm's servers.</p><p nitf:lede=\"true\">These emails are alleged to include off-the-record correspondence between Stratfor and US defence and intelligence officials, which has the potential to embarrass the US government and cause concern in Canberra.</p><p>Millionaire politician Malcolm Turnbull, billionaire businessman David Smorgon and veteran journalist Sam Lipski are among more than 300 Australian subscribers to the US-based Stratfor who have had their credit card and other personal details published on the internet.</p><p>Acting Prime Minister Wayne Swan said yesterday: ``The first thing is we'll have to establish how this hacking occurred. Clearly there's been a breach of the law and this needs to be thoroughly investigated and prosecuted.''</p><p>An AFP spokesperson said the force stood ready to assist but added that US authorities would have to take the lead: ``As Stratfor is an American company, this is a matter for US authorities and the AFP will co-operate if required.''</p><p>Stratfor founder and chief executive George Friedman is married to an Australian and visited Australia last year.</p><p>The hackers, believed to be part of the loose-knit Anonymous movement, have vowed to humiliate the intelligence firm, which it dubs the ``shadow CIA'', in response to the imprisonment of Bradley Manning, the US Army soldier on trial for allegedly leaking more than 250,000 US diplomatic cables to WikiLeaks.</p><p>Stratfor provides daily intelligence, security and financial briefings to clients, including the Australian Defence Force, which has an annual subscription to help it keep abreast of military developments in other countries.</p><p>Academics, journalists, a NSW policeman and Commonwealth Bank customers were among Australians whose credit card details were exposed by the hackers.</p><p>Mr Lipski, whose personal information was published online by hackers, said the impending release of the emails could amount to a ``mini-WikiLeaks''. He said that if hackers were able to penetrate Stratfor's biggest income-earner, its consulting arm, threats to release the 2.7 million emails were ominous.</p><p>``That could portend a mini-WikiLeaks, in which case, given the importance and security concerns of many of those clients, who knows what will come out?''</p><p>Neil Fergus, the former head of Intelligent Risks and former intelligence chief for the Sydney Olympics, said the hacking was of ``tremendous concern''. ``If details of people from law-enforcement and security agencies have been published, then some of them may be at risk,'' Mr Fergus said.</p><p>A spokesperson for federal Attorney-General Nicola Roxon said yesterday the Stratfor hacking illustrated the need for tough laws on cyber crime.</p><p>``While this is a matter for the US authorities, Australia is committed to playing its part in combating cyber crime,'' Ms Roxon's spokesperson said.</p><p>Companies caught up in the hacking include the big four Australian banks, BHP Billiton and energy giant Woodside Petroleum, while the US Army and the US Department of Homeland Security were also affected.</p><p>The hackers used US-based executives' information to make large donations to charities, leading them to be dubbed the ``Robin Hood'' hackers.</p><p>In an email to members, Mr Friedman said: ``As we alerted you over the weekend, an unauthorised party illegally obtained and disclosed personally identifiable information and related credit card data of some of our members.</p><p>``We deeply regret that this event has occurred, and we are working to prevent it from happening again. To say we wish this hadn't happened is a massive understatement.''</p><p>The Commonwealth Bank plans to reissue hundreds of new credit cards after customers' details were exposed online by the hackers. CBA spokesman Bryan Fitzgerald said a review of the situation had indicated that fewer than 200 accounts were at risk.</p><p>He stressed that funds were protected from fraud and that the bank would ``cover any losses''.</p></bodyText></nitf:body.content></nitf:body><metadata><dc:metadata xmlns:dc=\"http://purl.org/dc/elements/1.1/\"><dc:identifier identifierScheme=\"DOC-ID\">THEAUS-AUS201112301004689199</dc:identifier><dc:source sourceScheme=\"royaltyReportingKey\">THEAUS2011</dc:source><dc:identifier identifierScheme=\"PGUID\">urn:contentItem:54KJ-MDC1-F0JP-W29D-00000-00</dc:identifier><dc:source sourceScheme=\"productContentSetIdentifier\">244777</dc:source><dc:date dateType=\"last-updated\">2020-06-21</dc:date></dc:metadata><wordCount number=\"716\"/><publicationInfo><copyright>Copyright 2011 Nationwide News Pty Limited All Rights Reserved</copyright><publicationName>The Australian</publicationName><edition>1 - All-round Country Edition</edition><publicationDate day=\"30\" month=\"12\" year=\"2011\"><dateText>December 30, 2011 Friday</dateText></publicationDate><classification classificationScheme=\"publicationtype\"><classificationItem><className>Newspaper</className></classificationItem></classification><classification classificationScheme=\"publicationtype\"><classificationItem><className>Newspapers</className></classificationItem></classification></publicationInfo><classification classificationScheme=\"language\"><classificationItem classificationScheme=\"lang.english\"><className>ENGLISH</className></classificationItem></classification><classificationGroup classificationScheme=\"indexing-terms\"><classification classificationScheme=\"subject\"><classificationItem score=\"90\"><classCode>ST0008ZGX</classCode><className>CYBERCRIME</className><classCode/><className/></classificationItem><classificationItem score=\"90\"><classCode>STX000938</classCode><className>INTELLIGENCE SERVICES</className><classCode/><className/></classificationItem><classificationItem score=\"90\"><classCode>STX000969</classCode><className>INVESTIGATIONS</className><classCode/><className/></classificationItem><classificationItem score=\"90\"><classCode>STX001996</classCode><className>NATIONAL SECURITY</className><classCode/><className/></classificationItem><classificationItem score=\"90\"><classCode>STX001346</classCode><className>POLITICS</className><classCode/><className/></classificationItem><classificationItem score=\"90\"><classCode>ST000CTIZ</classCode><className>SCANDALS</className><classCode/><className/></classificationItem><classificationItem score=\"89\"><classCode>STX001932</classCode><className>CRIME, LAW ENFORCEMENT &amp; CORRECTIONS</className><classCode/><className/></classificationItem><classificationItem score=\"89\"><classCode>ST000DJX1</classCode><className>FEDERAL INVESTIGATIONS</className><classCode/><className/></classificationItem><classificationItem score=\"89\"><classCode>ST0009FJK</classCode><className>NEGATIVE PERSONAL NEWS</className><classCode/><className/></classificationItem><classificationItem score=\"89\"><classCode>ST0008X5W</classCode><className>SPECIAL INVESTIGATIVE FORCES</className><classCode/><className/></classificationItem><classificationItem score=\"89\"><classCode>ST000CRLO</classCode><className>WIKILEAKS CONTROVERSIES</className><classCode/><className/></classificationItem><classificationItem score=\"78\"><classCode>ST00097CN</classCode><className>ARMIES</className><classCode/><className/></classificationItem><classificationItem score=\"78\"><classCode>N928000CC</classCode><className>INTERNATIONAL RELATIONS &amp; NATIONAL SECURITY</className><classCode/><className/></classificationItem><classificationItem score=\"78\"><classCode>N922120CC</classCode><className>LAW ENFORCEMENT</className><classCode/><className/></classificationItem><classificationItem score=\"78\"><classCode>ST10244945</classCode><className>US ARMY</className><classCode/><className/></classificationItem><classificationItem score=\"78\"><classCode>N921100MM</classCode><className>US FEDERAL GOVERNMENT</className><classCode>Z3VpZD11cm46dG9waWM6MkM1MTYwRDE0NkJBNEVFMEIxQjM3RUE2NDRFQUFEODY7cGFyZW50Z3VpZD11cm46dG9waWM6MjdEQjE4OUJDMzQxNDNEMEI0RTI1QUFCMzJENjEwRTA</classCode><className>Federal Government</className></classificationItem><classificationItem score=\"76\"><classCode>STX001822</classCode><className>WEALTHY PEOPLE</className><classCode/><className/></classificationItem><classificationItem score=\"74\"><classCode>N541110GM</classCode><className>LAWYERS</className><classCode/><className/></classificationItem><classificationItem score=\"74\"><classCode>STX001865</classCode><className>WRITERS</className><classCode/><className/></classificationItem><classificationItem score=\"73\"><classCode>N921110CC</classCode><className>HEADS OF STATE &amp; GOVERNMENT</className><classCode/><className/></classificationItem><classificationItem score=\"73\"><classCode>ST0009EOQ</classCode><className>PRIME MINISTERS</className><classCode/><className/></classificationItem><classificationItem score=\"65\"><classCode>ST000D1BY</classCode><className>EXECUTIVES</className><classCode/><className/></classificationItem></classification><classification classificationScheme=\"industry\"><classificationItem score=\"90\"><classCode>ST0008ZGX</classCode><className>CYBERCRIME</className><classCode/><className/></classificationItem><classificationItem score=\"78\"><classCode>ST00097CN</classCode><className>ARMIES</className><classCode/><className/></classificationItem><classificationItem score=\"78\"><classCode>STX000354</classCode><className>COMPUTER NETWORKS</className><classCode/><className/></classificationItem><classificationItem score=\"78\"><classCode>ST10244945</classCode><className>US ARMY</className><classCode/><className/></classificationItem><classificationItem score=\"76\"><classCode>STX000954</classCode><className>INTERNET &amp; WWW</className><classCode/><className/></classificationItem><classificationItem score=\"74\"><classCode>N541110GM</classCode><className>LAWYERS</className><classCode/><className/></classificationItem><classificationItem score=\"74\"><classCode>STX001865</classCode><className>WRITERS</className><classCode/><className/></classificationItem><classificationItem score=\"73\"><classCode>STX000580</classCode><className>ELECTRONIC PUBLISHING</className><classCode/><className/></classificationItem><classificationItem score=\"72\"><classCode>STX000373</classCode><className>CONSULTING SERVICES</className><classCode/><className/></classificationItem><classificationItem score=\"69\"><classCode>STX000424</classCode><className>CREDIT CARDS</className><classCode/><className/></classificationItem></classification><classification classificationScheme=\"person\"><classificationItem score=\"73\"><classCode>PE000DKCB</classCode><className>MALCOLM TURNBULL</className><classCode/><className/></classificationItem></classification><classification classificationScheme=\"city\"><classificationItem score=\"79\"><classCode>GX013</classCode><className>CANBERRA, AUSTRALIA</className><classCode/><className/></classificationItem><classificationItem score=\"58\"><classCode>GX014</classCode><className>SYDNEY, AUSTRALIA</className><classCode/><className/></classificationItem></classification><classification classificationScheme=\"state\"><classificationItem score=\"79\"><classCode>GS006</classCode><className>AUSTRALIAN CAPITAL TERRITORY</className><classCode/><className/></classificationItem><classificationItem score=\"79\"><classCode>GS001</classCode><className>NEW SOUTH WALES, AUSTRALIA</className><classCode/><className/></classificationItem></classification><classification classificationScheme=\"country\"><classificationItem score=\"96\"><classCode>GC301</classCode><className>AUSTRALIA</className><classCode/><className/></classificationItem><classificationItem score=\"94\"><classCode>GC343</classCode><className>UNITED STATES</className><classCode/><className/></classificationItem></classification></classificationGroup></metadata></articleDoc></content></entry>"}