{"prediction_class": "Money laundering", "prediction_score": "1.0", "name": "BHP Billiton", "title": "A GRAIN OF TRUTH", "published": "2006-01-21T00:00:00Z", "updated": "2020-11-15T21:02:01Z", "cleaned_article": "[TITLE] A GRAIN OF TRUTH [TITLE] \n\nThroughout Lindberg's four-day inquisition, the inquiry chief, Terence Cole, QC, would strategically intervene, warning him to \"think very carefully\" about his answers. Agius would then flash up another incriminating document on the screens around the hearing room and ask the AWB boss to read it. The lines leapt out at Lindberg. \"We have to keep the lid on this\"; \"This is a sensitive issue as you can understand\"; \"From a public relations perspective the only red lights are breach of sanctions/legalities\". But mostly Lindberg would pause before repeating \"I can't recall\". He appeared to think very carefully about his answers about one topic in particular: an innocuous-sounding scheme codenamed Project Water. Every day, new documents emerged on Project Water which tie AWB to a mysterious BHP Billiton joint venture partner, Tigris Petroleum, an $8 million debt and a conspiracy which helped Saddam's regime to evade the UN sanctions on Iraq. Project Water now looks like it will sink Lindberg and many of the senior managers in AWB. On the evidence so far, Project Water is a tangled web of secrets and lies, the real purpose of which was hidden from AWB board members, from the United Nations oil for food program and even from AWB's accountants. Even after days of evidence, it is unclear whether Project Water was a slush fund, a money laundering operation or simply a way to exploit the UN oil for food account. A critical issue yet to be addressed by the inquiry is how much Australian Government officials knew about Project Water and what lay beneath it: three years of kickbacks to Saddam's regime worth $300 million, three years of evading UN sanctions on Iraq and a culture of bribery inside Australia's wheat exporter.", "raw_cleaned_article": "<h2>A GRAIN OF TRUTH</h2><p>Throughout Lindberg's four-day inquisition, the inquiry chief, Terence Cole, QC, would strategically intervene, warning him to \"think very carefully\" about his answers. Agius would then flash up another incriminating document on the screens around the hearing room and ask the AWB boss to read it. The lines leapt out at Lindberg. \"We have to keep the lid on this\"; \"This is a sensitive issue as you can understand\"; \"From a public relations perspective the only red lights are breach of sanctions/legalities\". <b>But mostly Lindberg would pause before repeating \"I can't recall\". He appeared to think very carefully about his answers about one topic in particular: an innocuous-sounding scheme codenamed Project Water. Every day, new documents emerged on Project Water which tie AWB to a mysterious BHP Billiton joint venture partner, Tigris Petroleum, an $8 million debt and a conspiracy which helped Saddam's regime to evade the UN sanctions on Iraq.</b> Project Water now looks like it will sink Lindberg and many of the senior managers in AWB. On the evidence so far, Project Water is a tangled web of secrets and lies, the real purpose of which was hidden from AWB board members, from the United Nations oil for food program and even from AWB's accountants. Even after days of evidence, it is unclear whether Project Water was a slush fund, a money laundering operation or simply a way to exploit the UN oil for food account. A critical issue yet to be addressed by the inquiry is how much Australian Government officials knew about Project Water and what lay beneath it: three years of kickbacks to Saddam's regime worth $300 million, three years of evading UN sanctions on Iraq and a culture of bribery inside Australia's wheat exporter.</p>", "original_content": "<entry xmlns=\"http://www.w3.org/2005/Atom\"><id>urn:contentItem:4P6W-5170-TXN5-R2DG-00000-00</id><title>A GRAIN OF TRUTH</title><published>2006-01-21T00:00:00Z</published><updated>2020-11-15T21:02:01Z</updated><author><name>LexisNexis</name></author><content type=\"application/xml\"><!--Transformation version 1.23--><articleDoc xmlns=\"\" xmlns:xsi=\"http://www.w3.org/2001/XMLSchema-instance\" xsi:noNamespaceSchemaLocation=\"http://www.lexisnexis.com/xmlschemas/content/public/articledoc/1/\" schemaVersion=\"1.8\" xml:lang=\"en\"><articleDocHead><itemInfo><sourceSectionInfo><positionSection>NEWS AND FEATURES</positionSection><positionSubsection>News Review</positionSubsection><positionSequence>Pg. 39</positionSequence></sourceSectionInfo></itemInfo></articleDocHead><nitf:body xmlns:nitf=\"http://iptc.org/std/NITF/2006-10-18/\"><nitf:body.head><nitf:hedline><nitf:hl1>A GRAIN OF TRUTH</nitf:hl1></nitf:hedline><nitf:byline><author><person><nameText>Marian Wilkinson</nameText></person></author></nitf:byline></nitf:body.head><nitf:body.content><bodyText><p nitf:lede=\"true\">Australian wheat negotiations before the Iraq War were carried out like a secret operation, writes Marian Wilkinson.</p><p nitf:lede=\"true\">THERE was an audible groan in the hearing room as the once-formidable boss of the wheat marketer AWB, Andrew Lindberg, lent forward in the witness box and gave his reply.</p><p nitf:lede=\"true\">\"I can't recall\", he said, the same words he had been repeating all day. There was silence except for the sound of Lindberg's raspish breathing into the microphone.</p><p nitf:lede=\"true\">For hours, Lindberg had been under intense questioning in Sydney by John Agius, SC, counsel assisting the inquiry into the oil for food scandal. It was only the opening days of the hearings but already Lindberg's carefully constructed denials to the UN inquiry, to the AWB shareholders and the public that AWB had no knowledge of paying $300 million in kickbacks to <person><nameText>Saddam Hussein's</nameText></person> regime had collapsed in a heap.</p><p nitf:lede=\"true\">Throughout Lindberg's four-day inquisition, the inquiry chief, Terence Cole, QC, would strategically intervene, warning him to \"think very carefully\" about his answers. Agius would then flash up another incriminating document on the screens around the hearing room and ask the AWB boss to read it.</p><p>The lines leapt out at Lindberg. \"We have to keep the lid on this\"; \"This is a sensitive issue as you can understand\"; \"From a public relations perspective the only red lights are breach of sanctions/legalities\".</p><p>But mostly Lindberg would pause before repeating \"I can't recall\". He appeared to think very carefully about his answers about one topic in particular: an innocuous-sounding scheme codenamed Project Water. Every day, new documents emerged on Project Water which tie AWB to a mysterious BHP Billiton joint venture partner, Tigris Petroleum, an $8 million debt and a conspiracy which helped <person><nameText>Saddam's regime </nameText></person>to evade the UN sanctions on Iraq.</p><p>Project Water now looks like it will sink Lindberg and many of the senior managers in AWB. On the evidence so far, Project Water is a tangled web of secrets and lies, the real purpose of which was hidden from AWB board members, from the United Nations oil for food program and even from AWB's accountants. Even after days of evidence, it is unclear whether Project Water was a slush fund, a money laundering operation or simply a way to exploit the UN oil for food account.</p><p>A critical issue yet to be addressed by the inquiry is how much Australian Government officials knew about Project Water and what lay beneath it: three years of kickbacks to <person><nameText>Saddam's regime </nameText></person>worth $300 million, three years of evading UN sanctions on Iraq and a culture of bribery inside Australia's wheat exporter.</p><p>So far, the Cole inquiry has portrayed AWB as a rogue operation in Iraq and elsewhere, deceiving the Department of Foreign Affairs and Trade, the Foreign Affairs Minister, Alexander Downer, and the Trade Minister, Mark Vaile, just as they deceived the UN oil for food program.</p><p>But as more documents emerge, it appears at the very least that Foreign Affairs Department officials should have been alert to AWB's determined attempts to funnel money to the Iraqi regime in violation of the sanctions. AWB worked hand in glove with departmental officials to win $2.3 billion in contracts under the program. Under its UN obligations, Australia was bound to ensure AWB did not breach the UN sanctions for any reason - let alone keeping Iraq as a customer for Australian wheat. But under the department's nose, AWB became the biggest conduit for kickbacks to <person><nameText>Saddam's regime </nameText></person>in the lead-up to the Iraq War.</p><p>The key political question raised by the evidence is this: how could the Government not know what was going on? Despite warnings from the UN, Canada and the US, no departmental official detected the scandal that now threatens to shatter Australia's international reputation and damage its billion-dollar wheat trade. Did it turn a blind eye while AWB did whatever it took to hold onto its Iraq contracts as the Howard Government publicly railed against Saddam?</p><p>In August 2002, the height of summer in Baghdad, three AWB executives arrived for one of the toughest negotiations of their careers. It was a first trip to Iraq for Lindberg, the heavy-set, pugnacious AWB chief. He was about to go head to head with Saddam's ruthless trade minister, Mohammed Medhi Saleh, who had announced he was cutting Australia's wheat contract.</p><p>Iraq was retaliating. Downer had made a splash in Washington by denouncing Saddam's alleged pursuit of weapons of mass destruction. Downer insisted Iraq must comply with UN resolutions to disarm. Australia, he proclaimed, would not support, \"a policy of appeasement\" on Iraq.</p><p>But the men from AWB were in Baghdad to do exactly that: appease the Iraqi trade minister. This week, the Cole inquiry revealed an executive briefing paper drawn up for the trip advising Lindberg and AWB's former chairman, Trevor Flugge, to \"insulate\" AWB's relationship with Iraq \"from national politics\".</p><p>Critically, the paper also noted AWB was paying \"inland transportation fees\" to Saddam's government. Unstated was the obvious. The fees were being paid in contravention of the UN sanctions. AWB was secretly funnelling millions of dollars to the desperate Iraqi regime for these transport fees through a Jordanian front company called Alia. To do this, they had falsely inflated their wheat contracts sent to the UN for payment.</p><p>The Iraqis had AWB over a barrel. To restore the full wheat contract, Saleh now demanded AWB pay another fee to Iraq, compensation for what he claimed was \"contamination with iron filings\" in four Australian wheat shipments tied up in the port of Umm Qasr.</p><p>The Australians strenuously objected. They flew south, inspected the ships, argued with the Iraqi Grain Board, but all to no avail. The Iraqis were refusing to unload the vessels until AWB complied.</p><p>Lindberg told the inquiry: \"We had no option. Otherwise the vessels would continue to sit there and continue to rack up enormous costs.\"</p><p>Documents before the inquiry show that before Lindberg left Baghdad, he agreed to pay a $2 million fee to the Iraqis for the contamination even though he was certain the claim was \"a hoax\" to punish the Australians for Downer's pro-Washington declaration.</p><p>But inexplicably, the Iraqis also agreed to look at a strange proposition put to them by the AWB men. They agreed to add $8 million to the deal hidden in contracts for future wheat shipments. This brings us to Project Water.</p><p>According to Lindberg, the money was to repay a debt on a 1995 wheat shipment owed to the oil company Tigris, which had been working closely with the Iraqi Ministry of Oil on exploration concessions. Tigris had been registered in Melbourne by two former BHP employees and also had an office in Gibraltar.</p><p>Just why the Iraqis were so keen to pay this Tigris debt is a deeply sensitive subject inside AWB and the details began to emerge only this week in the first riveting days of the Cole inquiry.</p><p>Internal emails and memos show that as part of Project Water, AWB managers suggested the $8 million Tigris fee would be hidden, along with the \"iron filings\" rebate, in inflated wheat contracts given to the UN oil for food program. The cost worried neither the Australians nor the Iraqis. It would be taken out of the UN's escrow account from money that was supposed to fund humanitarian shipments of food and medicine to malnourished Iraqis suffering under the sanctions. The floating of Project Water was, it seems, in the interest of AWB and the Iraqis.</p><p>What any Australian Government official knew about Project Water is unclear.</p><p>When Lindberg and Flugge returned from Baghdad with Department of Foreign Affairs and Trade officers, they briefed the Government on winning back the wheat contract. It was a big political victory for the Prime Minister, John Howard - who was under pressure from the Opposition for losing the wheat contract over his pro-US stance on Iraqi - and he praised AWB men. \"I congratulate the wheat board. It's a good outcome for the Australian wheat industry and a lot of credit is due to them,\" he told reporters.</p><p>This week, the Opposition spokesman on foreign affairs, Kevin Rudd, was asking what exactly Howard and Downer were told about the Baghdad negotiations.</p><p>Significantly, at the time, Howard stressed that \"a quality issue\" with the wheat had been resolved, a clear reference to the Iraqis' \"iron filings\" claim. \"It's just very good that the shipment that was held up for apparent quality reasons, that that issue has been resolved and I don't think it helps anybody, let alone the wheat industry, to try and overdraw the political implications\".</p><p>But the deal done in Baghdad over the \"quality\" issue launched AWB's senior managers into Project Water and the scheme to again circumvent the UN sanctions on Iraq. As the war drew closer, AWB's international sales team became determined to get the money to Iraq and tried to enlist the Howard Government in its plans.</p><p>In November 2002, AWB asked the department for advice on what options it had for paying the $2 million to Iraq. The reply was not good. After checking with the UN, the department gave AWB two options: give Iraq a discount on its next wheat shipment or to put money back into the UN's escrow account. Neither was acceptable to the Iraqi regime, which wanted the money sent straight to it.</p><p>In December 2002, the Iraqis announced a new contract with AWB for 1 million tonnes of wheat at the inflated price. In evidence at the Cole inquiry, both the iron filings payment and the $8 million for Tigris were to be hidden in this and future contracts.</p><p>A legal paper given to AWB's board suggested one reason AWB wanted to hide the $8 million Tigris repayment in its contracts was that \"Tigris assisted AWB in recovering its market share\" in Iraq. \"In return AWB agreed to assist Tigris in recovering its debt.\"</p><p>But under intense questioning by Agius at the inquiry this week, Lindberg said this explanation to the board was false. Yet he could not explain adequately why the deal was done.</p><p>By February 2003, the Iraqis were again demanding their $2 million be paid as an additional \"inland transportation fee\", like the other kickbacks.</p><p>AWB managers were nervous. Such fees had long been under scrutiny in the US media and the UN's sanctions committee. AWB's senior manager, Peter Geary, sent Lindberg a file note on February 10, 2003.</p><p>\"This is a sensitive issue as you can understand,\" he said. \"As we get closer to the loading of the first vessel, we will need to advise you so you can OK the payment mechanism with DFAT, i.e. Minister Downer.</p><p>\"My guess is that DFAT and the UN will have major problems with this and if they say 'no' then we will have to address another way to get the moneys to Iraq - either reducing prices on future contracts or supplying additional wheat ...\"</p><p>But on February 20, the Iraqi trade minister came back again with his demand, saying the deal had been reached with Lindberg in Baghdad back in August. An AWB manager noted the deal would breach UN sanctions and \"this means that the Government of the Commonwealth of Australia would be obliged to prevent AWB from making any remittance of funds\" to the Iraqi Grain Board.</p><p>Lindberg was advised by his managers that the powerful international marketing branch of the company wanted to ignore the UN and just pay it through the usual route. They suggested that Lindberg, \"only convey our intentions to the Australian Government at the appropriate time\", but not until it was too late to change course.</p><p>The invasion of Iraq a few weeks later did not mark the end of Project Water. The same month <person><nameText>Saddam Hussein's</nameText></person> statue fell, Downer sent AWB's former chairman, Flugge, back to Baghdad as Australia's representative in the occupation government. His job was to reform the Agricultural Ministry.</p><p>Four weeks later, in May 2003, Project Water was back on track. A report prepared for AWB's executives noted that Tigris Petroleum - which was described as a lobbyist in Iraq - wanted to know when it was going to start receiving payments from AWB.</p><p>The memo, discovered by the Cole inquiry, noted: \"[Tigris] intimated that a number of influential people will need to start receiving funds and that further delays may cause difficulties going forward\".</p><p>Asked by Cole what this memo meant, Lindberg said he did not know. Cole asked bluntly whether the AWB executives were \"addressing the need to pay moneys to Tigris so that a bribe could be paid?\"</p><p>But Lindberg insisted: \"I don't know what it means.\"</p><p>Evidence at the inquiry shows that in November 2004, AWB's executives quietly paid to Tigris Petroleum almost $8 million, less commission. The money was taken, it appears, from the UN's oil for food escrow account for wheat contracts with the old Iraqi regime.</p><p>As Lindberg wound up his evidence this week, both his reputation and that of AWB were in shreds. But just how far the scandal will taint the Federal Government remains to be seen.</p><p>The hearings of the Cole inquiry will continue on Monday.</p></bodyText></nitf:body.content><nitf:body.end><graphic><nitf:media><caption><p>TWO PHOTOS: \"I don't know what it means\" ... AWB's Andrew Lindberg. Photo: Steven Siewert</p></caption></nitf:media></graphic></nitf:body.end></nitf:body><metadata><dc:metadata xmlns:dc=\"http://purl.org/dc/elements/1.1/\"><dc:identifier identifierScheme=\"DOC-ID\">SMHRLD-57y76zjt3ao1bryq87ej</dc:identifier><dc:source sourceScheme=\"royaltyReportingKey\">SMHRLD2006</dc:source><dc:identifier identifierScheme=\"PGUID\">urn:contentItem:4P6W-5170-TXN5-R2DG-00000-00</dc:identifier><dc:source sourceScheme=\"productContentSetIdentifier\">314237</dc:source><dc:date dateType=\"last-updated\">2019-10-01</dc:date></dc:metadata><wordCount number=\"2156\"/><publicationInfo><copyright>Copyright 2006 John Fairfax Publications Pty Ltd All Rights Reserved</copyright><publicationName>Sydney Morning Herald (Australia)</publicationName><edition>First Edition</edition><publicationDate day=\"21\" month=\"01\" year=\"2006\"><dateText>January 21, 2006 Saturday</dateText></publicationDate><classification classificationScheme=\"publicationtype\"><classificationItem><className>Newspaper</className></classificationItem></classification><classification classificationScheme=\"publicationtype\"><classificationItem><className>Newspapers</className></classificationItem></classification></publicationInfo><classification classificationScheme=\"language\"><classificationItem classificationScheme=\"lang.english\"><className>ENGLISH</className></classificationItem></classification><classificationGroup classificationScheme=\"indexing-terms\"><classification classificationScheme=\"company\"><classificationItem score=\"65\"><classCode>CC00024OT</classCode><className>BHP BILLITON PLC</className></classificationItem></classification><classification classificationScheme=\"organization\"><classificationItem score=\"59\"><className>AUSTRALIAN WHEAT BOARD</className></classificationItem><classificationItem score=\"56\"><className>UNITED NATIONS</className></classificationItem></classification><classification classificationScheme=\"industry\"><classificationItem score=\"65\"><className>NAICS212299 ALL OTHER METAL ORE MINING</className></classificationItem><classificationItem score=\"65\"><className>NAICS212234 COPPER ORE &amp; NICKEL ORE MINING</className></classificationItem><classificationItem score=\"65\"><className>NAICS212210 IRON ORE MINING</className></classificationItem><classificationItem score=\"65\"><className>SIC1021 COPPER ORES</className></classificationItem><classificationItem score=\"65\"><className>SIC1011 IRON ORES</className></classificationItem></classification><classification classificationScheme=\"ticker\"><classificationItem score=\"65\"><className>BLT (LSE)</className></classificationItem><classificationItem score=\"65\"><className>BIBLT (JSE)</className></classificationItem><classificationItem score=\"65\"><className>BBL (NYSE)</className></classificationItem></classification></classificationGroup><classificationGroup classificationScheme=\"licensor.indexing-terms\"><classification classificationScheme=\"licensor.region\"><classificationItem><className>Australia</className></classificationItem><classificationItem><className>Iraq</className></classificationItem></classification><classification classificationScheme=\"licensor.subject\"><classificationItem><className>Company/Australian Wheat Board/AWB Ltd/Cole Inquiry</className></classificationItem><classificationItem><className>People/Name/Lindberg/Andrew/Business</className></classificationItem><classificationItem><className>Industry/Primary Industry/Crops/Wheat</className></classificationItem><classificationItem><className>Economy/Trade/Exports and Imports</className></classificationItem></classification></classificationGroup><classificationGroup classificationScheme=\"indexing-terms\"><classification classificationScheme=\"legal\"><classificationItem><className>Governments</className><classCode>Z3VpZD11cm46dG9waWM6MjdEQjE4OUJDMzQxNDNEMEI0RTI1QUFCMzJENjEwRTA7cGFyZW50Z3VpZD0</classCode><classificationItem score=\"88\"><className>Relations With Governments</className><classCode>Z3VpZD11cm46dG9waWM6NDYwNzQwQkYzMTI5NEFCMTkyMDM3QzFCNzE2MUE4MUM7cGFyZW50Z3VpZD11cm46dG9waWM6QURCRDNBRjBGRTE0NEFBRUEzNUU1MzFGQjg3MTM4MDI</classCode></classificationItem></classificationItem></classification><classification classificationScheme=\"subject\"><classificationItem score=\"90\"><classCode>STX000969</classCode><className>INVESTIGATIONS</className><classCode/><className/></classificationItem><classificationItem score=\"90\"><classCode>ST0009YM7</classCode><className>IRAQ WAR</className><classCode/><className/></classificationItem><classificationItem score=\"90\"><classCode>STX001833</classCode><className>WHEAT MARKETS</className><classCode/><className/></classificationItem><classificationItem score=\"89\"><classCode>STX000587</classCode><className>EMBARGOES &amp; SANCTIONS</className><classCode/><className/></classificationItem><classificationItem score=\"89\"><classCode>STX000679</classCode><className>EXPORT TRADE</className><classCode/><className/></classificationItem><classificationItem score=\"89\"><classCode>ST0009FJK</classCode><className>NEGATIVE PERSONAL NEWS</className><classCode/><className/></classificationItem><classificationItem score=\"89\"><classCode>ST000DKU4</classCode><className>UNITED NATIONS</className><classCode/><className/></classificationItem><classificationItem score=\"87\"><classCode>STX000950</classCode><className>INTERNATIONAL RELATIONS</className><classCode/><className/></classificationItem><classificationItem score=\"78\"><classCode>ST0008WWJ</classCode><className>AGRICULTURAL COMMODITY REGULATION</className><classCode/><className/></classificationItem><classificationItem score=\"78\"><classCode>STX000194</classCode><className>BOARDS OF DIRECTORS</className><classCode/><className/></classificationItem><classificationItem score=\"78\"><classCode>ST000D4DR</classCode><className>GRAIN EXPORTS &amp; IMPORTS</className><classCode/><className/></classificationItem><classificationItem score=\"78\"><classCode>N928000CC</classCode><className>INTERNATIONAL RELATIONS &amp; NATIONAL SECURITY</className><classCode/><className/></classificationItem><classificationItem score=\"78\"><classCode>ST000CTIZ</classCode><className>SCANDALS</className><classCode/><className/></classificationItem><classificationItem score=\"78\"><classCode>N928120MM</classCode><className>STATE DEPARTMENTS &amp; FOREIGN SERVICES</className><classCode/><className/></classificationItem><classificationItem score=\"78\"><classCode>STX001849</classCode><className>WITNESSES</className><classCode/><className/></classificationItem><classificationItem score=\"77\"><classCode>STX000072</classCode><className>ALLIANCES &amp; PARTNERSHIPS</className><classCode/><className/></classificationItem><classificationItem score=\"77\"><classCode>STX000895</classCode><className>IMPORT TRADE</className><classCode/><className/></classificationItem><classificationItem score=\"74\"><classCode>ST00097CV</classCode><className>UNITED NATIONS INSTITUTIONS</className><classCode/><className/></classificationItem><classificationItem score=\"73\"><classCode>STX000211</classCode><className>BRIBERY</className><classCode>Z3VpZD11cm46dG9waWM6MDdBNUZBQTcxQ0QzNEQ2MDk3MUU1RUM0Rjg0RDM1NDk7cGFyZW50Z3VpZD11cm46dG9waWM6RjgwNUY4MjJCMTg5NDgzRUJBMDQwNkM4NkUyNTJBMEY</classCode><className>Bribery</className></classificationItem><classificationItem score=\"73\"><classCode>N920000CC</classCode><className>GOVERNMENT &amp; PUBLIC ADMINISTRATION</className><classCode>Z3VpZD11cm46dG9waWM6MjdEQjE4OUJDMzQxNDNEMEI0RTI1QUFCMzJENjEwRTA7cGFyZW50Z3VpZD11cm46dG9waWM6MUFEMUQ2QTA1OUZCNEE5RjkzNTA2RERFMUNEOTk1RTI</classCode><className>Governments</className></classificationItem><classificationItem score=\"73\"><classCode>STX001066</classCode><className>MANAGERS &amp; SUPERVISORS</className><classCode/><className/></classificationItem><classificationItem score=\"73\"><classCode>STX001159</classCode><className>MONEY LAUNDERING</className><classCode>Z3VpZD11cm46dG9waWM6QzBDQzA4NEVCN0Q0NEZCRkEwNjY3Qzk3MDA3NzlCMjU7cGFyZW50Z3VpZD11cm46dG9waWM6NkUzNTQ1QUZBM0Y5NDcyQjk4N0I5Mjg0QzU3NDk0MDI</classCode><className>Money Laundering</className></classificationItem><classificationItem score=\"73\"><classCode>STX001561</classCode><className>SHAREHOLDERS</className><classCode>Z3VpZD11cm46dG9waWM6NEI2QjYxNjkwMTkzNDhFRUExNjlFRjVFRUU3NDhBQkE7cGFyZW50Z3VpZD11cm46dG9waWM6MDQ3M0RFODczN0I4NDg2RjlFRDNFMUNBODRDQTU0Q0E</classCode><className>Shareholders</className></classificationItem><classificationItem score=\"72\"><classCode>ST00097CC</classCode><className>COMMERCE DEPARTMENTS</className><classCode/><className/></classificationItem><classificationItem score=\"70\"><classCode>ST0008X9J</classCode><className>FOOD CHARITIES</className><classCode/><className/></classificationItem><classificationItem score=\"50\"><classCode>STX000983</classCode><className>JOINT VENTURES</className><classCode>Z3VpZD11cm46dG9waWM6RjYwQjM2NjQzMDM0NDZDOTk1OTdEM0NFMEJGNjA5OUY7cGFyZW50Z3VpZD11cm46dG9waWM6QjA4OEVGODBENzY4NDcxM0IyQzA1OTEwQzVDODRBOUE</classCode><className>Joint Ventures</className></classificationItem><classificationItem score=\"50\"><classCode>ST000DN6R</classCode><className>PUBLIC OFFICIALS</className><classCode/><className/></classificationItem></classification><classification classificationScheme=\"industry\"><classificationItem score=\"90\"><classCode>N212234IM</classCode><className>COPPER MINING</className><classCode/><className/></classificationItem><classificationItem score=\"90\"><classCode>N212200CC</classCode><className>METAL ORE MINING</className><classCode/><className/></classificationItem><classificationItem score=\"90\"><classCode>ST0008X7V</classCode><className>MINES &amp; MINING</className><classCode/><className/></classificationItem><classificationItem score=\"90\"><classCode>N212234OM</classCode><className>NICKEL MINING</className><classCode/><className/></classificationItem><classificationItem score=\"90\"><classCode>STX001833</classCode><className>WHEAT MARKETS</className><classCode/><className/></classificationItem><classificationItem score=\"78\"><classCode>ST0008WWJ</classCode><className>AGRICULTURAL COMMODITY REGULATION</className><classCode/><className/></classificationItem><classificationItem score=\"78\"><classCode>ST000D4DR</classCode><className>GRAIN EXPORTS &amp; IMPORTS</className><classCode/><className/></classificationItem><classificationItem score=\"70\"><classCode>ST0009FBJ</classCode><className>PETROLEUM PRODUCTS</className><classCode/><className/></classificationItem></classification><classification classificationScheme=\"person\"><classificationItem score=\"78\"><classCode>PE0009WGJ</classCode><className>SADDAM HUSSEIN</className><classCode/><className/></classificationItem></classification><classification classificationScheme=\"city\"><classificationItem score=\"89\"><classCode>GX014</classCode><className>SYDNEY, AUSTRALIA</className><classCode/><className/></classificationItem></classification><classification classificationScheme=\"country\"><classificationItem score=\"97\"><classCode>GC301</classCode><className>AUSTRALIA</className><classCode/><className/></classificationItem><classificationItem score=\"94\"><classCode>GC358</classCode><className>IRAQ</className><classCode/><className/></classificationItem></classification></classificationGroup></metadata></articleDoc></content></entry>"}