{"prediction_class": "Regulatory Breaches Tax Evasion Smuggling of goods", "prediction_score": "0.98", "name": "BHP Billiton", "title": "SEC Freezes Assets of Two Traders in Spain for Insider Trading Around Public Announcement of BHP Acquisition Bid", "published": "2010-08-24T00:00:00Z", "updated": "2020-11-15T20:42:40Z", "cleaned_article": "[TITLE] SEC Freezes Assets of Two Traders in Spain for Insider Trading Around Public Announcement of BHP Acquisition Bid [TITLE] \n\nThe Securities & Exchange Commission issued the following news release: The Securities and Exchange Commission has charged two residents of Madrid, Spain with insider trading and obtained an emergency court order to freeze their assets after they made nearly $1.1 million in illegal profits by trading in advance of last week's public announcement of a multi-billion dollar cash tender offer by BHP Billiton Plc to acquire Potash Corp. of Saskatchewan Inc. The SEC alleges that Juan Jose Fernandez Garcia and Luis Martin Caro Sanchez purchased -- on the basis of material, non-public information about the impending tender offer -- hundreds of \"out-of-the-money\" call option contracts for stock in Potash in the days leading up to the public announcement of BHP's bid on August 17. Garcia is the head of a research arm at Banco Santander, S.A. -- a Spanish banking group advising BHP on its bid. Garcia and Sanchez jointly spent a little more than $61,000 to purchase the contracts in U.S. brokerage accounts. Immediately after BHP's offer was announced publicly on August 17, Garcia and Sanchez sold all of their options for illicit profits of nearly $1.1 million. \"Garcia and Sanchez tried to move off-shore highly suspicious trading profits made just a few days before. When abusive market practices occur, as in the case against Garcia and Sanchez, we will act swiftly and decisively to deny wrongdoers the profits of their illegal activity,\" said Daniel M. Hawke, Chief of the Enforcement Division's Market Abuse Unit.", "raw_cleaned_article": "<h2>SEC Freezes Assets of Two Traders in Spain for Insider Trading Around Public Announcement of BHP Acquisition Bid</h2><p>The Securities & Exchange Commission issued the following news release: <b>The Securities and Exchange Commission has charged two residents of Madrid, Spain with insider trading and obtained an emergency court order to freeze their assets after they made nearly $1.1 million in illegal profits by trading in advance of last week's public announcement of a multi-billion dollar cash tender offer by BHP Billiton Plc to acquire Potash Corp. of Saskatchewan Inc.</b> The SEC alleges that Juan Jose Fernandez Garcia and Luis Martin Caro Sanchez purchased -- on the basis of material, non-public information about the impending tender offer -- hundreds of \"out-of-the-money\" call option contracts for stock in Potash in the days leading up to the public announcement of BHP's bid on August 17. Garcia is the head of a research arm at Banco Santander, S.A. -- a Spanish banking group advising BHP on its bid. Garcia and Sanchez jointly spent a little more than $61,000 to purchase the contracts in U.S. brokerage accounts. Immediately after BHP's offer was announced publicly on August 17, Garcia and Sanchez sold all of their options for illicit profits of nearly $1.1 million. \"Garcia and Sanchez tried to move off-shore highly suspicious trading profits made just a few days before. When abusive market practices occur, as in the case against Garcia and Sanchez, we will act swiftly and decisively to deny wrongdoers the profits of their illegal activity,\" said Daniel M. Hawke, Chief of the Enforcement Division's Market Abuse Unit.</p>", "original_content": "<entry xmlns=\"http://www.w3.org/2005/Atom\"><id>urn:contentItem:50VV-FYS1-DYG2-R10Y-00000-00</id><title>SEC Freezes Assets of Two Traders in Spain for Insider Trading Around Public Announcement of BHP Acquisition Bid</title><published>2010-08-24T00:00:00Z</published><updated>2020-11-15T20:42:40Z</updated><author><name>LexisNexis</name></author><content type=\"application/xml\"><!--Transformation version 1.23--><articleDoc xmlns=\"\" xmlns:xsi=\"http://www.w3.org/2001/XMLSchema-instance\" xsi:noNamespaceSchemaLocation=\"http://www.lexisnexis.com/xmlschemas/content/public/articledoc/1/\" schemaVersion=\"1.8\" xml:lang=\"en\"><articleDocHead><itemInfo/></articleDocHead><nitf:body xmlns:nitf=\"http://iptc.org/std/NITF/2006-10-18/\"><nitf:body.head><nitf:hedline><nitf:hl1>SEC Freezes Assets of Two Traders in Spain for Insider Trading Around Public Announcement of BHP Acquisition Bid</nitf:hl1></nitf:hedline><nitf:byline><author><person><nameText>Targeted News Service</nameText></person></author></nitf:byline><nitf:dateline><location>WASHINGTON</location></nitf:dateline></nitf:body.head><nitf:body.content><bodyText><p nitf:lede=\"true\">The Securities &amp; Exchange Commission issued the following news release:</p><p nitf:lede=\"true\">The Securities and Exchange Commission has charged two residents of Madrid, Spain with insider trading and obtained an emergency court order to freeze their assets after they made nearly $1.1 million in illegal profits by trading in advance of last week's public announcement of a multi-billion dollar cash tender offer by BHP Billiton Plc to acquire Potash Corp. of Saskatchewan Inc.</p><p nitf:lede=\"true\">Additional Materials</p><p>* SEC Complaint (<url normalizedValue=\"http://www.sec.gov/litigation/complaints/2010/comp-pr2010-153.pdf\">http://www.sec.gov/litigation/complaints/2010/comp-pr2010-153.pdf</url>)</p><p>The SEC alleges that Juan Jose Fernandez Garcia and Luis Martin Caro Sanchez purchased -- on the basis of material, non-public information about the impending tender offer -- hundreds of \"out-of-the-money\" call option contracts for stock in Potash in the days leading up to the public announcement of BHP's bid on August 17. Garcia is the head of a research arm at Banco Santander, S.A. -- a Spanish banking group advising BHP on its bid. Garcia and Sanchez jointly spent a little more than $61,000 to purchase the contracts in U.S. brokerage accounts. Immediately after BHP's offer was announced publicly on August 17, Garcia and Sanchez sold all of their options for illicit profits of nearly $1.1 million.</p><p>\"Garcia and Sanchez tried to move off-shore highly suspicious trading profits made just a few days before. When abusive market practices occur, as in the case against Garcia and Sanchez, we will act swiftly and decisively to deny wrongdoers the profits of their illegal activity,\" said Daniel M. Hawke, Chief of the Enforcement Division's Market Abuse Unit.</p><p>According to the SEC's complaint filed Friday in U.S. District Court for the Northern District of Illinois and unsealed by the court today, BHP made an unsolicited $38.6 billion offer to purchase all of the stock of Potash for $130 per share in cash. The acquisition share price represented a 16 percent premium above Potash's closing price of $112.15 on August 16. Potash, based in Saskatoon, Canada, is the world's largest producer of fertilizer minerals and its stock trades on the New York Stock Exchange. BHP, based in Melbourne, Australia, is the world's largest mining company.</p><p>The SEC alleges that Garcia was in possession of material, nonpublic information regarding BHP's offer to acquire Potash while he purchased approximately 282 call option contracts for Potash stock from August 12 to 16. The majority of the contracts were set to expire on August 21, and all but six of the call option contracts purchased by Garcia were out-of-the-money. Sanchez, while in possession of material, nonpublic information regarding BHP's offer to acquire Potash, purchased approximately 331 out-of-the-money call option contracts for Potash stock on August 12 and 13. He purchased the contracts in an account at Interactive Brokers LLC -- the same U.S. brokerage firm through which Garcia traded his Potash call option contracts. Sanchez's contracts were set to expire within weeks of the purchase date. Neither individual had previously traded this year in Potash securities through his account at Interactive Brokers.</p><p>The emergency court order obtained late Friday by the SEC on an ex parte basis and unsealed by the court today freezes approximately $1.1 million in assets and, among other things, grants expedited discovery and prohibits Garcia and Sanchez from destroying evidence.</p><p>The SEC alleges that Garcia and Sanchez violated Sections 10(b) and 14(e) of the Securities Exchange Act of 1934 and Rules 10b-5 and 14e-3 thereunder. In addition to the emergency relief, the Commission is seeking permanent injunctions, disgorgement of ill-gotten gains with prejudgment interest, and financial penalties.</p><p>The SEC's Market Abuse Unit headed by chief Daniel M. Hawke and deputy chief Sanjay Wadhwa conducted the expedited investigation in this matter jointly with the agency's Chicago Regional Office. Chicago-based Market Abuse Unit staff involved in the investigation include Kathryn A. Pyszka, Frank D. Goldman and Dee A. O'Hair. Other Chicago Regional Office staff involved are R. Kevin Barrett, James Lundy and Steven C. Seeger under the leadership of Regional Director Merri Jo Gillette and Associate Regional Director Timothy Warren.</p><p>The SEC's investigation is continuing.</p><p>Contact: Sanjay Wadhwa, Deputy Chief, 212/336-0181</p><p>Copyright Targeted News Services</p><p>TNS MT93 100825-2969983 61MarlizTagarum</p></bodyText></nitf:body.content></nitf:body><metadata><dc:metadata xmlns:dc=\"http://purl.org/dc/elements/1.1/\"><dc:identifier identifierScheme=\"DOC-ID\">TNS-PR2969983</dc:identifier><dc:source sourceScheme=\"royaltyReportingKey\">TARGET2010</dc:source><dc:identifier identifierScheme=\"PGUID\">urn:contentItem:50VV-FYS1-DYG2-R10Y-00000-00</dc:identifier><dc:source sourceScheme=\"productContentSetIdentifier\">299219</dc:source><dc:date dateType=\"last-updated\">2018-01-11</dc:date></dc:metadata><wordCount number=\"736\"/><timeReceived>3:06 AM  EST</timeReceived><publicationInfo><copyright>Copyright 2010 Targeted News Service LLC All Rights Reserved</copyright><publicationName>Targeted News Service</publicationName><publicationDate day=\"24\" month=\"08\" year=\"2010\"><dateText>August 24, 2010 Tuesday</dateText></publicationDate><classification classificationScheme=\"publicationtype\"><classificationItem><className>Newswire</className></classificationItem></classification><classification classificationScheme=\"publicationtype\"><classificationItem><className>Newswires &amp; Press Releases</className></classificationItem></classification></publicationInfo><classification classificationScheme=\"language\"><classificationItem classificationScheme=\"lang.english\"><className>ENGLISH</className></classificationItem></classification><classificationGroup classificationScheme=\"indexing-terms\"><classification classificationScheme=\"company\"><classificationItem score=\"85\"><classCode>CC00024OT</classCode><className>BHP BILLITON PLC</className></classificationItem><classificationItem score=\"84\"><classCode>CC0002OTO</classCode><className>BANCO SANTANDER SA</className></classificationItem><classificationItem score=\"83\"><classCode>CC0001WOW</classCode><className>POTASH CORP OF SASKATCHEWAN INC</className></classificationItem><classificationItem score=\"51\"><classCode>CC0009SWF</classCode><className>NEW YORK STOCK EXCHANGE LLC</className></classificationItem></classification><classification classificationScheme=\"organization\"><classificationItem score=\"98\"><className>SECURITIES &amp; EXCHANGE COMMISSION</className></classificationItem></classification><classification classificationScheme=\"ticker\"><classificationItem score=\"85\"><className>BLT (LSE)</className></classificationItem><classificationItem score=\"85\"><className>BIBLT (JSE)</className></classificationItem><classificationItem score=\"85\"><className>BBL (NYSE)</className></classificationItem><classificationItem score=\"84\"><className>SANT (LIS)</className></classificationItem><classificationItem score=\"84\"><className>SANT (BIT)</className></classificationItem><classificationItem score=\"84\"><className>SANB3 (BOVESPA)</className></classificationItem><classificationItem score=\"84\"><className>SAN (WSE)</className></classificationItem><classificationItem score=\"84\"><className>SAN (NYSE)</className></classificationItem><classificationItem score=\"84\"><className>SAN (MCE)</className></classificationItem><classificationItem score=\"84\"><className>SAN (BMV)</className></classificationItem><classificationItem score=\"84\"><className>BNC (LSE)</className></classificationItem><classificationItem score=\"83\"><className>POT (TSX)</className></classificationItem><classificationItem score=\"83\"><className>POT (NYSE)</className></classificationItem></classification></classificationGroup><classificationGroup classificationScheme=\"indexing-terms\"><classification classificationScheme=\"legal\"><classificationItem><className>Contracts Law</className><classCode>Z3VpZD11cm46dG9waWM6QzY0RTZFMzE0RjkwNDdFQUI5M0U5N0ZFMjYyREMyQzU7cGFyZW50Z3VpZD0</classCode><classificationItem score=\"54\"><className>Option Contracts</className><classCode>Z3VpZD11cm46dG9waWM6MEYyQUM1OTA3MTM4NDlGM0E1Q0YzNjUxQkQ4MDVFRTM7cGFyZW50Z3VpZD11cm46dG9waWM6Qjg1NzgyRDNGQzg1NEM5Nzg3RjA3MEUwRTA1QUI0NkU</classCode></classificationItem></classificationItem><classificationItem><className>Securities Law</className><classCode>Z3VpZD11cm46dG9waWM6RkFFMTQ3ODhCRDYyNDkyN0IwQkEyQzRCRDlFMEM5ODc7cGFyZW50Z3VpZD0</classCode><classificationItem score=\"50\"><className>General Overview</className><classCode>Z3VpZD11cm46dG9waWM6Q0QyMUU5RUQ3QjRENEJEMDgxQjY4MTZFOEM5NTU4Qzg7cGFyZW50Z3VpZD11cm46dG9waWM6RUIzQjA3MTA3NDFENDVGNkIzNjVEM0IwNDNDMTkxOEQ</classCode></classificationItem><classificationItem score=\"50\"><className>Penalties for Knowing &amp; Willful Violations</className><classCode>Z3VpZD11cm46dG9waWM6NzUxN0E4RjY1RDgyNEQ5MTlCOURBMjNCMUZFMUE3OTA7cGFyZW50Z3VpZD11cm46dG9waWM6NTIwNDgzMTY4QzQ5NDYzOEE0Njg0ODk0QzZBNEZFNUM</classCode></classificationItem><classificationItem score=\"50\"><className>Prejudgment Interest</className><classCode>Z3VpZD11cm46dG9waWM6RTEzNDBGNkMxMTNCNDE4M0FGMDNBNjZDNzU5RjgyNTc7cGFyZW50Z3VpZD11cm46dG9waWM6NkZBM0YyRjM0M0UwNDlEOTlCOTAxMzk3MUYxMDYzQkQ</classCode></classificationItem><classificationItem score=\"50\"><className>Public Announcements</className><classCode>Z3VpZD11cm46dG9waWM6NEJBNDUxNDI5MDQ0NDUyQjk4M0MwMDA5OEY0MzFGOUU7cGFyZW50Z3VpZD11cm46dG9waWM6RkQ3OUU1OUJDNkUwNDI1RUFDRkIwQ0YyOTFEMUJCOTQ</classCode></classificationItem><classificationItem score=\"50\"><className>Stock Exchanges</className><classCode>Z3VpZD11cm46dG9waWM6M0ZDMDg5MEQ3OTlGNEJCMkI0M0EyM0MwN0E1Njk1MEQ7cGFyZW50Z3VpZD11cm46dG9waWM6NDBGREFBMDgyNTQ0NERFRUI3MEUwNDBFOTM5NDExREI</classCode></classificationItem><classificationItem score=\"50\"><className>Suspension of Trading</className><classCode>Z3VpZD11cm46dG9waWM6QjFCRERDMzBDMzcwNDlBNEE0MDYzRkM5N0U1QzdBMEU7cGFyZW50Z3VpZD11cm46dG9waWM6RDRENUQ3RUY0MkRCNDJERTg5RDFBQjBCRUFGMzVCRDM</classCode></classificationItem></classificationItem></classification><classification classificationScheme=\"subject\"><classificationItem score=\"90\"><classCode>STX000924</classCode><className>INSIDER TRADING</className><classCode>Z3VpZD11cm46dG9waWM6OEI5MDhDNzIzREUxNDczRjkyNDlDQUQ0NTY4REJBNzU7cGFyZW50Z3VpZD11cm46dG9waWM6QzI0MUY3RDMxMTg0NDQxNzlGRTk4NTEzM0IyNDhFODQ</classCode><className>Insider Trading</className></classificationItem><classificationItem score=\"90\"><classCode>ST000A68G</classCode><className>TENDER OFFERS</className><classCode/><className/></classificationItem><classificationItem score=\"89\"><classCode>N922110CC</classCode><className>LAW COURTS &amp; TRIBUNALS</className><classCode/><className/></classificationItem><classificationItem score=\"89\"><classCode>STX001040</classCode><className>LITIGATION</className><classCode/><className/></classificationItem><classificationItem score=\"78\"><classCode>ST0009RDY</classCode><className>MINING &amp; EXTRACTION SECTOR PERFORMANCE</className><classCode/><className/></classificationItem><classificationItem score=\"78\"><classCode>STX001648</classCode><className>SUITS &amp; CLAIMS</className><classCode/><className/></classificationItem><classificationItem score=\"73\"><classCode>STX001410</classCode><className>COMPANY PROFITS</className><classCode/><className/></classificationItem></classification><classification classificationScheme=\"industry\"><classificationItem score=\"90\"><classCode>ST0009RX6</classCode><classCode/><className/></classificationItem><classificationItem score=\"90\"><classCode>N520000CC</classCode><className>BANKING &amp; FINANCE</className><classCode/><className/></classificationItem><classificationItem score=\"90\"><classCode>STX000924</classCode><className>INSIDER TRADING</className><classCode>Z3VpZD11cm46dG9waWM6OEI5MDhDNzIzREUxNDczRjkyNDlDQUQ0NTY4REJBNzU7cGFyZW50Z3VpZD11cm46dG9waWM6QzI0MUY3RDMxMTg0NDQxNzlGRTk4NTEzM0IyNDhFODQ</classCode><className>Insider Trading</className></classificationItem><classificationItem score=\"89\"><classCode>ST000CZTI</classCode><className>STOCK PRICES</className><classCode/><className/></classificationItem><classificationItem score=\"89\"><classCode>N523110GM</classCode><className>SECURITIES TRADING</className><classCode/><className/></classificationItem><classificationItem score=\"88\"><classCode>STX001633</classCode><className>STOCK OPTIONS</className><classCode/><className/></classificationItem><classificationItem score=\"78\"><classCode>N523210MM</classCode><className>STOCK EXCHANGES</className><classCode>Z3VpZD11cm46dG9waWM6M0ZDMDg5MEQ3OTlGNEJCMkI0M0EyM0MwN0E1Njk1MEQ7cGFyZW50Z3VpZD11cm46dG9waWM6NDBGREFBMDgyNTQ0NERFRUI3MEUwNDBFOTM5NDExREI</classCode><className>Stock Exchanges</className></classificationItem><classificationItem score=\"78\"><classCode>ST0009RDY</classCode><className>MINING &amp; EXTRACTION SECTOR PERFORMANCE</className><classCode/><className/></classificationItem><classificationItem score=\"76\"><classCode>ST0008X7V</classCode><className>MINES &amp; MINING</className><classCode/><className/></classificationItem><classificationItem score=\"76\"><classCode>N325310CC</classCode><className>FERTILIZER MFG</className><classCode/><className/></classificationItem><classificationItem score=\"76\"><classCode>N212391MM</classCode><className>POTASH SODA &amp; BORATE MINING</className><classCode/><className/></classificationItem><classificationItem score=\"71\"><classCode>ST0009FAV</classCode><className>FERTILIZERS</className><classCode/><className/></classificationItem></classification><classification classificationScheme=\"city\"><classificationItem score=\"79\"><classCode>GX015</classCode><className>MELBOURNE, AUSTRALIA</className><classCode/><className/></classificationItem><classificationItem score=\"79\"><classCode>GX307</classCode><className>MADRID, SPAIN</className><classCode/><className/></classificationItem></classification><classification classificationScheme=\"state\"><classificationItem score=\"88\"><classCode>GS177</classCode><className>SASKATCHEWAN, CANADA</className><classCode/><className/></classificationItem><classificationItem score=\"79\"><classCode>GS129</classCode><className>ILLINOIS, USA</className><classCode/><className/></classificationItem><classificationItem score=\"66\"><classCode>GS007</classCode><className>VICTORIA, AUSTRALIA</className><classCode/><className/></classificationItem></classification><classification classificationScheme=\"country\"><classificationItem score=\"90\"><classCode>GC301</classCode><className>AUSTRALIA</className><classCode/><className/></classificationItem><classificationItem score=\"79\"><classCode>GC339</classCode><className>CANADA</className><classCode/><className/></classificationItem><classificationItem score=\"79\"><classCode>GC343</classCode><className>UNITED STATES</className><classCode/><className/></classificationItem><classificationItem score=\"73\"><classCode>GC325</classCode><className>SPAIN</className><classCode/><className/></classificationItem></classification></classificationGroup></metadata></articleDoc></content></entry>"}