{"prediction_class": "Regulatory Breaches Tax Evasion Smuggling of goods", "prediction_score": "0.9", "name": "BHP Billiton", "title": "BHP Billiton says it broke no laws in Iraq oil-for-food scandal", "published": "2006-11-29T00:00:00Z", "updated": "2020-11-15T20:58:15Z", "cleaned_article": "[TITLE] BHP Billiton says it broke no laws in Iraq oil-for-food scandal [TITLE] \n\nMining giant BHP Billiton Ltd.said Wednesday it broke no Australian laws in its dealings with Iraq under the U.N. oil-for-food program amid allegations that a former executive conspired to defraud the corruption-riddled scheme of millions of dollars. The executive, Norman Davidson Kelly, was one of 12 people named in a probe into $220 million in kickbacks paid by Australia's monopoly wheat exporter, AWB Ltd., to former Iraqi dictator Saddam Hussein under the U.N. program. The mining company was drawn into the scandal after evidence was produced showing that a subsidiary company, BHP Petroleum, paid for a $5 million (3.8 million euros) AWB wheat shipment to Iraq in 1996 in the hopes of winning favor with the regime and gaining access to oil exploration rights.", "raw_cleaned_article": "<h2>BHP Billiton says it broke no laws in Iraq oil-for-food scandal</h2><p><b>Mining giant BHP Billiton Ltd.said Wednesday it broke no Australian laws in its dealings with Iraq under the U.N. oil-for-food program amid allegations that a former executive conspired to defraud the corruption-riddled scheme of millions of dollars.</b> The executive, Norman Davidson Kelly, was one of 12 people named in a probe into $220 million in kickbacks paid by Australia's monopoly wheat exporter, AWB Ltd., to former Iraqi dictator Saddam Hussein under the U.N. program. The mining company was drawn into the scandal after evidence was produced showing that a subsidiary company, BHP Petroleum, paid for a $5 million (3.8 million euros) AWB wheat shipment to Iraq in 1996 in the hopes of winning favor with the regime and gaining access to oil exploration rights.</p>", "original_content": "<entry xmlns=\"http://www.w3.org/2005/Atom\"><id>urn:contentItem:4MFR-8YM0-TX0H-F2T7-00000-00</id><title>BHP Billiton says it broke no laws in Iraq oil-for-food scandal</title><published>2006-11-29T00:00:00Z</published><updated>2020-11-15T20:58:15Z</updated><author><name>LexisNexis</name></author><content type=\"application/xml\"><!--Transformation version 1.23--><articleDoc xmlns=\"\" xmlns:xsi=\"http://www.w3.org/2001/XMLSchema-instance\" xsi:noNamespaceSchemaLocation=\"http://www.lexisnexis.com/xmlschemas/content/public/articledoc/1/\" schemaVersion=\"1.8\" xml:lang=\"en\"><articleDocHead><itemInfo><sourceSectionInfo><positionSection>BUSINESS NEWS</positionSection></sourceSectionInfo></itemInfo></articleDocHead><nitf:body xmlns:nitf=\"http://iptc.org/std/NITF/2006-10-18/\"><nitf:body.head><nitf:hedline><nitf:hl1>BHP Billitonsays it broke no laws in Iraq oil-for-food scandal</nitf:hl1></nitf:hedline><nitf:byline><author><person><nameText>By MERAIAH FOLEY</nameText></person></author><nitf:byttl>Associated Press Writer</nitf:byttl></nitf:byline><nitf:dateline><location>SYDNEY</location> Australia</nitf:dateline></nitf:body.head><nitf:body.content><bodyText><p nitf:lede=\"true\">Mining giant BHP Billiton Ltd.said Wednesday it broke no Australian laws in its dealings with Iraq under the U.N. oil-for-food program amid allegations that a former executive conspired to defraud the corruption-riddled scheme of millions of dollars.</p><p>The executive, Norman Davidson Kelly, was one of 12 people named in a probe into $220 million in kickbacks paid by Australia's monopoly wheat exporter, AWB Ltd., to former Iraqi <person><nameText>dictator Saddam </nameText></person>Hussein under the U.N. program.</p><p>The mining company was drawn into the scandal after evidence was produced showing that a subsidiary company, BHP Petroleum, paid for a $5 million (3.8 million euros) AWB wheat shipment to Iraq in 1996 in the hopes of winning favor with the regime and gaining access to oil exploration rights.</p><p>Four years later, Tigris Petroleum, a Gibraltar-based company founded by former BHP executive Davidson Kelly, sought to recover the $5 million (3.8 million euros) as a debt. It allegedly contracted AWB to recover the money by inflating the price of wheat it was charging to the U.N. program.</p><p>In his government-backed report, retired Judge Terence Cole cleared BHP and BHP Petroleum of any wrongdoing, but found Davidson Kelly may have breached Australian criminal laws by conspiring with AWB to inflate wheat prices across two U.N. oil-for-food contracts.</p><p>In a statement Wednesday, BHP announced it would review its future dealings with Tigris Petroleum, but its own internal review of the 1996 wheat shipment were consistent with Cole's findings.</p><p>In a summary of its internal review, BHP said the wheat shipment had been approved by both the U.N. and Australia's Department of Foreign Affairs as a gift to improve BHP Petroleum's standing in Iraq.</p><p>\"The 1996 wheat shipment was not a bribe and did not breach customs regulations or the Crimes Act,\" the summary said.</p><p>BHP said it had not conferred to Tigris any right to recover the wheat shipment as a debt, and was not \"involved in, or aware of, the steps taken by Tigris\" to recover the $5 million and \"never received any moneys in respect of the 1996 wheat shipment.\"</p><p>Chief Executive Chip Goodyear said the company's investigation was consistent with the Cole report's findings that the mining giant did not break any Australian laws.</p><p>\"The conclusions reached by the internal review were consistent with Commissioner Coles findings that is that BHP and BHP Petroleum complied with Australian law and U.N. sanctions,\" he said.</p></bodyText></nitf:body.content></nitf:body><metadata><dc:metadata xmlns:dc=\"http://purl.org/dc/elements/1.1/\"><dc:identifier identifierScheme=\"DOC-ID\">APFINL-APFN Australia Oil For Food BHP_BHP Billiton says it broke no laws in Iraq oil-for-food scandal</dc:identifier><dc:source sourceScheme=\"royaltyReportingKey\">APFINL2006</dc:source><dc:identifier identifierScheme=\"PGUID\">urn:contentItem:4MFR-8YM0-TX0H-F2T7-00000-00</dc:identifier><dc:source sourceScheme=\"productContentSetIdentifier\">288311</dc:source><dc:date dateType=\"last-updated\">2020-02-26</dc:date></dc:metadata><wordCount number=\"406\"/><timeReceived>1:29 AM GMT</timeReceived><publicationInfo><copyright>Copyright 2006 Associated Press All Rights Reserved</copyright><publicationName>Associated Press Financial Wire</publicationName><publicationDate day=\"29\" month=\"11\" year=\"2006\"><dateText>November 29, 2006 Wednesday</dateText></publicationDate><classification classificationScheme=\"publicationtype\"><classificationItem><className>Newswire</className></classificationItem></classification><classification classificationScheme=\"publicationtype\"><classificationItem><className>Newswires &amp; Press Releases</className></classificationItem></classification></publicationInfo><classification classificationScheme=\"language\"><classificationItem classificationScheme=\"lang.english\"><className>ENGLISH</className></classificationItem></classification><classificationGroup classificationScheme=\"indexing-terms\"><classification classificationScheme=\"company\"><classificationItem score=\"93\"><classCode>CC00024OT</classCode><className>BHP BILLITON PLC</className></classificationItem><classificationItem score=\"93\"><classCode>CC00026MK</classCode><className>BHP BILLITON LTD</className></classificationItem><classificationItem score=\"72\"><classCode>CC0002JZ2</classCode><className>AGRIUM INC</className></classificationItem></classification><classification classificationScheme=\"organization\"><classificationItem score=\"94\"><className>UNITED NATIONS</className></classificationItem></classification><classification classificationScheme=\"industry\"><classificationItem score=\"93\"><className>NAICS212299 ALL OTHER METAL ORE MINING</className></classificationItem><classificationItem score=\"93\"><className>NAICS212234 COPPER ORE &amp; NICKEL ORE MINING</className></classificationItem><classificationItem score=\"93\"><className>NAICS212210 IRON ORE MINING</className></classificationItem><classificationItem score=\"93\"><className>SIC1021 COPPER ORES</className></classificationItem><classificationItem score=\"93\"><className>SIC1011 IRON ORES</className></classificationItem><classificationItem score=\"93\"><className>NAICS212112 BITUMINOUS COAL UNDERGROUND MINING</className></classificationItem><classificationItem score=\"93\"><className>NAICS211111 CRUDE PETROLEUM &amp; NATURAL GAS EXTRACTION</className></classificationItem><classificationItem score=\"72\"><className>NAICS325311 NITROGENOUS FERTILIZER MANUFACTURING</className></classificationItem><classificationItem score=\"72\"><className>SIC2873 NITROGENOUS FERTILIZERS</className></classificationItem></classification><classification classificationScheme=\"ticker\"><classificationItem score=\"93\"><className>BLT (LSE)</className></classificationItem><classificationItem score=\"93\"><className>BIBLT (JSE)</className></classificationItem><classificationItem score=\"93\"><className>BBL (NYSE)</className></classificationItem><classificationItem score=\"93\"><className>BHP (NYSE)</className></classificationItem><classificationItem score=\"93\"><className>BHP (ASX)</className></classificationItem><classificationItem score=\"72\"><className>AGU (TSX)</className></classificationItem><classificationItem score=\"72\"><className>AGU (NYSE)</className></classificationItem></classification></classificationGroup><classificationGroup classificationScheme=\"licensor.indexing-terms\"><classification classificationScheme=\"licensor.subject\"><classificationItem><className>APFN Australia Oil For Food BHP</className></classificationItem></classification></classificationGroup><classificationGroup classificationScheme=\"indexing-terms\"><classification classificationScheme=\"subject\"><classificationItem score=\"90\"><classCode>ST000DM8Y</classCode><className>BUSINESS NEWS</className><classCode/><className/></classificationItem><classificationItem score=\"90\"><classCode>STX000369</classCode><className>CONSPIRACY</className><classCode>Z3VpZD11cm46dG9waWM6Q0FGMDkyQTE0NTI1NEUyNkE0NjUxM0E2OTBDQjQ0NUU7cGFyZW50Z3VpZD11cm46dG9waWM6NzZBMzM3QjFDOTcxNENCNzhBNTE0MzVGMzBBMzdERUY</classCode><className>Conspiracy</className></classificationItem><classificationItem score=\"90\"><classCode>STX000759</classCode><className>FRAUD &amp; FINANCIAL CRIME</className><classCode/><className/></classificationItem><classificationItem score=\"90\"><classCode>ST0009FJK</classCode><className>NEGATIVE PERSONAL NEWS</className><classCode/><className/></classificationItem><classificationItem score=\"90\"><classCode>ST000CTIZ</classCode><className>SCANDALS</className><classCode/><className/></classificationItem><classificationItem score=\"90\"><classCode>ST000DKU4</classCode><className>UNITED NATIONS</className><classCode/><className/></classificationItem><classificationItem score=\"90\"><classCode>STX001833</classCode><className>WHEAT MARKETS</className><classCode/><className/></classificationItem><classificationItem score=\"89\"><classCode>STX000211</classCode><className>BRIBERY</className><classCode>Z3VpZD11cm46dG9waWM6MDdBNUZBQTcxQ0QzNEQ2MDk3MUU1RUM0Rjg0RDM1NDk7cGFyZW50Z3VpZD11cm46dG9waWM6RjgwNUY4MjJCMTg5NDgzRUJBMDQwNkM4NkUyNTJBMEY</classCode><className>Bribery</className></classificationItem><classificationItem score=\"89\"><classCode>STX000587</classCode><className>EMBARGOES &amp; SANCTIONS</className><classCode/><className/></classificationItem><classificationItem score=\"89\"><classCode>ST000DB1X</classCode><className>INTERNAL INVESTIGATIONS</className><classCode/><className/></classificationItem><classificationItem score=\"89\"><classCode>STX000969</classCode><className>INVESTIGATIONS</className><classCode/><className/></classificationItem><classificationItem score=\"78\"><classCode>ST0009J0N</classCode><className>CRIMINAL LAW</className><classCode>Z3VpZD11cm46dG9waWM6NEU0RkE1OUQwNUQwNDgxODhEODZCMjkzOTg3NThBNzk7cGFyZW50Z3VpZD0</classCode><className>Criminal Law &amp; Procedure</className></classificationItem><classificationItem score=\"78\"><classCode>STX000629</classCode><className>ENTREPRENEURSHIP</className><classCode/><className/></classificationItem><classificationItem score=\"78\"><classCode>ST0008X9J</classCode><className>FOOD CHARITIES</className><classCode/><className/></classificationItem><classificationItem score=\"78\"><classCode>ST000DIJW</classCode><className>PRICES</className><classCode/><className/></classificationItem><classificationItem score=\"78\"><classCode>N928120MM</classCode><className>STATE DEPARTMENTS &amp; FOREIGN SERVICES</className><classCode/><className/></classificationItem><classificationItem score=\"77\"><classCode>STX000044</classCode><className>AGRICULTURAL PRICES</className><classCode/><className/></classificationItem><classificationItem score=\"77\"><classCode>ST000DLX8</classCode><className>BUSINESS INVESTIGATIONS</className><classCode/><className/></classificationItem><classificationItem score=\"77\"><classCode>ST000D5SG</classCode><className>CORRUPTION</className><classCode/><className/></classificationItem><classificationItem score=\"76\"><classCode>N921110CC</classCode><className>HEADS OF STATE &amp; GOVERNMENT</className><classCode/><className/></classificationItem><classificationItem score=\"73\"><classCode>STX000950</classCode><className>INTERNATIONAL RELATIONS</className><classCode/><className/></classificationItem><classificationItem score=\"72\"><classCode>ST000D1BY</classCode><className>EXECUTIVES</className><classCode/><className/></classificationItem><classificationItem score=\"71\"><classCode>STX000665</classCode><className>EXCISE &amp; CUSTOMS</className><classCode/><className/></classificationItem><classificationItem score=\"71\"><classCode>ST000D4DR</classCode><className>GRAIN EXPORTS &amp; IMPORTS</className><classCode/><className/></classificationItem><classificationItem score=\"68\"><classCode>N928000CC</classCode><className>INTERNATIONAL RELATIONS &amp; NATIONAL SECURITY</className><classCode/><className/></classificationItem><classificationItem score=\"66\"><classCode>STX000108</classCode><className>APPROVALS</className><classCode/><className/></classificationItem></classification><classification classificationScheme=\"industry\"><classificationItem score=\"94\"><classCode>ST0008X7V</classCode><className>MINES &amp; MINING</className><classCode/><className/></classificationItem><classificationItem score=\"90\"><classCode>N212234IM</classCode><className>COPPER MINING</className><classCode/><className/></classificationItem><classificationItem score=\"90\"><classCode>ST0009FAV</classCode><className>FERTILIZERS</className><classCode/><className/></classificationItem><classificationItem score=\"90\"><classCode>STX002014</classCode><className>MANUFACTURING</className><classCode/><className/></classificationItem><classificationItem score=\"90\"><classCode>N212200CC</classCode><className>METAL ORE MINING</className><classCode/><className/></classificationItem><classificationItem score=\"90\"><classCode>N210000CC</classCode><className>MINING &amp; EXTRACTION</className><classCode/><className/></classificationItem><classificationItem score=\"90\"><classCode>ST000DBCO</classCode><className>NATURAL GAS</className><classCode>Z3VpZD11cm46dG9waWM6OTYxNzdCMkVBQkIyNEM2RTk2MDkzQjNEMTg4MzVFRTE7cGFyZW50Z3VpZD11cm46dG9waWM6OUUzODAyRDk1QzVFNEZGMEJDM0RGMDYxOTlEMEEzRDA</classCode><className>Natural Gas Industry</className></classificationItem><classificationItem score=\"90\"><classCode>N212234OM</classCode><className>NICKEL MINING</className><classCode/><className/></classificationItem><classificationItem score=\"90\"><classCode>N331400CC</classCode><className>NONFERROUS METAL PRODUCTION</className><classCode/><className/></classificationItem><classificationItem score=\"90\"><classCode>STX001240</classCode><className>OIL &amp; GAS INDUSTRY</className><classCode/><className/></classificationItem><classificationItem score=\"90\"><classCode>ST0009FBJ</classCode><className>PETROLEUM PRODUCTS</className><classCode/><className/></classificationItem><classificationItem score=\"90\"><classCode>STX001833</classCode><className>WHEAT MARKETS</className><classCode/><className/></classificationItem><classificationItem score=\"89\"><classCode>STX001198</classCode><className>NATURAL GAS PRODUCTS</className><classCode/><className/></classificationItem><classificationItem score=\"79\"><classCode>N212110CC</classCode><className>COAL MINING</className><classCode>Z3VpZD11cm46dG9waWM6NkEyREE0NkU0MUQwNDhFQ0I0RTdBN0FCN0U2QzhDMTI7cGFyZW50Z3VpZD11cm46dG9waWM6REM5NzI2NTQyRDU0NENDQkFGQkRGOUZGMDc5NEY4Mzc</classCode><className>Coal Mining</className></classificationItem><classificationItem score=\"79\"><classCode>ST0008YVS</classCode><className>MINING &amp; EXTRACTION RIGHTS &amp; ROYALTIES</className><classCode/><className/></classificationItem><classificationItem score=\"79\"><classCode>ST0009T2J</classCode><className>NATURAL GAS EXTRACTION</className><classCode/><className/></classificationItem><classificationItem score=\"79\"><classCode>ST0008YTW</classCode><className>UNDERGROUND MINING</className><classCode/><className/></classificationItem><classificationItem score=\"77\"><classCode>STX000044</classCode><className>AGRICULTURAL PRICES</className><classCode/><className/></classificationItem><classificationItem score=\"73\"><classCode>N213112MM</classCode><className>OIL &amp; GAS EXPLORATION</className><classCode>Z3VpZD11cm46dG9waWM6NkEzNjc4NkMxMzEyNDY5Qzk5NzM1NDk2QzVDNzc4QTI7cGFyZW50Z3VpZD11cm46dG9waWM6OUUzODAyRDk1QzVFNEZGMEJDM0RGMDYxOTlEMEEzRDA</classCode><className>Discovery, Exploration &amp; Recovery</className></classificationItem><classificationItem score=\"73\"><classCode>ST0009GJY</classCode><className>OIL EXPLORATION</className><classCode/><className/></classificationItem><classificationItem score=\"71\"><classCode>ST000D4DR</classCode><className>GRAIN EXPORTS &amp; IMPORTS</className><classCode/><className/></classificationItem></classification><classification classificationScheme=\"person\"><classificationItem score=\"73\"><classCode>PE0009WGJ</classCode><className>SADDAM HUSSEIN</className><classCode/><className/></classificationItem></classification><classification classificationScheme=\"city\"><classificationItem score=\"59\"><classCode>GX014</classCode><className>SYDNEY, AUSTRALIA</className><classCode/><className/></classificationItem></classification><classification classificationScheme=\"country\"><classificationItem score=\"96\"><classCode>GC301</classCode><className>AUSTRALIA</className><classCode/><className/></classificationItem><classificationItem score=\"93\"><classCode>GC358</classCode><className>IRAQ</className><classCode/><className/></classificationItem></classification></classificationGroup></metadata></articleDoc></content></entry>"}