{"prediction_class": "Regulatory Breaches Tax Evasion Smuggling of goods", "prediction_score": "0.93", "name": "BHP Billiton", "title": "Vaile named in Cole inquiry document", "published": "2006-02-08T00:00:00Z", "updated": "2020-11-15T21:25:00Z", "cleaned_article": "[TITLE] Vaile named in Cole inquiry document [TITLE] \n\nMr Vaile says he knew of the email but he says he never attended the meeting to discuss a deal arranged by the petroleum company, which is being investigated by the Cole inquiry. \"The reference that is made in this email that has been presented to the commission is quite erroneous and very misleading and I refute the inference in there that I had a meeting because I had no such meeting,\" he said. Evidence to the inquiry into Australia's role in the oil-for-food scandal in Iraq has been broadened to consider whether BHP Billiton and Tigris Petroleum breached any laws. Commissioner Terence Cole is heading the inquiry investigating $300 million worth of payments made by wheat exporter AWB to the former Iraqi regime in contravention of UN sanctions against Iraq. New questions", "raw_cleaned_article": "<h2>Vaile named in Cole inquiry document</h2><p>Mr Vaile says he knew of the email but he says he never attended the meeting to discuss a deal arranged by the petroleum company, which is being investigated by the Cole inquiry. \"The reference that is made in this email that has been presented to the commission is quite erroneous and very misleading and I refute the inference in there that I had a meeting because I had no such meeting,\" he said. <b>Evidence to the inquiry into Australia's role in the oil-for-food scandal in Iraq has been broadened to consider whether BHP Billiton and Tigris Petroleum breached any laws.</b> Commissioner Terence Cole is heading the inquiry investigating $300 million worth of payments made by wheat exporter AWB to the former Iraqi regime in contravention of UN sanctions against Iraq. New questions</p>", "original_content": "<entry xmlns=\"http://www.w3.org/2005/Atom\"><id>urn:contentItem:4K06-XDN0-TXDB-G1ST-00000-00</id><title>Vaile named in Cole inquiry document</title><published>2006-02-08T00:00:00Z</published><updated>2020-11-15T21:25:00Z</updated><author><name>LexisNexis</name></author><content type=\"application/xml\"><!--Transformation version 1.23--><articleDoc xmlns=\"\" xmlns:xsi=\"http://www.w3.org/2001/XMLSchema-instance\" xsi:noNamespaceSchemaLocation=\"http://www.lexisnexis.com/xmlschemas/content/public/articledoc/1/\" schemaVersion=\"1.8\" xml:lang=\"en\"><articleDocHead><itemInfo/></articleDocHead><nitf:body xmlns:nitf=\"http://iptc.org/std/NITF/2006-10-18/\"><nitf:body.head><nitf:hedline><nitf:hl1>Vaile named in Cole inquiry document</nitf:hl1></nitf:hedline></nitf:body.head><nitf:body.content><bodyText><p nitf:lede=\"true\">The Deputy Prime Minister has been named in a document released at the inquiry investigating the Iraqi oil-for-food scandal.</p><p nitf:lede=\"true\">An email submitted during the hearings refers to Nationals leader Mark Vaile attending a meeting in Melbourne on September 14, 2000, where petroleum company Tigris was discussed.</p><p>Mr Vaile says he knew of the email but he says he never attended the meeting to discuss a deal arranged by the petroleum company, which is being investigated by the Cole inquiry.</p><p>\"The reference that is made in this email that has been presented to the commission is quite erroneous and very misleading and I refute the inference in there that I had a meeting because I had no such meeting,\" he said.</p><p>Evidence to the inquiry into Australia's role in the oil-for-food scandal in Iraq has been broadened to consider whether BHP Billiton and Tigris Petroleum breached any laws.</p><p>Commissioner Terence Cole is heading the inquiry investigating $300 million worth of payments made by wheat exporter AWB to the former Iraqi regime in contravention of UN sanctions against Iraq.</p><p>New questions</p><p>Meanwhile, the Federal Government will face a fresh round of questioning over the AWB scandal today after new evidence suggesting it may have known about the kickbacks to the former Iraqi regime more than five years ago.</p><p>The Foreign Affairs Minister has joined his department in denying claims that in 2000, the Department of Foreign Affairs and Trade knew about and had looked into the Jordanian trucking company, Alia.</p><p>Alia is accused of acting as a front to funnel AWB money to the former Iraqi regime.</p><p>Alexander Downer has told the ABC's <emphasis typeStyle=\"it\">Lateline </emphasis>his department was only asked by AWB whether it could use a Jordanian company.</p><p>\"But there was no mention of Alia,\" he said.</p><p>But Labor's Kevin Rudd says he is not happy with that explanation.</p><p>\"The Howard Government should have asked the AWB way back in 2000 what company they were engaging, that's when it should have happened,\" he said.</p><p>Mr Downer says suggestions he misled Parliament over the matter are wrong.</p><p>Mr Downer said his department had only advised AWB that it was within UN guidelines to use a Jordanian trucking company.</p><p>He says it is significant that the department has issued a statement to that effect.</p><p>\"It is very unusual for a government department to issue a statement of this kind and here is a Government department issuing a statement saying that nobody who was involved in this issue at the time in the department has any recollection of this,\" he said.</p><p>The Opposition will pursue the matter further in Parliament today.</p></bodyText></nitf:body.content></nitf:body><metadata><dc:metadata xmlns:dc=\"http://purl.org/dc/elements/1.1/\"><dc:identifier identifierScheme=\"DOC-ID\">ABCPNW-1564640</dc:identifier><dc:source sourceScheme=\"royaltyReportingKey\">ABCPNW2006</dc:source><dc:identifier identifierScheme=\"PGUID\">urn:contentItem:4K06-XDN0-TXDB-G1ST-00000-00</dc:identifier><dc:source sourceScheme=\"productContentSetIdentifier\">300224</dc:source><dc:date dateType=\"last-updated\">2019-10-03</dc:date></dc:metadata><wordCount number=\"427\"/><timeReceived>12:21 AM AEST</timeReceived><publicationInfo><copyright>Copyright 2006 Australian Broadcasting Corporation All Rights Reserved</copyright><publicationName>ABC Premium News (Australia)</publicationName><publicationLogo><logo><inlineObject><locator><locatorKey><keyName name=\"object-key\"/><keyValue value=\"37478\"/></locatorKey><locatorParameters><parameter name=\"object-type\" value=\"201\"/><parameter name=\"object-smi\" value=\"LOGOS\"/><parameter name=\"componentseq\" value=\"1\"/></locatorParameters></locator></inlineObject></logo></publicationLogo><publicationDate day=\"08\" month=\"02\" year=\"2006\"><dateText>February 8, 2006 Wednesday</dateText></publicationDate><classification classificationScheme=\"publicationtype\"><classificationItem><className>Newswire</className></classificationItem></classification><classification classificationScheme=\"publicationtype\"><classificationItem><className>Newswires &amp; Press Releases</className></classificationItem></classification></publicationInfo><classification classificationScheme=\"language\"><classificationItem classificationScheme=\"lang.english\"><className>ENGLISH</className></classificationItem></classification><classificationGroup classificationScheme=\"indexing-terms\"><classification classificationScheme=\"company\"><classificationItem score=\"69\"><classCode>CC00024OT</classCode><className>BHP BILLITON PLC</className></classificationItem></classification><classification classificationScheme=\"industry\"><classificationItem score=\"69\"><className>NAICS212299 ALL OTHER METAL ORE MINING</className></classificationItem><classificationItem score=\"69\"><className>NAICS212234 COPPER ORE &amp; NICKEL ORE MINING</className></classificationItem><classificationItem score=\"69\"><className>NAICS212210 IRON ORE MINING</className></classificationItem><classificationItem score=\"69\"><className>SIC1021 COPPER ORES</className></classificationItem><classificationItem score=\"69\"><className>SIC1011 IRON ORES</className></classificationItem></classification><classification classificationScheme=\"ticker\"><classificationItem score=\"69\"><className>BLT (LSE)</className></classificationItem><classificationItem score=\"69\"><className>BIBLT (JSE)</className></classificationItem><classificationItem score=\"69\"><className>BBL (NYSE)</className></classificationItem></classification></classificationGroup><classificationGroup classificationScheme=\"licensor.indexing-terms\"><classification classificationScheme=\"licensor.country\"><classificationItem><className>Australia</className></classificationItem></classification><classification classificationScheme=\"licensor.subject\"><classificationItem><className>Government and Politics/Federal Government</className></classificationItem><classificationItem><className>Government and Politics/Parliament/Federal Parliament</className></classificationItem></classification></classificationGroup><classificationGroup classificationScheme=\"indexing-terms\"><classification classificationScheme=\"subject\"><classificationItem score=\"94\"><classCode>STX000969</classCode><className>INVESTIGATIONS</className><classCode/><className/></classificationItem><classificationItem score=\"91\"><classCode>N920000CC</classCode><className>GOVERNMENT &amp; PUBLIC ADMINISTRATION</className><classCode>Z3VpZD11cm46dG9waWM6MjdEQjE4OUJDMzQxNDNEMEI0RTI1QUFCMzJENjEwRTA7cGFyZW50Z3VpZD11cm46dG9waWM6MUFEMUQ2QTA1OUZCNEE5RjkzNTA2RERFMUNEOTk1RTI</classCode><className>Governments</className></classificationItem><classificationItem score=\"90\"><classCode>STX000587</classCode><className>EMBARGOES &amp; SANCTIONS</className><classCode/><className/></classificationItem><classificationItem score=\"90\"><classCode>N921110CC</classCode><className>HEADS OF STATE &amp; GOVERNMENT</className><classCode/><className/></classificationItem><classificationItem score=\"90\"><classCode>N928000CC</classCode><className>INTERNATIONAL RELATIONS &amp; NATIONAL SECURITY</className><classCode/><className/></classificationItem><classificationItem score=\"90\"><classCode>N921120CC</classCode><className>LEGISLATIVE BODIES</className><classCode/><className/></classificationItem><classificationItem score=\"90\"><classCode>ST0009FJK</classCode><className>NEGATIVE PERSONAL NEWS</className><classCode/><className/></classificationItem><classificationItem score=\"90\"><classCode>ST0009EOQ</classCode><className>PRIME MINISTERS</className><classCode/><className/></classificationItem><classificationItem score=\"90\"><classCode>ST000CTIZ</classCode><className>SCANDALS</className><classCode/><className/></classificationItem><classificationItem score=\"90\"><classCode>N928120MM</classCode><className>STATE DEPARTMENTS &amp; FOREIGN SERVICES</className><classCode/><className/></classificationItem><classificationItem score=\"90\"><classCode>STX001669</classCode><className>TALKS &amp; MEETINGS</className><classCode/><className/></classificationItem><classificationItem score=\"89\"><classCode>STX001346</classCode><className>POLITICS</className><classCode/><className/></classificationItem><classificationItem score=\"78\"><classCode>STX000659</classCode><className>EVIDENCE</className><classCode>Z3VpZD11cm46dG9waWM6MUVGQkU0QjJFMTIzNDNBM0FCNTVEQjAxQTM3RDcwOTA7cGFyZW50Z3VpZD0</classCode><className>Evidence</className></classificationItem><classificationItem score=\"75\"><classCode>ST000DKU4</classCode><className>UNITED NATIONS</className><classCode/><className/></classificationItem><classificationItem score=\"73\"><classCode>ST00097CC</classCode><className>COMMERCE DEPARTMENTS</className><classCode/><className/></classificationItem><classificationItem score=\"73\"><classCode>ST000DLOJ</classCode><className>GOVERNMENT ADVISORS &amp; MINISTERS</className><classCode/><className/></classificationItem><classificationItem score=\"72\"><classCode>STX000679</classCode><className>EXPORT TRADE</className><classCode/><className/></classificationItem><classificationItem score=\"65\"><classCode>STX000752</classCode><className>FOREIGN POLICY</className><classCode/><className/></classificationItem><classificationItem score=\"53\"><classCode>STX000950</classCode><className>INTERNATIONAL RELATIONS</className><classCode/><className/></classificationItem><classificationItem score=\"52\"><classCode>ST000D4DR</classCode><className>GRAIN EXPORTS &amp; IMPORTS</className><classCode/><className/></classificationItem></classification><classification classificationScheme=\"industry\"><classificationItem score=\"90\"><classCode>N212234IM</classCode><className>COPPER MINING</className><classCode/><className/></classificationItem><classificationItem score=\"90\"><classCode>N212200CC</classCode><className>METAL ORE MINING</className><classCode/><className/></classificationItem><classificationItem score=\"90\"><classCode>ST0008X7V</classCode><className>MINES &amp; MINING</className><classCode/><className/></classificationItem><classificationItem score=\"90\"><classCode>N212234OM</classCode><className>NICKEL MINING</className><classCode/><className/></classificationItem><classificationItem score=\"90\"><classCode>STX001240</classCode><className>OIL &amp; GAS INDUSTRY</className><classCode/><className/></classificationItem><classificationItem score=\"90\"><classCode>ST0009FBJ</classCode><className>PETROLEUM PRODUCTS</className><classCode/><className/></classificationItem><classificationItem score=\"77\"><classCode>N324000CC</classCode><className>PETROLEUM &amp; COAL PRODUCTS MFG</className><classCode/><className/></classificationItem><classificationItem score=\"64\"><classCode>N484000CC</classCode><className>TRUCKING</className><classCode/><className/></classificationItem><classificationItem score=\"52\"><classCode>ST000D4DR</classCode><className>GRAIN EXPORTS &amp; IMPORTS</className><classCode/><className/></classificationItem></classification><classification classificationScheme=\"person\"><classificationItem score=\"58\"><classCode>PE0009WH0</classCode><className>KEVIN RUDD</className><classCode/><className/></classificationItem></classification><classification classificationScheme=\"city\"><classificationItem score=\"79\"><classCode>GX015</classCode><className>MELBOURNE, AUSTRALIA</className><classCode/><className/></classificationItem></classification><classification classificationScheme=\"country\"><classificationItem score=\"95\"><classCode>GC301</classCode><className>AUSTRALIA</className><classCode/><className/></classificationItem><classificationItem score=\"95\"><classCode>GC358</classCode><className>IRAQ</className><classCode/><className/></classificationItem></classification></classificationGroup></metadata></articleDoc></content></entry>"}