{"prediction_class": "Intellectual property Offences", "prediction_score": "0.81", "name": "BlueScope", "title": "BlueScope Steel hit by cyber attack causing worldwide system shutdown of operations", "published": "2020-05-15T00:00:00Z", "updated": "2020-11-16T01:16:29Z", "cleaned_article": "[TITLE] BlueScope Steel hit by cyber attack causing worldwide system shutdown of operations [TITLE] \n\nBlueScope Steel has been the subject of a cyber attack, forcing production systems to be halted company-wide. The ransomware infection was discovered yesterday morning in one of the company's United States-based businesses.BlueScope's chief financial officer Tania Archibald said the company had reverted to manual operations where possible, but some processes such as steel despatches were continuing as normal. \"We are taking this attack extremely seriously,\" Ms Archibald said. \"Our people are working diligently to protect and restore our systems.\"BlueScope's corporate affairs manager Michael Raey said steelmaking at Port Kembla was continuing, however the hot strip mill was temporarily disrupted. \"It is likely to be back up and running later today,\" he said. Companies more vulnerable when employees work from home [...] \n\n\"We are more vulnerable. \"We see criminals attacking some remote access software to take over computers,\" he said. BlueScope has not confirmed whether or not the attack was caused by employees opening phishing emails.BlueScope not alone Several other high-profile companies and organisations have been targeted by such attacks in the past fortnight. Logistics company Toll was hit by its second ransomware attack this year.", "raw_cleaned_article": "<h2>BlueScope Steel hit by cyber attack causing worldwide system shutdown of operations</h2><p><b>BlueScope Steel has been the subject of a cyber attack, forcing production systems to be halted company-wide.</b> The ransomware infection was discovered yesterday morning in one of the company's United States-based businesses.<b>BlueScope's chief financial officer Tania Archibald said the company had reverted to manual operations where possible, but some processes such as steel despatches were continuing as normal.</b> \"We are taking this attack extremely seriously,\" Ms Archibald said. \"Our people are working diligently to protect and restore our systems.\"<b>BlueScope's corporate affairs manager Michael Raey said steelmaking at Port Kembla was continuing, however the hot strip mill was temporarily disrupted.</b> \"It is likely to be back up and running later today,\" he said. Companies more vulnerable when employees work from home</p><p>[...]</p><p>\"We are more vulnerable. \"We see criminals attacking some remote access software to take over computers,\" he said. <b>BlueScope has not confirmed whether or not the attack was caused by employees opening phishing emails.</b></p><p>[...]</p><p>\"We are more vulnerable. <b>BlueScope not alone</b> Several other high-profile companies and organisations have been targeted by such attacks in the past fortnight. Logistics company Toll was hit by its second ransomware attack this year.</p>", "original_content": "<entry xmlns=\"http://www.w3.org/2005/Atom\"><id>urn:contentItem:5YX1-FMP1-JCM0-60F7-00000-00</id><title>BlueScope Steel hit by cyber attack causing worldwide system shutdown of operations</title><published>2020-05-15T00:00:00Z</published><updated>2020-11-16T01:16:29Z</updated><author><name>LexisNexis</name></author><content type=\"application/xml\"><!--Transformation version 1.23--><articleDoc xmlns=\"\" xmlns:xsi=\"http://www.w3.org/2001/XMLSchema-instance\" xsi:noNamespaceSchemaLocation=\"http://www.lexisnexis.com/xmlschemas/content/public/articledoc/1/\" schemaVersion=\"1.8\" xml:lang=\"en\"><articleDocHead><itemInfo/></articleDocHead><nitf:body xmlns:nitf=\"http://iptc.org/std/NITF/2006-10-18/\"><nitf:body.head><nitf:hedline><nitf:hl1>BlueScope Steel hit by cyber attack causing worldwide system shutdown of operations</nitf:hl1></nitf:hedline><nitf:byline><author><person><nameText>By Jessica Clifford</nameText></person></author></nitf:byline></nitf:body.head><nitf:body.content><bodyText><p nitf:lede=\"true\">BlueScope Steel has been the subject of a cyber attack, forcing production systems to be halted company-wide.</p><p nitf:lede=\"true\">The ransomware infection was discovered yesterday morning in one of the company's United States-based businesses.</p><p>BlueScope's chief financial officer Tania Archibald said the company had reverted to manual operations where possible, but some processes such as steel despatches were continuing as normal.</p><p>\"We are taking this attack extremely seriously,\" Ms Archibald said.</p><p>\"Our people are working diligently to protect and restore our systems.\"</p><p>BlueScope's corporate affairs manager Michael Raey said steelmaking at Port Kembla was continuing, however the hot strip mill was temporarily disrupted.</p><p>\"It is likely to be back up and running later today,\" he said.</p><p>Companies more vulnerable when employees work from home</p><p>Cyber security expert for CyberCX, Alastair MacGibbon, said phishing emails were likely to be the cause of such an attack, and they were becoming more common.</p><p>He said often criminals would attack computers to get a ransom out of companies or to shut down their operations.</p><p>\"What we're doing [when working from home] is taking computers outside the work environment and connecting via VPNs and home routers.</p><p>\"We are more vulnerable.</p><p>\"We see criminals attacking some remote access software to take over computers,\" he said.</p><p>BlueScope has not confirmed whether or not the attack was caused by employees opening phishing emails.</p><p>BlueScope not alone</p><p>Several other high-profile companies and organisations have been targeted by such attacks in the past fortnight.</p><p>Logistics company Toll was hit by its second ransomware attack this year.</p><p>The company confirmed on its website it had been targeted by hackers using ransomware known as Nefilim.</p><p>It refused to pay the ransom that was demanded by hackers.</p><p>Toll confirmed in a statement there had been some data theft.</p><p>\"At this stage, we have determined that the attacker has downloaded some data stored on the corporate server, and we are in the process of identifying the specific nature of that information,\" a spokesperson said.</p><p>\"The attacker is known to publish stolen data to the dark web.\"</p><p>Service NSW was also hacked last month, in an attack that compromised 47 staff email accounts.</p><p>NSW Police Minister David Elliot said as a result, police would be increasing the number of officers in its cyber crime unit from 10 to 18.</p><p>Opposition wants inquiry</p><p>Meanwhile, Labor has called for a parliamentary inquiry into cyber security in NSW.</p><p>Labor's spokeswoman for better public services, Sophie Cotsis, said Service NSW had access to some extremely sensitive data, with more than 700,000 people visiting the Service NSW website each week.</p><p>\"Labor will push for a formal Upper House inquiry to expose the real cyber security risks NSW faces,\" Mrs Cotsis said.</p><p>BlueScope said it would provide further information on breaches of its cyber security in due course.</p></bodyText></nitf:body.content></nitf:body><metadata><dc:metadata xmlns:dc=\"http://purl.org/dc/elements/1.1/\"><dc:identifier identifierScheme=\"DOC-ID\">ABCPNW-12251316</dc:identifier><dc:source sourceScheme=\"royaltyReportingKey\">ABCPNW2020</dc:source><dc:identifier identifierScheme=\"PGUID\">urn:contentItem:5YX1-FMP1-JCM0-60F7-00000-00</dc:identifier><dc:source sourceScheme=\"productContentSetIdentifier\">300224</dc:source><dc:date dateType=\"last-updated\">2020-05-15</dc:date></dc:metadata><wordCount number=\"482\"/><timeReceived>11:41 AM AEST</timeReceived><publicationInfo><copyright>Copyright 2020 Australian Broadcasting Corporation All Rights Reserved</copyright><publicationName>ABC Premium News (Australia)</publicationName><publicationLogo><logo><inlineObject><locator><locatorKey><keyName name=\"object-key\"/><keyValue value=\"37478\"/></locatorKey><locatorParameters><parameter name=\"object-type\" value=\"201\"/><parameter name=\"object-smi\" value=\"LOGOS\"/><parameter name=\"componentseq\" value=\"1\"/></locatorParameters></locator></inlineObject></logo></publicationLogo><publicationDate day=\"15\" month=\"05\" year=\"2020\"><dateText>May 15, 2020 Friday</dateText></publicationDate><classification classificationScheme=\"publicationtype\"><classificationItem><className>Newswire</className></classificationItem></classification><classification classificationScheme=\"publicationtype\"><classificationItem><className>Newswires &amp; Press Releases</className></classificationItem></classification></publicationInfo><classification classificationScheme=\"language\"><classificationItem classificationScheme=\"lang.english\"><className>ENGLISH</className></classificationItem></classification><classificationGroup classificationScheme=\"indexing-terms\"><classification classificationScheme=\"company\"><classificationItem score=\"90\"><classCode>CC00091JX</classCode><className>BLUESCOPE STEEL LTD</className></classificationItem></classification><classification classificationScheme=\"industry\"><classificationItem score=\"90\"><className>NAICS332312 FABRICATED STRUCTURAL METAL MANUFACTURING</className></classificationItem><classificationItem score=\"90\"><className>NAICS331110 IRON &amp; STEEL MILLS &amp; FERROALLOY MANUFACTURING</className></classificationItem><classificationItem score=\"90\"><className>SIC3441 FABRICATED STRUCTURAL METAL</className></classificationItem><classificationItem score=\"90\"><className>SIC3312 STEEL WORKS, BLAST FURNACES (INCLUDING COKE OVENS) &amp; ROLLING MILLS</className></classificationItem></classification><classification classificationScheme=\"ticker\"><classificationItem score=\"90\"><className>BSL (ASX)</className></classificationItem></classification></classificationGroup><classificationGroup classificationScheme=\"licensor.indexing-terms\"><classification classificationScheme=\"licensor.country\"><classificationItem><className>Australia:NSW:Wollongong 2500</className></classificationItem><classificationItem><className>Australia/NSW/Port Kembla 2505</className></classificationItem></classification><classification classificationScheme=\"licensor.subject\"><classificationItem><className>Science and Technology:Computers and Technology</className></classificationItem><classificationItem><className>Business, Economics and Finance/Industry/Steel</className></classificationItem><classificationItem><className>Business, Economics and Finance/Industry/Manufacturing</className></classificationItem></classification></classificationGroup><classificationGroup classificationScheme=\"indexing-terms\"><classification classificationScheme=\"legal\"><classificationItem><className>Computer &amp; Internet Law</className><classCode>Z3VpZD11cm46dG9waWM6Qzk0QUJBRENDQzhBNDc2MDk5OTAyQzI3QkRFMkU0OUU7cGFyZW50Z3VpZD0</classCode><classificationItem score=\"52\"><className>General Overview</className><classCode>Z3VpZD11cm46dG9waWM6NzJFNTBENUY2OUZCNDJFODhEMEJCNjlDRDNBNUM0NUY7cGFyZW50Z3VpZD11cm46dG9waWM6NEQ2NDEwQTlFMkIwNDI2RkI2Mjc5MjNBNUU5QzMxN0U</classCode></classificationItem><classificationItem score=\"50\"><className>Software Crimes</className><classCode>Z3VpZD11cm46dG9waWM6QzM2ODBGMEE5NjUxNEZBNEIzNzc3QkE3NzU0NTkxQ0M7cGFyZW50Z3VpZD11cm46dG9waWM6NEQ2NDEwQTlFMkIwNDI2RkI2Mjc5MjNBNUU5QzMxN0U</classCode></classificationItem></classificationItem></classification><classification classificationScheme=\"subject\"><classificationItem score=\"91\"><classCode>ST0008ZGX</classCode><className>CYBERCRIME</className><classCode/><className/></classificationItem><classificationItem score=\"90\"><classCode>ST000DLA3</classCode><className>ECONOMICS</className><classCode/><className/></classificationItem><classificationItem score=\"90\"><classCode>ST0009FZ2</classCode><className>MALICIOUS SOFTWARE</className><classCode/><className/></classificationItem><classificationItem score=\"90\"><classCode>ST00097Z0</classCode><className>HOME BASED EMPLOYMENT</className><classCode/><className/></classificationItem><classificationItem score=\"89\"><classCode>ST000DM3E</classCode><className>DATA THEFT</className><classCode/><className/></classificationItem><classificationItem score=\"89\"><classCode>STX001932</classCode><className>CRIME, LAW ENFORCEMENT &amp; CORRECTIONS</className><classCode/><className/></classificationItem><classificationItem score=\"89\"><classCode>STX000969</classCode><className>INVESTIGATIONS</className><classCode/><className/></classificationItem><classificationItem score=\"89\"><classCode>STX000350</classCode><className>COMPUTER CRIME</className><classCode>Z3VpZD11cm46dG9waWM6NUZBMUY1NEJCRTYyNEU2NDgwMzk4QzhBOTBEMTk1MDU7cGFyZW50Z3VpZD11cm46dG9waWM6REE3RUI5RUNDMTgyNDU3Rjk2QUMwOTVBOUI1NDNFOTY</classCode><className>Computer Crimes</className></classificationItem><classificationItem score=\"88\"><classCode>ST000DB0R</classCode><className>WIRE FRAUD</className><classCode>Z3VpZD11cm46dG9waWM6RTlCRDk0QTA4RjgzNDVBN0I4RjI0RTVGQjNDMkZBOEQ7cGFyZW50Z3VpZD11cm46dG9waWM6NjY5RDJFRkEwRDgwNEFCOEIzQ0Y5RTUzQ0Y4MDZENzg</classCode><className>Wire Fraud</className></classificationItem><classificationItem score=\"88\"><classCode>STX000960</classCode><className>INTERNET CRIME</className><classCode>Z3VpZD11cm46dG9waWM6NEQ2NDEwQTlFMkIwNDI2RkI2Mjc5MjNBNUU5QzMxN0U7cGFyZW50Z3VpZD11cm46dG9waWM6Qzk0QUJBRENDQzhBNDc2MDk5OTAyQzI3QkRFMkU0OUU</classCode><className>Criminal Offenses</className></classificationItem><classificationItem score=\"78\"><classCode>ST0009Z54</classCode><className>PHISHING</className><classCode/><className/></classificationItem><classificationItem score=\"78\"><classCode>ST000DN1X</classCode><className>DATA BREACHES</className><classCode/><className/></classificationItem><classificationItem score=\"77\"><classCode>ST000D1BY</classCode><className>EXECUTIVES</className><classCode/><className/></classificationItem><classificationItem score=\"76\"><classCode>STX001948</classCode><className>LABOR &amp; EMPLOYMENT</className><classCode/><className/></classificationItem></classification><classification classificationScheme=\"industry\"><classificationItem score=\"91\"><classCode>STX002014</classCode><className>MANUFACTURING</className><classCode/><className/></classificationItem><classificationItem score=\"91\"><classCode>ST0008ZGX</classCode><className>CYBERCRIME</className><classCode/><className/></classificationItem><classificationItem score=\"90\"><classCode>STX000353</classCode><className>COMPUTER NETWORK SECURITY</className><classCode/><className/></classificationItem><classificationItem score=\"90\"><classCode>ST0009FZ2</classCode><className>MALICIOUS SOFTWARE</className><classCode/><className/></classificationItem><classificationItem score=\"90\"><classCode>ST000DLPP</classCode><className>RANSOMWARE</className><classCode/><className/></classificationItem><classificationItem score=\"90\"><classCode>N331000CC</classCode><className>PRIMARY METAL MFG</className><classCode/><className/></classificationItem><classificationItem score=\"90\"><classCode>STX000973</classCode><className>IRON &amp; STEEL INDUSTRY</className><classCode/><className/></classificationItem><classificationItem score=\"90\"><classCode>N331111MM</classCode><className>IRON &amp; STEEL MILLS</className><classCode/><className/></classificationItem><classificationItem score=\"89\"><classCode>ST000D7DY</classCode><className>INFORMATION SECURITY &amp; PRIVACY</className><classCode/><className/></classificationItem><classificationItem score=\"89\"><classCode>STX000350</classCode><className>COMPUTER CRIME</className><classCode>Z3VpZD11cm46dG9waWM6NUZBMUY1NEJCRTYyNEU2NDgwMzk4QzhBOTBEMTk1MDU7cGFyZW50Z3VpZD11cm46dG9waWM6REE3RUI5RUNDMTgyNDU3Rjk2QUMwOTVBOUI1NDNFOTY</classCode><className>Computer Crimes</className></classificationItem><classificationItem score=\"89\"><classCode>ST000DM3E</classCode><className>DATA THEFT</className><classCode/><className/></classificationItem><classificationItem score=\"88\"><classCode>ST000DB0R</classCode><className>WIRE FRAUD</className><classCode>Z3VpZD11cm46dG9waWM6RTlCRDk0QTA4RjgzNDVBN0I4RjI0RTVGQjNDMkZBOEQ7cGFyZW50Z3VpZD11cm46dG9waWM6NjY5RDJFRkEwRDgwNEFCOEIzQ0Y5RTUzQ0Y4MDZENzg</classCode><className>Wire Fraud</className></classificationItem><classificationItem score=\"88\"><classCode>STX000568</classCode><className>ELECTRONIC MAIL</className><classCode/><className/></classificationItem><classificationItem score=\"88\"><classCode>STX000960</classCode><className>INTERNET CRIME</className><classCode>Z3VpZD11cm46dG9waWM6NEQ2NDEwQTlFMkIwNDI2RkI2Mjc5MjNBNUU5QzMxN0U7cGFyZW50Z3VpZD11cm46dG9waWM6Qzk0QUJBRENDQzhBNDc2MDk5OTAyQzI3QkRFMkU0OUU</classCode><className>Criminal Offenses</className></classificationItem><classificationItem score=\"78\"><classCode>ST000DN1X</classCode><className>DATA BREACHES</className><classCode/><className/></classificationItem><classificationItem score=\"78\"><classCode>ST0009Z54</classCode><className>PHISHING</className><classCode/><className/></classificationItem><classificationItem score=\"77\"><classCode>N331112MM</classCode><className>FERROALLOY PRODUCT MFG</className><classCode/><className/></classificationItem><classificationItem score=\"73\"><classCode>ST000DI5R</classCode><className>HIDDEN WEB</className><classCode/><className/></classificationItem><classificationItem score=\"73\"><classCode>ST000A39R</classCode><className>COMPUTER SOFTWARE</className><classCode/><className/></classificationItem><classificationItem score=\"51\"><classCode>STX001206</classCode><className>NETWORK SOFTWARE</className><classCode/><className/></classificationItem></classification><classification classificationScheme=\"state\"><classificationItem score=\"95\"><classCode>GS001</classCode><className>NEW SOUTH WALES, AUSTRALIA</className><classCode/><className/></classificationItem></classification><classification classificationScheme=\"country\"><classificationItem score=\"94\"><classCode>GC301</classCode><className>AUSTRALIA</className><classCode/><className/></classificationItem></classification></classificationGroup></metadata></articleDoc></content></entry>"}