{"prediction_class": "Intellectual property Offences", "prediction_score": "0.62", "name": "BlueScope", "title": "Beverage maker Lion hit by cyber attack", "published": "2020-06-09T00:00:00Z", "updated": "2020-11-16T01:25:21Z", "cleaned_article": "[TITLE] Beverage maker Lion hit by cyber attack [TITLE] \n\nLion was forced to halt production of beer and other beverages on Tuesday after it became the latest victim of a cyber attack. Lion has emerged as the latest company to be hit by a cyber attack, with the beverages giant forced to shut down its IT systems on Tuesday. The attack, which is the subject of a $600 million takeover bid by foreign business China Mengniu Dairy (which is part owned by Chinese state-owned food processor COFCO), follows those on logistics giant Toll and steel maker BlueScope, whose systems were also taken offline by cyber attacks earlier this year. \"Lion has experienced a cyber incident and has taken the precaution of shutting down our IT systems, causing some disruption to our suppliers and customers,\" the owner of brands such as BigM, XXXX Gold, Dairy Farmers and Pura said in a statement. \"We're working with expert advisors to address the issue. We have alerted the authorities and are working hard to minimise disruption to customers and suppliers.\"The company was anticipating some supply impact from the cyber attack in its dairy and juice business. But thanks to increasing production of beer ahead of COVID-19 restrictions easing, Lion still has enough amber liquid to keep supplying pubs across the country as they reopen, despite production ceasing. Shadow Assistant Minister for Cyber Security Tim Watts said the attack on Lion, Toll and BlueScope warranted broader concern.\"The attacks on Toll, BlueScope and now Lion show that international cyber crime syndicates have turned their attention to Australia,\" he said. \"But despite accelerating attacks, which can potentially disrupt essential services, the 2016 Commonwealth Cyber Security Strategy reached the end of its life almost two months ago and Peter Dutton still hasn't produced a new strategy ten months after starting work on it. \"Heads of intelligence agencies, cyber experts and the Defence Department have all expressed concern about our vulnerability to cyber attack, but the Morrison Government has failed to act. It's past time that it showed leadership.\"", "raw_cleaned_article": "<h2>Beverage maker Lion hit by cyber attack</h2><p>Lion was forced to halt production of beer and other beverages on Tuesday after it became the latest victim of a cyber attack. Lion has emerged as the latest company to be hit by a cyber attack, with the beverages giant forced to shut down its IT systems on Tuesday. <b>The attack, which is the subject of a $600 million takeover bid by foreign business China Mengniu Dairy (which is part owned by Chinese state-owned food processor COFCO), follows those on logistics giant Toll and steel maker BlueScope, whose systems were also taken offline by cyber attacks earlier this year.</b> \"Lion has experienced a cyber incident and has taken the precaution of shutting down our IT systems, causing some disruption to our suppliers and customers,\" the owner of brands such as BigM, XXXX Gold, Dairy Farmers and Pura said in a statement. \"We're working with expert advisors to address the issue. We have alerted the authorities and are working hard to minimise disruption to customers and suppliers.\"</p><p>[...]</p><p>Lion has emerged as the latest company to be hit by a cyber attack, with the beverages giant forced to shut down its IT systems on Tuesday. The company was anticipating some supply impact from the cyber attack in its dairy and juice business. But thanks to increasing production of beer ahead of COVID-19 restrictions easing, Lion still has enough amber liquid to keep supplying pubs across the country as they reopen, despite production ceasing. <b>Shadow Assistant Minister for Cyber Security Tim Watts said the attack on Lion, Toll and BlueScope warranted broader concern.</b>The company was anticipating some supply impact from the cyber attack in its dairy and juice business. But thanks to increasing production of beer ahead of COVID-19 restrictions easing, Lion still has enough amber liquid to keep supplying pubs across the country as they reopen, despite production ceasing. <b>\"The attacks on Toll, BlueScope and now Lion show that international cyber crime syndicates have turned their attention to Australia,\" he said.</b> \"But despite accelerating attacks, which can potentially disrupt essential services, the 2016 Commonwealth Cyber Security Strategy reached the end of its life almost two months ago and Peter Dutton still hasn't produced a new strategy ten months after starting work on it. \"Heads of intelligence agencies, cyber experts and the Defence Department have all expressed concern about our vulnerability to cyber attack, but the Morrison Government has failed to act. It's past time that it showed leadership.\"</p>", "original_content": "<entry xmlns=\"http://www.w3.org/2005/Atom\"><id>urn:contentItem:603C-MHY1-JBJ7-N0GK-00000-00</id><title>Beverage maker Lion hit by cyber attack</title><published>2020-06-09T00:00:00Z</published><updated>2020-11-16T01:25:21Z</updated><author><name>LexisNexis</name></author><content type=\"application/xml\"><!--Transformation version 1.23--><articleDoc xmlns=\"\" xmlns:xsi=\"http://www.w3.org/2001/XMLSchema-instance\" xsi:noNamespaceSchemaLocation=\"http://www.lexisnexis.com/xmlschemas/content/public/articledoc/1/\" schemaVersion=\"1.8\" xml:lang=\"en\"><articleDocHead><itemInfo/></articleDocHead><nitf:body xmlns:nitf=\"http://iptc.org/std/NITF/2006-10-18/\"><nitf:body.head><nitf:hedline><nitf:hl1>Beverage maker Lion hit by cyber attack</nitf:hl1></nitf:hedline><nitf:byline><author><person><nameText>Yolanda Redrup</nameText></person></author></nitf:byline><highlight><bodyText><p>Lion was forced to halt production of beer and other beverages on Tuesday after it became the latest victim of a cyber attack.</p></bodyText></highlight></nitf:body.head><nitf:body.content><bodyText><p nitf:lede=\"true\">Lion has emerged as the latest company to be hit by a cyber attack, with the beverages giant forced to shut down its IT systems on Tuesday.</p><p nitf:lede=\"true\">The attack, <url normalizedValue=\"https://www.afr.com/companies/manufacturing/china-s-mengniu-gets-green-light-to-buy-lion-drinks-and-dairy-20200221-p54322\">which is the subject of a $600 million takeover bid by foreign business China Mengniu Dairy (which is part owned by Chinese state-owned food processor COFCO)</url>, follows those on logistics giant Toll and steel maker BlueScope, whose systems were also taken offline by cyber attacks earlier this year.</p><p>\"Lion has experienced a cyber incident and has taken the precaution of shutting down our IT systems, causing some disruption to our suppliers and customers,\" the owner of brands such as BigM, XXXX Gold, Dairy Farmers and Pura said in a statement.</p><p>\"We're working with expert advisors to address the issue. We have alerted the authorities and are working hard to minimise disruption to customers and suppliers.\"</p><p>Lion did not provide any further details about the nature of the incident, but said it would be updating customers and suppliers when it could.</p><p>The company was anticipating some supply impact from the cyber attack in its dairy and juice business. But thanks to increasing production of beer ahead of COVID-19 restrictions easing, Lion still has enough amber liquid to keep supplying pubs across the country as they reopen, despite production ceasing.</p><p>Shadow Assistant Minister for Cyber Security Tim Watts said the attack on Lion, Toll and BlueScope warranted broader concern.</p><p>\"The attacks on Toll, BlueScope and now Lion show that international cyber crime syndicates have turned their attention to Australia,\" he said.</p><p>\"But despite accelerating attacks, which can potentially disrupt essential services, the 2016 Commonwealth Cyber Security Strategy reached the end of its life almost two months ago and Peter Dutton still hasn't produced a new strategy ten months after starting work on it.</p><p>\"Heads of intelligence agencies, cyber experts and the Defence Department have all expressed concern about our vulnerability to cyber attack, but the Morrison Government has failed to act. It's past time that it showed leadership.\"</p><p>Defence Minister Linda Reynolds did not respond to a request for comment prior to publication.</p><p>Toll has suffered two major cyber attacks in 2020. The first involved Russian hackers unsuccessfully seeking a hefty ransom to unlock Toll's compromised systems using the Mailto ransomware, which triggered more than a month of disruptions for the logistics company.</p><p><url normalizedValue=\"https://www.afr.com/technology/hacked-again-toll-group-systems-hit-by-fresh-ransomware-attack-20200505-p54q19\">The second involved a new form of ransomware called Nefilim</url>, but the business remained resolute that it would not pay the ransom and that there was no evidence that any data had been extracted from its systems.</p><p>For BlueScope Steel, the <url normalizedValue=\"https://www.afr.com/technology/port-kembla-steelworks-hit-as-bluescope-cyber-attack-bites-20200515-p54tb9\">cyber attack predominantly hit its back-office functions, such as order management, scheduling and logistics tracing</url>, but some plants such as Port Kembla in Wollongong were also forced to temporarily cease production.</p><p>The most recent report from the Office of the Australian Information Commissioner revealed there had been a 19 per cent spike in notifiable data breaches in the December 2019 quarter, with malicious or criminal attacks remaining the leading cause.</p></bodyText></nitf:body.content></nitf:body><metadata><dc:metadata xmlns:dc=\"http://purl.org/dc/elements/1.1/\"><dc:identifier identifierScheme=\"DOC-ID\">AFRONL-1520286915</dc:identifier><dc:source sourceScheme=\"royaltyReportingKey\">AFRONL2020</dc:source><dc:identifier identifierScheme=\"PGUID\">urn:contentItem:603C-MHY1-JBJ7-N0GK-00000-00</dc:identifier><dc:source sourceScheme=\"productContentSetIdentifier\">429670</dc:source><dc:date dateType=\"last-updated\">2020-06-09</dc:date></dc:metadata><wordCount number=\"522\"/><timeReceived>05:17 PM GMT</timeReceived><publicationInfo><copyright>Copyright 2020 Fairfax Media Publications Pty. Limited All Rights Reserved</copyright><publicationName>AFR Online</publicationName><publicationDate day=\"09\" month=\"06\" year=\"2020\"><dateText>June 9, 2020 Tuesday</dateText></publicationDate><classification classificationScheme=\"publicationtype\"><classificationItem><className>Web Publication</className></classificationItem></classification><classification classificationScheme=\"publicationtype\"><classificationItem><className>Industry Trade Press</className></classificationItem></classification></publicationInfo><classification classificationScheme=\"language\"><classificationItem classificationScheme=\"lang.english\"><className>ENGLISH</className></classificationItem></classification><classificationGroup classificationScheme=\"indexing-terms\"><classification classificationScheme=\"company\"><classificationItem score=\"58\"><classCode>CC0009EC1</classCode><className>CHINA MENGNIU DAIRY CO LTD</className></classificationItem><classificationItem score=\"57\"><classCode>CC0001TAL</classCode><className>COFCO CORP</className></classificationItem><classificationItem score=\"54\"><classCode>CC00091JX</classCode><className>BLUESCOPE STEEL LTD</className></classificationItem></classification><classification classificationScheme=\"industry\"><classificationItem score=\"58\"><className>NAICS311511 FLUID MILK MANUFACTURING</className></classificationItem><classificationItem score=\"58\"><className>SIC2026 FLUID MILK</className></classificationItem><classificationItem score=\"57\"><className>NAICS111160 RICE FARMING</className></classificationItem><classificationItem score=\"57\"><className>NAICS111140 WHEAT FARMING</className></classificationItem><classificationItem score=\"57\"><className>NAICS111120 OILSEED (EXCEPT SOYBEAN) FARMING</className></classificationItem><classificationItem score=\"57\"><className>NAICS111110 SOYBEAN FARMING</className></classificationItem><classificationItem score=\"54\"><className>NAICS332312 FABRICATED STRUCTURAL METAL MANUFACTURING</className></classificationItem><classificationItem score=\"54\"><className>NAICS331110 IRON &amp; STEEL MILLS &amp; FERROALLOY MANUFACTURING</className></classificationItem><classificationItem score=\"54\"><className>SIC3441 FABRICATED STRUCTURAL METAL</className></classificationItem><classificationItem score=\"54\"><className>SIC3312 STEEL WORKS, BLAST FURNACES (INCLUDING COKE OVENS) &amp; ROLLING MILLS</className></classificationItem></classification><classification classificationScheme=\"ticker\"><classificationItem score=\"58\"><className>2319 (HKSE)</className></classificationItem><classificationItem score=\"54\"><className>BSL (ASX)</className></classificationItem></classification></classificationGroup><classificationGroup classificationScheme=\"licensor.indexing-terms\"><classification classificationScheme=\"licensor.subject\"><classificationItem><className>Security</className></classificationItem></classification></classificationGroup><classificationGroup classificationScheme=\"indexing-terms\"><classification classificationScheme=\"subject\"><classificationItem score=\"92\"><classCode>ST0008ZGX</classCode><className>CYBERCRIME</className><classCode/><className/></classificationItem><classificationItem score=\"89\"><classCode>ST0009FZ2</classCode><className>MALICIOUS SOFTWARE</className><classCode/><className/></classificationItem><classificationItem score=\"88\"><classCode>ST000DLOJ</classCode><className>GOVERNMENT ADVISORS &amp; MINISTERS</className><classCode/><className/></classificationItem><classificationItem score=\"78\"><classCode>STX000155</classCode><className>BACK OFFICE OPERATIONS</className><classCode/><className/></classificationItem><classificationItem score=\"78\"><classCode>STX000350</classCode><className>COMPUTER CRIME</className><classCode>Z3VpZD11cm46dG9waWM6NUZBMUY1NEJCRTYyNEU2NDgwMzk4QzhBOTBEMTk1MDU7cGFyZW50Z3VpZD11cm46dG9waWM6REE3RUI5RUNDMTgyNDU3Rjk2QUMwOTVBOUI1NDNFOTY</classCode><className>Computer Crimes</className></classificationItem><classificationItem score=\"78\"><classCode>STX001668</classCode><className>TAKEOVERS</className><classCode/><className/></classificationItem><classificationItem score=\"72\"><classCode>STX000938</classCode><className>INTELLIGENCE SERVICES</className><classCode/><className/></classificationItem><classificationItem score=\"70\"><classCode>ST00097CP</classCode><className>DEFENSE DEPARTMENTS</className><classCode>Z3VpZD11cm46dG9waWM6MTFBQjNDMzE0RjU1NEVDREJERTlFQUU2OTkzN0VCMjk7cGFyZW50Z3VpZD11cm46dG9waWM6RUZFQjE4NzUwODAyNDUzMzgxQzIxMUNBMTg2RTc5MTI</classCode><className>US Department of Defense</className></classificationItem><classificationItem score=\"70\"><classCode>ST0009FJK</classCode><className>NEGATIVE PERSONAL NEWS</className><classCode/><className/></classificationItem><classificationItem score=\"50\"><classCode>STX001266</classCode><className>ORGANIZED CRIME</className><classCode/><className/></classificationItem></classification><classification classificationScheme=\"industry\"><classificationItem score=\"92\"><classCode>STX001894</classCode><className>BEVERAGE INDUSTRY</className><classCode/><className/></classificationItem><classificationItem score=\"92\"><classCode>ST0008ZGX</classCode><className>CYBERCRIME</className><classCode/><className/></classificationItem><classificationItem score=\"91\"><classCode>STX002014</classCode><className>MANUFACTURING</className><classCode/><className/></classificationItem><classificationItem score=\"90\"><classCode>N312100CC</classCode><className>BEVERAGE MFG</className><classCode/><className/></classificationItem><classificationItem score=\"90\"><classCode>ST0009O2M</classCode><className>BEVERAGE PRODUCTS</className><classCode/><className/></classificationItem><classificationItem score=\"90\"><classCode>STX001897</classCode><className>COMPUTING &amp; INFORMATION TECHNOLOGY</className><classCode/><className/></classificationItem><classificationItem score=\"90\"><classCode>STX001902</classCode><className>FOOD &amp; BEVERAGE</className><classCode/><className/></classificationItem><classificationItem score=\"90\"><classCode>ST0009SVT</classCode><className>FRUIT &amp; JUICE DRINK MFG</className><classCode/><className/></classificationItem><classificationItem score=\"90\"><classCode>STX000973</classCode><className>IRON &amp; STEEL INDUSTRY</className><classCode/><className/></classificationItem><classificationItem score=\"90\"><classCode>N331111MM</classCode><className>IRON &amp; STEEL MILLS</className><classCode/><className/></classificationItem><classificationItem score=\"90\"><classCode>N331000CC</classCode><className>PRIMARY METAL MFG</className><classCode/><className/></classificationItem><classificationItem score=\"90\"><classCode>N111110MM</classCode><className>SOYBEAN FARMING</className><classCode/><className/></classificationItem><classificationItem score=\"90\"><classCode>ST0009RXL</classCode><classCode/><className/></classificationItem><classificationItem score=\"90\"><classCode>ST0009SWJ</classCode><classCode/><className/></classificationItem><classificationItem score=\"89\"><classCode>N722400CC</classCode><className>DRINKING PLACES</className><classCode/><className/></classificationItem><classificationItem score=\"89\"><classCode>ST000D7DY</classCode><className>INFORMATION SECURITY &amp; PRIVACY</className><classCode/><className/></classificationItem><classificationItem score=\"89\"><classCode>ST0009FZ2</classCode><className>MALICIOUS SOFTWARE</className><classCode/><className/></classificationItem><classificationItem score=\"89\"><classCode>ST000DLPP</classCode><className>RANSOMWARE</className><classCode/><className/></classificationItem><classificationItem score=\"78\"><classCode>N312120MM</classCode><className>BREWERIES</className><classCode/><className/></classificationItem><classificationItem score=\"78\"><classCode>STX000350</classCode><className>COMPUTER CRIME</className><classCode>Z3VpZD11cm46dG9waWM6NUZBMUY1NEJCRTYyNEU2NDgwMzk4QzhBOTBEMTk1MDU7cGFyZW50Z3VpZD11cm46dG9waWM6REE3RUI5RUNDMTgyNDU3Rjk2QUMwOTVBOUI1NDNFOTY</classCode><className>Computer Crimes</className></classificationItem><classificationItem score=\"78\"><classCode>N112120MM</classCode><className>DAIRY FARMING</className><classCode/><className/></classificationItem><classificationItem score=\"78\"><classCode>ST000DF8W</classCode><className>INFORMATION SECURITY VULNERABILITIES</className><classCode/><className/></classificationItem><classificationItem score=\"78\"><classCode>N331220CC</classCode><className>STEEL ROLLING &amp; DRAWING</className><classCode/><className/></classificationItem><classificationItem score=\"77\"><classCode>N331112MM</classCode><className>FERROALLOY PRODUCT MFG</className><classCode/><className/></classificationItem><classificationItem score=\"73\"><classCode>STX000987</classCode><className>FRUIT &amp; JUICE DRINKS</className><classCode/><className/></classificationItem><classificationItem score=\"72\"><classCode>STX000697</classCode><className>FARMERS &amp; RANCHERS</className><classCode/><className/></classificationItem><classificationItem score=\"70\"><classCode>ST00097CP</classCode><className>DEFENSE DEPARTMENTS</className><classCode>Z3VpZD11cm46dG9waWM6MTFBQjNDMzE0RjU1NEVDREJERTlFQUU2OTkzN0VCMjk7cGFyZW50Z3VpZD11cm46dG9waWM6RUZFQjE4NzUwODAyNDUzMzgxQzIxMUNBMTg2RTc5MTI</classCode><className>US Department of Defense</className></classificationItem></classification><classification classificationScheme=\"country\"><classificationItem score=\"93\"><classCode>GC302</classCode><className>CHINA</className><classCode/><className/></classificationItem><classificationItem score=\"92\"><classCode>GC301</classCode><className>AUSTRALIA</className><classCode/><className/></classificationItem></classification></classificationGroup></metadata></articleDoc></content></entry>"}