{"prediction_class": "Offensive Social Behaviour", "prediction_score": "0.67", "name": "BlueScope", "title": "RL: Mortimer says concern for future if sponsors pull out", "published": "2004-03-08T00:00:00Z", "updated": "2020-11-16T01:28:45Z", "cleaned_article": "[TITLE] RL: Mortimer says concern for future if sponsors pull out [TITLE] \n\nBulldogs chief executive Steve Mortimer today said he feared for the NRL club's future if the sex scandal drove away its sponsors. The Bulldogs have only lost one sponsor - Bluescope Lysaght - thus far as a result of the sexual assault allegations arising out of events at Coffs Harbour two weeks ago. However, several backers, including major sponsor Mitsubishi Electric, are holding fire until the police complete their investigation. \"If we lost all our sponsors I'd be very worried about the viability of the club,\" Mortimer said today.", "raw_cleaned_article": "<h2>RL: Mortimer says concern for future if sponsors pull out</h2><p>Bulldogs chief executive Steve Mortimer today said he feared for the NRL club's future if the sex scandal drove away its sponsors. <b>The Bulldogs have only lost one sponsor - Bluescope Lysaght - thus far as a result of the sexual assault allegations arising out of events at Coffs Harbour two weeks ago.</b> However, several backers, including major sponsor Mitsubishi Electric, are holding fire until the police complete their investigation. \"If we lost all our sponsors I'd be very worried about the viability of the club,\" Mortimer said today.</p>", "original_content": "<entry xmlns=\"http://www.w3.org/2005/Atom\"><id>urn:contentItem:4BWH-GT70-00VK-23X7-00000-00</id><title>RL: Mortimer says concern for future if sponsors pull out</title><published>2004-03-08T00:00:00Z</published><updated>2020-11-16T01:28:45Z</updated><author><name>LexisNexis</name></author><content type=\"application/xml\"><!--Transformation version 1.23--><articleDoc xmlns=\"\" xmlns:xsi=\"http://www.w3.org/2001/XMLSchema-instance\" xsi:noNamespaceSchemaLocation=\"http://www.lexisnexis.com/xmlschemas/content/public/articledoc/1/\" schemaVersion=\"1.8\" xml:lang=\"en\"><articleDocHead><itemInfo><sourceSectionInfo><positionSection>Sports News</positionSection></sourceSectionInfo></itemInfo></articleDocHead><nitf:body xmlns:nitf=\"http://iptc.org/std/NITF/2006-10-18/\"><nitf:body.head><nitf:hedline><nitf:hl1>RL: Mortimer says concern for future if sponsors pull out</nitf:hl1></nitf:hedline><nitf:byline>By Brent Read</nitf:byline><nitf:dateline>SYDNEY, March 8</nitf:dateline></nitf:body.head><nitf:body.content><bodyText><p nitf:lede=\"true\">Bulldogs chief executive Steve Mortimer today said he feared for the NRL club's future if the sex scandal drove away its sponsors.</p><p nitf:lede=\"true\">The Bulldogs have only lost one sponsor - Bluescope Lysaght - thus far as a result of the sexual assault allegations arising out of events at Coffs Harbour two weeks ago.</p><p nitf:lede=\"true\">However, several backers, including major sponsor Mitsubishi Electric, are holding fire until the police complete their investigation.</p><p>\"If we lost all our sponsors I'd be very worried about the viability of the club,\" Mortimer said today.</p><p>\"I am preying and hoping that won't happen.</p><p>\"I believe, we believe, that we'll have no case to answer.</p><p>\"Mitsubishi Electric have been great. I have great faith in their strength.\"</p><p>The Bulldogs also have the spectre of a heavy fine from the NRL hanging over their head, with chief executive David Gallop revealing the club could be docked anything up to $1 million.</p><p>The NRL elected against taking any action against the embattled club on Friday for fear of prejudicing the police investigation.</p><p>However, the league is almost certain to take action at the close of the police inquiries.</p><p>Mortimer aired his concerns on a day in which the Bulldogs case took a surprising twist, with the club calling in its legal team to look at a newspaper report from New Zealand.</p><p>In the report, two of the club's players were named in connection with the alleged sexual assault.</p><p>\"I saw it and I passed it, quicker than I have ever passed a ball, to my solicitors,\" Mortimer, a former Bulldogs, NSW and Australian halfback, said.</p><p>\"It's in their hands. I passed it to the right person playing in that position.\"</p><p>A manager for one of the players, who was coincidentally in New Zealand today, said he was also investigating his player's legal options.</p><p>\"I have had my solicitor look at things,\" the manager said.</p><p>\"He said to me that he's done nothing wrong and he's got nothing to worry about.\"</p><p>Meanwhile, in Sydney police continued their investigations into the alleged sexual assault, interviewing six Bulldogs staff members including coach Steve Folkes.</p><p>Folkes declined to talk to media as he entered the police station, where it was expected he was questioned about a \"truth meeting\" held with the players.</p><p>The Bulldogs did receive some good news today with NSW Police deciding against taking immediate action against Hazem El Masri over his decision not to give a DNA sample.</p><p>El Masri refused to cooperate with requests for a sample, saying he was insulted at being dragged into the scandal.</p><p>Folkes and his players are now free to concentrate on their premiership opener against Parramatta at Telstra Stadium on Saturday night.</p><p>\"It's obviously been a disruption this week but this morning's (training) session was terrific,\" Folkes said.</p><p>\"We have switched back on to football and all the guys are just looking forward to getting back out there and plying their trade.\"</p></bodyText></nitf:body.content></nitf:body><metadata><dc:metadata xmlns:dc=\"http://purl.org/dc/elements/1.1/\"><dc:source sourceScheme=\"royaltyReportingKey\">AAPNEW2004</dc:source><dc:identifier identifierScheme=\"PGUID\">urn:contentItem:4BWH-GT70-00VK-23X7-00000-00</dc:identifier><dc:source sourceScheme=\"productContentSetIdentifier\">160586</dc:source><dc:date dateType=\"last-updated\">2016-01-29</dc:date></dc:metadata><wordCount number=\"488\"/><publicationInfo><publicationName>AAP NEWSFEED</publicationName><copyright>Copyright 2004 Australian Associated Press Pty. Ltd.</copyright><publicationDate month=\"03\" day=\"08\" year=\"2004\"><dateText>March 8, 2004, Monday</dateText></publicationDate></publicationInfo><classification classificationScheme=\"language\"><classificationItem><className>ENGLISH</className></classificationItem></classification><classificationGroup classificationScheme=\"indexing-terms\"><classification classificationScheme=\"company\"><classificationItem score=\"60\"><className>MITSUBISHI ELECTRIC SALES AMERICA\u00a0</className></classificationItem></classification></classificationGroup><classificationGroup classificationScheme=\"indexing-terms\"><classification classificationScheme=\"organization\"><classificationItem score=\"60\"><className>NSW POLICE\u00a0</className></classificationItem></classification><classification classificationScheme=\"company\"><classificationItem score=\"60\"><className>MITSUBISHI ELECTRIC SALES AMERICA\u00a0</className></classificationItem><classificationItem score=\"60\"><className>\u00a0\u00a0\u00a0NSW POLICE\u00a0</className></classificationItem></classification></classificationGroup><classificationGroup classificationScheme=\"indexing-terms\"><classification classificationScheme=\"subject\"><classificationItem score=\"91\"><classCode>ST0009FJK</classCode><className>NEGATIVE PERSONAL NEWS</className><classCode/><className/></classificationItem><classificationItem score=\"90\"><classCode>STX001932</classCode><className>CRIME, LAW ENFORCEMENT &amp; CORRECTIONS</className><classCode/><className/></classificationItem><classificationItem score=\"90\"><classCode>ST000D4JV</classCode><className>CRIMINAL INVESTIGATIONS</className><classCode/><className/></classificationItem><classificationItem score=\"90\"><classCode>STX000969</classCode><className>INVESTIGATIONS</className><classCode/><className/></classificationItem><classificationItem score=\"89\"><classCode>STX000168</classCode><className>BARRISTERS &amp; SOLICITORS</className><classCode/><className/></classificationItem><classificationItem score=\"89\"><classCode>ST000D1BY</classCode><className>EXECUTIVES</className><classCode/><className/></classificationItem><classificationItem score=\"89\"><classCode>ST000CTIZ</classCode><className>SCANDALS</className><classCode/><className/></classificationItem><classificationItem score=\"89\"><classCode>STX001555</classCode><className>SEX OFFENSES</className><classCode>Z3VpZD11cm46dG9waWM6RkQwRTk5MUFBNjMxNDJGQUJGMDJBNjIzOTZEMUZBQTc7cGFyZW50Z3VpZD11cm46dG9waWM6RjgwNUY4MjJCMTg5NDgzRUJBMDQwNkM4NkUyNTJBMEY</classCode><className>Sex Crimes</className></classificationItem><classificationItem score=\"89\"><classCode>ST000CZWR</classCode><className>SEX SCANDALS</className><classCode/><className/></classificationItem><classificationItem score=\"89\"><classCode>ST00093QH</classCode><className>SEXUAL ASSAULT</className><classCode>Z3VpZD11cm46dG9waWM6NzFENzYyRUI3RjFENEUwOEIyN0U0NEZBQjE5RjExMzk7cGFyZW50Z3VpZD11cm46dG9waWM6RkQwRTk5MUFBNjMxNDJGQUJGMDJBNjIzOTZEMUZBQTc</classCode><className>Sexual Assault</className></classificationItem><classificationItem score=\"78\"><classCode>N922120QM</classCode><className>POLICE FORCES</className><classCode/><className/></classificationItem><classificationItem score=\"77\"><classCode>N922120CC</classCode><className>LAW ENFORCEMENT</className><classCode/><className/></classificationItem><classificationItem score=\"73\"><classCode>ST0009SE3</classCode><className>STADIUMS &amp; ARENAS</className><classCode/><className/></classificationItem><classificationItem score=\"70\"><classCode>ST0008XMR</classCode><className>LAW &amp; LEGAL SYSTEM</className><classCode/><className/></classificationItem><classificationItem score=\"50\"><classCode>ST000DMKX</classCode><className>BUSINESS REPORTS &amp; FORECASTS</className><classCode/><className/></classificationItem><classificationItem score=\"50\"><classCode>STX000520</classCode><className>DNA</className><classCode/><className/></classificationItem></classification><classification classificationScheme=\"industry\"><classificationItem score=\"90\"><classCode>STX000775</classCode><className>NATURAL GAS &amp; ELECTRIC UTILITIES</className><classCode/><className/></classificationItem><classificationItem score=\"89\"><classCode>STX000168</classCode><className>BARRISTERS &amp; SOLICITORS</className><classCode/><className/></classificationItem></classification><classification classificationScheme=\"city\"><classificationItem score=\"90\"><classCode>GX014</classCode><className>SYDNEY, AUSTRALIA</className><classCode/><className/></classificationItem></classification><classification classificationScheme=\"state\"><classificationItem score=\"89\"><classCode>GS001</classCode><className>NEW SOUTH WALES, AUSTRALIA</className><classCode/><className/></classificationItem></classification><classification classificationScheme=\"country\"><classificationItem score=\"93\"><classCode>GC301</classCode><className>AUSTRALIA</className><classCode/><className/></classificationItem><classificationItem score=\"92\"><classCode>GC351</classCode><className>NEW ZEALAND</className><classCode/><className/></classificationItem></classification></classificationGroup></metadata></articleDoc></content></entry>"}