{"prediction_class": "Regulatory Breaches Tax Evasion Smuggling of goods", "prediction_score": "0.7", "name": "BlueScope", "title": "Indonesia/Vietnam: Indonesia initiates an anti-dumping investigation of Vietnamese steel", "published": "2016-12-28T00:00:00Z", "updated": "2020-11-16T01:16:26Z", "cleaned_article": "[TITLE] Indonesia/Vietnam: Indonesia initiates an anti-dumping investigation of Vietnamese steel [TITLE] \n\nThis was revealed by the Vietnam Competition Authority (VCA) under the Ministry of Industry and Trade. VCA said the investigation could be implemented for 12 months and extended to 18 months if required. The decision was made following the complaint by PT NS BlueScope Indonesia alleging that repeated illegal trade practices have devastated production and employment and are causing irreparable harm to the Indonesian steel industry. The colour-coated steel being investigated have HS codes of 7210.70.10.00, 7212.40.10.00 and 7212.40.20.00. Large Indonesian steelmakers are seeking an anti-dumping investigation and the imposition of tariffs on steel imports from both Vietnam and China. KADI said from July 2015 to June 2016, Indonesia imported 224,120 tonnes of colour-coated steel, of which, imports from Vietnam and China were 196,191 tonnes, accounting for 87.5 per cent of the country's total steel imports.", "raw_cleaned_article": "<h2>Indonesia/Vietnam: Indonesia initiates an anti-dumping investigation of Vietnamese steel</h2><p>This was revealed by the Vietnam Competition Authority (VCA) under the Ministry of Industry and Trade. VCA said the investigation could be implemented for 12 months and extended to 18 months if required. <b>The decision was made following the complaint by PT NS BlueScope Indonesia alleging that repeated illegal trade practices have devastated production and employment and are causing irreparable harm to the Indonesian steel industry. The colour-coated steel being investigated have HS codes of 7210.70.10.00, 7212.40.10.00 and 7212.40.20.00.</b> Large Indonesian steelmakers are seeking an anti-dumping investigation and the imposition of tariffs on steel imports from both Vietnam and China. KADI said from July 2015 to June 2016, Indonesia imported 224,120 tonnes of colour-coated steel, of which, imports from Vietnam and China were 196,191 tonnes, accounting for 87.5 per cent of the country's total steel imports.</p>", "original_content": "<entry xmlns=\"http://www.w3.org/2005/Atom\"><id>urn:contentItem:5MGT-20T1-DXMS-84CS-00000-00</id><title>Indonesia/Vietnam: Indonesia initiates an anti-dumping investigation of Vietnamese steel</title><published>2016-12-28T00:00:00Z</published><updated>2020-11-16T01:16:26Z</updated><author><name>LexisNexis</name></author><content type=\"application/xml\"><!--Transformation version 1.23--><articleDoc xmlns=\"\" xmlns:xsi=\"http://www.w3.org/2001/XMLSchema-instance\" xsi:noNamespaceSchemaLocation=\"http://www.lexisnexis.com/xmlschemas/content/public/articledoc/1/\" schemaVersion=\"1.8\" xml:lang=\"en\"><articleDocHead><itemInfo><sourceSectionInfo><positionSection>GENERAL NEWS</positionSection></sourceSectionInfo></itemInfo></articleDocHead><nitf:body xmlns:nitf=\"http://iptc.org/std/NITF/2006-10-18/\"><nitf:body.head><nitf:hedline><nitf:hl1>Indonesia/Vietnam: Indonesia initiates an anti-dumping investigation of Vietnamese steel</nitf:hl1></nitf:hedline></nitf:body.head><nitf:body.content><bodyText><p nitf:lede=\"true\">Indonesian Anti-Dumping Committee (KADI) has initiated an anti-dumping investigation of relevant colour-coated steel sheet imports from China and Vietnam.</p><p>This was revealed by the Vietnam Competition Authority (VCA) under the Ministry of Industry and Trade.</p><p>VCA said the investigation could be implemented for 12 months and extended to 18 months if required.</p><p>The decision was made following the complaint by PT NS BlueScope Indonesia alleging that repeated illegal trade practices have devastated production and employment and are causing irreparable harm to the Indonesian steel industry. The colour-coated steel being investigated have HS codes of 7210.70.10.00, 7212.40.10.00 and 7212.40.20.00.</p><p>Large Indonesian steelmakers are seeking an anti-dumping investigation and the imposition of tariffs on steel imports from both Vietnam and China.</p><p>KADI said from July 2015 to June 2016, Indonesia imported 224,120 tonnes of colour-coated steel, of which, imports from Vietnam and China were 196,191 tonnes, accounting for 87.5 per cent of the country's total steel imports.</p><p>VCA said Vietnamese colour-coated steel has been also under investigation by Thailand following the complaint of the NS BlueScope Company. The product can be levied anti-dumping taxes of 4.51 to 60.26 per cent in Thailand. - VOV</p></bodyText></nitf:body.content></nitf:body><metadata><dc:metadata xmlns:dc=\"http://purl.org/dc/elements/1.1/\"><dc:identifier identifierScheme=\"DOC-ID\">THANWS-</dc:identifier><dc:source sourceScheme=\"royaltyReportingKey\">THANWS2016</dc:source><dc:identifier identifierScheme=\"PGUID\">urn:contentItem:5MGT-20T1-DXMS-84CS-00000-00</dc:identifier><dc:source sourceScheme=\"productContentSetIdentifier\">404625</dc:source><dc:date dateType=\"last-updated\">2018-01-06</dc:date></dc:metadata><wordCount number=\"215\"/><publicationInfo><copyright>Copyright 2016 Thai News Service All Rights Reserved</copyright><publicationName>Thai News Service</publicationName><publicationDate day=\"28\" month=\"12\" year=\"2016\"><dateText>December 28, 2016 Wednesday</dateText></publicationDate><classification classificationScheme=\"publicationtype\"><classificationItem><className>Wire</className></classificationItem></classification><classification classificationScheme=\"publicationtype\"><classificationItem><className>Industry Trade Press</className></classificationItem></classification></publicationInfo><classification classificationScheme=\"language\"><classificationItem classificationScheme=\"lang.english\"><className>ENGLISH</className></classificationItem></classification><classificationGroup classificationScheme=\"indexing-terms\"><classification classificationScheme=\"subject\"><classificationItem score=\"95\"><classCode>STX000098</classCode><className>ANTIDUMPING LAWS</className><classCode>Z3VpZD11cm46dG9waWM6RUNCNkE3MkFENkJBNEM4MEFCQkVDODk4RTY4MTUzRjk7cGFyZW50Z3VpZD11cm46dG9waWM6QUQwOThCQjVCQzk4NEU4NUIzQUQ1RUVBNTExRDhCQzM</classCode><className>Antidumping</className></classificationItem><classificationItem score=\"93\"><classCode>STX000969</classCode><className>INVESTIGATIONS</className><classCode/><className/></classificationItem><classificationItem score=\"90\"><classCode>STX000895</classCode><className>IMPORT TRADE</className><classCode/><className/></classificationItem><classificationItem score=\"78\"><classCode>ST000D4JV</classCode><className>CRIMINAL INVESTIGATIONS</className><classCode/><className/></classificationItem><classificationItem score=\"78\"><classCode>STX001673</classCode><className>TARIFFS &amp; DUTIES</className><classCode/><className/></classificationItem><classificationItem score=\"75\"><classCode>STX001688</classCode><className>TAXES &amp; TAXATION</className><classCode/><className/></classificationItem><classificationItem score=\"73\"><classCode>ST00097CC</classCode><className>COMMERCE DEPARTMENTS</className><classCode/><className/></classificationItem></classification><classification classificationScheme=\"industry\"><classificationItem score=\"90\"><classCode>N331111MM</classCode><className>IRON &amp; STEEL MILLS</className><classCode/><className/></classificationItem></classification><classification classificationScheme=\"country\"><classificationItem score=\"96\"><classCode>GC305</classCode><className>INDONESIA</className><classCode/><className/></classificationItem><classificationItem score=\"94\"><classCode>GC385</classCode><className>VIET NAM</className><classCode/><className/></classificationItem><classificationItem score=\"93\"><classCode>GC302</classCode><className>CHINA</className><classCode/><className/></classificationItem><classificationItem score=\"92\"><classCode>GC313</classCode><className>THAILAND</className><classCode/><className/></classificationItem></classification></classificationGroup></metadata></articleDoc></content></entry>"}