{"prediction_class": "Regulatory Breaches Tax Evasion Smuggling of goods", "prediction_score": "0.96", "name": "BlueScope", "title": "ACCC alleges Bluescope in cartel conduct", "published": "2019-08-30T00:00:00Z", "updated": "2020-11-16T00:52:40Z", "cleaned_article": "[TITLE] ACCC alleges Bluescope in cartel conduct [TITLE] \n\nThe regulator alleges that between September 2013 and June 2014, BlueScope and Mr Ellis tried to induce various steel distributors in Australia and overseas manufacturers to enter agreements containing a price fixing provision.", "raw_cleaned_article": "<h2>ACCC alleges Bluescope in cartel conduct</h2><p><b>The regulator alleges that between September 2013 and June 2014, BlueScope and Mr Ellis tried to induce various steel distributors in Australia and overseas manufacturers to enter agreements containing a price fixing provision.</b></p>", "original_content": "<entry xmlns=\"http://www.w3.org/2005/Atom\"><id>urn:contentItem:5WXS-S5M1-DY19-C3K0-00000-00</id><title>ACCC alleges Bluescope in cartel conduct</title><published>2019-08-30T00:00:00Z</published><updated>2020-11-16T00:52:40Z</updated><author><name>LexisNexis</name></author><content type=\"application/xml\"><!--Transformation version 1.23--><articleDoc xmlns=\"\" xmlns:xsi=\"http://www.w3.org/2001/XMLSchema-instance\" xsi:noNamespaceSchemaLocation=\"http://www.lexisnexis.com/xmlschemas/content/public/articledoc/1/\" schemaVersion=\"1.8\" xml:lang=\"en\"><articleDocHead><itemInfo/></articleDocHead><nitf:body xmlns:nitf=\"http://iptc.org/std/NITF/2006-10-18/\"><nitf:body.head><nitf:hedline><nitf:hl1>ACCC alleges Bluescope in cartel conduct</nitf:hl1></nitf:hedline><nitf:byline><author><person><nameText>Luke Housego</nameText></person></author></nitf:byline><highlight><bodyText><p>The competition regulator has launched a civil case against BlueScope Steel and a former executive alleging cartel conduct related to the supply of flat steel products.</p></bodyText></highlight></nitf:body.head><nitf:body.content><bodyText><p nitf:lede=\"true\">The competition regulator has launched a civil case against BlueScope Steel and a former executive alleging cartel conduct related to the supply of flat steel products.</p><p nitf:lede=\"true\">The Australian Competition and Consumer Commission alleges BlueScope and former general manager of sales and marketing Jason Ellis tried to induce competitors to enter contracts to fix prices.</p><p>BlueScope chairman John Bevan said while the board had not seen all the evidence relied on by the ACCC, \"we do not believe that BlueScope, or any current or former employees, have engaged in cartel conduct\".</p><p>The ACCC will pursue the company and Mr Ellis in the Federal Court for pecuniary penalties, declarations and costs.</p><p>\"This matter involves allegations of serious cartel conduct,\" ACCC chairman Rod Sims said in a statement on Friday.</p><p>The regulator alleges that between September 2013 and June 2014, BlueScope and Mr Ellis tried to induce various steel distributors in Australia and overseas manufacturers to enter agreements containing a price fixing provision.</p><p>\"BlueScope and Mr Ellis attempted to induce agreements with BlueScope's competitors, to fix and/or raise the level of pricing for flat steel products supplied in Australia,\" the statement said.</p><p>The ACCC is seeking declarations, pecuniary penalties and costs against BlueScope and Mr Ellis, as well as an order banning Mr Ellis from managing corporations.</p><p>But it appears the case could also become a criminal matter. The ACCC said it has been working closely with the federal crown prosecutor and its consideration of the matter is continuing.</p><p>\"Given the six year limitation period for taking civil proceedings for certain of the alleged conduct was about to expire, the ACCC has determined it is appropriate to commence such proceedings against BlueScopeand Mr Ellis,\" Mr Sims said.</p><p>In a statement to the ASX on Friday morning, BlueScope chairman John Bevan said the board was treating the serious allegations \"very seriously\".</p><p>\"Since becoming aware of the ACCC's investigation, we have constructively engaged with the ACCC and conducted our own internal investigation.</p><p>\"While we have not seen all of the evidence that has been relied on by the ACCC, based on what we know today, we do not believe that BlueScope, or any current or former employees, have engaged in cartel conduct.\"</p><p>BlueScope's chief executive Mark Vassella said the alleged conduct did not represent the BlueScope way, or the values that we work hard to instil in our team.</p><p>\"We take matters of competition law compliance and corporate governance extremely seriously,\" Mr Vassella said.</p></bodyText></nitf:body.content></nitf:body><metadata><dc:metadata xmlns:dc=\"http://purl.org/dc/elements/1.1/\"><dc:identifier identifierScheme=\"DOC-ID\">AFRONL-1520174712</dc:identifier><dc:source sourceScheme=\"royaltyReportingKey\">AFRONL2019</dc:source><dc:identifier identifierScheme=\"PGUID\">urn:contentItem:5WXS-S5M1-DY19-C3K0-00000-00</dc:identifier><dc:source sourceScheme=\"productContentSetIdentifier\">429670</dc:source><dc:date dateType=\"last-updated\">2019-08-29</dc:date></dc:metadata><wordCount number=\"428\"/><timeReceived>10:18 AM GMT</timeReceived><publicationInfo><copyright>Copyright 2019 Fairfax Media Publications Pty. Limited All Rights Reserved</copyright><publicationName>AFR Online</publicationName><publicationDate day=\"30\" month=\"08\" year=\"2019\"><dateText>August 30, 2019 Friday</dateText></publicationDate><classification classificationScheme=\"publicationtype\"><classificationItem><className>Web Publication</className></classificationItem></classification><classification classificationScheme=\"publicationtype\"><classificationItem><className>Industry Trade Press</className></classificationItem></classification></publicationInfo><classification classificationScheme=\"language\"><classificationItem classificationScheme=\"lang.english\"><className>ENGLISH</className></classificationItem></classification><classificationGroup classificationScheme=\"indexing-terms\"><classification classificationScheme=\"company\"><classificationItem score=\"58\"><classCode>CC00091JX</classCode><className>BLUESCOPE STEEL LTD</className></classificationItem></classification><classification classificationScheme=\"industry\"><classificationItem score=\"58\"><className>NAICS332312 FABRICATED STRUCTURAL METAL MANUFACTURING</className></classificationItem><classificationItem score=\"58\"><className>NAICS331110 IRON &amp; STEEL MILLS &amp; FERROALLOY MANUFACTURING</className></classificationItem><classificationItem score=\"58\"><className>SIC3441 FABRICATED STRUCTURAL METAL</className></classificationItem><classificationItem score=\"58\"><className>SIC3312 STEEL WORKS, BLAST FURNACES (INCLUDING COKE OVENS) &amp; ROLLING MILLS</className></classificationItem></classification><classification classificationScheme=\"ticker\"><classificationItem score=\"58\"><className>BSL (ASX)</className></classificationItem></classification></classificationGroup><classificationGroup classificationScheme=\"licensor.indexing-terms\"><classification classificationScheme=\"licensor.subject\"><classificationItem><className>Manufacturing</className></classificationItem></classification></classificationGroup><classificationGroup classificationScheme=\"indexing-terms\"><classification classificationScheme=\"legal\"><classificationItem><className>Governments</className><classCode>Z3VpZD11cm46dG9waWM6MjdEQjE4OUJDMzQxNDNEMEI0RTI1QUFCMzJENjEwRTA7cGFyZW50Z3VpZD0</classCode><classificationItem score=\"50\"><className>Time Limitations</className><classCode>Z3VpZD11cm46dG9waWM6NDU5MENDQ0RCNEUyNEZBQjk1MkZGNTZGMzg1RTgyQjI7cGFyZW50Z3VpZD11cm46dG9waWM6OUMyNDcyQTZEN0MxNDEzMEI0RDFFOTYwOTFFQjRDNzE</classCode></classificationItem></classificationItem></classification><classification classificationScheme=\"subject\"><classificationItem score=\"90\"><classCode>STX000100</classCode><className>ANTITRUST &amp; TRADE LAW</className><classCode>Z3VpZD11cm46dG9waWM6REEyRTNDM0JGQzYyNEMyOEFGNTAwNUJEOUU1MDg4NjU7cGFyZW50Z3VpZD0</classCode><className>Antitrust &amp; Trade Law</className></classificationItem><classificationItem score=\"90\"><classCode>STX000261</classCode><className>CARTELS</className><classCode/><className/></classificationItem><classificationItem score=\"90\"><classCode>ST0008X57</classCode><className>CONSUMER LAW</className><classCode>Z3VpZD11cm46dG9waWM6RDJBNDY2Rjc3Mzk4NDI3NUJDOTlCQTRCNzE2M0IwRTU7cGFyZW50Z3VpZD11cm46dG9waWM6REEyRTNDM0JGQzYyNEMyOEFGNTAwNUJEOUU1MDg4NjU</classCode><className>Consumer Protection</className></classificationItem><classificationItem score=\"90\"><classCode>ST0009FJK</classCode><className>NEGATIVE PERSONAL NEWS</className><classCode/><className/></classificationItem><classificationItem score=\"90\"><classCode>STX001375</classCode><className>PRICE FIXING</className><classCode/><className/></classificationItem><classificationItem score=\"90\"><classCode>ST000DIJW</classCode><className>PRICES</className><classCode/><className/></classificationItem><classificationItem score=\"90\"><classCode>STX001485</classCode><className>RESTRAINT OF TRADE</className><classCode>Z3VpZD11cm46dG9waWM6Nzc5QTM2RDA2QTExNDg4Njk3MzJEQzkzODM4REJENEE7cGFyZW50Z3VpZD11cm46dG9waWM6NDA2NTZCMDc0RDA0NDBCOEFFMjA0NTg1QTBGMjM3NTQ</classCode><className>Price Fixing &amp; Restraints of Trade</className></classificationItem><classificationItem score=\"90\"><classCode>ST0009898</classCode><className>TRADE PRACTICES &amp; UNFAIR COMPETITION LAW</className><classCode>Z3VpZD11cm46dG9waWM6NzQ3MDU0RjhCMjdENDRDOTg0MjMxNUVEMkJCNjg2ODM7cGFyZW50Z3VpZD11cm46dG9waWM6NDA2NTZCMDc0RDA0NDBCOEFFMjA0NTg1QTBGMjM3NTQ</classCode><className>Trade Practices &amp; Unfair Competition</className></classificationItem><classificationItem score=\"89\"><classCode>ST000DH0Q</classCode><className>AGREEMENTS</className><classCode/><className/></classificationItem><classificationItem score=\"89\"><classCode>STX000969</classCode><className>INVESTIGATIONS</className><classCode/><className/></classificationItem><classificationItem score=\"79\"><classCode>ST000DMT1</classCode><className>PATENT COURTS</className><classCode/><className/></classificationItem><classificationItem score=\"78\"><classCode>STX000404</classCode><className>CORPORATE GOVERNANCE</className><classCode>Z3VpZD11cm46dG9waWM6MDQ3M0RFODczN0I4NDg2RjlFRDNFMUNBODRDQTU0Q0E7cGFyZW50Z3VpZD11cm46dG9waWM6RTJGRkVBNjc4MzI3NDA5MTlEMDI1NjU2NzMyNkYzNTc</classCode><className>Corporate Governance</className></classificationItem><classificationItem score=\"78\"><classCode>ST000D4JV</classCode><className>CRIMINAL INVESTIGATIONS</className><classCode/><className/></classificationItem><classificationItem score=\"78\"><classCode>ST000D1BY</classCode><className>EXECUTIVES</className><classCode/><className/></classificationItem><classificationItem score=\"78\"><classCode>STX000722</classCode><className>FINES &amp; PENALTIES</className><classCode/><className/></classificationItem><classificationItem score=\"78\"><classCode>ST000DB1X</classCode><className>INTERNAL INVESTIGATIONS</className><classCode/><className/></classificationItem><classificationItem score=\"78\"><classCode>STX001066</classCode><className>MANAGERS &amp; SUPERVISORS</className><classCode/><className/></classificationItem><classificationItem score=\"78\"><classCode>ST0009QD4</classCode><className>NEGATIVE BUSINESS NEWS</className><classCode/><className/></classificationItem><classificationItem score=\"78\"><classCode>ST000CP97</classCode><className>PRODUCT PRICING</className><classCode/><className/></classificationItem><classificationItem score=\"77\"><classCode>ST00096T1</classCode><className>SALES MANAGEMENT</className><classCode/><className/></classificationItem><classificationItem score=\"73\"><classCode>STX001932</classCode><className>CRIME, LAW ENFORCEMENT &amp; CORRECTIONS</className><classCode/><className/></classificationItem><classificationItem score=\"70\"><classCode>N922110CC</classCode><className>LAW COURTS &amp; TRIBUNALS</className><classCode/><className/></classificationItem><classificationItem score=\"70\"><classCode>N922130TM</classCode><className>PUBLIC PROSECUTORS</className><classCode/><className/></classificationItem></classification><classification classificationScheme=\"industry\"><classificationItem score=\"92\"><classCode>STX002014</classCode><className>MANUFACTURING</className><classCode/><className/></classificationItem><classificationItem score=\"90\"><classCode>STX000973</classCode><className>IRON &amp; STEEL INDUSTRY</className><classCode/><className/></classificationItem><classificationItem score=\"90\"><classCode>N331111MM</classCode><className>IRON &amp; STEEL MILLS</className><classCode/><className/></classificationItem><classificationItem score=\"90\"><classCode>STX001375</classCode><className>PRICE FIXING</className><classCode/><className/></classificationItem><classificationItem score=\"90\"><classCode>N331000CC</classCode><className>PRIMARY METAL MFG</className><classCode/><className/></classificationItem><classificationItem score=\"78\"><classCode>N331112MM</classCode><className>FERROALLOY PRODUCT MFG</className><classCode/><className/></classificationItem><classificationItem score=\"78\"><classCode>ST000CP97</classCode><className>PRODUCT PRICING</className><classCode/><className/></classificationItem><classificationItem score=\"73\"><classCode>N423500CC</classCode><className>METALS &amp; MINERALS WHOLESALERS</className><classCode/><className/></classificationItem></classification><classification classificationScheme=\"country\"><classificationItem score=\"88\"><classCode>GC301</classCode><className>AUSTRALIA</className><classCode/><className/></classificationItem></classification></classificationGroup></metadata></articleDoc></content></entry>"}