{"prediction_class": "Regulatory Breaches Tax Evasion Smuggling of goods", "prediction_score": "0.97", "name": "BlueScope", "title": "ACCC still investigating BlueScope workers over alleged cartel conduct", "published": "2018-08-24T00:00:00Z", "updated": "2020-11-16T01:09:57Z", "cleaned_article": "[TITLE] ACCC still investigating BlueScope workers over alleged cartel conduct [TITLE] \n\nAn investigation over possible price-fixing by BlueScope employees is still going more than a year later. On August 21 last year, at the company's financial year announcement former CEO Paul O'Malley said the Australian Competition and Consumer Commission (ACCC) was investigating employees for possible cartel behaviour. Cartel conduct can include illegal measures like price fixing or restricting supply.", "raw_cleaned_article": "<h2>ACCC still investigating BlueScope workers over alleged cartel conduct</h2><p><b>An investigation over possible price-fixing by BlueScope employees is still going more than a year later.</b> On August 21 last year, at the company's financial year announcement former CEO Paul O'Malley said the Australian Competition and Consumer Commission (ACCC) was investigating employees for possible cartel behaviour. Cartel conduct can include illegal measures like price fixing or restricting supply.</p>", "original_content": "<entry xmlns=\"http://www.w3.org/2005/Atom\"><id>urn:contentItem:5T3K-77B1-JD34-V2NS-00000-00</id><title>ACCC still investigating BlueScope workers over alleged cartel conduct</title><published>2018-08-24T00:00:00Z</published><updated>2020-11-16T01:09:57Z</updated><author><name>LexisNexis</name></author><content type=\"application/xml\"><!--Transformation version 1.23--><articleDoc xmlns=\"\" xmlns:xsi=\"http://www.w3.org/2001/XMLSchema-instance\" xsi:noNamespaceSchemaLocation=\"http://www.lexisnexis.com/xmlschemas/content/public/articledoc/1/\" schemaVersion=\"1.8\" xml:lang=\"en\"><articleDocHead><itemInfo/></articleDocHead><nitf:body xmlns:nitf=\"http://iptc.org/std/NITF/2006-10-18/\"><nitf:body.head><nitf:hedline><nitf:hl1>ACCC still investigating BlueScope workers over alleged cartel conduct</nitf:hl1></nitf:hedline><nitf:byline><author><person><nameText>Glen Humphries</nameText></person></author></nitf:byline></nitf:body.head><nitf:body.content><bodyText><p nitf:lede=\"true\">An investigation over possible price-fixing by BlueScope employees is still going more than a year later.</p><p nitf:lede=\"true\">On August 21 last year, at the company's financial year announcement former CEO Paul O'Malley said the Australian Competition and Consumer Commission (ACCC) was investigating employees for possible cartel behaviour.</p><p>Cartel conduct can include illegal measures like price fixing or restricting supply.</p><p>\"Over the last financial year the ACCC has been investigating potential cartel conduct by BlueScope relating to the supply of steel products in Australia that involved a small number of BlueScope employees in the period from late 2013 to mid 2014,\" Mr O'Malley said at the time.</p><p>He added that BlueScope was co-operating with the ACCC.</p><p>At this month's announcement of the company's $1.5 billion profit, new CEO Mark Vassella said the cartel investigation had not finished.</p><p>\"The investigations is continuing so as you can appreciate, it's not really something we can talk about,\" Mr Vassella said.</p><p>\"We're uncertain when it will conclude and we're uncertain what the outcome will be.\"</p><p>It is not known whether any employees at the Port Kembla steelworks are part of the investigation.</p><p>An ACCC spokeswoman said they were \"unable to comment about complaints or potential investigations into specific businesses\".</p></bodyText></nitf:body.content></nitf:body><metadata><dc:metadata xmlns:dc=\"http://purl.org/dc/elements/1.1/\"><dc:identifier identifierScheme=\"DOC-ID\">ILMYAU-doc71kwhsd4nitr1a63haz</dc:identifier><dc:source sourceScheme=\"royaltyReportingKey\">ILMYAU2018</dc:source><dc:identifier identifierScheme=\"PGUID\">urn:contentItem:5T3K-77B1-JD34-V2NS-00000-00</dc:identifier><dc:source sourceScheme=\"productContentSetIdentifier\">314241</dc:source><dc:date dateType=\"last-updated\">2018-08-23</dc:date></dc:metadata><wordCount number=\"217\"/><publicationInfo><copyright>Copyright 2018 Illawarra Newspapers Holding Pty Ltd All Rights Reserved</copyright><publicationName>Illawarra Mercury</publicationName><edition>Print &amp; Internet Editions</edition><publicationDate day=\"24\" month=\"08\" year=\"2018\"><dateText>August 24, 2018 Friday</dateText></publicationDate><classification classificationScheme=\"publicationtype\"><classificationItem><className>Newspaper</className></classificationItem></classification><classification classificationScheme=\"publicationtype\"><classificationItem><className>Newspapers</className></classificationItem></classification></publicationInfo><classification classificationScheme=\"language\"><classificationItem classificationScheme=\"lang.english\"><className>ENGLISH</className></classificationItem></classification><classificationGroup classificationScheme=\"indexing-terms\"><classification classificationScheme=\"company\"><classificationItem score=\"51\"><classCode>CC0006NG8</classCode><className>PORT KEMBLA STEELWORKS</className></classificationItem></classification></classificationGroup><classificationGroup classificationScheme=\"licensor.indexing-terms\"><classification classificationScheme=\"licensor.subject\"><classificationItem><className>Bankruptcy</className></classificationItem><classificationItem><className>Trust</className></classificationItem><classificationItem><className>Fusion</className></classificationItem></classification></classificationGroup><classificationGroup classificationScheme=\"indexing-terms\"><classification classificationScheme=\"legal\"><classificationItem><className>Antitrust &amp; Trade Law</className><classCode>Z3VpZD11cm46dG9waWM6REEyRTNDM0JGQzYyNEMyOEFGNTAwNUJEOUU1MDg4NjU7cGFyZW50Z3VpZD0</classCode><classificationItem score=\"59\"><className>Price Fixing</className><classCode>Z3VpZD11cm46dG9waWM6MTJDRTQ3OEQ4MDEyNDgzMTk2MEEyMEY1QjU5MDZCRjc7cGFyZW50Z3VpZD11cm46dG9waWM6OTg4N0FCQ0NGODkzNDBBOUE3ODEyODk5OUNGNDA1NTc</classCode></classificationItem></classificationItem></classification><classification classificationScheme=\"subject\"><classificationItem score=\"91\"><classCode>ST000DLX8</classCode><className>BUSINESS INVESTIGATIONS</className><classCode/><className/></classificationItem><classificationItem score=\"91\"><classCode>STX001375</classCode><className>PRICE FIXING</className><classCode/><className/></classificationItem><classificationItem score=\"90\"><classCode>STX001485</classCode><className>RESTRAINT OF TRADE</className><classCode>Z3VpZD11cm46dG9waWM6Nzc5QTM2RDA2QTExNDg4Njk3MzJEQzkzODM4REJENEE7cGFyZW50Z3VpZD11cm46dG9waWM6NDA2NTZCMDc0RDA0NDBCOEFFMjA0NTg1QTBGMjM3NTQ</classCode><className>Price Fixing &amp; Restraints of Trade</className></classificationItem><classificationItem score=\"90\"><classCode>STX000261</classCode><className>CARTELS</className><classCode/><className/></classificationItem><classificationItem score=\"90\"><classCode>STX000969</classCode><className>INVESTIGATIONS</className><classCode/><className/></classificationItem><classificationItem score=\"78\"><classCode>ST000DLBG</classCode><className>CORPORATE FINANCE</className><classCode/><className/></classificationItem><classificationItem score=\"77\"><classCode>STX000668</classCode><className>EXECUTIVE MOVES</className><classCode/><className/></classificationItem><classificationItem score=\"77\"><classCode>STX001410</classCode><className>COMPANY PROFITS</className><classCode/><className/></classificationItem></classification><classification classificationScheme=\"industry\"><classificationItem score=\"91\"><classCode>STX001375</classCode><className>PRICE FIXING</className><classCode/><className/></classificationItem><classificationItem score=\"70\"><classCode>N331111MM</classCode><className>IRON &amp; STEEL MILLS</className><classCode/><className/></classificationItem></classification><classification classificationScheme=\"country\"><classificationItem score=\"90\"><classCode>GC301</classCode><className>AUSTRALIA</className><classCode/><className/></classificationItem></classification></classificationGroup></metadata></articleDoc></content></entry>"}