{"prediction_class": "Regulatory Breaches Tax Evasion Smuggling of goods", "prediction_score": "0.95", "name": "BlueScope", "title": "US steelmakers, aluminum companies sue railroads over alleged price fixing", "published": "2019-10-09T00:00:00Z", "updated": "2020-11-16T00:55:05Z", "cleaned_article": "[TITLE] US steelmakers, aluminum companies sue railroads over alleged price fixing [TITLE] \n\nSeveral US steelmakers and aluminum companies have filed a pair of lawsuits alleging the country's four largest railroad companies conspired to fix prices over a period of at least five years, according to court filings seen by S&P Global Platts Wednesday. AK Steel and North Star Bluescope filed a lawsuit with several other plaintiffs October 2 with the US District Court for the District of Columbia, while aluminum companies Alcoa, Arconic, Eastalco Aluminum, Intalco Aluminum, Northwest Alloys, Reynolds Metal and Alumax Mill Products filed a separate lawsuit September 30 with the US District Court for the Western District of Pennsylvania. Both lawsuits allege BNSF Railway, CSX Transportation, Norfolk Southern Railway and Union Pacific Railroad conspired to increase the rates the plaintiffs paid for rate-unregulated rail freight transportation services during the period from 2003 through at least December 31, 2008. \"In 2003, the four largest United States-based Class I railroads engaged in an extraordinary series of meetings, phone calls, and email communications through which they embarked on a conspiracy \u00e2\u20ac\" under the guise of a fuel cost recovery program \u00e2\u20ac\" to apply and enforce rail fuel surcharges across their customers in order to generate profits,\" the complaint filed by Alcoa states.", "raw_cleaned_article": "<h2>US steelmakers, aluminum companies sue railroads over alleged price fixing</h2><p>Several US steelmakers and aluminum companies have filed a pair of lawsuits alleging the country's four largest railroad companies conspired to fix prices over a period of at least five years, according to court filings seen by S&P Global Platts Wednesday. <b>AK Steel and North Star Bluescope filed a lawsuit with several other plaintiffs October 2 with the US District Court for the District of Columbia, while aluminum companies Alcoa, Arconic, Eastalco Aluminum, Intalco Aluminum, Northwest Alloys, Reynolds Metal and Alumax Mill Products filed a separate lawsuit September 30 with the US District Court for the Western District of Pennsylvania.</b> Both lawsuits allege BNSF Railway, CSX Transportation, Norfolk Southern Railway and Union Pacific Railroad conspired to increase the rates the plaintiffs paid for rate-unregulated rail freight transportation services during the period from 2003 through at least December 31, 2008. \"In 2003, the four largest United States-based Class I railroads engaged in an extraordinary series of meetings, phone calls, and email communications through which they embarked on a conspiracy \u00e2\u20ac\" under the guise of a fuel cost recovery program \u00e2\u20ac\" to apply and enforce rail fuel surcharges across their customers in order to generate profits,\" the complaint filed by Alcoa states.</p>", "original_content": "<entry xmlns=\"http://www.w3.org/2005/Atom\"><id>urn:contentItem:5XBJ-VHW1-DYVP-V1DH-00000-00</id><title>US steelmakers, aluminum companies sue railroads over alleged price fixing</title><published>2019-10-09T00:00:00Z</published><updated>2020-11-16T00:55:05Z</updated><author><name>LexisNexis</name></author><content type=\"application/xml\"><!--Transformation version 1.23--><articleDoc xmlns=\"\" xmlns:xsi=\"http://www.w3.org/2001/XMLSchema-instance\" xsi:noNamespaceSchemaLocation=\"http://www.lexisnexis.com/xmlschemas/content/public/articledoc/1/\" schemaVersion=\"1.8\" xml:lang=\"en\"><articleDocHead><itemInfo><sourceSectionInfo><positionSection>Front Page Stories</positionSection><positionSubsection/></sourceSectionInfo></itemInfo></articleDocHead><nitf:body xmlns:nitf=\"http://iptc.org/std/NITF/2006-10-18/\"><nitf:body.head><nitf:hedline><nitf:hl1>US steelmakers, aluminum companies sue railroads over alleged price fixing</nitf:hl1></nitf:hedline><nitf:byline><author><person><nameText>Justine Coyne</nameText></person></author></nitf:byline></nitf:body.head><nitf:body.content><bodyText><p nitf:lede=\"true\">Several US steelmakers and aluminum companies have filed a pair of lawsuits alleging the country's four largest railroad companies conspired to fix prices over a period of at least five years, according to court filings seen by S&amp;P Global Platts Wednesday.</p><p>AK Steel and North Star Bluescope filed a lawsuit with several other plaintiffs October 2 with the US District Court for the District of Columbia, while aluminum companies Alcoa, Arconic, Eastalco Aluminum, Intalco Aluminum, Northwest Alloys, Reynolds Metal and Alumax Mill Products filed a separate lawsuit September 30 with the US District Court for the Western District of Pennsylvania.</p><p>Both lawsuits allege BNSF Railway, CSX Transportation, Norfolk Southern Railway and Union Pacific Railroad conspired to increase the rates the plaintiffs paid for rate-unregulated rail freight transportation services during the period from 2003 through at least December 31, 2008.</p><p>\"In 2003, the four largest United States-based Class I railroads engaged in an extraordinary series of meetings, phone calls, and email communications through which they embarked on a conspiracy \u00e2\u20ac\" under the guise of a fuel cost recovery program \u00e2\u20ac\" to apply and enforce rail fuel surcharges across their customers in order to generate profits,\" the complaint filed by Alcoa states.</p><p>According to AK Steel's filing with the court, the railroads claimed that the rail fuel surcharge compensated them for rising fuel costs, but in actual practice, it was not related to the actual costs the railroads paid for fuel but was instead simply a means to raise and fix the price of rate-unregulated rail freight transportation services.</p><p>\"On a nationwide scale, this conspiracy enabled [the] defendants to collect billions of dollars of additional supra-competitive profits during the conspiracy,\" AK Steel's complaint states.</p><p>The four railroads control roughly 90% of US freight rail traffic. Requests for comment to Norfolk Southern and Union Pacific were not immediately returned Wednesday. CSX said it does not comment on pending litigation.</p><p>BNSF is reviewing the filings, according to a spokeswoman who said the allegations \"are not new and we have strongly denied these accusations for well over a decade.\"</p><p>CF Industries, Dairyland Power Cooperative, Dyno Nobel, Entergy Arkansas, Entergy Louisiana, Exelon Generation, Steelscape and Wisconsin Electric Power are also named as plaintiffs in the lawsuit filed by AK Steel and North Star Bluescope.</p><p>The plaintiffs in both cases have requested a jury trial.</p><p>Justine Coyne</p></bodyText></nitf:body.content></nitf:body><metadata><dc:metadata xmlns:dc=\"http://purl.org/dc/elements/1.1/\"><dc:identifier identifierScheme=\"DOC-ID\">PLTMTL-IMSPLMW8199d9ea4d08-8890-4526-9ab4-9b7cb8e1a44e1d1e2</dc:identifier><dc:source sourceScheme=\"royaltyReportingKey\">PLTMTL2019</dc:source><dc:identifier identifierScheme=\"PGUID\">urn:contentItem:5XBJ-VHW1-DYVP-V1DH-00000-00</dc:identifier><dc:source sourceScheme=\"productContentSetIdentifier\">412382</dc:source><dc:date dateType=\"last-updated\">2020-02-12</dc:date></dc:metadata><wordCount number=\"422\"/><publicationInfo><copyright>Copyright 2019 S&amp;P Global All Rights Reserved</copyright><publicationName>Platts Metals Daily</publicationName><publicationLogo><logo><inlineObject><locator><locatorKey><keyName name=\"object-key\"/><keyValue value=\"32520\"/></locatorKey><locatorParameters><parameter name=\"object-type\" value=\"201\"/><parameter name=\"object-smi\" value=\"LOGOS\"/><parameter name=\"componentseq\" value=\"1\"/></locatorParameters></locator></inlineObject></logo></publicationLogo><volume>Vol. 8</volume><issueNumber>No. 199</issueNumber><publicationDate day=\"09\" month=\"10\" year=\"2019\"><dateText>October 9, 2019 Wednesday</dateText></publicationDate><classification classificationScheme=\"publicationtype\"><classificationItem><className>Newsletter</className></classificationItem></classification><classification classificationScheme=\"publicationtype\"><classificationItem><className>Industry Trade Press</className></classificationItem></classification></publicationInfo><classification classificationScheme=\"language\"><classificationItem classificationScheme=\"lang.english\"><className>ENGLISH</className></classificationItem></classification><classificationGroup classificationScheme=\"indexing-terms\"><classification classificationScheme=\"company\"><classificationItem score=\"58\"><classCode>CC0002RB8</classCode><className>UNION PACIFIC CORP</className></classificationItem><classificationItem score=\"58\"><classCode>CC00028WA</classCode><className>AK STEEL HOLDING CORP</className></classificationItem><classificationItem score=\"57\"><classCode>CC0002PGX</classCode><className>ALCOA CORP</className></classificationItem><classificationItem score=\"57\"><classCode>CC000DLSZ</classCode><className>ARCONIC INC</className></classificationItem><classificationItem score=\"56\"><classCode>CC0002IV8</classCode><className>NORFOLK SOUTHERN CORP</className></classificationItem><classificationItem score=\"56\"><classCode>CC00051ID</classCode><className>BNSF RAILWAY CO</className></classificationItem><classificationItem score=\"56\"><classCode>CC0002H7F</classCode><className>CSX TRANSPORTATION INC</className></classificationItem><classificationItem score=\"56\"><classCode>CC0002LEV</classCode><className>UNION PACIFIC RAILROAD CO</className></classificationItem><classificationItem score=\"51\"><classCode>CC0001TLN</classCode><className>ENTERGY LOUISIANA INC</className></classificationItem><classificationItem score=\"51\"><classCode>CC0001U3Q</classCode><className>DAIRYLAND POWER COOP</className></classificationItem><classificationItem score=\"51\"><classCode>CC0009TRM</classCode><className>EXELON GENERATION CO LLC</className></classificationItem><classificationItem score=\"51\"><classCode>CC0002MPU</classCode><className>ENTERGY ARKANSAS INC</className></classificationItem></classification><classification classificationScheme=\"organization\"><classificationItem score=\"57\"><className>US DISTRICT COURT FOR THE DISTRICT OF COLUMBIA</className></classificationItem></classification><classification classificationScheme=\"industry\"><classificationItem score=\"58\"><className>NAICS482111 LINE-HAUL RAILROADS</className></classificationItem><classificationItem score=\"58\"><className>SIC4011 RAILROADS, LINE-HAUL OPERATING</className></classificationItem><classificationItem score=\"58\"><className>NAICS331221 ROLLED STEEL SHAPE MANUFACTURING</className></classificationItem><classificationItem score=\"58\"><className>SIC3316 COLD-ROLLED STEEL SHEET, STRIP &amp; BARS</className></classificationItem><classificationItem score=\"57\"><className>NAICS331313 ALUMINA REFINING &amp; PRIMARY ALUMINUM PRODUCTION</className></classificationItem><classificationItem score=\"57\"><className>SIC3334 PRIMARY PRODUCTION OF ALUMINUM</className></classificationItem><classificationItem score=\"57\"><className>NAICS331318 OTHER ALUMINUM ROLLING, DRAWING &amp; EXTRUDING</className></classificationItem><classificationItem score=\"57\"><className>NAICS331315 ALUMINUM SHEET, PLATE &amp; FOIL MANUFACTURING</className></classificationItem><classificationItem score=\"57\"><className>SIC3355 ALUMINUM ROLLING &amp; DRAWING, NEC</className></classificationItem><classificationItem score=\"57\"><className>SIC3353 ALUMINUM SHEET, PLATE &amp; FOIL</className></classificationItem><classificationItem score=\"56\"><className>NAICS484121 GENERAL FREIGHT TRUCKING, LONG-DISTANCE, TRUCKLOAD</className></classificationItem><classificationItem score=\"56\"><className>NAICS484110 GENERAL FREIGHT TRUCKING, LOCAL</className></classificationItem><classificationItem score=\"56\"><className>SIC4213 TRUCKING EX. LOCAL</className></classificationItem><classificationItem score=\"51\"><className>NAICS221111 HYDROELECTRIC POWER GENERATION</className></classificationItem><classificationItem score=\"51\"><className>SIC4911 ELECTRIC SERVICES</className></classificationItem><classificationItem score=\"51\"><className>NAICS221122 ELECTRIC POWER DISTRIBUTION</className></classificationItem></classification><classification classificationScheme=\"ticker\"><classificationItem score=\"58\"><className>UNP (NYSE)</className></classificationItem><classificationItem score=\"58\"><className>AKS (NYSE)</className></classificationItem><classificationItem score=\"57\"><className>AAI (ASX)</className></classificationItem><classificationItem score=\"57\"><className>AA (NYSE)</className></classificationItem><classificationItem score=\"57\"><className>ARNC (NYSE)</className></classificationItem><classificationItem score=\"56\"><className>NSC (NYSE)</className></classificationItem></classification></classificationGroup><classificationGroup classificationScheme=\"indexing-terms\"><classification classificationScheme=\"legal\"><classificationItem><className>Civil Procedure</className><classCode>Z3VpZD11cm46dG9waWM6MzUxNjJDMEQ5N0YwNDMzM0JDMjEzM0UzOTYzMzI3OTU7cGFyZW50Z3VpZD0</classCode><classificationItem score=\"50\"><className>Jury Demands</className><classCode>Z3VpZD11cm46dG9waWM6RDVEOTdDODI2RjM0NERDMEI5NDQxN0FENzE1OTRCRkI7cGFyZW50Z3VpZD11cm46dG9waWM6MjYyNjA3NEQ0OUVCNEU2NUFBRkJFNDU0RTRCNDFEQTA</classCode></classificationItem></classificationItem><classificationItem><className>Energy &amp; Utilities Law</className><classCode>Z3VpZD11cm46dG9waWM6OUUzODAyRDk1QzVFNEZGMEJDM0RGMDYxOTlEMEEzRDA7cGFyZW50Z3VpZD0</classCode><classificationItem score=\"50\"><className>General Overview</className><classCode>Z3VpZD11cm46dG9waWM6MkQ3REIyNjY3MzExNDgyQkE4ODE2MDI0MzA3RTRCNEU7cGFyZW50Z3VpZD11cm46dG9waWM6MzMyRjFDNjRCQUVENEJBMkEzMjZEMUVBQzA2MUIwQ0I</classCode></classificationItem></classificationItem></classification><classification classificationScheme=\"subject\"><classificationItem score=\"92\"><classCode>STX001375</classCode><className>PRICE FIXING</className><classCode/><className/></classificationItem><classificationItem score=\"92\"><classCode>STX001648</classCode><className>SUITS &amp; CLAIMS</className><classCode/><className/></classificationItem><classificationItem score=\"91\"><classCode>STX001040</classCode><className>LITIGATION</className><classCode/><className/></classificationItem><classificationItem score=\"90\"><classCode>STX000235</classCode><className>BUSINESS TORTS</className><classCode>Z3VpZD11cm46dG9waWM6MjAyNjRCMUE5MjRBNDVFNkFFMEQ0OTA3MEZDQTE5MUM7cGFyZW50Z3VpZD11cm46dG9waWM6MDAwOEM2NTEzQkVDNEI4NzlGMEZERUEyRjQwODM4Njg</classCode><className>Business Torts</className></classificationItem><classificationItem score=\"90\"><classCode>STX000369</classCode><className>CONSPIRACY</className><classCode>Z3VpZD11cm46dG9waWM6Q0FGMDkyQTE0NTI1NEUyNkE0NjUxM0E2OTBDQjQ0NUU7cGFyZW50Z3VpZD11cm46dG9waWM6NzZBMzM3QjFDOTcxNENCNzhBNTE0MzVGMzBBMzdERUY</classCode><className>Conspiracy</className></classificationItem><classificationItem score=\"90\"><classCode>N551112MM</classCode><className>HOLDING COMPANIES</className><classCode/><className/></classificationItem><classificationItem score=\"90\"><classCode>ST0009QD4</classCode><className>NEGATIVE BUSINESS NEWS</className><classCode/><className/></classificationItem><classificationItem score=\"90\"><classCode>STX001242</classCode><className>OIL &amp; GAS PRICES</className><classCode/><className/></classificationItem><classificationItem score=\"90\"><classCode>ST000DIJW</classCode><className>PRICES</className><classCode/><className/></classificationItem><classificationItem score=\"90\"><classCode>ST0009QWB</classCode><className>RAIL TRANSPORTATION SECTOR PERFORMANCE</className><classCode/><className/></classificationItem><classificationItem score=\"89\"><classCode>N922110CC</classCode><className>LAW COURTS &amp; TRIBUNALS</className><classCode/><className/></classificationItem><classificationItem score=\"78\"><classCode>STX000989</classCode><className>JURY TRIALS</className><classCode/><className/></classificationItem><classificationItem score=\"76\"><classCode>ST00014380</classCode><className>BUSINESS COOPERATIVES</className><classCode>Z3VpZD11cm46dG9waWM6QTNCQUY4MUFBQzI2NEY1QzhENjQzNDZDRjRERTcwNDQ7cGFyZW50Z3VpZD11cm46dG9waWM6QjA4OEVGODBENzY4NDcxM0IyQzA1OTEwQzVDODRBOUE</classCode><className>Cooperatives</className></classificationItem><classificationItem score=\"73\"><classCode>STX001669</classCode><className>TALKS &amp; MEETINGS</className><classCode/><className/></classificationItem></classification><classification classificationScheme=\"industry\"><classificationItem score=\"93\"><classCode>N331111MM</classCode><className>IRON &amp; STEEL MILLS</className><classCode/><className/></classificationItem><classificationItem score=\"93\"><classCode>STX002177</classCode><className>RAIL TRANSPORTATION</className><classCode>Z3VpZD11cm46dG9waWM6NjVENDlFMjM1NURFNEQwREI3MkRDMDE0RjQxMDUxMDQ7cGFyZW50Z3VpZD11cm46dG9waWM6RTYzRTk5RDVBQkQ2NDcwQzk2NTU3ODQ5OEE3NDlBNzk</classCode><className>Railroads &amp; Rail Transportation</className></classificationItem><classificationItem score=\"92\"><classCode>N331315MM</classCode><className>ALUMINUM ROLLING</className><classCode/><className/></classificationItem><classificationItem score=\"92\"><classCode>STX001375</classCode><className>PRICE FIXING</className><classCode/><className/></classificationItem><classificationItem score=\"91\"><classCode>ST0008XAC</classCode><className>ALUMINA &amp; ALUMINUM PRODUCTION</className><classCode/><className/></classificationItem><classificationItem score=\"91\"><classCode>STX000775</classCode><className>NATURAL GAS &amp; ELECTRIC UTILITIES</className><classCode/><className/></classificationItem><classificationItem score=\"90\"><classCode>N221100CC</classCode><className>ELECTRIC POWER INDUSTRY</className><classCode>Z3VpZD11cm46dG9waWM6MzMyRjFDNjRCQUVENEJBMkEzMjZEMUVBQzA2MUIwQ0I7cGFyZW50Z3VpZD11cm46dG9waWM6OUUzODAyRDk1QzVFNEZGMEJDM0RGMDYxOTlEMEEzRDA</classCode><className>Electric Power Industry</className></classificationItem><classificationItem score=\"90\"><classCode>N221110CC</classCode><className>ELECTRIC POWER PLANTS</className><classCode>Z3VpZD11cm46dG9waWM6OUFENThDQTNGRUE4NDA3MkJGN0JGRjMxNUY3N0MxNTM7cGFyZW50Z3VpZD11cm46dG9waWM6QjNBOTc1MjdCNkU5NENCRDg1OTk1QjQyRjNBNDMwOUU</classCode><className>Electricity Generation</className></classificationItem><classificationItem score=\"90\"><classCode>N221120CC</classCode><className>ELECTRICITY TRANSMISSION &amp; DISTRIBUTION</className><classCode>Z3VpZD11cm46dG9waWM6QjNBOTc1MjdCNkU5NENCRDg1OTk1QjQyRjNBNDMwOUU7cGFyZW50Z3VpZD11cm46dG9waWM6MzMyRjFDNjRCQUVENEJBMkEzMjZEMUVBQzA2MUIwQ0I</classCode><className>Electricity Distribution &amp; Transmission</className></classificationItem><classificationItem score=\"90\"><classCode>STX001900</classCode><className>ENERGY &amp; UTILITIES</className><classCode/><className/></classificationItem><classificationItem score=\"90\"><classCode>ST0009G85</classCode><className>ENERGY &amp; UTILITY TRADE</className><classCode/><className/></classificationItem><classificationItem score=\"90\"><classCode>N484100CC</classCode><className>GENERAL FREIGHT TRUCKING</className><classCode/><className/></classificationItem><classificationItem score=\"90\"><classCode>STX000878</classCode><className>HYDROELECTRIC POWER</className><classCode>Z3VpZD11cm46dG9waWM6OTUwRkMxQzJGRUVFNERCRUIyRDEyMjRCODNFNDQ2NzI7cGFyZW50Z3VpZD11cm46dG9waWM6OUUzODAyRDk1QzVFNEZGMEJDM0RGMDYxOTlEMEEzRDA</classCode><className>Hydroelectric Power Industry</className></classificationItem><classificationItem score=\"90\"><classCode>STX002014</classCode><className>MANUFACTURING</className><classCode/><className/></classificationItem><classificationItem score=\"90\"><classCode>STX001242</classCode><className>OIL &amp; GAS PRICES</className><classCode/><className/></classificationItem><classificationItem score=\"90\"><classCode>ST0009QWB</classCode><className>RAIL TRANSPORTATION SECTOR PERFORMANCE</className><classCode/><className/></classificationItem><classificationItem score=\"90\"><classCode>N332322MM</classCode><className>SHEET METAL WORK MFG</className><classCode/><className/></classificationItem><classificationItem score=\"90\"><classCode>N331220CC</classCode><className>STEEL ROLLING &amp; DRAWING</className><classCode/><className/></classificationItem><classificationItem score=\"90\"><classCode>N484000CC</classCode><className>TRUCKING</className><classCode/><className/></classificationItem><classificationItem score=\"89\"><classCode>N482005CC</classCode><className>RAIL FREIGHT</className><classCode/><className/></classificationItem><classificationItem score=\"89\"><classCode>N480000CC</classCode><className>TRANSPORTATION &amp; WAREHOUSING</className><classCode/><className/></classificationItem><classificationItem score=\"52\"><classCode>STX000568</classCode><className>ELECTRONIC MAIL</className><classCode/><className/></classificationItem></classification><classification classificationScheme=\"state\"><classificationItem score=\"92\"><classCode>GS119</classCode><className>ARKANSAS, USA</className><classCode/><className/></classificationItem><classificationItem score=\"92\"><classCode>GS134</classCode><className>LOUISIANA, USA</className><classCode/><className/></classificationItem><classificationItem score=\"79\"><classCode>GS124</classCode><className>DISTRICT OF COLUMBIA, USA</className><classCode/><className/></classificationItem></classification><classification classificationScheme=\"country\"><classificationItem score=\"93\"><classCode>GC343</classCode><className>UNITED STATES</className><classCode/><className/></classificationItem></classification></classificationGroup></metadata></articleDoc></content></entry>"}