{"prediction_class": "Regulatory Breaches Tax Evasion Smuggling of goods", "prediction_score": "0.98", "name": "BlueScope", "title": "BlueScope sued for steel price-fixing", "published": "2019-08-31T00:00:00Z", "updated": "2020-11-16T00:46:46Z", "cleaned_article": "[TITLE] BlueScope sued for steel price-fixing [TITLE] \n\nThe competition watchdog is close to launching its first criminal prosecution under new laws making it easier to pursue companies misusing their market power to stifle competition. The comments by Australian Competition & Consumer Commission chair Rod Sims came as regulator launched civil action against BlueScope and former sales and marketing manager Jason Ellis for allegedly trying to fix the price of flat steel imports into Australia between 2013 and 2014. Details of the allegations are thin, as the ACCC filed its civil case in the Federal Court this week, just ahead of the expiry of a six-year statute of limitations for civil actions for the alleged conduct.But the Commonwealth Director of Public Prosecutions is still examining the ACCC's brief of evidence for possible criminal charges against BlueScope and Mr Ellis - worth a potential 10-year jail term for the former executive, and a $10 million fine for BlueScope, or 10 per cent of its turnover. While the ACCC has launched a civil action, The Weekend Australian does not allege BlueScope or Mr Ellis engaged in criminal behaviour.\"The ACCC alleges that between September 2013 and June 2014, BlueScope and Mr Ellis attempted to induce various steel distributors in Australia and overseas manufacturers to enter agreements containing a price fixing provision,\" the ACCC said in a statement.", "raw_cleaned_article": "<h2>BlueScope sued for steel price-fixing</h2><p>The competition watchdog is close to launching its first criminal prosecution under new laws making it easier to pursue companies misusing their market power to stifle competition. <b>The comments by Australian Competition & Consumer Commission chair Rod Sims came as regulator launched civil action against BlueScope and former sales and marketing manager Jason Ellis for allegedly trying to fix the price of flat steel imports into Australia between 2013 and 2014.</b> Details of the allegations are thin, as the ACCC filed its civil case in the Federal Court this week, just ahead of the expiry of a six-year statute of limitations for civil actions for the alleged conduct.</p><p>[...]</p><p>The competition watchdog is close to launching its first criminal prosecution under new laws making it easier to pursue companies misusing their market power to stifle competition. <b>But the Commonwealth Director of Public Prosecutions is still examining the ACCC's brief of evidence for possible criminal charges against BlueScope and Mr Ellis - worth a potential 10-year jail term for the former executive, and a $10 million fine for BlueScope, or 10 per cent of its turnover. While the ACCC has launched a civil action, The Weekend Australian does not allege BlueScope or Mr Ellis engaged in criminal behaviour.</b><b>\"The ACCC alleges that between September 2013 and June 2014, BlueScope and Mr Ellis attempted to induce various steel distributors in Australia and overseas manufacturers to enter agreements containing a price fixing provision,\" the ACCC said in a statement.</b></p>", "original_content": "<entry xmlns=\"http://www.w3.org/2005/Atom\"><id>urn:contentItem:5WXW-MM91-JD3N-51N1-00000-00</id><title>BlueScope sued for steel price-fixing</title><published>2019-08-31T00:00:00Z</published><updated>2020-11-16T00:46:46Z</updated><author><name>LexisNexis</name></author><content type=\"application/xml\"><!--Transformation version 1.23--><articleDoc xmlns=\"\" xmlns:xsi=\"http://www.w3.org/2001/XMLSchema-instance\" xsi:noNamespaceSchemaLocation=\"http://www.lexisnexis.com/xmlschemas/content/public/articledoc/1/\" schemaVersion=\"1.8\" xml:lang=\"en\"><articleDocHead><itemInfo><sourceSectionInfo><positionSection>BUSINESS</positionSection><positionSequence>Pg. 26</positionSequence></sourceSectionInfo></itemInfo></articleDocHead><nitf:body xmlns:nitf=\"http://iptc.org/std/NITF/2006-10-18/\"><nitf:body.head><nitf:hedline><nitf:hl1>BlueScope sued for steel price-fixing</nitf:hl1></nitf:hedline><nitf:byline><author><person><nameText>Nick Evans</nameText></person></author></nitf:byline></nitf:body.head><nitf:body.content><bodyText><p nitf:lede=\"true\">The competition watchdog is close to launching its first criminal prosecution under new laws making it easier to pursue companies misusing their market power to stifle competition.</p><p nitf:lede=\"true\">The comments by Australian Competition &amp; Consumer Commission chair Rod Sims came as regulator launched civil action against BlueScope and former sales and marketing manager Jason Ellis for allegedly trying to fix the price of flat steel imports into Australia between 2013 and 2014.</p><p nitf:lede=\"true\">Details of the allegations are thin, as the ACCC filed its civil case in the Federal Court this week, just ahead of the expiry of a six-year statute of limitations for civil actions for the alleged conduct.</p><p>But the Commonwealth Director of Public Prosecutions is still examining the ACCC's brief of evidence for possible criminal charges against BlueScope and Mr Ellis - worth a potential 10-year jail term for the former executive, and a $10 million fine for BlueScope, or 10 per cent of its turnover. While the ACCC has launched a civil action, The Weekend Australian does not allege BlueScope or Mr Ellis engaged in criminal behaviour.</p><p>\"The ACCC alleges that between September 2013 and June 2014, BlueScope and Mr Ellis attempted to induce various steel distributors in Australia and overseas manufacturers to enter agreements containing a price fixing provision,\" the ACCC said in a statement.</p><p>The competition regulator has alleged that BlueScope and Mr Ellis attempted to \"induce agreements\" with BlueScope's rivals to fix or raise the price of flat steel products in Australia.</p><p>The alleged conduct occurred as BlueScope and rival steelmaker Arrium ramped up complaints about Chinese manufacturers dumping steel into the Australian market, and it is believed the allegations may relate to those complaints.</p><p>But Mr Sims - often the target of criticism by business for trying to 'regulate by media release' - made only an oblique reference to the BlueScope action in a speech to a Law Council consumer law forum in Melbourne last night, while lauding the ACCC's success in prosecuting other cartel cases.</p><p>\"We are progressing criminal cartel matters well. We have now seen two guilty pleas in the vehicle shipping cartel cases, and a third prosecution was commenced last week,\" Mr Sims said.</p><p>\"We also have four other contested cartel prosecutions continuing. Three are before the Local or Magistrates Court in committal proceedings in the ACT, NSW and Victoria. One is before the Federal Court in Victoria.\" Even BlueScope, which has been served with the ACCC's action, said it was uncertain of the exact basis of the ACCC's action.</p><p>BlueScope first flagged the ACCC investigation in 2017, telling shareholders in its annual report it was co-operating with the regulator's investigation into potential price-fixing by a \"small number\" of its employees.</p><p>It is understood BlueScope called in external lawyers to examine the ACCC allegations after becoming aware of them in 2017, and the company is confident its own internal investigations have turned up nothing that would put it at risk of conviction.</p><p>BlueScope chairman John Bevan said the company took the allegations \"very seriously\".</p><p>\"While we have not seen all of the evidence that has been relied on by the ACCC, based on what we know today, we do not believe that BlueScope, or any current or former employees, have engaged in cartel conduct,\" he said.</p><p>It is understood Mr Ellis left BlueScope in 2017 in a management shake-up following the retirement of long-term chief executive Paul O'Malley, a decision unrelated to the ACCC investigation.</p><p>The market shrugged off the allegations, pushing the company's shares up 20c, or 1.7 per cent, to close at $12.49.</p><p>While commonwealth prosecutors have not yet decided whether to press criminal charges in the BlueScope action, Mr Sims told The Australian in April he planned to run three criminal cartel prosecutions a year for the foreseeable future, to try to shift corporate Australia's \"disappointing\" attitude to price-fixing.</p><p>The ACCC has five criminal cartel cases before the courts, covering a range of industries - including banks and bankers involved in an ANZ share placement, construction unions over steel fixings and scaffolding, and international vehicle shipping.</p><p>The regulator won its first criminal cartel conviction in August 2017, when the Federal Court convicted Japanese shipping line NYK and fined it $25m for its role in fixing the price of car transport. A second Japanese shipper, K-Line, was fined $34.5 million.</p><p>But the ACCC boss told the Law Council meeting last night the watchdog was also closing in on its first prosecution under new powers that made it easier to prosecute companies for misusing their market power by pushing out competitors using predatory pricing.</p><p>\"We also have a range of significant investigations in the pipeline, some of which we believe could lead to the first case under the new section 46 before the end of the year,\" he said.</p><p>The revised section 46 rules, passed into law in 2017, make it easier to pursue companies that have extensive power in a market and run their business in a way that has the effect, or likely effect, of reducing competition.The changes mean the ACCC no longer needs to prove the conduct was introduced for the purpose of driving out competitors.</p></bodyText></nitf:body.content></nitf:body><metadata><dc:metadata xmlns:dc=\"http://purl.org/dc/elements/1.1/\"><dc:identifier identifierScheme=\"DOC-ID\">THEAUS-d33aefa6cb0411e991cae892e16a5b58c64d74dfb87c77a3a984fa651d6aa65a</dc:identifier><dc:source sourceScheme=\"royaltyReportingKey\">THEAUS2019</dc:source><dc:identifier identifierScheme=\"PGUID\">urn:contentItem:5WXW-MM91-JD3N-51N1-00000-00</dc:identifier><dc:source sourceScheme=\"productContentSetIdentifier\">244777</dc:source><dc:date dateType=\"last-updated\">2019-08-30</dc:date></dc:metadata><wordCount number=\"879\"/><publicationInfo><copyright>Copyright 2019 Nationwide News Pty Limited All Rights Reserved</copyright><publicationName>The Australian</publicationName><edition>Australian Edition</edition><publicationDate day=\"31\" month=\"08\" year=\"2019\"><dateText>August 31, 2019 Saturday</dateText></publicationDate><classification classificationScheme=\"publicationtype\"><classificationItem><className>Newspaper</className></classificationItem></classification><classification classificationScheme=\"publicationtype\"><classificationItem><className>Newspapers</className></classificationItem></classification></publicationInfo><classification classificationScheme=\"language\"><classificationItem classificationScheme=\"lang.english\"><className>ENGLISH</className></classificationItem></classification><classificationGroup classificationScheme=\"indexing-terms\"><classification classificationScheme=\"legal\"><classificationItem><className>Antitrust &amp; Trade Law</className><classCode>Z3VpZD11cm46dG9waWM6REEyRTNDM0JGQzYyNEMyOEFGNTAwNUJEOUU1MDg4NjU7cGFyZW50Z3VpZD0</classCode><classificationItem score=\"86\"><className>Price Fixing</className><classCode>Z3VpZD11cm46dG9waWM6MTJDRTQ3OEQ4MDEyNDgzMTk2MEEyMEY1QjU5MDZCRjc7cGFyZW50Z3VpZD11cm46dG9waWM6OTg4N0FCQ0NGODkzNDBBOUE3ODEyODk5OUNGNDA1NTc</classCode></classificationItem></classificationItem><classificationItem><className>Governments</className><classCode>Z3VpZD11cm46dG9waWM6MjdEQjE4OUJDMzQxNDNEMEI0RTI1QUFCMzJENjEwRTA7cGFyZW50Z3VpZD0</classCode><classificationItem score=\"50\"><className>Time Limitations</className><classCode>Z3VpZD11cm46dG9waWM6NDU5MENDQ0RCNEUyNEZBQjk1MkZGNTZGMzg1RTgyQjI7cGFyZW50Z3VpZD11cm46dG9waWM6OUMyNDcyQTZEN0MxNDEzMEI0RDFFOTYwOTFFQjRDNzE</classCode></classificationItem></classificationItem></classification><classification classificationScheme=\"subject\"><classificationItem score=\"92\"><classCode>STX000100</classCode><className>ANTITRUST &amp; TRADE LAW</className><classCode>Z3VpZD11cm46dG9waWM6REEyRTNDM0JGQzYyNEMyOEFGNTAwNUJEOUU1MDg4NjU7cGFyZW50Z3VpZD0</classCode><className>Antitrust &amp; Trade Law</className></classificationItem><classificationItem score=\"91\"><classCode>STX001375</classCode><className>PRICE FIXING</className><classCode/><className/></classificationItem><classificationItem score=\"90\"><classCode>STX000235</classCode><className>BUSINESS TORTS</className><classCode>Z3VpZD11cm46dG9waWM6MjAyNjRCMUE5MjRBNDVFNkFFMEQ0OTA3MEZDQTE5MUM7cGFyZW50Z3VpZD11cm46dG9waWM6MDAwOEM2NTEzQkVDNEI4NzlGMEZERUEyRjQwODM4Njg</classCode><className>Business Torts</className></classificationItem><classificationItem score=\"90\"><classCode>STX001932</classCode><className>CRIME, LAW ENFORCEMENT &amp; CORRECTIONS</className><classCode/><className/></classificationItem><classificationItem score=\"90\"><classCode>STX000974</classCode><className>IRON &amp; STEEL MARKETS</className><classCode/><className/></classificationItem><classificationItem score=\"90\"><classCode>STX001020</classCode><className>LEGISLATION</className><classCode/><className/></classificationItem><classificationItem score=\"90\"><classCode>STX001040</classCode><className>LITIGATION</className><classCode/><className/></classificationItem><classificationItem score=\"90\"><classCode>ST0009QD4</classCode><className>NEGATIVE BUSINESS NEWS</className><classCode/><className/></classificationItem><classificationItem score=\"90\"><classCode>ST0009FJK</classCode><className>NEGATIVE PERSONAL NEWS</className><classCode/><className/></classificationItem><classificationItem score=\"90\"><classCode>STX001485</classCode><className>RESTRAINT OF TRADE</className><classCode>Z3VpZD11cm46dG9waWM6Nzc5QTM2RDA2QTExNDg4Njk3MzJEQzkzODM4REJENEE7cGFyZW50Z3VpZD11cm46dG9waWM6NDA2NTZCMDc0RDA0NDBCOEFFMjA0NTg1QTBGMjM3NTQ</classCode><className>Price Fixing &amp; Restraints of Trade</className></classificationItem><classificationItem score=\"90\"><classCode>STX001648</classCode><className>SUITS &amp; CLAIMS</className><classCode/><className/></classificationItem><classificationItem score=\"89\"><classCode>ST000DH0Q</classCode><className>AGREEMENTS</className><classCode/><className/></classificationItem><classificationItem score=\"89\"><classCode>ST000DLX8</classCode><className>BUSINESS INVESTIGATIONS</className><classCode/><className/></classificationItem><classificationItem score=\"89\"><classCode>STX000261</classCode><className>CARTELS</className><classCode/><className/></classificationItem><classificationItem score=\"89\"><classCode>ST0008X57</classCode><className>CONSUMER LAW</className><classCode>Z3VpZD11cm46dG9waWM6RDJBNDY2Rjc3Mzk4NDI3NUJDOTlCQTRCNzE2M0IwRTU7cGFyZW50Z3VpZD11cm46dG9waWM6REEyRTNDM0JGQzYyNEMyOEFGNTAwNUJEOUU1MDg4NjU</classCode><className>Consumer Protection</className></classificationItem><classificationItem score=\"89\"><classCode>N926110GJ</classCode><className>CONSUMER PROTECTION</className><classCode/><className/></classificationItem><classificationItem score=\"89\"><classCode>ST000DDG6</classCode><className>CONSUMER WATCHDOGS</className><classCode/><className/></classificationItem><classificationItem score=\"89\"><classCode>STX000969</classCode><className>INVESTIGATIONS</className><classCode/><className/></classificationItem><classificationItem score=\"89\"><classCode>N922110CC</classCode><className>LAW COURTS &amp; TRIBUNALS</className><classCode/><className/></classificationItem><classificationItem score=\"89\"><classCode>ST000DMT1</classCode><className>PATENT COURTS</className><classCode/><className/></classificationItem><classificationItem score=\"89\"><classCode>STX001629</classCode><className>STATUTE OF LIMITATIONS</className><classCode>Z3VpZD11cm46dG9waWM6OUMyNDcyQTZEN0MxNDEzMEI0RDFFOTYwOTFFQjRDNzE7cGFyZW50Z3VpZD11cm46dG9waWM6Q0M3QUYzNjlBN0UzNEVBMDk4OEIyMzdBMDlGQzA2RjI</classCode><className>Statute of Limitations</className></classificationItem><classificationItem score=\"89\"><classCode>ST000DMWC</classCode><className>UNFAIR COMPETITION</className><classCode/><className/></classificationItem><classificationItem score=\"78\"><classCode>ST000959S</classCode><className>CRIMINAL OFFENSES</className><classCode>Z3VpZD11cm46dG9waWM6REE3RUI5RUNDMTgyNDU3Rjk2QUMwOTVBOUI1NDNFOTY7cGFyZW50Z3VpZD11cm46dG9waWM6NEU0RkE1OUQwNUQwNDgxODhEODZCMjkzOTg3NThBNzk</classCode><className>Criminal Offenses</className></classificationItem><classificationItem score=\"78\"><classCode>ST000A4JJ</classCode><className>GUILTY PLEAS</className><classCode>Z3VpZD11cm46dG9waWM6OUFCRjAwOERDM0JGNDQ4QjhEODU0MDYxOUE3QUY2RjM7cGFyZW50Z3VpZD11cm46dG9waWM6Qjc1MDBENkU0ODJCNDQ5MzkxNEFERjkzQTYwODQzRDA</classCode><className>Guilty Pleas</className></classificationItem><classificationItem score=\"78\"><classCode>N922130TM</classCode><className>PUBLIC PROSECUTORS</className><classCode/><className/></classificationItem><classificationItem score=\"78\"><classCode>ST0009898</classCode><className>TRADE PRACTICES &amp; UNFAIR COMPETITION LAW</className><classCode>Z3VpZD11cm46dG9waWM6NzQ3MDU0RjhCMjdENDRDOTg0MjMxNUVEMkJCNjg2ODM7cGFyZW50Z3VpZD11cm46dG9waWM6NDA2NTZCMDc0RDA0NDBCOEFFMjA0NTg1QTBGMjM3NTQ</classCode><className>Trade Practices &amp; Unfair Competition</className></classificationItem><classificationItem score=\"76\"><classCode>STX000895</classCode><className>IMPORT TRADE</className><classCode/><className/></classificationItem><classificationItem score=\"75\"><classCode>N541110GM</classCode><className>LAWYERS</className><classCode/><className/></classificationItem><classificationItem score=\"73\"><classCode>ST000989P</classCode><className>IMPORT PRICES</className><classCode/><className/></classificationItem><classificationItem score=\"73\"><classCode>ST000971E</classCode><className>PRICE INCREASES</className><classCode/><className/></classificationItem><classificationItem score=\"73\"><classCode>ST0009QS2</classCode><className>REPORTS, REVIEWS &amp; SECTIONS</className><classCode/><className/></classificationItem><classificationItem score=\"73\"><classCode>STX001561</classCode><className>SHAREHOLDERS</className><classCode>Z3VpZD11cm46dG9waWM6NEI2QjYxNjkwMTkzNDhFRUExNjlFRjVFRUU3NDhBQkE7cGFyZW50Z3VpZD11cm46dG9waWM6MDQ3M0RFODczN0I4NDg2RjlFRDNFMUNBODRDQTU0Q0E</classCode><className>Shareholders</className></classificationItem><classificationItem score=\"72\"><classCode>STX001066</classCode><className>MANAGERS &amp; SUPERVISORS</className><classCode/><className/></classificationItem></classification><classification classificationScheme=\"industry\"><classificationItem score=\"91\"><classCode>STX000973</classCode><className>IRON &amp; STEEL INDUSTRY</className><classCode/><className/></classificationItem><classificationItem score=\"91\"><classCode>STX001375</classCode><className>PRICE FIXING</className><classCode/><className/></classificationItem><classificationItem score=\"90\"><classCode>STX000974</classCode><className>IRON &amp; STEEL MARKETS</className><classCode/><className/></classificationItem><classificationItem score=\"89\"><classCode>STX002014</classCode><className>MANUFACTURING</className><classCode/><className/></classificationItem><classificationItem score=\"78\"><classCode>N331111MM</classCode><className>IRON &amp; STEEL MILLS</className><classCode/><className/></classificationItem><classificationItem score=\"75\"><classCode>N541110GM</classCode><className>LAWYERS</className><classCode/><className/></classificationItem><classificationItem score=\"73\"><classCode>N423500CC</classCode><className>METALS &amp; MINERALS WHOLESALERS</className><classCode/><className/></classificationItem><classificationItem score=\"73\"><classCode>ST000971E</classCode><className>PRICE INCREASES</className><classCode/><className/></classificationItem></classification><classification classificationScheme=\"city\"><classificationItem score=\"79\"><classCode>GX015</classCode><className>MELBOURNE, AUSTRALIA</className><classCode/><className/></classificationItem></classification><classification classificationScheme=\"state\"><classificationItem score=\"92\"><classCode>GS007</classCode><className>VICTORIA, AUSTRALIA</className><classCode/><className/></classificationItem><classificationItem score=\"73\"><classCode>GS006</classCode><className>AUSTRALIAN CAPITAL TERRITORY</className><classCode/><className/></classificationItem><classificationItem score=\"73\"><classCode>GS001</classCode><className>NEW SOUTH WALES, AUSTRALIA</className><classCode/><className/></classificationItem></classification><classification classificationScheme=\"country\"><classificationItem score=\"96\"><classCode>GC301</classCode><className>AUSTRALIA</className><classCode/><className/></classificationItem></classification></classificationGroup></metadata></articleDoc></content></entry>"}