{"prediction_class": "Regulatory Breaches Tax Evasion Smuggling of goods", "prediction_score": "0.81", "name": "BlueScope", "title": "How Australia's biggest steelmaker allegedly tried to rig prices", "published": "2019-09-19T00:00:00Z", "updated": "2020-11-16T01:26:53Z", "cleaned_article": "[TITLE] How Australia's biggest steelmaker allegedly tried to rig prices [TITLE] \n\nAt least 16 of these meetings were documented by the competition regulator. Ellis even arranged a meeting with one of the largest steel makers in the world - China Steel Corporation. History now shows that the alleged attempts at price fixing failed even before a whistleblower blew the lid on the plan. Ellis has since left BlueScope, but for four years he was one of the company's most senior employees in Australia.He had significant power to direct BlueScope's pricing, particularly in the coated and industrial products division where he was responsible for all domestic and international sales from BlueScope's manufacturing sites, according to the ACCC's concise statement of claim.Following his appointment in 2013, the ACCC alleges he devised and implemented a strategy to increase the price of flat steel supplied by BlueScope and its competitors.This involved telling BlueScope distributors that they should agree to price all of their steel products (both BlueScope and imported) at, or by reference to BlueScope's list price. The plan also allegedly involved encouraging steel distributors to agree to increase their prices across all their products, including imported products.Ellis and his team provided distributors with an internal BlueScope ???Pricing Summary' which conveyed the increased profits and profit margins distributors stood to make if they purchased BlueScope steel (or imported steel) at a certain price and sold it to their customers at the BlueScope list price.But this alleged action would not solve the problem BlueScope faced from overseas steel makers selling cheap steel into the Australian market. According to the ACCC court documents, Ellis formed a different plan of attack - one that the competition regulator described as \"carrot and stick\".The carrot was BlueScope's invitation to offshore steel companies to raise the price of their product sold into Australia, and informing these international competitors that BlueScope would do the same. It also offered to buy the steel that offshore manufacturers were selling into Australia.The stick - which history tells us was ultimately employed by BlueScope - was to launch anti-dumping claims if the offshore suppliers didn't increase their prices. A year after the alleged attempts at price fixing took place, Ellis teamed up with another Australian steel maker, then known as OneSteel, to lobby federal politicians to beef up anti-dumping laws.The BlueScope board was only made aware of the price fixing allegations in 2017 when it was served with notices by the ACCC. It immediately conducted its own internal and legal investigation and concluded that \"we do not believe that BlueScope or any current or former employees have engaged in cartel conduct\".", "raw_cleaned_article": "<h2>How Australia's biggest steelmaker allegedly tried to rig prices</h2><p>At least 16 of these meetings were documented by the competition regulator. Ellis even arranged a meeting with one of the largest steel makers in the world - China Steel Corporation. History now shows that the alleged attempts at price fixing failed even before a whistleblower blew the lid on the plan. <b>Ellis has since left BlueScope, but for four years he was one of the company's most senior employees in Australia.</b></p><p>[...]</p><p>At least 16 of these meetings were documented by the competition regulator. Ellis even arranged a meeting with one of the largest steel makers in the world - China Steel Corporation. <b>He had significant power to direct BlueScope's pricing, particularly in the coated and industrial products division where he was responsible for all domestic and international sales from BlueScope's manufacturing sites, according to the ACCC's concise statement of claim.</b><b>Following his appointment in 2013, the ACCC alleges he devised and implemented a strategy to increase the price of flat steel supplied by BlueScope and its competitors.</b><b>This involved telling BlueScope distributors that they should agree to price all of their steel products (both BlueScope and imported) at, or by reference to BlueScope's list price.</b> The plan also allegedly involved encouraging steel distributors to agree to increase their prices across all their products, including imported products.<b>Ellis and his team provided distributors with an internal BlueScope ???Pricing Summary' which conveyed the increased profits and profit margins distributors stood to make if they purchased BlueScope steel (or imported steel) at a certain price and sold it to their customers at the BlueScope list price.</b><b>But this alleged action would not solve the problem BlueScope faced from overseas steel makers selling cheap steel into the Australian market.</b> According to the ACCC court documents, Ellis formed a different plan of attack - one that the competition regulator described as \"carrot and stick\".<b>The carrot was BlueScope's invitation to offshore steel companies to raise the price of their product sold into Australia, and informing these international competitors that BlueScope would do the same.</b> It also offered to buy the steel that offshore manufacturers were selling into Australia.<b>The stick - which history tells us was ultimately employed by BlueScope - was to launch anti-dumping claims if the offshore suppliers didn't increase their prices.</b> A year after the alleged attempts at price fixing took place, Ellis teamed up with another Australian steel maker, then known as OneSteel, to lobby federal politicians to beef up anti-dumping laws.<b>The BlueScope board was only made aware of the price fixing allegations in 2017 when it was served with notices by the ACCC. It immediately conducted its own internal and legal investigation and concluded that \"we do not believe that BlueScope or any current or former employees have engaged in cartel conduct\".</b></p>", "original_content": "<entry xmlns=\"http://www.w3.org/2005/Atom\"><id>urn:contentItem:5X2X-H351-DY19-C1XC-00000-00</id><title>How Australia's biggest steelmaker allegedly tried to rig prices</title><published>2019-09-19T00:00:00Z</published><updated>2020-11-16T01:26:53Z</updated><author><name>LexisNexis</name></author><content type=\"application/xml\"><!--Transformation version 1.23--><articleDoc xmlns=\"\" xmlns:xsi=\"http://www.w3.org/2001/XMLSchema-instance\" xsi:noNamespaceSchemaLocation=\"http://www.lexisnexis.com/xmlschemas/content/public/articledoc/1/\" schemaVersion=\"1.8\" xml:lang=\"en\"><articleDocHead><itemInfo/></articleDocHead><nitf:body xmlns:nitf=\"http://iptc.org/std/NITF/2006-10-18/\"><nitf:body.head><nitf:hedline><nitf:hl1>How Australia's biggest steelmaker allegedly tried to rig prices</nitf:hl1></nitf:hedline><nitf:byline><author><person><nameText>Elizabeth Knight</nameText></person></author></nitf:byline><highlight><bodyText><p>Court documents reveal an elaborate web of meetings, over a series of months that traversed three countries</p></bodyText></highlight></nitf:body.head><nitf:body.content><bodyText><p nitf:lede=\"true\">In 2013 Jason Ellis, the son of former BHP chairman Jerry Ellis, received the career break of a lifetime. Australia's largest steel company, BlueScope, elevated him from a regional divisional manager in Thailand to one of the most senior positions in the company - the general manager of sales and marketing.</p><p nitf:lede=\"true\">Within months of assuming his position, one that could have ultimately groomed him to lead the company, Ellis allegedly masterminded a plan to boost the company's ailing profit. It was a plan which court documents now assert involved an attempt to engineer a cartel with several local and overseas competitors to raise the price of steel.</p><p>The alleged price-fixing plan devised by Ellis took place in the aftermath of the global financial crisis. During this period, steel prices were severely depressed and were putting pressure on steel companies' earnings.</p><p>Back in 2013-14 this was a $2.8 billion market in Australia and one which was, and still is, vitally important to our infrastructure and construction markets.</p><p>The attempts to establish a cartel were intended to raise prices and remove effective price competition. The effect of which would be large-scale, serious and ongoing economic harm in the nation's steel industry, according to a court filing made by the Australian Competition and Consumer Commission and obtained by The Age and Sydney Morning Herald.</p><p>The filing details an elaborate web of meetings between Ellis (alongside a coterie of his colleagues) and 11 of BluesScope's competitors held over a series of months, which traversed numerous states and spanned three countries.</p><p>At least 16 of these meetings were documented by the competition regulator. Ellis even arranged a meeting with one of the largest steel makers in the world - China Steel Corporation.</p><p>History now shows that the alleged attempts at price fixing failed even before a whistleblower blew the lid on the plan.</p><p>Ellis has since left BlueScope, but for four years he was one of the company's most senior employees in Australia.</p><p>He had significant power to direct BlueScope's pricing, particularly in the coated and industrial products division where he was responsible for all domestic and international sales from BlueScope's manufacturing sites, according to the ACCC's concise statement of claim.</p><p>Following his appointment in 2013, the ACCC alleges he devised and implemented a strategy to increase the price of flat steel supplied by BlueScope and its competitors.</p><p>This involved telling BlueScope distributors that they should agree to price all of their steel products (both BlueScope and imported) at, or by reference to BlueScope's list price.</p><p>The plan also allegedly involved encouraging steel distributors to agree to increase their prices across all their products, including imported products.</p><p>Ellis and his team provided distributors with an internal BlueScope ???Pricing Summary' which conveyed the increased profits and profit margins distributors stood to make if they purchased BlueScope steel (or imported steel) at a certain price and sold it to their customers at the BlueScope list price.</p><p>But this alleged action would not solve the problem BlueScope faced from overseas steel makers selling cheap steel into the Australian market.</p><p>According to the ACCC court documents, Ellis formed a different plan of attack - one that the competition regulator described as \"carrot and stick\".</p><p>The carrot was BlueScope's invitation to offshore steel companies to raise the price of their product sold into Australia, and informing these international competitors that BlueScope would do the same.</p><p>It also offered to buy the steel that offshore manufacturers were selling into Australia.</p><p>The stick - which history tells us was ultimately employed by BlueScope - was to launch anti-dumping claims if the offshore suppliers didn't increase their prices.</p><p>A year after the alleged attempts at price fixing took place, Ellis teamed up with another Australian steel maker, then known as OneSteel, to lobby federal politicians to beef up anti-dumping laws.</p><p>The BlueScope board was only made aware of the price fixing allegations in 2017 when it was served with notices by the ACCC. It immediately conducted its own internal and legal investigation and concluded that \"we do not believe that BlueScope or any current or former employees have engaged in cartel conduct\".</p><p>Neither BlueScope nor Ellis have filed a defence to the claims made by the ACCC. <url normalizedValue=\"https://www.asx.com.au/asxpdf/20190830/pdf/4481nkm3lr65n0.pdf\">BlueScope chairman John Bevan said on August 30, the day after the court action was filed, that the company plans</url> to defend the case.</p><p>Whether this civil case brought by the ACCC is followed by criminal proceedings is now in the hands of the Commonwealth Director of Public Prosecutions.</p><p>If successful it would represent a big scalp for the regulator. But it would be an embarrassment for the NSW government which gifted the company a $60 million payroll tax break in 2015, and the Federal government which also handed the company significant sums under a steel transformation program.</p></bodyText></nitf:body.content></nitf:body><metadata><dc:metadata xmlns:dc=\"http://purl.org/dc/elements/1.1/\"><dc:identifier identifierScheme=\"DOC-ID\">SYMRLD-1520182908</dc:identifier><dc:source sourceScheme=\"royaltyReportingKey\">SYMRLD2019</dc:source><dc:identifier identifierScheme=\"PGUID\">urn:contentItem:5X2X-H351-DY19-C1XC-00000-00</dc:identifier><dc:source sourceScheme=\"productContentSetIdentifier\">404053</dc:source><dc:date dateType=\"last-updated\">2019-09-18</dc:date></dc:metadata><wordCount number=\"834\"/><timeReceived>00:26 GMT</timeReceived><publicationInfo><copyright>Copyright 2019 Fairfax Media Publications Pty. Limited All Rights Reserved</copyright><publicationName>The Sydney Morning Herald (Australia) - Online</publicationName><publicationDate day=\"19\" month=\"09\" year=\"2019\"><dateText>September 19, 2019 Thursday</dateText></publicationDate><classification classificationScheme=\"publicationtype\"><classificationItem><className>Web Publication</className></classificationItem></classification><classification classificationScheme=\"publicationtype\"><classificationItem><className>Web-based Publications</className></classificationItem></classification></publicationInfo><classification classificationScheme=\"language\"><classificationItem classificationScheme=\"lang.english\"><className>ENGLISH</className></classificationItem></classification><classificationGroup classificationScheme=\"indexing-terms\"><classification classificationScheme=\"company\"><classificationItem score=\"65\"><classCode>CC0001W80</classCode><className>CHINA STEEL CORP</className></classificationItem></classification><classification classificationScheme=\"industry\"><classificationItem score=\"65\"><className>NAICS331110 IRON &amp; STEEL MILLS &amp; FERROALLOY MANUFACTURING</className></classificationItem><classificationItem score=\"65\"><className>SIC3312 STEEL WORKS, BLAST FURNACES (INCLUDING COKE OVENS) &amp; ROLLING MILLS</className></classificationItem></classification><classification classificationScheme=\"ticker\"><classificationItem score=\"65\"><className>2002 (TAIEX)</className></classificationItem></classification></classificationGroup><classificationGroup classificationScheme=\"licensor.indexing-terms\"><classification classificationScheme=\"licensor.subject\"><classificationItem><className>Business</className></classificationItem></classification></classificationGroup><classificationGroup classificationScheme=\"indexing-terms\"><classification classificationScheme=\"subject\"><classificationItem score=\"90\"><classCode>STX000261</classCode><className>CARTELS</className><classCode/><className/></classificationItem><classificationItem score=\"90\"><classCode>STX000974</classCode><className>IRON &amp; STEEL MARKETS</className><classCode/><className/></classificationItem><classificationItem score=\"90\"><classCode>STX001066</classCode><className>MANAGERS &amp; SUPERVISORS</className><classCode/><className/></classificationItem><classificationItem score=\"90\"><classCode>ST0009QD4</classCode><className>NEGATIVE BUSINESS NEWS</className><classCode/><className/></classificationItem><classificationItem score=\"90\"><classCode>ST0009FJK</classCode><className>NEGATIVE PERSONAL NEWS</className><classCode/><className/></classificationItem><classificationItem score=\"90\"><classCode>ST000DIJW</classCode><className>PRICES</className><classCode/><className/></classificationItem><classificationItem score=\"89\"><classCode>STX001410</classCode><className>COMPANY PROFITS</className><classCode/><className/></classificationItem><classificationItem score=\"89\"><classCode>STX001373</classCode><className>PRICE CHANGES</className><classCode/><className/></classificationItem><classificationItem score=\"89\"><classCode>STX001375</classCode><className>PRICE FIXING</className><classCode/><className/></classificationItem><classificationItem score=\"89\"><classCode>ST000971E</classCode><className>PRICE INCREASES</className><classCode/><className/></classificationItem><classificationItem score=\"89\"><classCode>STX001485</classCode><className>RESTRAINT OF TRADE</className><classCode>Z3VpZD11cm46dG9waWM6Nzc5QTM2RDA2QTExNDg4Njk3MzJEQzkzODM4REJENEE7cGFyZW50Z3VpZD11cm46dG9waWM6NDA2NTZCMDc0RDA0NDBCOEFFMjA0NTg1QTBGMjM3NTQ</classCode><className>Price Fixing &amp; Restraints of Trade</className></classificationItem><classificationItem score=\"78\"><classCode>ST0008XJY</classCode><className>SALES &amp; SELLING</className><classCode/><className/></classificationItem><classificationItem score=\"78\"><classCode>STX001669</classCode><className>TALKS &amp; MEETINGS</className><classCode/><className/></classificationItem><classificationItem score=\"77\"><classCode>ST0008X7D</classCode><className>MANUFACTURING FACILITIES</className><classCode/><className/></classificationItem><classificationItem score=\"77\"><classCode>ST00096T1</classCode><className>SALES MANAGEMENT</className><classCode/><className/></classificationItem><classificationItem score=\"77\"><classCode>ST000D1CF</classCode><className>WHISTLEBLOWERS</className><classCode/><className/></classificationItem><classificationItem score=\"70\"><classCode>STX000340</classCode><className>COMPANY EARNINGS</className><classCode/><className/></classificationItem><classificationItem score=\"70\"><classCode>ST0008X57</classCode><className>CONSUMER LAW</className><classCode>Z3VpZD11cm46dG9waWM6RDJBNDY2Rjc3Mzk4NDI3NUJDOTlCQTRCNzE2M0IwRTU7cGFyZW50Z3VpZD11cm46dG9waWM6REEyRTNDM0JGQzYyNEMyOEFGNTAwNUJEOUU1MDg4NjU</classCode><className>Consumer Protection</className></classificationItem><classificationItem score=\"69\"><classCode>ST000A51F</classCode><className>ECONOMIC CRISIS</className><classCode/><className/></classificationItem></classification><classification classificationScheme=\"industry\"><classificationItem score=\"96\"><classCode>STX000973</classCode><className>IRON &amp; STEEL INDUSTRY</className><classCode/><className/></classificationItem><classificationItem score=\"94\"><classCode>N331111MM</classCode><className>IRON &amp; STEEL MILLS</className><classCode/><className/></classificationItem><classificationItem score=\"90\"><classCode>STX000974</classCode><className>IRON &amp; STEEL MARKETS</className><classCode/><className/></classificationItem><classificationItem score=\"90\"><classCode>STX002014</classCode><className>MANUFACTURING</className><classCode/><className/></classificationItem><classificationItem score=\"90\"><classCode>N331220CC</classCode><className>STEEL ROLLING &amp; DRAWING</className><classCode/><className/></classificationItem><classificationItem score=\"89\"><classCode>STX001373</classCode><className>PRICE CHANGES</className><classCode/><className/></classificationItem><classificationItem score=\"89\"><classCode>STX001375</classCode><className>PRICE FIXING</className><classCode/><className/></classificationItem><classificationItem score=\"89\"><classCode>ST000971E</classCode><className>PRICE INCREASES</className><classCode/><className/></classificationItem><classificationItem score=\"78\"><classCode>N423500CC</classCode><className>METALS &amp; MINERALS WHOLESALERS</className><classCode/><className/></classificationItem><classificationItem score=\"77\"><classCode>N230000CC</classCode><className>CONSTRUCTION</className><classCode/><className/></classificationItem><classificationItem score=\"77\"><classCode>N331112MM</classCode><className>FERROALLOY PRODUCT MFG</className><classCode/><className/></classificationItem><classificationItem score=\"77\"><classCode>ST0008X7D</classCode><className>MANUFACTURING FACILITIES</className><classCode/><className/></classificationItem><classificationItem score=\"72\"><classCode>ST0009S2V</classCode><classCode/><className/></classificationItem></classification><classification classificationScheme=\"city\"><classificationItem score=\"90\"><classCode>GX014</classCode><className>SYDNEY, AUSTRALIA</className><classCode/><className/></classificationItem></classification><classification classificationScheme=\"country\"><classificationItem score=\"92\"><classCode>GC301</classCode><className>AUSTRALIA</className><classCode/><className/></classificationItem><classificationItem score=\"58\"><classCode>GC313</classCode><className>THAILAND</className><classCode/><className/></classificationItem></classification></classificationGroup></metadata></articleDoc></content></entry>"}