{"prediction_class": "Offensive Social Behaviour", "prediction_score": "0.89", "name": "CSL Limited", "title": "Plasma firm faces bias suit", "published": "2019-03-08T00:00:00Z", "updated": "2020-11-15T22:32:41Z", "cleaned_article": "[TITLE] Plasma firm faces bias suit [TITLE] \n\nThe company's alleged actions are especially egregious, he said, because in 1975, Minneapolis became the nation's first governmental body to make discrimination based on gender identity illegal, and in 1993, Minnesota was the first state in the country to follow suit. \"We have an important legacy to uphold,\" Ellison said at a news conference announcing the suit. According to the company's website, CSL Plasma is headquartered in Boca Raton, Fla. The parent company, CSL Limited, is headquartered in Melbourne, Australia. The lawsuit is asking that a judge find CSL Plasma in violation of the state anti-discrimination law, financially compensate James \"up to three times the actual damages sustained as well as damages for mental anguish and suffering,\" order its employees to undergo training on discrimination and submit quarterly reports regarding its deferral of transgender donors at its Minnesota locations, among other requests. The state Department of Human Rights has received 16 complaints between 2016 and this month alleging discrimination against transgender people. Eight cases are closed cases and eight are open. They involve business, education, employment, public accommodation and public service settings.", "raw_cleaned_article": "<h2>Plasma firm faces bias suit</h2><p>The company's alleged actions are especially egregious, he said, because in 1975, Minneapolis became the nation's first governmental body to make discrimination based on gender identity illegal, and in 1993, Minnesota was the first state in the country to follow suit. \"We have an important legacy to uphold,\" Ellison said at a news conference announcing the suit. <b>According to the company's website, CSL Plasma is headquartered in Boca Raton, Fla. The parent company, CSL Limited, is headquartered in Melbourne, Australia.</b> The lawsuit is asking that a judge find CSL Plasma in violation of the state anti-discrimination law, financially compensate James \"up to three times the actual damages sustained as well as damages for mental anguish and suffering,\" order its employees to undergo training on discrimination and submit quarterly reports regarding its deferral of transgender donors at its Minnesota locations, among other requests. The state Department of Human Rights has received 16 complaints between 2016 and this month alleging discrimination against transgender people. Eight cases are closed cases and eight are open. They involve business, education, employment, public accommodation and public service settings.</p>", "original_content": "<entry xmlns=\"http://www.w3.org/2005/Atom\"><id>urn:contentItem:5VKP-1791-JC8F-K1SM-00000-00</id><title>Plasma firm faces bias suit</title><published>2019-03-08T00:00:00Z</published><updated>2020-11-15T22:32:41Z</updated><author><name>LexisNexis</name></author><content type=\"application/xml\"><!--Transformation version 1.23--><articleDoc xmlns=\"\" xmlns:xsi=\"http://www.w3.org/2001/XMLSchema-instance\" xsi:noNamespaceSchemaLocation=\"http://www.lexisnexis.com/xmlschemas/content/public/articledoc/1/\" schemaVersion=\"1.8\" xml:lang=\"en\"><articleDocHead><itemInfo><sourceSectionInfo><positionSection>NEWS</positionSection><positionSequence>Pg. 1B</positionSequence></sourceSectionInfo></itemInfo></articleDocHead><nitf:body xmlns:nitf=\"http://iptc.org/std/NITF/2006-10-18/\"><nitf:body.head><nitf:hedline><nitf:hl1>Plasma firm faces bias suit</nitf:hl1></nitf:hedline><nitf:byline><author><person><nameText>CHAO XIONG; STAFF WRITER</nameText></person></author><nitf:byttl>STAR TRIBUNE (Mpls.-St. Paul)</nitf:byttl></nitf:byline></nitf:body.head><nitf:body.content><bodyText><p nitf:lede=\"true\">The Minnesota Department of Human Rights is suing a plasma collection agency for allegedly discriminating against a transgender woman who was banned from donating because of her gender identity.</p><p nitf:lede=\"true\">Minnesota Attorney General Keith Ellison filed the lawsuit Thursday on behalf of the department against CSL Plasma Inc., which identifies itself as \"one of the world's largest collectors of human plasma.\"</p><p nitf:lede=\"true\">\"Obviously, anyone's gender identity is a core component of who they are, and we want to make sure that the core component of who they are is protected and celebrated,\" said Irina Vaynerman, deputy commissioner of the Human Rights Department.</p><p>CSL Plasma Inc. declined to address the lawsuit Thursday.</p><p>\"Since the matter is in litigation, we will have no comment as we have not yet been served with the suit,\" the company said in a written statement.</p><p>The suit is in response to a complaint filed by Minneapolis resident Alice James. Her attorney said he expects her to also join as a plaintiff.</p><p>\"I am proud to live in a state where the law demands that people be treated fairly,\" James said in a written statement provided by her attorney, Joshua Newville. \"I hope this case helps to ensure fair treatment for other Minnesotans.\"</p><p>James is not speaking with the media, Newville said.</p><p>\"Although she is very interested in the outcome of this matter and seeing justice done for both herself and others in the state of Minnesota, she doesn't really want this case focused on her,\" Newville said. \"She wants this case focused on CSL Plasma and the broader understanding of gender identity.\"</p><p>James was a regular donor at CSL Plasma for years and relied on it as part of her income until the company told her in 2015 that it did not accept donations from transgender people, Newville said.</p><p>\"That had a pretty catastrophic impact on her both financially and emotionally,\" he said.</p><p>According to Newville: James was living in Duluth in 2011 when she began donating at the company's location there. She identified as a woman. The facility \"rejected\" that and forced her to identify as a man in their records.</p><p>James donated plasma a few times a week for years. In 2015, she pushed the company to identify her as a woman in their records, and was told she could no longer donate.</p><p>James filed a discrimination complaint with the Minnesota Department of Human Rights in 2016, which investigated and found in 2017 that the allegation had merit.</p><p>The department tried to initiate settlement talks with CSL Plasma Inc. that included recommended policy changes, but the company refused to engage, Vaynerman said.</p><p>The company reported that it had \"a flat ban on all transgender donors,\" Vaynerman said, adding that its refusal to engage in settlement talks compelled the lawsuit.</p><p>The company's practice contradicts FDA recommendations, which allow donors to self-report their gender and recommends \"screening out only men who have had sex with other men once or more in the past year,\" the lawsuit said.</p><p>James never met that criterion for being screened out, her attorney said.</p><p>Newville said James attempted to donate plasma in October 2018 at a Minneapolis location and was denied.</p><p>\"They have not really explained their rationale or justification behind it,\" Newville said.</p><p>The company's alleged actions are especially egregious, he said, because in 1975, Minneapolis became the nation's first governmental body to make discrimination based on gender identity illegal, and in 1993, Minnesota was the first state in the country to follow suit.</p><p>\"We have an important legacy to uphold,\" Ellison said at a news conference announcing the suit.</p><p>According to the company's website, CSL Plasma is headquartered in Boca Raton, Fla. The parent company, CSL Limited, is headquartered in Melbourne, Australia.</p><p>The lawsuit is asking that a judge find CSL Plasma in violation of the state anti-discrimination law, financially compensate James \"up to three times the actual damages sustained as well as damages for mental anguish and suffering,\" order its employees to undergo training on discrimination and submit quarterly reports regarding its deferral of transgender donors at its Minnesota locations, among other requests.</p><p>The state Department of Human Rights has received 16 complaints between 2016 and this month alleging discrimination against transgender people. Eight cases are closed cases and eight are open. They involve business, education, employment, public accommodation and public service settings.</p><p>Chao Xiong \u00b7 612-270-4708 Twitter: @ChaoStrib</p></bodyText></nitf:body.content></nitf:body><metadata><dc:metadata xmlns:dc=\"http://purl.org/dc/elements/1.1/\"><dc:identifier identifierScheme=\"DOC-ID\">STRIB-MERLIN54125635</dc:identifier><dc:source sourceScheme=\"royaltyReportingKey\">STRIB2019</dc:source><dc:identifier identifierScheme=\"PGUID\">urn:contentItem:5VKP-1791-JC8F-K1SM-00000-00</dc:identifier><dc:source sourceScheme=\"productContentSetIdentifier\">8384</dc:source><dc:date dateType=\"last-updated\">2019-03-08</dc:date></dc:metadata><wordCount number=\"749\"/><publicationInfo><copyright>Copyright 2019 Star Tribune All Rights Reserved</copyright><publicationName>Star Tribune (Minneapolis, MN)</publicationName><edition>METRO EDITION</edition><publicationDate day=\"08\" month=\"03\" year=\"2019\"><dateText>March 8, 2019 Friday</dateText></publicationDate><classification classificationScheme=\"publicationtype\"><classificationItem><className>Newspaper</className></classificationItem></classification><classification classificationScheme=\"publicationtype\"><classificationItem><className>Newspapers</className></classificationItem></classification></publicationInfo><classification classificationScheme=\"language\"><classificationItem classificationScheme=\"lang.english\"><className>ENGLISH</className></classificationItem></classification><classificationGroup classificationScheme=\"indexing-terms\"><classification classificationScheme=\"company\"><classificationItem score=\"91\"><classCode>CC000DFOF</classCode><className>MINNESOTA ATTORNEY GENERAL</className></classificationItem></classification><classification classificationScheme=\"industry\"><classificationItem score=\"91\"><className>NAICS541110 OFFICES OF LAWYERS</className></classificationItem><classificationItem score=\"91\"><className>SIC8111 LEGAL SERVICES</className></classificationItem></classification></classificationGroup><classificationGroup classificationScheme=\"licensor.indexing-terms\"><classification classificationScheme=\"licensor.subject\"><classificationItem><className>LAWSUIT</className></classificationItem><classificationItem><className>DISCRIMINATION</className></classificationItem><classificationItem><className>HUMAN RIGHTS</className></classificationItem></classification></classificationGroup><classificationGroup classificationScheme=\"indexing-terms\"><classification classificationScheme=\"subject\"><classificationItem score=\"94\"><classCode>N541110GM</classCode><className>LAWYERS</className><classCode/><className/></classificationItem><classificationItem score=\"93\"><classCode>STX001040</classCode><className>LITIGATION</className><classCode/><className/></classificationItem><classificationItem score=\"93\"><classCode>STX001648</classCode><className>SUITS &amp; CLAIMS</className><classCode/><className/></classificationItem><classificationItem score=\"90\"><classCode>STX000128</classCode><className>ATTORNEYS GENERAL</className><classCode/><className/></classificationItem><classificationItem score=\"90\"><classCode>ST0009RHL</classCode><className>BLOOD DONATIONS</className><classCode>Z3VpZD11cm46dG9waWM6NUVDNkZCNDNCMTAyNDZGRjg4QzUzOEUzRjlDQzZDRjk7cGFyZW50Z3VpZD11cm46dG9waWM6MjI1NzIwOTY3NUU1NDlFNEJBMTJDM0NDMURCOUU0NTM</classCode><className>Blood Donations</className></classificationItem><classificationItem score=\"90\"><classCode>ST000CYDJ</classCode><className>DISCRIMINATION</className><classCode/><className/></classificationItem><classificationItem score=\"90\"><classCode>STX000777</classCode><className>GAYS &amp; LESBIANS</className><classCode/><className/></classificationItem><classificationItem score=\"90\"><classCode>ST000DIEG</classCode><className>GENDER &amp; SEX DISCRIMINATION</className><classCode/><className/></classificationItem><classificationItem score=\"90\"><classCode>ST000DL65</classCode><className>GENDER IDENTITY</className><classCode/><className/></classificationItem><classificationItem score=\"90\"><classCode>ST0009J49</classCode><className>HUMAN RIGHTS &amp; CIVIL LIBERTIES LAW</className><classCode>Z3VpZD11cm46dG9waWM6NURDOUM5MEJFQUZGNEFBMDgzMkM0RTgwODdDNTMxREM7cGFyZW50Z3VpZD0</classCode><className>Civil Rights Law</className></classificationItem><classificationItem score=\"90\"><classCode>ST0008XMR</classCode><className>LAW &amp; LEGAL SYSTEM</className><classCode/><className/></classificationItem><classificationItem score=\"90\"><classCode>ST0009FJK</classCode><className>NEGATIVE PERSONAL NEWS</className><classCode/><className/></classificationItem><classificationItem score=\"90\"><classCode>ST00098X6</classCode><className>SEX &amp; GENDER ISSUES</className><classCode/><className/></classificationItem><classificationItem score=\"90\"><classCode>ST000D0JG</classCode><className>TRANSGENDER PERSONS</className><classCode/><className/></classificationItem><classificationItem score=\"89\"><classCode>N621991MG</classCode><className>BLOOD BANKS</className><classCode/><className/></classificationItem><classificationItem score=\"78\"><classCode>STX000969</classCode><className>INVESTIGATIONS</className><classCode/><className/></classificationItem><classificationItem score=\"75\"><classCode>STX001669</classCode><className>TALKS &amp; MEETINGS</className><classCode/><className/></classificationItem><classificationItem score=\"67\"><classCode>STX000542</classCode><className>ANNUAL FINANCIAL RESULTS</className><classCode/><className/></classificationItem></classification><classification classificationScheme=\"industry\"><classificationItem score=\"94\"><classCode>N541110GM</classCode><className>LAWYERS</className><classCode/><className/></classificationItem><classificationItem score=\"90\"><classCode>N540000CC</classCode><className>PROFESSIONAL SERVICES</className><classCode/><className/></classificationItem><classificationItem score=\"89\"><classCode>N621991MG</classCode><className>BLOOD BANKS</className><classCode/><className/></classificationItem><classificationItem score=\"78\"><classCode>N561440GM</classCode><className>CREDIT COLLECTIONS</className><classCode/><className/></classificationItem></classification><classification classificationScheme=\"person\"><classificationItem score=\"57\"><classCode>PE000A1UE</classCode><className>KEITH ELLISON</className><classCode/><className/></classificationItem></classification><classification classificationScheme=\"city\"><classificationItem score=\"74\"><classCode>GX614</classCode><className>MINNEAPOLIS, MN, USA</className><classCode/><className/></classificationItem><classificationItem score=\"58\"><classCode>ST000D20W</classCode><className>DULUTH, MN, USA</className><classCode/><className/></classificationItem></classification><classification classificationScheme=\"state\"><classificationItem score=\"94\"><classCode>GS139</classCode><className>MINNESOTA, USA</className><classCode/><className/></classificationItem></classification></classificationGroup></metadata></articleDoc></content></entry>"}