{"prediction_class": "Fraud Embezzlement Misappropriation", "prediction_score": "0.99", "name": "Dexus", "title": "PLEA BARGAINING CONCLUDED WITH ONE OF FOUNDERS OF \"DEXUS\"", "published": "2017-05-16T00:00:00Z", "updated": "2020-11-16T01:52:52Z", "cleaned_article": "[TITLE] PLEA BARGAINING CONCLUDED WITH ONE OF FOUNDERS OF \"DEXUS\" [TITLE] \n\nTbilisi  city  court  declared  that consideration is completed regarding one ofaccused  in  the  case  of  development  company  \"Center  Point\", initiated \"onassistance  to  seizure  of  funds by deception, embezzlement of large funds andconcealment of property\". The  matter  concerns  agreement on property assignation, signed in 2010 between\"CenterPoint\"(MayaRcheulishvili,  Vakhtang  Rcheulishvili  and  RusudanKervalishvili)  and management company \"Dexus\". Under this contract, \"Dexus\" gotproperty  of  \"Center  Point\" in management, but \"Center Point\" has requested in2013 cancellation of the agreement and return of property.", "raw_cleaned_article": "<h2>PLEA BARGAINING CONCLUDED WITH ONE OF FOUNDERS OF \"DEXUS\"</h2><p>Tbilisi  city  court  declared  that consideration is completed regarding one ofaccused  in  the  case  of  development  company  \"Center  Point\", initiated \"onassistance  to  seizure  of  funds by deception, embezzlement of large funds andconcealment of property\". <b>The  matter  concerns  agreement on property assignation, signed in 2010 between\"CenterPoint\"(MayaRcheulishvili,  Vakhtang  Rcheulishvili  and  RusudanKervalishvili)  and management company \"Dexus\". Under this contract, \"Dexus\" gotproperty  of  \"Center  Point\" in management, but \"Center Point\" has requested in2013 cancellation of the agreement and return of property.</b></p>", "original_content": "<entry xmlns=\"http://www.w3.org/2005/Atom\"><id>urn:contentItem:5NJR-6N51-JDJN-64F1-00000-00</id><title>PLEA BARGAINING CONCLUDED WITH ONE OF FOUNDERS OF \"DEXUS\"</title><published>2017-05-16T00:00:00Z</published><updated>2020-11-16T01:52:52Z</updated><author><name>LexisNexis</name></author><content type=\"application/xml\"><!--Transformation version 1.23--><articleDoc xmlns=\"\" xmlns:xsi=\"http://www.w3.org/2001/XMLSchema-instance\" xsi:noNamespaceSchemaLocation=\"http://www.lexisnexis.com/xmlschemas/content/public/articledoc/1/\" schemaVersion=\"1.8\" xml:lang=\"en\"><articleDocHead><itemInfo/></articleDocHead><nitf:body xmlns:nitf=\"http://iptc.org/std/NITF/2006-10-18/\"><nitf:body.head><nitf:hedline><nitf:hl1>PLEA BARGAINING CONCLUDED WITH ONE OF FOUNDERS OF \"DEXUS\"</nitf:hl1></nitf:hedline><nitf:byline><author><person><nameText>Sarke Daily News</nameText></person></author></nitf:byline></nitf:body.head><nitf:body.content><bodyText><p nitf:lede=\"true\">Tbilisi  city  court  declared  that consideration is completed regarding one of<br/>accused  in  the  case  of  development  company  \"Center  Point\", initiated \"on<br/>assistance  to  seizure  of  funds by deception, embezzlement of large funds and<br/>concealment of property\".</p><p>The  matter  concerns  agreement on property assignation, signed in 2010 between<br/>\"Center<br/><br/>Point\"<br/><br/>(Maya<br/><br/>Rcheulishvili,  Vakhtang  Rcheulishvili  and  Rusudan<br/>Kervalishvili)  and management company \"Dexus\". Under this contract, \"Dexus\" got<br/>property  of  \"Center  Point\" in management, but \"Center Point\" has requested in<br/>2013 cancellation of the agreement and return of property.</p><p>For<br/><br/>the<br/><br/>purpose  of  property  seizure,  the  accused  \"concluded  deceptive<br/>transactions, handing over this way assets worth about $2 million to LLC \"Dexus\"<br/>for  free\",  the  court  pointed  and  noted  that  \"later,  in  order  to avoid<br/>obligations,  the  specified  property was put in chartered capital of \"Alliance<br/>Capital\", founded by \"Dexus\"\".</p><p>During  trial, the accused has returned the specified property, therefore a plea<br/>bargaining  was  concluded  with  him,  while  penalty was imposed as punishment<br/>measure, the court reported.</p><p>To  note, the court called in its statement the accused as \"I.Ts.\". In turn, LLC<br/>\"Dexus\" was founded by 3 private individuals \u2013 Irakli Kilauridze, Ivane Tsaguria<br/>and Giorgi Kananashvili.</p></bodyText></nitf:body.content></nitf:body><metadata><dc:metadata xmlns:dc=\"http://purl.org/dc/elements/1.1/\"><dc:identifier identifierScheme=\"DOC-ID\">SAREN-92209604</dc:identifier><dc:source sourceScheme=\"royaltyReportingKey\">SAREN2017</dc:source><dc:identifier identifierScheme=\"PGUID\">urn:contentItem:5NJR-6N51-JDJN-64F1-00000-00</dc:identifier><dc:source sourceScheme=\"productContentSetIdentifier\">404379</dc:source><dc:date dateType=\"last-updated\">2019-04-27</dc:date></dc:metadata><wordCount number=\"225\"/><publicationInfo><copyright>Copyright 2017 Sarke Information Agency Provided by Syndigate Media Inc. All Rights Reserved</copyright><publicationName>Sarke Daily News</publicationName><publicationLogo><logo><inlineObject><locator><locatorKey><keyName name=\"object-key\"/><keyValue value=\"5165\"/></locatorKey><locatorParameters><parameter name=\"object-type\" value=\"201\"/><parameter name=\"object-smi\" value=\"LOGOS\"/><parameter name=\"componentseq\" value=\"1\"/></locatorParameters></locator></inlineObject></logo></publicationLogo><publicationDate day=\"16\" month=\"05\" year=\"2017\"><dateText>May 16, 2017 Tuesday</dateText></publicationDate><classification classificationScheme=\"publicationtype\"><classificationItem><className>Newswire</className></classificationItem></classification><classification classificationScheme=\"publicationtype\"><classificationItem><className>Newswires &amp; Press Releases</className></classificationItem></classification></publicationInfo><classification classificationScheme=\"language\"><classificationItem classificationScheme=\"lang.english\"><className>ENGLISH</className></classificationItem></classification><classificationGroup classificationScheme=\"indexing-terms\"><classification classificationScheme=\"subject\"><classificationItem score=\"91\"><classCode>ST0009FJK</classCode><className>NEGATIVE PERSONAL NEWS</className><classCode/><className/></classificationItem><classificationItem score=\"90\"><classCode>ST000DH0Q</classCode><className>AGREEMENTS</className><classCode/><className/></classificationItem><classificationItem score=\"90\"><classCode>STX000759</classCode><className>FRAUD &amp; FINANCIAL CRIME</className><classCode/><className/></classificationItem><classificationItem score=\"90\"><classCode>STX001335</classCode><className>PLEA AGREEMENTS</className><classCode/><className/></classificationItem><classificationItem score=\"78\"><classCode>STX001883</classCode><className>DECISIONS &amp; RULINGS</className><classCode/><className/></classificationItem><classificationItem score=\"77\"><classCode>STX000589</classCode><className>EMBEZZLEMENT</className><classCode>Z3VpZD11cm46dG9waWM6RjQ3RTU2M0FCNUE1NDIxMjlCQkQ5NEQ0NjZGMTk1RTY7cGFyZW50Z3VpZD11cm46dG9waWM6OTdGN0NBMjhBN0VBNDYzOEFCRkQyNDc2RDJDMzc3Mjg</classCode><className>Embezzlement</className></classificationItem><classificationItem score=\"68\"><classCode>STX000722</classCode><className>FINES &amp; PENALTIES</className><classCode/><className/></classificationItem></classification><classification classificationScheme=\"city\"><classificationItem score=\"59\"><classCode>GX120</classCode><className>TBILISI, GEORGIA</className><classCode/><className/></classificationItem></classification></classificationGroup></metadata></articleDoc></content></entry>"}