{"prediction_class": "Regulatory Breaches Tax Evasion Smuggling of goods", "prediction_score": "0.65", "name": "Fairfax Financial", "title": "Court Dismisses Fairfax Hedge Fund Suit", "published": "2012-09-13T00:00:00Z", "updated": "2020-11-16T08:33:57Z", "cleaned_article": "[TITLE] Court Dismisses Fairfax Hedge Fund Suit [TITLE] \n\nA New Jersey court has dismissed a lawsuit filed by Fairfax Financial Holdings Ltd.that accused a group of hedge funds of conspiring with financial analysts to drive down its share price. New Jersey Superior Court Judge Donald Coburn dismissed the Toronto-based insurance and financial services company's case with prejudice, preventing similar claims in the future, but without costs, on Wednesday. Adam Sender, a fund manager for Exis Capital who was included in the lawsuit, said Wednesday that the suit should never have been filed in the first place. \"Our plan is to move forward and work to re-establish Exis Capital as one of the leading hedge funds in the world,\" Mr. Sender said in a statement. The lawsuit was filed in 2006 and alleged a number of U.S. hedge funds participated in a stock market manipulation scheme that \"severely harmed\" the insurance giant.", "raw_cleaned_article": "<h2>Court Dismisses Fairfax Hedge Fund Suit</h2><p><b>A New Jersey court has dismissed a lawsuit filed by Fairfax Financial Holdings Ltd.that accused a group of hedge funds of conspiring with financial analysts to drive down its share price. New Jersey Superior Court Judge Donald Coburn dismissed the Toronto-based insurance and financial services company's case with prejudice, preventing similar claims in the future, but without costs, on Wednesday. Adam Sender, a fund manager for Exis Capital who was included in the lawsuit, said Wednesday that the suit should never have been filed in the first place. \"Our plan is to move forward and work to re-establish Exis Capital as one of the leading hedge funds in the world,\" Mr. Sender said in a statement. The lawsuit was filed in 2006 and alleged a number of U.S. hedge funds participated in a stock market manipulation scheme that \"severely harmed\" the insurance giant.</b></p>", "original_content": "<entry xmlns=\"http://www.w3.org/2005/Atom\"><id>urn:contentItem:56JR-Y021-DY2T-F29F-00000-00</id><title>Court Dismisses Fairfax Hedge Fund Suit</title><published>2012-09-13T00:00:00Z</published><updated>2020-11-16T08:33:57Z</updated><author><name>LexisNexis</name></author><content type=\"application/xml\"><!--Transformation version 1.23--><articleDoc xmlns=\"\" xmlns:xsi=\"http://www.w3.org/2001/XMLSchema-instance\" xsi:noNamespaceSchemaLocation=\"http://www.lexisnexis.com/xmlschemas/content/public/articledoc/1/\" schemaVersion=\"1.8\" xml:lang=\"en\"><articleDocHead><itemInfo><sourceSectionInfo><positionSection>FINANCIAL POST</positionSection><positionSequence>Pg. FP4</positionSequence></sourceSectionInfo><nitf:fixture xmlns:nitf=\"http://iptc.org/std/NITF/2006-10-18/\">National Report</nitf:fixture></itemInfo></articleDocHead><nitf:body xmlns:nitf=\"http://iptc.org/std/NITF/2006-10-18/\"><nitf:body.head><nitf:hedline><nitf:hl1>Court Dismisses Fairfax Hedge Fund Suit</nitf:hl1></nitf:hedline><nitf:byline><nitf:byttl>The Canadian Press And Financial Post</nitf:byttl></nitf:byline></nitf:body.head><nitf:body.content><bodyText><p nitf:lede=\"true\">A New Jersey court has dismissed a lawsuit filed by Fairfax Financial Holdings Ltd.that accused a group of hedge funds of conspiring with financial analysts to drive down its share price. New Jersey Superior Court Judge Donald Coburn dismissed the Toronto-based insurance and financial services company's case with prejudice, preventing similar claims in the future, but without costs, on Wednesday. Adam Sender, a fund manager for Exis Capital who was included in the lawsuit, said Wednesday that the suit should never have been filed in the first place. \"Our plan is to move forward and work to re-establish Exis Capital as one of the leading hedge funds in the world,\" Mr. Sender said in a statement. The lawsuit was filed in 2006 and alleged a number of U.S. hedge funds participated in a stock market manipulation scheme that \"severely harmed\" the insurance giant.</p><p>FAIRFAX FINANCIAL HOLDINGSFFH/TSX, $369, up $8</p></bodyText></nitf:body.content></nitf:body><metadata><dc:metadata xmlns:dc=\"http://purl.org/dc/elements/1.1/\"><dc:identifier identifierScheme=\"DOC-ID\">FPINV-150265920NTPFP</dc:identifier><dc:source sourceScheme=\"royaltyReportingKey\">FPINV2012</dc:source><dc:identifier identifierScheme=\"PGUID\">urn:contentItem:56JR-Y021-DY2T-F29F-00000-00</dc:identifier><dc:source sourceScheme=\"productContentSetIdentifier\">257989</dc:source><dc:date dateType=\"last-updated\">2018-10-03</dc:date></dc:metadata><wordCount number=\"152\"/><publicationInfo><copyright>Copyright 2012 National Post All Rights Reserved</copyright><publicationName>National Post's Financial Post &amp; FP Investing (Canada)</publicationName><edition>National Edition</edition><publicationDate day=\"13\" month=\"09\" year=\"2012\"><dateText>September 13, 2012 Thursday</dateText></publicationDate><classification classificationScheme=\"publicationtype\"><classificationItem><className>Newspaper</className></classificationItem></classification><classification classificationScheme=\"publicationtype\"><classificationItem><className>Newspapers</className></classificationItem></classification></publicationInfo><classification classificationScheme=\"language\"><classificationItem classificationScheme=\"lang.english\"><className>ENGLISH</className></classificationItem></classification><classification classificationScheme=\"typeofdoc\"><classificationItem><className>Brief</className></classificationItem></classification><classificationGroup classificationScheme=\"indexing-terms\"><classification classificationScheme=\"company\"><classificationItem score=\"92\"><classCode>CC0002Q1U</classCode><className>FAIRFAX FINANCIAL HOLDINGS LTD</className></classificationItem></classification><classification classificationScheme=\"industry\"><classificationItem score=\"92\"><className>NAICS524291 CLAIMS ADJUSTING</className></classificationItem><classificationItem score=\"92\"><className>NAICS524130 REINSURANCE CARRIERS</className></classificationItem><classificationItem score=\"92\"><className>NAICS524126 DIRECT PROPERTY &amp; CASUALTY INSURANCE CARRIERS</className></classificationItem></classification><classification classificationScheme=\"ticker\"><classificationItem score=\"92\"><className>FFH (TSX)</className></classificationItem></classification></classificationGroup><classificationGroup classificationScheme=\"indexing-terms\"><classification classificationScheme=\"subject\"><classificationItem score=\"93\"><classCode>N525910EE</classCode><className>HEDGE FUNDS</className><classCode>Z3VpZD11cm46dG9waWM6QkY2N0Y5NDExMUY3NEE0NEJERkNDM0ZCNzIxRUU3OTg7cGFyZW50Z3VpZD11cm46dG9waWM6NEZBNjUwRkEwQjJGNDgzQzlEMzMyNEE1RDAyOTY4RkE</classCode><className>Hedge Funds</className></classificationItem><classificationItem score=\"91\"><classCode>N551112MM</classCode><className>HOLDING COMPANIES</className><classCode/><className/></classificationItem><classificationItem score=\"90\"><classCode>STX000984</classCode><className>JUDGES</className><classCode>Z3VpZD11cm46dG9waWM6OTg1QUIzNkIwNzk5NDQ4NzhGMDdDQjVGNEYyRjY5OTI7cGFyZW50Z3VpZD11cm46dG9waWM6NURENzJGNTEyQzM0NEREQUI2RkVCRTM4RTc1RTZBREU</classCode><className>Judges</className></classificationItem><classificationItem score=\"90\"><classCode>STX001040</classCode><className>LITIGATION</className><classCode/><className/></classificationItem><classificationItem score=\"90\"><classCode>ST000DMT1</classCode><className>PATENT COURTS</className><classCode/><className/></classificationItem><classificationItem score=\"90\"><classCode>STX001648</classCode><className>SUITS &amp; CLAIMS</className><classCode/><className/></classificationItem><classificationItem score=\"78\"><classCode>STX000369</classCode><className>CONSPIRACY</className><classCode>Z3VpZD11cm46dG9waWM6Q0FGMDkyQTE0NTI1NEUyNkE0NjUxM0E2OTBDQjQ0NUU7cGFyZW50Z3VpZD11cm46dG9waWM6NzZBMzM3QjFDOTcxNENCNzhBNTE0MzVGMzBBMzdERUY</classCode><className>Conspiracy</className></classificationItem><classificationItem score=\"78\"><classCode>N922110CC</classCode><className>LAW COURTS &amp; TRIBUNALS</className><classCode/><className/></classificationItem><classificationItem score=\"78\"><classCode>N525910GG</classCode><className>MUTUAL FUNDS</className><classCode/><className/></classificationItem><classificationItem score=\"78\"><classCode>ST0009FJK</classCode><className>NEGATIVE PERSONAL NEWS</className><classCode/><className/></classificationItem><classificationItem score=\"77\"><classCode>N523210MM</classCode><className>STOCK EXCHANGES</className><classCode>Z3VpZD11cm46dG9waWM6M0ZDMDg5MEQ3OTlGNEJCMkI0M0EyM0MwN0E1Njk1MEQ7cGFyZW50Z3VpZD11cm46dG9waWM6NDBGREFBMDgyNTQ0NERFRUI3MEUwNDBFOTM5NDExREI</classCode><className>Stock Exchanges</className></classificationItem><classificationItem score=\"77\"><classCode>ST000CZTI</classCode><className>STOCK PRICES</className><classCode/><className/></classificationItem><classificationItem score=\"72\"><classCode>ST000DLZ7</classCode><className>MARKET MANIPULATION</className><classCode/><className/></classificationItem></classification><classification classificationScheme=\"industry\"><classificationItem score=\"93\"><classCode>N525910EE</classCode><className>HEDGE FUNDS</className><classCode>Z3VpZD11cm46dG9waWM6QkY2N0Y5NDExMUY3NEE0NEJERkNDM0ZCNzIxRUU3OTg7cGFyZW50Z3VpZD11cm46dG9waWM6NEZBNjUwRkEwQjJGNDgzQzlEMzMyNEE1RDAyOTY4RkE</classCode><className>Hedge Funds</className></classificationItem><classificationItem score=\"91\"><classCode>STX001888</classCode><className>PROPERTY &amp; CASUALTY INSURANCE</className><classCode>Z3VpZD11cm46dG9waWM6Q0IxRTFGMjc4NUEzNDI4MEIzMzIxNzNDQTU4NEQwODY7cGFyZW50Z3VpZD11cm46dG9waWM6NTUxRjY2QkZCMjhBNDJENTg2QzJGQUQ1MTAyMEI5RkI</classCode><className>Property Insurance</className></classificationItem><classificationItem score=\"90\"><classCode>N520000CC</classCode><className>BANKING &amp; FINANCE</className><classCode/><className/></classificationItem><classificationItem score=\"90\"><classCode>N524000CC</classCode><className>INSURANCE</className><classCode/><className/></classificationItem><classificationItem score=\"90\"><classCode>N524291MM</classCode><className>INSURANCE CLAIMS ADJUSTING</className><classCode/><className/></classificationItem><classificationItem score=\"90\"><classCode>ST000A2VZ</classCode><classCode/><className/></classificationItem><classificationItem score=\"78\"><classCode>N525910GG</classCode><className>MUTUAL FUNDS</className><classCode/><className/></classificationItem><classificationItem score=\"77\"><classCode>N524130CC</classCode><className>REINSURANCE</className><classCode>Z3VpZD11cm46dG9waWM6NDI3MjQ3NDBDODZENDNCNUJCNzgwNzgwQTBGNDkxRTQ7cGFyZW50Z3VpZD11cm46dG9waWM6NTUxRjY2QkZCMjhBNDJENTg2QzJGQUQ1MTAyMEI5RkI</classCode><className>Reinsurance</className></classificationItem><classificationItem score=\"77\"><classCode>N523210MM</classCode><className>STOCK EXCHANGES</className><classCode>Z3VpZD11cm46dG9waWM6M0ZDMDg5MEQ3OTlGNEJCMkI0M0EyM0MwN0E1Njk1MEQ7cGFyZW50Z3VpZD11cm46dG9waWM6NDBGREFBMDgyNTQ0NERFRUI3MEUwNDBFOTM5NDExREI</classCode><className>Stock Exchanges</className></classificationItem><classificationItem score=\"77\"><classCode>ST000CZTI</classCode><className>STOCK PRICES</className><classCode/><className/></classificationItem><classificationItem score=\"72\"><classCode>ST000DLZ7</classCode><className>MARKET MANIPULATION</className><classCode/><className/></classificationItem></classification><classification classificationScheme=\"city\"><classificationItem score=\"58\"><classCode>GX060</classCode><className>TORONTO, ON, CANADA</className><classCode/><className/></classificationItem></classification><classification classificationScheme=\"state\"><classificationItem score=\"58\"><classCode>GS174</classCode><className>ONTARIO, CANADA</className><classCode/><className/></classificationItem></classification><classification classificationScheme=\"country\"><classificationItem score=\"91\"><classCode>GC339</classCode><className>CANADA</className><classCode/><className/></classificationItem></classification></classificationGroup></metadata></articleDoc></content></entry>"}