{"prediction_class": "Regulatory Breaches Tax Evasion Smuggling of goods", "prediction_score": "0.62", "name": "Fairfax Financial", "title": "Fairfax Sues Hedge Funds", "published": "2006-07-26T00:00:00Z", "updated": "2020-11-16T08:30:45Z", "cleaned_article": "[TITLE] Fairfax Sues Hedge Funds [TITLE] \n\nSteve Cohen'sSAC Capital is being sued again over allegations that the big hedge fund and other traders allegedly engaged in a scheme to manipulate and drive down the stock of Fairfax Financial(FFH:NYSE). The lawsuit by the Toronto-based insurer is similar to a stock-manipulation lawsuit filed earlier this against SAC Capital by Biovail(BVF:NYSE), a Canadian drug company. Fairfax Financial has long been a target of short-sellers, traders who profit when a stock declines. Critics contend the insurer has long boosted its earnings through the use of financial reinsurance contracts -- the kind of questionable insurance policies that landed American International Group (AIG:NYSE) in trouble with securities regulators. Financial reinsurance, sometimes called \"finite insurance,'' is a type of insurance policy that can be used by an insurer to either burnish its own corporate books or help another company accomplish the same. A copy of the Fairfax lawsuit was not immediately available. But a press release announcing the filing of the lawsuit in New Jersey state court says Fairfax is seeking \"$5 billion in damages from a number of defendants who, the complaint alleges, participated in a stock market manipulation scheme involving Fairfax shares.''", "raw_cleaned_article": "<h2>Fairfax Sues Hedge Funds</h2><p>Steve Cohen'sSAC Capital is being sued again over allegations that the big hedge fund and other traders allegedly engaged in a scheme to manipulate and drive down the stock of Fairfax Financial(FFH:NYSE). The lawsuit by the Toronto-based insurer is similar to a stock-manipulation lawsuit filed earlier this against SAC Capital by Biovail(BVF:NYSE), a Canadian drug company. <b>Fairfax Financial has long been a target of short-sellers, traders who profit when a stock declines. Critics contend the insurer has long boosted its earnings through the use of financial reinsurance contracts -- the kind of questionable insurance policies that landed American International Group (AIG:NYSE) in trouble with securities regulators.</b> Financial reinsurance, sometimes called \"finite insurance,'' is a type of insurance policy that can be used by an insurer to either burnish its own corporate books or help another company accomplish the same. A copy of the Fairfax lawsuit was not immediately available. But a press release announcing the filing of the lawsuit in New Jersey state court says Fairfax is seeking \"$5 billion in damages from a number of defendants who, the complaint alleges, participated in a stock market manipulation scheme involving Fairfax shares.''</p>", "original_content": "<entry xmlns=\"http://www.w3.org/2005/Atom\"><id>urn:contentItem:4KH2-S8G0-TXDP-S249-00000-00</id><title>Fairfax Sues Hedge Funds</title><published>2006-07-26T00:00:00Z</published><updated>2020-11-16T08:30:45Z</updated><author><name>LexisNexis</name></author><content type=\"application/xml\"><!--Transformation version 1.23--><articleDoc xmlns=\"\" xmlns:xsi=\"http://www.w3.org/2001/XMLSchema-instance\" xsi:noNamespaceSchemaLocation=\"http://www.lexisnexis.com/xmlschemas/content/public/articledoc/1/\" schemaVersion=\"1.8\" xml:lang=\"en\"><articleDocHead><itemInfo><sourceSectionInfo><positionSection>NEWS &amp; ANALYSIS</positionSection><positionSubsection>Brokerages/Wall Street</positionSubsection></sourceSectionInfo></itemInfo></articleDocHead><nitf:body xmlns:nitf=\"http://iptc.org/std/NITF/2006-10-18/\"><nitf:body.head><nitf:hedline><nitf:hl1>Fairfax Sues Hedge Funds</nitf:hl1></nitf:hedline><nitf:byline><author><person><nameText>Matthew Goldstein</nameText></person></author><nitf:byttl>Wall Street Editor</nitf:byttl></nitf:byline></nitf:body.head><nitf:body.content><bodyText><p nitf:lede=\"true\"><person><nameText>Steve Cohen's</nameText></person><person><nameText>SAC Capital </nameText></person>is being sued again over allegations that the big hedge fund and other traders allegedly engaged in a scheme to manipulate and drive down the stock of <emphasis typeStyle=\"bf\">Fairfax Financial</emphasis>(FFH:NYSE).</p><p>The lawsuit by the Toronto-based insurer is similar to a stock-manipulation lawsuit filed earlier this against <person><nameText>SAC Capital </nameText></person>by <emphasis typeStyle=\"bf\">Biovail</emphasis>(BVF:NYSE), a Canadian drug company.</p><p>Fairfax Financial has long been a target of short-sellers, traders who profit when a stock declines. Critics contend the insurer has long boosted its earnings through the use of financial reinsurance contracts -- the kind of questionable insurance policies that landed <emphasis typeStyle=\"bf\">American International Group</emphasis> (AIG:NYSE) in trouble with securities regulators.</p><p>Financial reinsurance, sometimes called \"finite insurance,'' is a type of insurance policy that can be used by an insurer to either burnish its own corporate books or help another company accomplish the same.</p><p>A copy of the Fairfax lawsuit was not immediately available. But a press release announcing the filing of the lawsuit in New Jersey state court says Fairfax is seeking \"$5 billion in damages from a number of defendants who, the complaint alleges, participated in a stock market manipulation scheme involving Fairfax shares.''</p><p>SAC says the \"the allegations are without merit and SAC will defend itself vigorously.''</p><p>Besides <person><nameText>SAC Capital, </nameText></person>the lawsuit also names other prominent hedge funds as defendants, including Lone Pine Capital, Daniel Loeb's Third Point and Rocker Partners, the New Jersey hedge fund led by David Rocker. Rocker, who has said he is retiring from the hedge fund business, used to be a major shareholder in <emphasis typeStyle=\"bf\">TheStreet.com Inc.</emphasis> (TSCM:NYSE), the publisher of this Web site. Rocker has sold at least some of his stock in TheStreet.com.</p><p>The lawsuit also names Cohen, Loeb and Rocker as individual defendants.</p><p>A spokesman for Fairfax could not be reached for comment.</p><p>Also named as a defendant in the complaint is John Gwynn, an insurance analyst with Morgan Keegan. Gwynn, a frequent Fairfax critic, has questioned the company's earnings and contends the company's debt offerings suggest it is effectively out of cash.</p><p>In the Biovail suit, the drug manufacturer alleged that <person><nameText>SAC Capital </nameText></person>and other hedge funds conspired with a group of research analysts to drive down the company's stock. The lawsuit alleges that the analysts coordinated their critical research reports with short sales placed by the hedge funds.</p><p>Shares of Fairfax closed Wednesday at $115.25, down $2.96, or 2.5%.</p></bodyText></nitf:body.content></nitf:body><metadata><dc:metadata xmlns:dc=\"http://purl.org/dc/elements/1.1/\"><dc:identifier identifierScheme=\"DOC-ID\">TSC-10299695</dc:identifier><dc:source sourceScheme=\"royaltyReportingKey\">TSC2006</dc:source><dc:identifier identifierScheme=\"PGUID\">urn:contentItem:4KH2-S8G0-TXDP-S249-00000-00</dc:identifier><dc:source sourceScheme=\"productContentSetIdentifier\">220623</dc:source><dc:date dateType=\"last-updated\">2019-06-24</dc:date></dc:metadata><wordCount number=\"419\"/><timeReceived>17:48 PM EST</timeReceived><publicationInfo><copyright>Copyright 2006 TheStreet.com, Inc. All Rights Reserved</copyright><publicationName>TheStreet.com</publicationName><publicationLogo><logo><inlineObject><locator><locatorKey><keyName name=\"object-key\"/><keyValue value=\"19301\"/></locatorKey><locatorParameters><parameter name=\"object-type\" value=\"201\"/><parameter name=\"object-smi\" value=\"LOGOS\"/><parameter name=\"componentseq\" value=\"1\"/></locatorParameters></locator></inlineObject></logo></publicationLogo><publicationDate day=\"26\" month=\"07\" year=\"2006\"><dateText>July 26, 2006 Wednesday</dateText></publicationDate><classification classificationScheme=\"publicationtype\"><classificationItem><className>Newswire</className></classificationItem></classification><classification classificationScheme=\"publicationtype\"><classificationItem><className>Web-based Publications</className></classificationItem></classification></publicationInfo><classification classificationScheme=\"language\"><classificationItem classificationScheme=\"lang.english\"><className>ENGLISH</className></classificationItem></classification><classificationGroup classificationScheme=\"indexing-terms\"><classification classificationScheme=\"company\"><classificationItem score=\"83\"><classCode>CC0001P75</classCode><className>AMERICAN INTERNATIONAL GROUP INC</className></classificationItem><classificationItem score=\"53\"><classCode>CC0002FZY</classCode><className>THESTREET INC</className></classificationItem></classification><classification classificationScheme=\"industry\"><classificationItem score=\"83\"><className>NAICS524126 DIRECT PROPERTY &amp; CASUALTY INSURANCE CARRIERS</className></classificationItem><classificationItem score=\"83\"><className>NAICS524113 DIRECT LIFE INSURANCE CARRIERS</className></classificationItem><classificationItem score=\"53\"><className>NAICS523930 INVESTMENT ADVICE</className></classificationItem><classificationItem score=\"53\"><className>SIC8999 SERVICES, NEC</className></classificationItem><classificationItem score=\"53\"><className>SIC6282 INVESTMENT ADVICE</className></classificationItem></classification><classification classificationScheme=\"ticker\"><classificationItem score=\"83\"><className>AIG (NYSE)</className></classificationItem><classificationItem score=\"83\"><className>8685 (TSE)</className></classificationItem><classificationItem score=\"53\"><className>TST (NASDAQ)</className></classificationItem></classification></classificationGroup><classificationGroup classificationScheme=\"licensor.indexing-terms\"><classification classificationScheme=\"licensor.subject\"><classificationItem><className>EQUITIES</className></classificationItem><classificationItem><className>BUSINESS</className></classificationItem><classificationItem><className>NEWS</className></classificationItem><classificationItem><className>FINANCIAL</className></classificationItem><classificationItem><className>SERVICES</className></classificationItem></classification><classification classificationScheme=\"licensor.ticker\"><classificationItem><className>BVH</className></classificationItem><classificationItem><className>FFH</className></classificationItem><classificationItem><className>AIG</className></classificationItem><classificationItem><className>BVF</className></classificationItem><classificationItem><className>TSCM</className></classificationItem></classification></classificationGroup><classificationGroup classificationScheme=\"indexing-terms\"><classification classificationScheme=\"legal\"><classificationItem><className>Insurance Law</className><classCode>Z3VpZD11cm46dG9waWM6MDM4MzQ2QUYzMTY0NDQzQTkxRDQwRUUzRUM5RDg0OEM7cGFyZW50Z3VpZD0</classCode><classificationItem score=\"88\"><className>General Overview</className><classCode>Z3VpZD11cm46dG9waWM6NURCMkIyODk4NDUwNDQ2NkE3RkQ0Qzg3RUVCOENGQUE7cGFyZW50Z3VpZD11cm46dG9waWM6QTA3MzFBREE5RDkxNEIyNkExMzYyNTkwMEI4ODA2MTQ</classCode></classificationItem></classificationItem></classification><classification classificationScheme=\"subject\"><classificationItem score=\"93\"><classCode>STX001040</classCode><className>LITIGATION</className><classCode/><className/></classificationItem><classificationItem score=\"93\"><classCode>STX001648</classCode><className>SUITS &amp; CLAIMS</className><classCode/><className/></classificationItem><classificationItem score=\"91\"><classCode>N525910EE</classCode><className>HEDGE FUNDS</className><classCode>Z3VpZD11cm46dG9waWM6QkY2N0Y5NDExMUY3NEE0NEJERkNDM0ZCNzIxRUU3OTg7cGFyZW50Z3VpZD11cm46dG9waWM6NEZBNjUwRkEwQjJGNDgzQzlEMzMyNEE1RDAyOTY4RkE</classCode><className>Hedge Funds</className></classificationItem><classificationItem score=\"90\"><classCode>ST000DN5Y</classCode><className>FINANCIAL MARKET UPDATES</className><classCode/><className/></classificationItem><classificationItem score=\"90\"><classCode>ST000DLZ7</classCode><className>MARKET MANIPULATION</className><classCode/><className/></classificationItem><classificationItem score=\"90\"><classCode>ST0009FJK</classCode><className>NEGATIVE PERSONAL NEWS</className><classCode/><className/></classificationItem><classificationItem score=\"89\"><classCode>STX000340</classCode><className>COMPANY EARNINGS</className><classCode/><className/></classificationItem><classificationItem score=\"78\"><classCode>N926150GC</classCode><className>BANKING &amp; FINANCE REGULATION</className><classCode/><className/></classificationItem><classificationItem score=\"78\"><classCode>STX000369</classCode><className>CONSPIRACY</className><classCode>Z3VpZD11cm46dG9waWM6Q0FGMDkyQTE0NTI1NEUyNkE0NjUxM0E2OTBDQjQ0NUU7cGFyZW50Z3VpZD11cm46dG9waWM6NzZBMzM3QjFDOTcxNENCNzhBNTE0MzVGMzBBMzdERUY</classCode><className>Conspiracy</className></classificationItem><classificationItem score=\"78\"><classCode>STX000442</classCode><className>DAMAGES</className><classCode>Z3VpZD11cm46dG9waWM6QzQyQ0JFRkFDNDIzNDU3RjhFMkE1N0JEOTFGNzIwQzE7cGFyZW50Z3VpZD11cm46dG9waWM6NEY5RDZFNTJBQzJGNERFQjg0MEIyMEVBRUU4NjI0RjU</classCode><className>Damages</className></classificationItem><classificationItem score=\"78\"><classCode>ST0009QS2</classCode><className>REPORTS, REVIEWS &amp; SECTIONS</className><classCode/><className/></classificationItem><classificationItem score=\"78\"><classCode>STX001976</classCode><className>SECURITIES &amp; OTHER INVESTMENTS</className><classCode/><className/></classificationItem><classificationItem score=\"78\"><classCode>N926150GM</classCode><className>SECURITIES LAW</className><classCode>Z3VpZD11cm46dG9waWM6RkFFMTQ3ODhCRDYyNDkyN0IwQkEyQzRCRDlFMEM5ODc7cGFyZW50Z3VpZD11cm46dG9waWM6MUFEMUQ2QTA1OUZCNEE5RjkzNTA2RERFMUNEOTk1RTI</classCode><className>Securities</className></classificationItem><classificationItem score=\"78\"><classCode>STX001561</classCode><className>SHAREHOLDERS</className><classCode>Z3VpZD11cm46dG9waWM6NEI2QjYxNjkwMTkzNDhFRUExNjlFRjVFRUU3NDhBQkE7cGFyZW50Z3VpZD11cm46dG9waWM6MDQ3M0RFODczN0I4NDg2RjlFRDNFMUNBODRDQTU0Q0E</classCode><className>Shareholders</className></classificationItem><classificationItem score=\"78\"><classCode>N523210MM</classCode><className>STOCK EXCHANGES</className><classCode>Z3VpZD11cm46dG9waWM6M0ZDMDg5MEQ3OTlGNEJCMkI0M0EyM0MwN0E1Njk1MEQ7cGFyZW50Z3VpZD11cm46dG9waWM6NDBGREFBMDgyNTQ0NERFRUI3MEUwNDBFOTM5NDExREI</classCode><className>Stock Exchanges</className></classificationItem><classificationItem score=\"77\"><classCode>STX000402</classCode><className>CORPORATE DEBT</className><classCode/><className/></classificationItem><classificationItem score=\"61\"><classCode>STX001477</classCode><className>RESEARCH REPORTS</className><classCode/><className/></classificationItem><classificationItem score=\"58\"><classCode>ST000DMKX</classCode><className>BUSINESS REPORTS &amp; FORECASTS</className><classCode/><className/></classificationItem><classificationItem score=\"50\"><classCode>ST000A4ER</classCode><className>CORPORATE DEBT FINANCING</className><classCode/><className/></classificationItem></classification><classification classificationScheme=\"industry\"><classificationItem score=\"95\"><classCode>N524000CC</classCode><className>INSURANCE</className><classCode/><className/></classificationItem><classificationItem score=\"95\"><classCode>ST000A2VZ</classCode><classCode/><className/></classificationItem><classificationItem score=\"91\"><classCode>N525910EE</classCode><className>HEDGE FUNDS</className><classCode>Z3VpZD11cm46dG9waWM6QkY2N0Y5NDExMUY3NEE0NEJERkNDM0ZCNzIxRUU3OTg7cGFyZW50Z3VpZD11cm46dG9waWM6NEZBNjUwRkEwQjJGNDgzQzlEMzMyNEE1RDAyOTY4RkE</classCode><className>Hedge Funds</className></classificationItem><classificationItem score=\"91\"><classCode>STX001888</classCode><className>PROPERTY &amp; CASUALTY INSURANCE</className><classCode>Z3VpZD11cm46dG9waWM6Q0IxRTFGMjc4NUEzNDI4MEIzMzIxNzNDQTU4NEQwODY7cGFyZW50Z3VpZD11cm46dG9waWM6NTUxRjY2QkZCMjhBNDJENTg2QzJGQUQ1MTAyMEI5RkI</classCode><className>Property Insurance</className></classificationItem><classificationItem score=\"90\"><classCode>ST000DN5Y</classCode><className>FINANCIAL MARKET UPDATES</className><classCode/><className/></classificationItem><classificationItem score=\"90\"><classCode>STX001033</classCode><className>LIFE INSURANCE</className><classCode>Z3VpZD11cm46dG9waWM6MzFEOTQ4RjM2RDk4NDJDNEJERDY1NjREOEVGMTRCOTA7cGFyZW50Z3VpZD11cm46dG9waWM6NTUxRjY2QkZCMjhBNDJENTg2QzJGQUQ1MTAyMEI5RkI</classCode><className>Life Insurance</className></classificationItem><classificationItem score=\"90\"><classCode>ST000DLZ7</classCode><className>MARKET MANIPULATION</className><classCode/><className/></classificationItem><classificationItem score=\"78\"><classCode>N926150GC</classCode><className>BANKING &amp; FINANCE REGULATION</className><classCode/><className/></classificationItem><classificationItem score=\"78\"><classCode>ST0009ESV</classCode><className>INSURANCE POLICIES</className><classCode/><className/></classificationItem><classificationItem score=\"78\"><classCode>STX001976</classCode><className>SECURITIES &amp; OTHER INVESTMENTS</className><classCode/><className/></classificationItem><classificationItem score=\"78\"><classCode>N926150GM</classCode><className>SECURITIES LAW</className><classCode>Z3VpZD11cm46dG9waWM6RkFFMTQ3ODhCRDYyNDkyN0IwQkEyQzRCRDlFMEM5ODc7cGFyZW50Z3VpZD11cm46dG9waWM6MUFEMUQ2QTA1OUZCNEE5RjkzNTA2RERFMUNEOTk1RTI</classCode><className>Securities</className></classificationItem><classificationItem score=\"78\"><classCode>N523210MM</classCode><className>STOCK EXCHANGES</className><classCode>Z3VpZD11cm46dG9waWM6M0ZDMDg5MEQ3OTlGNEJCMkI0M0EyM0MwN0E1Njk1MEQ7cGFyZW50Z3VpZD11cm46dG9waWM6NDBGREFBMDgyNTQ0NERFRUI3MEUwNDBFOTM5NDExREI</classCode><className>Stock Exchanges</className></classificationItem><classificationItem score=\"77\"><classCode>N524130CC</classCode><className>REINSURANCE</className><classCode>Z3VpZD11cm46dG9waWM6NDI3MjQ3NDBDODZENDNCNUJCNzgwNzgwQTBGNDkxRTQ7cGFyZW50Z3VpZD11cm46dG9waWM6NTUxRjY2QkZCMjhBNDJENTg2QzJGQUQ1MTAyMEI5RkI</classCode><className>Reinsurance</className></classificationItem><classificationItem score=\"76\"><classCode>STX001323</classCode><className>PHARMACEUTICALS INDUSTRY</className><classCode/><className/></classificationItem><classificationItem score=\"75\"><classCode>N524130KM</classCode><className>FINANCIAL REINSURANCE</className><classCode/><className/></classificationItem><classificationItem score=\"73\"><classCode>STX002014</classCode><className>MANUFACTURING</className><classCode/><className/></classificationItem><classificationItem score=\"50\"><classCode>ST000A4ER</classCode><className>CORPORATE DEBT FINANCING</className><classCode/><className/></classificationItem></classification><classification classificationScheme=\"person\"><classificationItem score=\"79\"><classCode>PE000A6J8</classCode><className>STEVEN A COHEN</className><classCode/><className/></classificationItem><classificationItem score=\"59\"><classCode>PE000A24O</classCode><className>STEVE COHEN</className><classCode/><className/></classificationItem></classification><classification classificationScheme=\"city\"><classificationItem score=\"58\"><classCode>GX060</classCode><className>TORONTO, ON, CANADA</className><classCode/><className/></classificationItem></classification><classification classificationScheme=\"state\"><classificationItem score=\"70\"><classCode>GS146</classCode><className>NEW JERSEY, USA</className><classCode/><className/></classificationItem><classificationItem score=\"58\"><classCode>GS174</classCode><className>ONTARIO, CANADA</className><classCode/><className/></classificationItem></classification><classification classificationScheme=\"country\"><classificationItem score=\"92\"><classCode>GC343</classCode><className>UNITED STATES</className><classCode/><className/></classificationItem><classificationItem score=\"79\"><classCode>GC339</classCode><className>CANADA</className><classCode/><className/></classificationItem></classification></classificationGroup></metadata></articleDoc></content></entry>"}