{"prediction_class": "Regulatory Breaches Tax Evasion Smuggling of goods", "prediction_score": "0.86", "name": "Fairfax Financial", "title": "SEC Issues Administrative Ruling on Robert A. Ramsey, CPA", "published": "2015-01-21T00:00:00Z", "updated": "2020-11-16T08:30:45Z", "cleaned_article": "[TITLE] SEC Issues Administrative Ruling on Robert A. Ramsey, CPA [TITLE] \n\nIn anticipation of the institution of these proceedings, Respondent has submitted an Offer of Settlement (the \"Offer\") which the Commission has determined to accept. Solely for the purpose of these proceedings and any other proceedings brought by or on behalf of the Commission, or to which the Commission is a party, and without admitting or denying the findings herein, except as to the Commission's jurisdiction over him and the subject matter of these proceedings, which are admitted, and except as provided herein in Section V, Respondent consents to the entry of this Order Instituting Administrative and Cease-and-Desist Proceedings, Making Findings, and Imposing Remedial Sanctions and a Cease-and-Desist Order (\"Order\"), as set forth below. On the basis of this Order and Respondent's Offer, the Commission finds1 that: 1. These proceedings involve insider trading by Respondent in the securities of American Safety Insurance Holdings, Ltd. (\"ASI\") in advance of the June 3, 2013 announcement that Fairfax Financial Holdings Ltd. (\"Fairfax Financial\") had agreed to acquire ASI. 2. In the months prior to the June 3, 2013 announcement, Respondent misappropriated information about the sale of ASI from his friend and client Individual A, a senior ASI executive. Individual A provided Respondent with information in confidence about the possible sale in the course of seeking tax advice from Respondent. Respondent then traded on the basis of the information. After the announcement, Respondent sold his ASI shares for profits over $130,000. 3. By virtue of his conduct, Respondent violated Section 10(b) of the Exchange Act and Rule 10b-5 thereunder.", "raw_cleaned_article": "<h2>SEC Issues Administrative Ruling on Robert A. Ramsey, CPA</h2><p>In anticipation of the institution of these proceedings, Respondent has submitted an Offer of Settlement (the \"Offer\") which the Commission has determined to accept. Solely for the purpose of these proceedings and any other proceedings brought by or on behalf of the Commission, or to which the Commission is a party, and without admitting or denying the findings herein, except as to the Commission's jurisdiction over him and the subject matter of these proceedings, which are admitted, and except as provided herein in Section V, Respondent consents to the entry of this Order Instituting Administrative and Cease-and-Desist Proceedings, Making Findings, and Imposing Remedial Sanctions and a Cease-and-Desist Order (\"Order\"), as set forth below. On the basis of this Order and Respondent's Offer, the Commission finds1 that: <b>1. These proceedings involve insider trading by Respondent in the securities of American Safety Insurance Holdings, Ltd. (\"ASI\") in advance of the June 3, 2013 announcement that Fairfax Financial Holdings Ltd. (\"Fairfax Financial\") had agreed to acquire ASI.</b> 2. In the months prior to the June 3, 2013 announcement, Respondent misappropriated information about the sale of ASI from his friend and client Individual A, a senior ASI executive. Individual A provided Respondent with information in confidence about the possible sale in the course of seeking tax advice from Respondent. Respondent then traded on the basis of the information. After the announcement, Respondent sold his ASI shares for profits over $130,000. 3. By virtue of his conduct, Respondent violated Section 10(b) of the Exchange Act and Rule 10b-5 thereunder.</p>", "original_content": "<entry xmlns=\"http://www.w3.org/2005/Atom\"><id>urn:contentItem:5F4C-NR11-JC11-14V1-00000-00</id><title>SEC Issues Administrative Ruling on Robert A. Ramsey, CPA</title><published>2015-01-21T00:00:00Z</published><updated>2020-11-16T08:30:45Z</updated><author><name>LexisNexis</name></author><content type=\"application/xml\"><!--Transformation version 1.23--><articleDoc xmlns=\"\" xmlns:xsi=\"http://www.w3.org/2001/XMLSchema-instance\" xsi:noNamespaceSchemaLocation=\"http://www.lexisnexis.com/xmlschemas/content/public/articledoc/1/\" schemaVersion=\"1.8\" xml:lang=\"en\"><articleDocHead><itemInfo/></articleDocHead><nitf:body xmlns:nitf=\"http://iptc.org/std/NITF/2006-10-18/\"><nitf:body.head><nitf:hedline><nitf:hl1>SEC Issues Administrative Ruling on Robert A. Ramsey, CPA</nitf:hl1></nitf:hedline><nitf:byline><author><person><nameText>Targeted News Service</nameText></person></author></nitf:byline><nitf:dateline><location>WASHINGTON</location></nitf:dateline></nitf:body.head><nitf:body.content><bodyText><p nitf:lede=\"true\">The Securities &amp; Exchange Commission issued the following administrative proceeding:</p><p nitf:lede=\"true\">In the Matter of</p><p nitf:lede=\"true\">ROBERT A. RAMSEY, CPA</p><p nitf:lede=\"true\">Respondent.</p><p nitf:lede=\"true\">ORDER INSTITUTING CEASE-AND-DESIST PROCEEDINGS PURSUANT TO SECTION 21C OF THE SECURITIES EXCHANGE ACT OF 1934, MAKING FINDINGS, AND IMPOSING REMEDIAL SANCTIONS AND A CEASE-AND-DESIST ORDER</p><p nitf:lede=\"true\">I.</p><p nitf:lede=\"true\">The Securities and Exchange Commission (\"Commission\") deems it appropriate that cease- and-desist proceedings be, and hereby are, instituted pursuant to Section 21C of the Securities Exchange Act of 1934 (\"Exchange Act\") against Robert A. Ramsey (\"Respondent\" ).</p><p>II.</p><p>In anticipation of the institution of these proceedings, Respondent has submitted an Offer of Settlement (the \"Offer\") which the Commission has determined to accept. Solely for the purpose of these proceedings and any other proceedings brought by or on behalf of the Commission, or to which the Commission is a party, and without admitting or denying the findings herein, except as to the Commission's jurisdiction over him and the subject matter of these proceedings, which are admitted, and except as provided herein in Section V, Respondent consents to the entry of this Order Instituting Administrative and Cease-and-Desist Proceedings, Making Findings, and Imposing Remedial Sanctions and a Cease-and-Desist Order (\"Order\"), as set forth below.</p><p>III.</p><p>On the basis of this Order and Respondent's Offer, the Commission finds1 that:</p><p>Summary</p><p>1. These proceedings involve insider trading by Respondent in the securities of American Safety Insurance Holdings, Ltd. (\"ASI\") in advance of the June 3, 2013 announcement that Fairfax Financial Holdings Ltd. (\"Fairfax Financial\") had agreed to acquire ASI.</p><p>2. In the months prior to the June 3, 2013 announcement, Respondent misappropriated information about the sale of ASI from his friend and client Individual A, a senior ASI executive. Individual A provided Respondent with information in confidence about the possible sale in the course of seeking tax advice from Respondent. Respondent then traded on the basis of the information. After the announcement, Respondent sold his ASI shares for profits over $130,000.</p><p>3. By virtue of his conduct, Respondent violated Section 10(b) of the Exchange Act and Rule 10b-5 thereunder.</p><p>Respondent</p><p>4. Robert A. Ramsey, CPA, age 50, resides in Centerville, Indiana. He is a self- employed accountant, licensed in Indiana. He is a friend of and was the personal tax accountant to Individual A, a senior ASI executive.</p><p>Other Relevant Entity and Person</p><p>5. ASI was headquartered in Hamilton, Bermuda and Atlanta, Georgia. Its common stock was registered with the Commission pursuant to Section 12(b) of the Exchange Act and traded on the New York Stock Exchange, until ASI was acquired by Fairfax Financial pursuant an agreement announced on June 3, 2013.</p><p>6. Individual A, age 51, resides in Marietta, Georgia. He was a senior ASI executive.</p><p>Facts</p><p>7. On September 28, 2012, Individual A told Respondent in confidence that ASI was exploring a possible sale and retained Respondent to evaluate Individual A's personal tax liability in the event of a sale. Individual A told Respondent to assume for this analysis that ASI would be sold for $28 to $30 per share. At the time, ASI was trading below $19 per share. Respondent understood as Individual A's accountant and friend that the information he received from Individual A was confidential.</p><p>8. On the basis of material nonpublic information he misappropriated from Individual A, Respondent began acquiring ASI shares in October 2012 and continued to acquire shares through the following May. At one point, he opened a new brokerage account. Prior to the sale of his ASI shares, he only purchased shares of ASI in that account. He acquired a total of 18,650 shares. Respondent also told a friend to buy ASI shares.</p><p>9. On June 3, 2013, ASI announced that it had entered into an agreement with Fairfax Financial to be acquired for $29.25 per share. After the announcement, the closing price was $28.91, an increase of $4.95 or 21% from the prior days' closing price. Respondent sold his ASI shares after the announcement for a profit of over $130,000.</p><p>10. As a result of the conduct described above, Respondent violated Section 10(b) of the Exchange Act and Rule 10b-5.</p><p>IV.</p><p>In view of the foregoing, the Commission deems it appropriate, in the public interest to impose the sanctions agreed to in Respondent Respondent's Offer.</p><p>Accordingly, pursuant to Sections 21C of the Exchange Act, it is hereby ORDERED that:</p><p>A. Respondent shall cease and desist from committing or causing any violations and any future violations of Section 10(b) of the Exchange Act and Rule 10b-5 thereunder.</p><p>B. Respondent shall, within 30 days of the entry of this Order, pay disgorgement of $130,176 and prejudgment interest of $5,974 to the Securities and Exchange Commission for transfer to the general fund of the United States Treasury in accordance with Exchange Act Section 21F(g)(3). If timely payment is not made, additional interest shall accrue pursuant to SEC Rule of Practice 600.</p><p>C. Respondent shall, within 30 days of the entry of this Order, pay a civil money penalty in the amount of $130,176 to the Securities and Exchange Commission for transfer to the general fund of United States Treasury in accordance with Exchange Act Section 21F(g)(3). If timely payment is not made, additional interest shall accrue pursuant to 31 U.S.C. section3717. Payment must be made in one of the following ways:</p><p>(1) Respondent may transmit payment electronically to the Commission, which will provide detailed ACH transfer/Fedwire instructions upon request;</p><p>(2) Respondent may make direct payment from a bank account via Pay.gov through the SEC website at <url normalizedValue=\"http://www.sec.gov/about/offices/ofm.htm;\">http://www.sec.gov/about/offices/ofm.htm;</url> or</p><p>(3) Respondent may pay by certified check, bank cashier's check, or United States postal money order, made payable to the Securities and Exchange Commission and hand-delivered or mailed to:</p><p>Enterprise Services Center</p><p>Accounts Receivable Branch</p><p>HQ Bldg., Room 181, AMZ-341</p><p>6500 South MacArthur Boulevard</p><p>Oklahoma City, OK 73169</p><p>Payments by check or money order must be accompanied by a cover letter identifying Robert A. Ramsey as Respondent in these proceedings, and the file number of these proceedings; a copy of the cover letter and check or money order must be sent to Stephen L. Cohen, Associate Director, Division of Enforcement, Securities and Exchange Commission, 100 F St., NE, Washington, DC 20549-5553.</p><p>V.</p><p>It is further Ordered that, solely for purposes of exceptions to discharge set forth in Section 523 of the Bankruptcy Code, 11 U.S.C. section523, the findings in this Order are true and admitted by Respondent, and further, any debt for disgorgement, prejudgment interest, civil penalty or other amounts due by Respondent under this Order or any other judgment, order, consent order, decree or settlement agreement entered in connection with this proceeding, is a debt for the violation by Respondent of the federal securities laws or any regulation or order issued under such laws, as set forth in Section 523(a)(19) of the Bankruptcy Code, 11 U.S.C. section523(a)(19).</p><p>By the Commission.</p><p>Brent J. Fields</p><p>Secretary</p><p>This document has footnote and may be found at the following URL: (<url normalizedValue=\"http://www.sec.gov/litigation/admin/2015/34-74108.pdf\">http://www.sec.gov/litigation/admin/2015/34-74108.pdf</url>)</p><p>Copyright Targeted News Services</p><p>TNS 24KuanRap-150122 30FurigayJof-4999326 30FurigayJof</p></bodyText></nitf:body.content></nitf:body><metadata><dc:metadata xmlns:dc=\"http://purl.org/dc/elements/1.1/\"><dc:identifier identifierScheme=\"DOC-ID\">TNS-PR4999326</dc:identifier><dc:source sourceScheme=\"royaltyReportingKey\">TARGET2015</dc:source><dc:identifier identifierScheme=\"PGUID\">urn:contentItem:5F4C-NR11-JC11-14V1-00000-00</dc:identifier><dc:source sourceScheme=\"productContentSetIdentifier\">299219</dc:source><dc:date dateType=\"last-updated\">2015-04-27</dc:date></dc:metadata><wordCount number=\"1232\"/><timeReceived>8:30 PM  EST</timeReceived><publicationInfo><copyright>Copyright 2015 Targeted News Service LLC All Rights Reserved</copyright><publicationName>Targeted News Service</publicationName><publicationDate day=\"21\" month=\"01\" year=\"2015\"><dateText>January 21, 2015 Wednesday</dateText></publicationDate><classification classificationScheme=\"publicationtype\"><classificationItem><className>Newswire</className></classificationItem></classification><classification classificationScheme=\"publicationtype\"><classificationItem><className>Newswires &amp; Press Releases</className></classificationItem></classification></publicationInfo><classification classificationScheme=\"language\"><classificationItem classificationScheme=\"lang.english\"><className>ENGLISH</className></classificationItem></classification><classificationGroup classificationScheme=\"indexing-terms\"><classification classificationScheme=\"company\"><classificationItem score=\"82\"><classCode>CC0002Q1U</classCode><className>FAIRFAX FINANCIAL HOLDINGS LTD</className></classificationItem><classificationItem score=\"66\"><classCode>CC0003J5V</classCode><className>AMERICAN SAFETY INSURANCE HOLDINGS LTD</className></classificationItem><classificationItem score=\"50\"><classCode>CC0009SWF</classCode><className>NEW YORK STOCK EXCHANGE LLC</className></classificationItem></classification><classification classificationScheme=\"organization\"><classificationItem score=\"94\"><className>SECURITIES &amp; EXCHANGE COMMISSION</className></classificationItem></classification><classification classificationScheme=\"ticker\"><classificationItem score=\"82\"><className>FFH (TSX)</className></classificationItem></classification></classificationGroup><classificationGroup classificationScheme=\"indexing-terms\"><classification classificationScheme=\"legal\"><classificationItem><className>Business &amp; Corporate Compliance</className><classCode>Z3VpZD11cm46dG9waWM6MUFEMUQ2QTA1OUZCNEE5RjkzNTA2RERFMUNEOTk1RTI7cGFyZW50Z3VpZD0</classCode><classificationItem score=\"50\"><className>Hearings &amp; Orders</className><classCode>Z3VpZD11cm46dG9waWM6RDEwRjJGMDM2NjA2NDMzQUI0QkVFNUUyMUFBQTgyNjA7cGFyZW50Z3VpZD11cm46dG9waWM6MzlBNTNBNEI4RTVCNDY4OEFFMDM4MzVGQkU3QTk5N0U</classCode></classificationItem></classificationItem><classificationItem><className>Securities Law</className><classCode>Z3VpZD11cm46dG9waWM6RkFFMTQ3ODhCRDYyNDkyN0IwQkEyQzRCRDlFMEM5ODc7cGFyZW50Z3VpZD0</classCode><classificationItem score=\"57\"><className>Administration &amp; Establishment</className><classCode>Z3VpZD11cm46dG9waWM6NzQzRUE1RjlGNkRENDQ1Nzk5RTU4RDhDRkI4ODg3OTE7cGFyZW50Z3VpZD11cm46dG9waWM6NTIwNDgzMTY4QzQ5NDYzOEE0Njg0ODk0QzZBNEZFNUM</classCode></classificationItem><classificationItem score=\"89\"><className>Arbitrary &amp; Capricious Review</className><classCode>Z3VpZD11cm46dG9waWM6NDJCQTQyNTA1RkU4NDUzMzlENTBGMDQ3RURDMjk1MDA7cGFyZW50Z3VpZD11cm46dG9waWM6Mzc3NTc4NDQ2Mjk5NEM0QkFERjJFODc2MzhFQzY4MDk</classCode></classificationItem><classificationItem score=\"78\"><className>General Overview</className><classCode>Z3VpZD11cm46dG9waWM6Q0QyMUU5RUQ3QjRENEJEMDgxQjY4MTZFOEM5NTU4Qzg7cGFyZW50Z3VpZD11cm46dG9waWM6RUIzQjA3MTA3NDFENDVGNkIzNjVEM0IwNDNDMTkxOEQ</classCode></classificationItem><classificationItem score=\"50\"><className>General Overview</className><classCode>Z3VpZD11cm46dG9waWM6Mjg0MTE1QzIwODg2NDA3ODgzNUQxMUU4MzRGODZFRjA7cGFyZW50Z3VpZD11cm46dG9waWM6NTIwNDgzMTY4QzQ5NDYzOEE0Njg0ODk0QzZBNEZFNUM</classCode></classificationItem><classificationItem score=\"50\"><className>Hearings &amp; Orders</className><classCode>Z3VpZD11cm46dG9waWM6RDEwRjJGMDM2NjA2NDMzQUI0QkVFNUUyMUFBQTgyNjA7cGFyZW50Z3VpZD11cm46dG9waWM6MzlBNTNBNEI4RTVCNDY4OEFFMDM4MzVGQkU3QTk5N0U</classCode></classificationItem><classificationItem score=\"50\"><className>Penalties &amp; Unlawful Representations</className><classCode>Z3VpZD11cm46dG9waWM6MzM2NTkzRjYwRjZBNDMzQThEN0E0OTA0Q0M5OERBQUE7cGFyZW50Z3VpZD11cm46dG9waWM6NTIwNDgzMTY4QzQ5NDYzOEE0Njg0ODk0QzZBNEZFNUM</classCode></classificationItem><classificationItem score=\"53\"><className>Prejudgment Interest</className><classCode>Z3VpZD11cm46dG9waWM6RTEzNDBGNkMxMTNCNDE4M0FGMDNBNjZDNzU5RjgyNTc7cGFyZW50Z3VpZD11cm46dG9waWM6NkZBM0YyRjM0M0UwNDlEOTlCOTAxMzk3MUYxMDYzQkQ</classCode></classificationItem><classificationItem score=\"50\"><className>Suspension of Trading</className><classCode>Z3VpZD11cm46dG9waWM6QjFCRERDMzBDMzcwNDlBNEE0MDYzRkM5N0U1QzdBMEU7cGFyZW50Z3VpZD11cm46dG9waWM6RDRENUQ3RUY0MkRCNDJERTg5RDFBQjBCRUFGMzVCRDM</classCode></classificationItem><classificationItem score=\"70\"><className>Transaction Fees</className><classCode>Z3VpZD11cm46dG9waWM6MDg4RkExNjkxMDU5NDU1Q0FGRjY3RTREMEYwREVGMTE7cGFyZW50Z3VpZD11cm46dG9waWM6NTIwNDgzMTY4QzQ5NDYzOEE0Njg0ODk0QzZBNEZFNUM</classCode></classificationItem></classificationItem></classification><classification classificationScheme=\"subject\"><classificationItem score=\"92\"><classCode>ST000DLJ4</classCode><className>CEASE &amp; DESIST ORDERS</className><classCode/><className/></classificationItem><classificationItem score=\"92\"><classCode>N926150GM</classCode><className>SECURITIES LAW</className><classCode>Z3VpZD11cm46dG9waWM6RkFFMTQ3ODhCRDYyNDkyN0IwQkEyQzRCRDlFMEM5ODc7cGFyZW50Z3VpZD11cm46dG9waWM6MUFEMUQ2QTA1OUZCNEE5RjkzNTA2RERFMUNEOTk1RTI</classCode><className>Securities</className></classificationItem><classificationItem score=\"90\"><classCode>N926150GC</classCode><className>BANKING &amp; FINANCE REGULATION</className><classCode/><className/></classificationItem><classificationItem score=\"90\"><classCode>STX000020</classCode><className>ADMINISTRATIVE PROCEDURE</className><classCode/><className/></classificationItem><classificationItem score=\"90\"><classCode>ST0009SMZ</classCode><className>US SECURITIES EXCHANGE ACT OF 1934</className><classCode>Z3VpZD11cm46dG9waWM6RUIzQjA3MTA3NDFENDVGNkIzNjVEM0IwNDNDMTkxOEQ7cGFyZW50Z3VpZD11cm46dG9waWM6RkFFMTQ3ODhCRDYyNDkyN0IwQkEyQzRCRDlFMEM5ODc</classCode><className>Postoffering &amp; Secondary Distributions</className></classificationItem><classificationItem score=\"89\"><classCode>STX001674</classCode><className>TAX CONSULTING</className><classCode/><className/></classificationItem><classificationItem score=\"88\"><classCode>N551112MM</classCode><className>HOLDING COMPANIES</className><classCode/><className/></classificationItem><classificationItem score=\"78\"><classCode>ST000D1BY</classCode><className>EXECUTIVES</className><classCode/><className/></classificationItem><classificationItem score=\"78\"><classCode>STX000924</classCode><className>INSIDER TRADING</className><classCode>Z3VpZD11cm46dG9waWM6OEI5MDhDNzIzREUxNDczRjkyNDlDQUQ0NTY4REJBNzU7cGFyZW50Z3VpZD11cm46dG9waWM6QzI0MUY3RDMxMTg0NDQxNzlGRTk4NTEzM0IyNDhFODQ</classCode><className>Insider Trading</className></classificationItem><classificationItem score=\"78\"><classCode>ST000DH0Q</classCode><className>AGREEMENTS</className><classCode/><className/></classificationItem><classificationItem score=\"78\"><classCode>STX000988</classCode><className>JURISDICTION</className><classCode/><className/></classificationItem><classificationItem score=\"69\"><classCode>STX001688</classCode><className>TAXES &amp; TAXATION</className><classCode/><className/></classificationItem><classificationItem score=\"62\"><classCode>STX001148</classCode><className>MISAPPROPRIATION</className><classCode/><className/></classificationItem></classification><classification classificationScheme=\"industry\"><classificationItem score=\"92\"><classCode>N926150GM</classCode><className>SECURITIES LAW</className><classCode>Z3VpZD11cm46dG9waWM6RkFFMTQ3ODhCRDYyNDkyN0IwQkEyQzRCRDlFMEM5ODc7cGFyZW50Z3VpZD11cm46dG9waWM6MUFEMUQ2QTA1OUZCNEE5RjkzNTA2RERFMUNEOTk1RTI</classCode><className>Securities</className></classificationItem><classificationItem score=\"90\"><classCode>N926150GC</classCode><className>BANKING &amp; FINANCE REGULATION</className><classCode/><className/></classificationItem><classificationItem score=\"90\"><classCode>ST0009SMZ</classCode><className>US SECURITIES EXCHANGE ACT OF 1934</className><classCode>Z3VpZD11cm46dG9waWM6RUIzQjA3MTA3NDFENDVGNkIzNjVEM0IwNDNDMTkxOEQ7cGFyZW50Z3VpZD11cm46dG9waWM6RkFFMTQ3ODhCRDYyNDkyN0IwQkEyQzRCRDlFMEM5ODc</classCode><className>Postoffering &amp; Secondary Distributions</className></classificationItem><classificationItem score=\"89\"><classCode>STX001674</classCode><className>TAX CONSULTING</className><classCode/><className/></classificationItem><classificationItem score=\"89\"><classCode>N541211GM</classCode><className>ACCOUNTING</className><classCode/><className/></classificationItem><classificationItem score=\"78\"><classCode>N523210MM</classCode><className>STOCK EXCHANGES</className><classCode>Z3VpZD11cm46dG9waWM6M0ZDMDg5MEQ3OTlGNEJCMkI0M0EyM0MwN0E1Njk1MEQ7cGFyZW50Z3VpZD11cm46dG9waWM6NDBGREFBMDgyNTQ0NERFRUI3MEUwNDBFOTM5NDExREI</classCode><className>Stock Exchanges</className></classificationItem><classificationItem score=\"78\"><classCode>STX000336</classCode><className>COMMON STOCK</className><classCode/><className/></classificationItem><classificationItem score=\"78\"><classCode>STX000924</classCode><className>INSIDER TRADING</className><classCode>Z3VpZD11cm46dG9waWM6OEI5MDhDNzIzREUxNDczRjkyNDlDQUQ0NTY4REJBNzU7cGFyZW50Z3VpZD11cm46dG9waWM6QzI0MUY3RDMxMTg0NDQxNzlGRTk4NTEzM0IyNDhFODQ</classCode><className>Insider Trading</className></classificationItem></classification><classification classificationScheme=\"city\"><classificationItem score=\"73\"><classCode>GX555</classCode><className>ATLANTA, GA, USA</className><classCode/><className/></classificationItem><classificationItem score=\"50\"><classCode>GX030</classCode><className>HAMILTON, BERMUDA</className><classCode/><className/></classificationItem></classification><classification classificationScheme=\"state\"><classificationItem score=\"68\"><classCode>GS126</classCode><className>GEORGIA, USA</className><classCode/><className/></classificationItem><classificationItem score=\"66\"><classCode>GS130</classCode><className>INDIANA, USA</className><classCode/><className/></classificationItem></classification><classification classificationScheme=\"country\"><classificationItem score=\"50\"><classCode>GC518</classCode><className>BERMUDA</className><classCode/><className/></classificationItem></classification></classificationGroup></metadata></articleDoc></content></entry>"}