{"prediction_class": "Regulatory Breaches Tax Evasion Smuggling of goods", "prediction_score": "0.85", "name": "Fairfax Financial", "title": "Wolf Haldenstein Adler Freeman & Herz LLP Continues Its Investigation and Class Action Lawsuit on Behalf of Investors in Fairfax Financial Holdings, Ltd. Debt Securities -- FFH", "published": "2006-05-09T00:00:00Z", "updated": "2020-11-16T08:26:57Z", "cleaned_article": "[TITLE] Wolf Haldenstein Adler Freeman & Herz LLP Continues Its Investigation and Class Action Lawsuit on Behalf of Investors in Fairfax Financial Holdings, Ltd. Debt Securities -- FFH [TITLE] \n\nNEW YORK, May 9, 2006 (PRIMEZONE) -- Wolf Haldenstein Adler Freeman & Herz LLPfiled the first class action following extensive research and investigation in the United States District Court, Southern District of New York, on behalf of all persons who purchased the debt securities (defined below) of Fairfax Financial Holdings, Ltd. (\"Fairfax\" or the \"Company\") (NYSE:FFH) or (TSX:FFH) between March 24, 2004 and March 21, 2006, inclusive (the \"Class Period\"), against defendants Fairfax and V. Prem Watsa, the Company's Chairman and CEO, alleging violations under the Securities Exchange Act of 1934 (the \"Exchange Act\"), 15 U.S.C. Section 78j(b) and 78t(a) and Rule 10b-5, promulgated thereunder, 17 C.F.R. Section 240.10b-5 (the \"Class\").   The debt securities at issue in this Complaint are:  7.75% notes maturing 04/26/12 (\"7.75% Notes\");  8.25% notes maturing 10/01/15;  6.875% notes maturing 4/15/08;  8.3% notes maturing 4/15/26; and  7.375% notes maturing 4/15/18 The Complaint also alleges claims on behalf of a sub-class of Class members who also suffered damages upon purchasing the 7.75% Notes pursuant to or traceable to the Company's August 24, 2004 prospectus (\"Prospectus\") filed by Fairfax with the SEC on August 25, 2004 to effectuate a $95 million aggregate principal amount debt flotation (the \"Sub-Class\"). [...] \n\nOn March 31, 2006, Fairfax filed its delayed annual report on Form 40-F. The annual report stated that the Company would not have to restate prior period's earnings even though Odyssey would restate the period ended September 30, 2005 due to an additional contract that needed adjustment. As a result of the dissemination of the false and misleading statements set forth above, the market price of Fairfax securities, including its publicly traded debt, was artificially inflated during the Class Period. In ignorance of the false and misleading nature of the statements described above, and the deceptive and manipulative devices and contrivances employed by said defendants, plaintiffs and the other members of the Class relied, to their detriment, on the integrity of the market price of the stock in purchasing Fairfax securities. Had plaintiffs and the other members of the Class known the truth, they would not have purchased said shares, or would not have purchased them at the inflated prices that were paid. The case name is styled Parks v. Fairfax Financial Holdings, Ltd., et al., 06 cv 2820. A copy of the complaint filed in this action is available from the Court, or can be viewed on the Wolf Haldenstein Adler Freeman & Herz LLPwebsite at www.whafh.com. If you purchased Fairfax's debt securities during the Class Period or the 7 3/4% Notes pursuant to the Prospectus, you may request that the Court appoint you as lead plaintiff by June 12, 2006. A lead plaintiff is a representative party that acts on behalf of other class members in directing the litigation. In order to be appointed lead plaintiff, the Court must determine that the class member's claim is typical of the claims of other class members, and that the class member will adequately represent the class. Under certain circumstances, one or more class members may together serve as \"lead plaintiff.\" Your ability to share in any recovery is not, however, affected by the decision whether or not to serve as a lead plaintiff. You may retain Wolf Haldenstein, or other counsel of your choice, to serve as your counsel in this action.", "raw_cleaned_article": "<h2>Wolf Haldenstein Adler Freeman & Herz LLP Continues Its Investigation and Class Action Lawsuit on Behalf of Investors in Fairfax Financial Holdings, Ltd. Debt Securities -- FFH</h2><p><b>NEW YORK, May 9, 2006 (PRIMEZONE) -- Wolf Haldenstein Adler Freeman & Herz LLPfiled the first class action following extensive research and investigation in the United States District Court, Southern District of New York, on behalf of all persons who purchased the debt securities (defined below) of Fairfax Financial Holdings, Ltd. (\"Fairfax\" or the \"Company\") (NYSE:FFH) or (TSX:FFH) between March 24, 2004 and March 21, 2006, inclusive (the \"Class Period\"), against defendants Fairfax and V. Prem Watsa, the Company's Chairman and CEO, alleging violations under the Securities Exchange Act of 1934 (the \"Exchange Act\"), 15 U.S.C. Section 78j(b) and 78t(a) and Rule 10b-5, promulgated thereunder, 17 C.F.R. Section 240.10b-5 (the \"Class\").</b>   The debt securities at issue in this Complaint are:  7.75% notes maturing 04/26/12 (\"7.75% Notes\");  8.25% notes maturing 10/01/15;  6.875% notes maturing 4/15/08;  8.3% notes maturing 4/15/26; and  7.375% notes maturing 4/15/18 The Complaint also alleges claims on behalf of a sub-class of Class members who also suffered damages upon purchasing the 7.75% Notes pursuant to or traceable to the Company's August 24, 2004 prospectus (\"Prospectus\") filed by Fairfax with the SEC on August 25, 2004 to effectuate a $95 million aggregate principal amount debt flotation (the \"Sub-Class\").</p><p>[...]</p><p>On March 31, 2006, Fairfax filed its delayed annual report on Form 40-F. The annual report stated that the Company would not have to restate prior period's earnings even though Odyssey would restate the period ended September 30, 2005 due to an additional contract that needed adjustment. As a result of the dissemination of the false and misleading statements set forth above, the market price of Fairfax securities, including its publicly traded debt, was artificially inflated during the Class Period. In ignorance of the false and misleading nature of the statements described above, and the deceptive and manipulative devices and contrivances employed by said defendants, plaintiffs and the other members of the Class relied, to their detriment, on the integrity of the market price of the stock in purchasing Fairfax securities. Had plaintiffs and the other members of the Class known the truth, they would not have purchased said shares, or would not have purchased them at the inflated prices that were paid. <b>The case name is styled Parks v. Fairfax Financial Holdings, Ltd., et al., 06 cv 2820. A copy of the complaint filed in this action is available from the Court, or can be viewed on the Wolf Haldenstein Adler Freeman & Herz LLPwebsite at www.whafh.com.</b> If you purchased Fairfax's debt securities during the Class Period or the 7 3/4% Notes pursuant to the Prospectus, you may request that the Court appoint you as lead plaintiff by June 12, 2006. A lead plaintiff is a representative party that acts on behalf of other class members in directing the litigation. In order to be appointed lead plaintiff, the Court must determine that the class member's claim is typical of the claims of other class members, and that the class member will adequately represent the class. Under certain circumstances, one or more class members may together serve as \"lead plaintiff.\" Your ability to share in any recovery is not, however, affected by the decision whether or not to serve as a lead plaintiff. You may retain Wolf Haldenstein, or other counsel of your choice, to serve as your counsel in this action.</p>", "original_content": "<entry xmlns=\"http://www.w3.org/2005/Atom\"><id>urn:contentItem:4JXF-4H30-TWD1-P1TN-00000-00</id><title>Wolf Haldenstein Adler Freeman &amp; Herz LLP Continues Its Investigation and Class Action Lawsuit on Behalf of Investors in Fairfax Financial Holdings, Ltd. Debt Securities -- FFH</title><published>2006-05-09T00:00:00Z</published><updated>2020-11-16T08:26:57Z</updated><author><name>LexisNexis</name></author><content type=\"application/xml\"><!--Transformation version 1.23--><articleDoc xmlns=\"\" xmlns:xsi=\"http://www.w3.org/2001/XMLSchema-instance\" xsi:noNamespaceSchemaLocation=\"http://www.lexisnexis.com/xmlschemas/content/public/articledoc/1/\" schemaVersion=\"1.8\" xml:lang=\"en\"><articleDocHead><itemInfo><sourceSectionInfo><positionSection>LAW &amp; LEGAL ISSUES</positionSection></sourceSectionInfo></itemInfo></articleDocHead><nitf:body xmlns:nitf=\"http://iptc.org/std/NITF/2006-10-18/\"><nitf:body.head><nitf:hedline><nitf:hl1>Wolf Haldenstein Adler Freeman &amp; Herz LLPContinues Its Investigation and Class Action Lawsuit on Behalf of Investors in Fairfax Financial Holdings, Ltd. Debt Securities -- FFH</nitf:hl1></nitf:hedline></nitf:body.head><nitf:body.content><bodyText><p nitf:lede=\"true\">NEW YORK, May 9, 2006 (PRIMEZONE) -- Wolf Haldenstein Adler Freeman &amp; Herz LLPfiled the first class action following extensive research and investigation in the United States District Court, Southern District of New York, on behalf of all persons who purchased the debt securities (defined below) of Fairfax Financial Holdings, Ltd. (\"Fairfax\" or the \"Company\") (NYSE:FFH) or (TSX:FFH) between March 24, 2004 and March 21, 2006, inclusive (the \"Class Period\"), against defendants Fairfax and V. Prem Watsa, the Company's Chairman and CEO, alleging violations under the Securities Exchange Act of 1934 (the \"Exchange Act\"), 15 U.S.C. Section 78j(b) and 78t(a) and Rule 10b-5, promulgated thereunder, 17 C.F.R. Section 240.10b-5 (the \"Class\").</p><p nitf:lede=\"true\"><pre xml:space=\"preserve\"><br/><br/><br/>  The debt securities at issue in this Complaint are:<br/>  7.75% notes maturing 04/26/12 (\"7.75% Notes\");<br/>  8.25% notes maturing 10/01/15;<br/>  6.875% notes maturing 4/15/08;<br/>  8.3% notes maturing 4/15/26; and<br/>  7.375% notes maturing 4/15/18<br/></pre></p><p>The Complaint also alleges claims on behalf of a sub-class of Class members who also suffered damages upon purchasing the 7.75% Notes pursuant to or traceable to the Company's August 24, 2004 prospectus (\"Prospectus\") filed by Fairfax with the SEC on August 25, 2004 to effectuate a $95 million aggregate principal amount debt flotation (the \"Sub-Class\").</p><p>The Complaint alleges that statements in the Prospectus omitted material information including, inter alia, (1) failure to detail the Company's increasing liquidity problems; (2) failure to detail second quarter 2004 transactions between Odyssey and Fairfax and to explain that the arrangements were structured to avoid a liquidity squeeze at Fairfax that would have occurred during the quarter; (3) failure to detail Fairfax's exposure stemming from the need to collateralize run-off business; (4) failure to detail the Company's reserves and whether they were adequate to address the Company's growing run-off operations; (5) failure to detail the Company's growing exposure to finite reinsurance agreements within the overall organization; and (6) failure to detail Fairfax's highly leveraged balance sheet and further omissions concerning the Company's equity position. The claims brought with respect to the Prospectus seek to pursue remedies under the Securities Act of 1933 (the \"Securities Act\") 15 U.S.C. Section 77k and 77l.</p><p>Defendants, with respect to the claims brought under the Securities Act are Mr. Watsa, the Company, and Trevor Ambridge, the Company's CFO and Vice President (Principal Financial Officer), M. Jane Williamson, the Company's Vice President (Principal Accounting Officer), Anthony F. Griffiths, a Director of the Company, Robbert Hartog, a Director of the Company, Bradley P. Martin, Vice President and Corporate Secretary to the Company, and Banc of America Securities LLC, the underwriter of the Company's 7.75% Notes.</p><p>The Complaint's Exchange Act averments allege that defendants Watsa and the Company violated the federal securities laws by issuing materially false and misleading statements throughout the Class Period that had the effect of artificially inflating the market price of the Company's debt securities.</p><p>During the Class Period, the Complaint alleges the Company and Mr. Watsa engaged in conduct designed to omit material information from the public concerning Fairfax's exposure to nontraditional insurance and reinsurance agreements entered into by the Company and its numerous subsidiaries and affiliates, including, but not limited to, Odyssey Re Holdings Corp. (\"Odyssey\").</p><p>The Company's Class Period financial statements also failed to disclose that Fairfax's current reserve accounts and those maintained by its subsidiaries and affiliates were similarly understated. Further, the Company misrepresented its exposure to the risks associated with Odyssey's finite reinsurance contracts and that the Company's run-off operations required material restructuring and additions to reserves.</p><p>On March 22, 2006, Fairfax announced that U.S. securities regulators issued subpoenas to third parties (including the Company's independent auditor and a shareholder) in an ongoing probe into certain financial transactions, including nontraditional insurance or reinsurance product transactions. While it was widely known that the SEC was investigating the U.S. reinsurance industry, this was the first time that the depth of the investigation was disclosed. The Company's debt securities declined following this disclosure.</p><p>On March 31, 2006, Fairfax filed its delayed annual report on Form 40-F. The annual report stated that the Company would not have to restate prior period's earnings even though Odyssey would restate the period ended September 30, 2005 due to an additional contract that needed adjustment.</p><p>As a result of the dissemination of the false and misleading statements set forth above, the market price of Fairfax securities, including its publicly traded debt, was artificially inflated during the Class Period. In ignorance of the false and misleading nature of the statements described above, and the deceptive and manipulative devices and contrivances employed by said defendants, plaintiffs and the other members of the Class relied, to their detriment, on the integrity of the market price of the stock in purchasing Fairfax securities. Had plaintiffs and the other members of the Class known the truth, they would not have purchased said shares, or would not have purchased them at the inflated prices that were paid.</p><p>The case name is styled Parks v. Fairfax Financial Holdings, Ltd., et al., 06 cv 2820. A copy of the complaint filed in this action is available from the Court, or can be viewed on the Wolf Haldenstein Adler Freeman &amp; Herz LLPwebsite at <url normalizedValue=\"http://www.whafh.com\">www.whafh.com</url>.</p><p>If you purchased Fairfax's debt securities during the Class Period or the 7 3/4% Notes pursuant to the Prospectus, you may request that the Court appoint you as lead plaintiff by June 12, 2006.</p><p>A lead plaintiff is a representative party that acts on behalf of other class members in directing the litigation. In order to be appointed lead plaintiff, the Court must determine that the class member's claim is typical of the claims of other class members, and that the class member will adequately represent the class. Under certain circumstances, one or more class members may together serve as \"lead plaintiff.\" Your ability to share in any recovery is not, however, affected by the decision whether or not to serve as a lead plaintiff. You may retain Wolf Haldenstein, or other counsel of your choice, to serve as your counsel in this action.</p><p>Wolf Haldenstein has extensive experience in the prosecution of securities class actions and derivative litigation in state and federal trial and appellate courts across the country. The firm has approximately 60 attorneys in various practice areas; and offices in Chicago, New York City, San Diego, and West Palm Beach. The reputation and expertise of this firm in shareholder and other class litigation has been repeatedly recognized by the courts, which have appointed it to major positions in complex securities multi-district and consolidated litigation.</p><p>If you wish to discuss this action or have any questions, please contact Wolf Haldenstein Adler Freeman &amp; Herz LLPat 270 Madison Avenue, New York, New York 10016, by telephone at (800) 575-0735 (Gregory M. Nespole, Esq.), via e-mail at <email normalizedValue=\"mailto:Nespole@whafh.com\">Nespole@whafh.com</email>, <email normalizedValue=\"mailto:classmember@whafh.com\">classmember@whafh.com</email> or visit our website at <url normalizedValue=\"http://www.whafh.com\">www.whafh.com</url>. All e-mail correspondence should make reference to Fairfax.</p><p>More information on this and other class actions can be found on the Class Action Newsline at <url normalizedValue=\"http://www.primezone.com/ca\">www.primezone.com/ca</url>.</p></bodyText></nitf:body.content><nitf:body.end><contact><bodyText><p><br/><br/><pre xml:space=\"preserve\"><br/>CONTACT:   Wolf Haldenstein Adler Freeman &amp; Herz LLP <br/>           Gregory M. Nespole, Esq.<br/>           (800) 575-0735 <br/>           <email normalizedValue=\"mailto:Nespole@whafh.com\">Nespole@whafh.com</email><br/>           <email normalizedValue=\"mailto:classmember@whafh.com\">classmember@whafh.com</email> <br/>           <url normalizedValue=\"http://www.whafh.com\">www.whafh.com</url><br/></pre></p></bodyText></contact></nitf:body.end></nitf:body><metadata><dc:metadata xmlns:dc=\"http://purl.org/dc/elements/1.1/\"><dc:identifier identifierScheme=\"DOC-ID\">PRIZNE-98813</dc:identifier><dc:source sourceScheme=\"royaltyReportingKey\">PRIZNE2006</dc:source><dc:identifier identifierScheme=\"PGUID\">urn:contentItem:4JXF-4H30-TWD1-P1TN-00000-00</dc:identifier><dc:source sourceScheme=\"productContentSetIdentifier\">222091</dc:source><dc:date dateType=\"last-updated\">2015-04-20</dc:date></dc:metadata><wordCount number=\"1307\"/><timeReceived>11:45 AM PT</timeReceived><publicationInfo><copyright>Copyright 2006 PrimeZone Media Network, Inc.</copyright><publicationName>PrimeZone Media Network</publicationName><publicationDate day=\"09\" month=\"05\" year=\"2006\"><dateText>May 9, 2006 Tuesday</dateText></publicationDate><classification classificationScheme=\"publicationtype\"><classificationItem><className>Newswire</className></classificationItem></classification><classification classificationScheme=\"publicationtype\"><classificationItem><className>Newswires &amp; Press Releases</className></classificationItem></classification></publicationInfo><classification classificationScheme=\"language\"><classificationItem classificationScheme=\"lang.english\"><className>ENGLISH</className></classificationItem></classification><classificationGroup classificationScheme=\"indexing-terms\"><classification classificationScheme=\"company\"><classificationItem score=\"95\"><classCode>CC000C34G</classCode><className>WOLF HALDENSTEIN ADLER FREEMAN &amp; HERZ LLP</className></classificationItem><classificationItem score=\"94\"><classCode>CC0002Q1U</classCode><className>FAIRFAX FINANCIAL HOLDINGS LTD</className></classificationItem></classification><classification classificationScheme=\"ticker\"><classificationItem score=\"94\"><className>FFH (TSX)</className></classificationItem></classification></classificationGroup><classificationGroup classificationScheme=\"licensor.indexing-terms\"><classification classificationScheme=\"licensor.company\"><classificationItem><className>WOLF HALDENSTEIN ADLER FREEMAN &amp; HERZ LLP</className></classificationItem></classification><classification classificationScheme=\"licensor.subject\"><classificationItem><className>CLASS ACTION LAWSUITS</className></classificationItem></classification><classification classificationScheme=\"licensor.ticker\"><classificationItem><className>FFH</className><className>(NYSE)</className></classificationItem></classification><classification classificationScheme=\"licensor.company-terms\"><classificationItem><className>Wolf Haldenstein Adler Freeman &amp; Herz LLP</className><className>FFH</className><className>(NYSE)</className><className>New York</className><className>NY</className><className>US</className></classificationItem></classification></classificationGroup><classificationGroup classificationScheme=\"indexing-terms\"><classification classificationScheme=\"legal\"><classificationItem><className>Civil Procedure</className><classCode>Z3VpZD11cm46dG9waWM6MzUxNjJDMEQ5N0YwNDMzM0JDMjEzM0UzOTYzMzI3OTU7cGFyZW50Z3VpZD0</classCode><classificationItem score=\"50\"><className>Named Members</className><classCode>Z3VpZD11cm46dG9waWM6RkM5QjVGMkZDRDJENEZCMzk0RTdFRjNBOTRGNDcwN0Q7cGFyZW50Z3VpZD11cm46dG9waWM6QkMzODdFMkRCRkQwNENENzhCODI4MTE3MkE5ODg0REQ</classCode></classificationItem></classificationItem><classificationItem><className>Insurance Law</className><classCode>Z3VpZD11cm46dG9waWM6MDM4MzQ2QUYzMTY0NDQzQTkxRDQwRUUzRUM5RDg0OEM7cGFyZW50Z3VpZD0</classCode><classificationItem score=\"66\"><className>Disclosure Obligations</className><classCode>Z3VpZD11cm46dG9waWM6RjA2NDFCMkQxMDA5NDNDQUIyOUQyQTY0MTQ4OTE4MjI7cGFyZW50Z3VpZD11cm46dG9waWM6NDI3MjQ3NDBDODZENDNCNUJCNzgwNzgwQTBGNDkxRTQ</classCode></classificationItem></classificationItem><classificationItem><className>Securities Law</className><classCode>Z3VpZD11cm46dG9waWM6RkFFMTQ3ODhCRDYyNDkyN0IwQkEyQzRCRDlFMEM5ODc7cGFyZW50Z3VpZD0</classCode><classificationItem score=\"65\"><className>Class Actions</className><classCode>Z3VpZD11cm46dG9waWM6MTE2NjQ1MkIzOEJENDI5RDg5RUExRjY2Mjc5NUQyMDY7cGFyZW50Z3VpZD11cm46dG9waWM6QjMxRDFBMTgwMDFFNEFBQTlCNTgzMTY0MzY4QkU4QUQ</classCode></classificationItem><classificationItem score=\"60\"><className>General Overview</className><classCode>Z3VpZD11cm46dG9waWM6Q0QyMUU5RUQ3QjRENEJEMDgxQjY4MTZFOEM5NTU4Qzg7cGFyZW50Z3VpZD11cm46dG9waWM6RUIzQjA3MTA3NDFENDVGNkIzNjVEM0IwNDNDMTkxOEQ</classCode></classificationItem><classificationItem score=\"50\"><className>General Overview</className><classCode>Z3VpZD11cm46dG9waWM6N0JDM0FFQzgwQTI0NDNDQTlENEI2RUQzMUYyQ0NDNDM7cGFyZW50Z3VpZD11cm46dG9waWM6MTcwQ0M0MTgzQThENEU1NUFCMkZFQjExNzgwQzU1NEU</classCode></classificationItem><classificationItem score=\"50\"><className>Participation</className><classCode>Z3VpZD11cm46dG9waWM6NTc1NUIyRkYwQzlENDFCM0E1QjhFMEE5NDUzMTg2OEM7cGFyZW50Z3VpZD11cm46dG9waWM6OTg0MUQ1QzkxMzVGNEI5MkExQkNBQjg1REU4NkU0NUU</classCode></classificationItem></classificationItem></classification><classification classificationScheme=\"subject\"><classificationItem score=\"90\"><classCode>STX000304</classCode><className>CLASS ACTIONS</className><classCode>Z3VpZD11cm46dG9waWM6Mjk5M0Q3OEY2NkE3NDIwQzg4MDk1NUUxQUI5Nzc5NTU7cGFyZW50Z3VpZD11cm46dG9waWM6MDc3RDI0Njg5OEU2NEM5NzkxRUU2MjBEMDMyRkQ3Mzk</classCode><className>Class Actions</className></classificationItem><classificationItem score=\"90\"><classCode>STX001648</classCode><className>SUITS &amp; CLAIMS</className><classCode/><className/></classificationItem><classificationItem score=\"90\"><classCode>STX000969</classCode><className>INVESTIGATIONS</className><classCode/><className/></classificationItem><classificationItem score=\"89\"><classCode>N926150GC</classCode><className>BANKING &amp; FINANCE REGULATION</className><classCode/><className/></classificationItem><classificationItem score=\"89\"><classCode>N926150GM</classCode><className>SECURITIES LAW</className><classCode>Z3VpZD11cm46dG9waWM6RkFFMTQ3ODhCRDYyNDkyN0IwQkEyQzRCRDlFMEM5ODc7cGFyZW50Z3VpZD11cm46dG9waWM6MUFEMUQ2QTA1OUZCNEE5RjkzNTA2RERFMUNEOTk1RTI</classCode><className>Securities</className></classificationItem><classificationItem score=\"78\"><classCode>STX001040</classCode><className>LITIGATION</className><classCode/><className/></classificationItem><classificationItem score=\"77\"><classCode>ST0009SMZ</classCode><className>US SECURITIES EXCHANGE ACT OF 1934</className><classCode>Z3VpZD11cm46dG9waWM6RUIzQjA3MTA3NDFENDVGNkIzNjVEM0IwNDNDMTkxOEQ7cGFyZW50Z3VpZD11cm46dG9waWM6RkFFMTQ3ODhCRDYyNDkyN0IwQkEyQzRCRDlFMEM5ODc</classCode><className>Postoffering &amp; Secondary Distributions</className></classificationItem><classificationItem score=\"76\"><classCode>N551112MM</classCode><className>HOLDING COMPANIES</className><classCode/><className/></classificationItem><classificationItem score=\"72\"><classCode>ST0009SMD</classCode><className>US SECURITIES ACT OF 1933</className><classCode>Z3VpZD11cm46dG9waWM6NjRFNjIwMDZBQ0FBNDdBRkFGRTMxMkE0RUNGMEVEMkQ7cGFyZW50Z3VpZD11cm46dG9waWM6RkFFMTQ3ODhCRDYyNDkyN0IwQkEyQzRCRDlFMEM5ODc</classCode><className>Initial Offerings of Securities</className></classificationItem><classificationItem score=\"55\"><classCode>ST000D1BY</classCode><className>EXECUTIVES</className><classCode/><className/></classificationItem></classification><classification classificationScheme=\"industry\"><classificationItem score=\"90\"><classCode>STX001983</classCode><className>DEBT NOTES</className><classCode/><className/></classificationItem><classificationItem score=\"89\"><classCode>N926150GC</classCode><className>BANKING &amp; FINANCE REGULATION</className><classCode/><className/></classificationItem><classificationItem score=\"89\"><classCode>N926150GM</classCode><className>SECURITIES LAW</className><classCode>Z3VpZD11cm46dG9waWM6RkFFMTQ3ODhCRDYyNDkyN0IwQkEyQzRCRDlFMEM5ODc7cGFyZW50Z3VpZD11cm46dG9waWM6MUFEMUQ2QTA1OUZCNEE5RjkzNTA2RERFMUNEOTk1RTI</classCode><className>Securities</className></classificationItem><classificationItem score=\"77\"><classCode>STX001632</classCode><className>STOCK OFFERINGS</className><classCode/><className/></classificationItem><classificationItem score=\"77\"><classCode>STX001209</classCode><className>NEW ISSUES</className><classCode/><className/></classificationItem><classificationItem score=\"77\"><classCode>ST0009SMZ</classCode><className>US SECURITIES EXCHANGE ACT OF 1934</className><classCode>Z3VpZD11cm46dG9waWM6RUIzQjA3MTA3NDFENDVGNkIzNjVEM0IwNDNDMTkxOEQ7cGFyZW50Z3VpZD11cm46dG9waWM6RkFFMTQ3ODhCRDYyNDkyN0IwQkEyQzRCRDlFMEM5ODc</classCode><className>Postoffering &amp; Secondary Distributions</className></classificationItem><classificationItem score=\"72\"><classCode>ST0009SMD</classCode><className>US SECURITIES ACT OF 1933</className><classCode>Z3VpZD11cm46dG9waWM6NjRFNjIwMDZBQ0FBNDdBRkFGRTMxMkE0RUNGMEVEMkQ7cGFyZW50Z3VpZD11cm46dG9waWM6RkFFMTQ3ODhCRDYyNDkyN0IwQkEyQzRCRDlFMEM5ODc</classCode><className>Initial Offerings of Securities</className></classificationItem><classificationItem score=\"50\"><classCode>N524130KM</classCode><className>FINANCIAL REINSURANCE</className><classCode/><className/></classificationItem></classification><classification classificationScheme=\"state\"><classificationItem score=\"90\"><classCode>GS148</classCode><className>NEW YORK, USA</className><classCode/><className/></classificationItem></classification><classification classificationScheme=\"country\"><classificationItem score=\"79\"><classCode>GC343</classCode><className>UNITED STATES</className><classCode/><className/></classificationItem></classification></classificationGroup></metadata></articleDoc></content></entry>"}