{"prediction_class": "Regulatory Breaches Tax Evasion Smuggling of goods", "prediction_score": "0.95", "name": "Fairfax Financial", "title": "The Briscoe Law Firm and Powers Taylor Announce Investigation of Fairfax Financial Holdings Limited.", "published": "2011-07-28T00:00:00Z", "updated": "2020-11-16T08:30:45Z", "cleaned_article": "[TITLE] The Briscoe Law Firm and Powers Taylor Announce Investigation of Fairfax Financial Holdings Limited. [TITLE] \n\nByline: Benzinga Staff DALLAS--(BUSINESS WIRE)-- Former United States Securities and Exchange Commission attorney Willie Briscoe, founder of The Briscoe Law Firm, PLLC, and the securities litigation firm of Powers Taylor, LLPannounce that a federal class action lawsuit has been filed against Fairfax Financial Holdings Limited(\"Fairfax Financial\" or \"FFH\") (NYSE:FFH). The firms are investigating additional potential legal claims against the officers and Board of Directors of Fairfax Financial during the period of May 21, 2003 through March 22, 2006 (the \"Class Period\"). If you are an affected investor, and you want to learn more about the lawsuit or join the action, contact Patrick Powers at Powers Taylor, LLP, toll free (877) 728-9607, via e-mail at patrick@powerstaylor.com, or Willie Briscoe at The Briscoe Law Firm, PLLCtoll free (877)397-5991, or via email at WBriscoe@TheBriscoeLawFirm.com There is no cost or fee to you.It has been alleged that during the Class Period, Fairfax Financial and certain of its officers and directors made materially false andmisleading statements or failed to disclose material information related to the company's business and operations in violation of the Securities Exchange Act of 1934. Specifically, the lawsuit alleges that Fairfax Financial/FFH defrauded investors by inflating the value of its assets and concealing its lack of liquidity. This was allegedly accomplished by accounting for loans as a type of reinsurance contract.Among other things, it is alleged that the defendants have: (i) failed to employ adequate risk transfer tests to determine if reinsurancecontracts qualified for \"reinsurance\" rather than \"deposit\" accounting; (ii) maintained ineffective controls while assuring investors that the company's controls were effective; (iii) used privately held foreign assets domiciled in jurisdictions with lax oversight to permit the company to manipulate its investment income; (iv) failed to properly account for losses in companies that should have been consolidated with Fairfax Financial; (v) improperly accounted for intercompany transactions; and (vi) used \"investments\" to funnel money to cash strapped subsidiaries. The Briscoe Law Firmis a full service business litigation, commercial transaction, and public advocacy firm with more than 20 years ofexperience in complex litigation and transactional matters. Powers Taylor, LLPis a boutique litigation law firm that handles a variety of complex business litigation matters, including claims ofinvestor and stockholder fraud, shareholder oppression, shareholder derivative suits, and security class actions.", "raw_cleaned_article": "<h2>The Briscoe Law Firm and Powers Taylor Announce Investigation of Fairfax Financial Holdings Limited.</h2><p>Byline: Benzinga Staff DALLAS--(BUSINESS WIRE)-- <b>Former United States Securities and Exchange Commission attorney Willie Briscoe, founder of The Briscoe Law Firm, PLLC, and the securities litigation firm of Powers Taylor, LLPannounce that a federal class action lawsuit has been filed against Fairfax Financial Holdings Limited(\"Fairfax Financial\" or \"FFH\") (NYSE:FFH). The firms are investigating additional potential legal claims against the officers and Board of Directors of Fairfax Financial during the period of May 21, 2003 through March 22, 2006 (the \"Class Period\").</b> If you are an affected investor, and you want to learn more about the lawsuit or join the action, contact Patrick Powers at Powers Taylor, LLP, toll free (877) 728-9607, via e-mail at patrick@powerstaylor.com, or Willie Briscoe at The Briscoe Law Firm, PLLCtoll free (877)397-5991, or via email at WBriscoe@TheBriscoeLawFirm.com There is no cost or fee to you.</p><p>[...]</p><p>Byline: Benzinga Staff <b>It has been alleged that during the Class Period, Fairfax Financial and certain of its officers and directors made materially false andmisleading statements or failed to disclose material information related to the company's business and operations in violation of the Securities Exchange Act of 1934. Specifically, the lawsuit alleges that Fairfax Financial/FFH defrauded investors by inflating the value of its assets and concealing its lack of liquidity. This was allegedly accomplished by accounting for loans as a type of reinsurance contract.Among other things, it is alleged that the defendants have: (i) failed to employ adequate risk transfer tests to determine if reinsurancecontracts qualified for \"reinsurance\" rather than \"deposit\" accounting; (ii) maintained ineffective controls while assuring investors that the company's controls were effective; (iii) used privately held foreign assets domiciled in jurisdictions with lax oversight to permit the company to manipulate its investment income; (iv) failed to properly account for losses in companies that should have been consolidated with Fairfax Financial; (v) improperly accounted for intercompany transactions; and (vi) used \"investments\" to funnel money to cash strapped subsidiaries.</b> The Briscoe Law Firmis a full service business litigation, commercial transaction, and public advocacy firm with more than 20 years ofexperience in complex litigation and transactional matters. Powers Taylor, LLPis a boutique litigation law firm that handles a variety of complex business litigation matters, including claims ofinvestor and stockholder fraud, shareholder oppression, shareholder derivative suits, and security class actions.</p>", "original_content": "<entry xmlns=\"http://www.w3.org/2005/Atom\"><id>urn:contentItem:53F4-RKN1-DYTM-9092-00000-00</id><title>The Briscoe Law Firm and Powers Taylor Announce Investigation of Fairfax Financial Holdings Limited.</title><published>2011-07-28T00:00:00Z</published><updated>2020-11-16T08:30:45Z</updated><author><name>LexisNexis</name></author><content type=\"application/xml\"><!--Transformation version 1.23--><articleDoc xmlns=\"\" xmlns:xsi=\"http://www.w3.org/2001/XMLSchema-instance\" xsi:noNamespaceSchemaLocation=\"http://www.lexisnexis.com/xmlschemas/content/public/articledoc/1/\" schemaVersion=\"1.8\" xml:lang=\"en\"><articleDocHead><itemInfo/></articleDocHead><nitf:body xmlns:nitf=\"http://iptc.org/std/NITF/2006-10-18/\"><nitf:body.head><nitf:hedline><nitf:hl1>The Briscoe Law Firmand Powers Taylor Announce Investigation of Fairfax Financial Holdings Limited.</nitf:hl1></nitf:hedline></nitf:body.head><nitf:body.content><bodyText><p nitf:lede=\"true\">Byline: Benzinga Staff</p><p nitf:lede=\"true\">DALLAS--(BUSINESS WIRE)--</p><p nitf:lede=\"true\">Former United States Securities and Exchange Commission attorney Willie Briscoe, founder of The Briscoe Law Firm, PLLC, and the securities litigation firm of Powers Taylor, LLPannounce that a federal class action lawsuit has been filed against Fairfax Financial Holdings Limited(\"Fairfax Financial\" or \"FFH\") (NYSE:FFH). The firms are investigating additional potential legal claims against the officers and Board of Directors of Fairfax Financial during the period of May 21, 2003 through March 22, 2006 (the \"Class Period\").</p><p>If you are an affected investor, and you want to learn more about the lawsuit or join the action, contact Patrick Powers at Powers Taylor, LLP, toll free (877) 728-9607, via e-mail at <email normalizedValue=\"mailto:patrick@powerstaylor.com\">patrick@powerstaylor.com</email>, or Willie Briscoe at The Briscoe Law Firm, PLLCtoll free (877)397-5991, or via email at <email normalizedValue=\"mailto:WBriscoe@TheBriscoeLawFirm.com\">WBriscoe@TheBriscoeLawFirm.com</email> There is no cost or fee to you.</p><p>It has been alleged that during the Class Period, Fairfax Financial and certain of its officers and directors made materially false andmisleading statements or failed to disclose material information related to the company's business and operations in violation of the Securities Exchange Act of 1934. Specifically, the lawsuit alleges that Fairfax Financial/FFH defrauded investors by inflating the value of its assets and concealing its lack of liquidity. This was allegedly accomplished by accounting for loans as a type of reinsurance contract.Among other things, it is alleged that the defendants have: (i) failed to employ adequate risk transfer tests to determine if reinsurancecontracts qualified for \"reinsurance\" rather than \"deposit\" accounting; (ii) maintained ineffective controls while assuring investors that the company's controls were effective; (iii) used privately held foreign assets domiciled in jurisdictions with lax oversight to permit the company to manipulate its investment income; (iv) failed to properly account for losses in companies that should have been consolidated with Fairfax Financial; (v) improperly accounted for intercompany transactions; and (vi) used \"investments\" to funnel money to cash strapped subsidiaries.</p><p>The Briscoe Law Firmis a full service business litigation, commercial transaction, and public advocacy firm with more than 20 years ofexperience in complex litigation and transactional matters.</p><p>Powers Taylor, LLPis a boutique litigation law firm that handles a variety of complex business litigation matters, including claims ofinvestor and stockholder fraud, shareholder oppression, shareholder derivative suits, and security class actions.</p><p>Powers Taylor, LLP</p><p>Patrick Powers, 877-728-9607</p><p><email normalizedValue=\"mailto:patrick@powerstaylor.com\">patrick@powerstaylor.com</email></p><p>or</p><p>The Briscoe Law Firm, PLLC</p><p>Willie Briscoe, 877-397-5991</p><p><email normalizedValue=\"mailto:WBriscoe@TheBriscoeLawFirm.com\">WBriscoe@TheBriscoeLawFirm.com</email></p></bodyText></nitf:body.content></nitf:body><metadata><dc:metadata xmlns:dc=\"http://purl.org/dc/elements/1.1/\"><dc:identifier identifierScheme=\"DOC-ID\">ASAPII-</dc:identifier><dc:source sourceScheme=\"royaltyReportingKey\">ASAP 262704639</dc:source><dc:identifier identifierScheme=\"PGUID\">urn:contentItem:53F4-RKN1-DYTM-9092-00000-00</dc:identifier><dc:source sourceScheme=\"productContentSetIdentifier\">140610</dc:source><dc:date dateType=\"last-updated\">2020-03-31</dc:date></dc:metadata><wordCount number=\"464\"/><publicationInfo><copyright>Copyright 2011 Gale Group, Inc.<br/>All Rights Reserved</copyright><copyright>Copyright 2011 Accretive Capital LLC dba Benzinga.com</copyright><publicationName>Benzinga.com</publicationName><aggregationName>ASAP</aggregationName><publicationDate day=\"28\" month=\"07\" year=\"2011\"><dateText>July 28, 2011</dateText></publicationDate><classification classificationScheme=\"publicationtype\"><classificationItem><className>Newswire</className></classificationItem></classification><classification classificationScheme=\"publicationtype\"><classificationItem><className>Aggregate News Sources</className></classificationItem></classification></publicationInfo><classification classificationScheme=\"language\"><classificationItem classificationScheme=\"lang.english\"><className>ENGLISH</className></classificationItem></classification><classificationGroup classificationScheme=\"indexing-terms\"><classification classificationScheme=\"company\"><classificationItem score=\"96\"><classCode>CC000AJ7T</classCode><className>POWERS TAYLOR LLP</className></classificationItem><classificationItem score=\"96\"><classCode>CC0002Q1U</classCode><className>FAIRFAX FINANCIAL HOLDINGS LTD</className></classificationItem><classificationItem score=\"96\"><classCode>CC000CPAG</classCode><className>BRISCOE LAW FIRM PLLC</className></classificationItem></classification><classification classificationScheme=\"organization\"><classificationItem score=\"84\"><className>SECURITIES &amp; EXCHANGE COMMISSION</className></classificationItem></classification><classification classificationScheme=\"industry\"><classificationItem score=\"96\"><className>NAICS541110 OFFICES OF LAWYERS</className></classificationItem><classificationItem score=\"96\"><className>SIC8111 LEGAL SERVICES</className></classificationItem><classificationItem score=\"96\"><className>NAICS524291 CLAIMS ADJUSTING</className></classificationItem><classificationItem score=\"96\"><className>NAICS524130 REINSURANCE CARRIERS</className></classificationItem><classificationItem score=\"96\"><className>NAICS524126 DIRECT PROPERTY &amp; CASUALTY INSURANCE CARRIERS</className></classificationItem></classification><classification classificationScheme=\"ticker\"><classificationItem score=\"96\"><className>FFH (TSX)</className></classificationItem></classification></classificationGroup><classificationGroup classificationScheme=\"licensor.indexing-terms\"><classification classificationScheme=\"licensor.company\"><classificationItem><className>Fairfax Financial Holdings Ltd. Investigations</className></classificationItem></classification><classification classificationScheme=\"licensor.country\"><classificationItem><className>Canada</className></classificationItem></classification><classification classificationScheme=\"licensor.industry\"><classificationItem><className>BUS Business, general</className></classificationItem><classificationItem><className>SIC: 8111 Legal services</className></classificationItem></classification><classification classificationScheme=\"licensor.subject\"><classificationItem><className>Trade</className></classificationItem><classificationItem><className>Law firms Investigations</className></classificationItem></classification><classification classificationScheme=\"licensor.general-terms\"><classificationItem><className>EVENT: Investigations</className></classificationItem></classification></classificationGroup><classificationGroup classificationScheme=\"indexing-terms\"><classification classificationScheme=\"legal\"><classificationItem><className>Securities Law</className><classCode>Z3VpZD11cm46dG9waWM6RkFFMTQ3ODhCRDYyNDkyN0IwQkEyQzRCRDlFMEM5ODc7cGFyZW50Z3VpZD0</classCode><classificationItem score=\"50\"><className>Directors &amp; Officers</className><classCode>Z3VpZD11cm46dG9waWM6M0U3NzMxNDg3REE5NDFGQkJFMUM2MUFENDcwQzlDRUE7cGFyZW50Z3VpZD11cm46dG9waWM6NjUxQTc4OEJBM0M1NENBMzlCNkFFRUQ3N0ZBRUYwMTQ</classCode></classificationItem><classificationItem score=\"50\"><className>General Overview</className><classCode>Z3VpZD11cm46dG9waWM6Q0QyMUU5RUQ3QjRENEJEMDgxQjY4MTZFOEM5NTU4Qzg7cGFyZW50Z3VpZD11cm46dG9waWM6RUIzQjA3MTA3NDFENDVGNkIzNjVEM0IwNDNDMTkxOEQ</classCode></classificationItem><classificationItem score=\"50\"><className>General Overview</className><classCode>Z3VpZD11cm46dG9waWM6RjFFRjUwQzMzNjVBNDI4Mjk0QTk1Rjg2QzY3MzJBMjI7cGFyZW50Z3VpZD11cm46dG9waWM6MDQ2QjczQUU0QjIwNDg0NUJFM0RFRjg0NkQ2NTk5Mjk</classCode></classificationItem><classificationItem score=\"50\"><className>General Overview</className><classCode>Z3VpZD11cm46dG9waWM6Mjc3RDQyMzJGQTk4NEQzNUFBOUZFNjJCOEI5QTA4QzE7cGFyZW50Z3VpZD11cm46dG9waWM6NDdERUI3MDIyOTIwNDVGMjgzM0IyMUQ5MUYwMkJCRDE</classCode></classificationItem><classificationItem score=\"50\"><className>Investigative Authority</className><classCode>Z3VpZD11cm46dG9waWM6MjczNjRERkYxNTU2NDNCNjkzMTgwQkY0NEQxQTZFNUM7cGFyZW50Z3VpZD11cm46dG9waWM6NDdERUI3MDIyOTIwNDVGMjgzM0IyMUQ5MUYwMkJCRDE</classCode></classificationItem></classificationItem></classification><classification classificationScheme=\"subject\"><classificationItem score=\"94\"><classCode>N541110GM</classCode><className>LAWYERS</className><classCode/><className/></classificationItem><classificationItem score=\"92\"><classCode>STX000969</classCode><className>INVESTIGATIONS</className><classCode/><className/></classificationItem><classificationItem score=\"92\"><classCode>STX001040</classCode><className>LITIGATION</className><classCode/><className/></classificationItem><classificationItem score=\"92\"><classCode>STX001648</classCode><className>SUITS &amp; CLAIMS</className><classCode/><className/></classificationItem><classificationItem score=\"91\"><classCode>N551112MM</classCode><className>HOLDING COMPANIES</className><classCode/><className/></classificationItem><classificationItem score=\"90\"><classCode>ST000DN5Y</classCode><className>FINANCIAL MARKET UPDATES</className><classCode/><className/></classificationItem><classificationItem score=\"90\"><classCode>ST0008XMR</classCode><className>LAW &amp; LEGAL SYSTEM</className><classCode/><className/></classificationItem><classificationItem score=\"90\"><classCode>N541100CC</classCode><className>LEGAL SERVICES</className><classCode/><className/></classificationItem><classificationItem score=\"90\"><classCode>STX001976</classCode><className>SECURITIES &amp; OTHER INVESTMENTS</className><classCode/><className/></classificationItem><classificationItem score=\"90\"><classCode>N926150GM</classCode><className>SECURITIES LAW</className><classCode>Z3VpZD11cm46dG9waWM6RkFFMTQ3ODhCRDYyNDkyN0IwQkEyQzRCRDlFMEM5ODc7cGFyZW50Z3VpZD11cm46dG9waWM6MUFEMUQ2QTA1OUZCNEE5RjkzNTA2RERFMUNEOTk1RTI</classCode><className>Securities</className></classificationItem><classificationItem score=\"90\"><classCode>N921100MM</classCode><className>US FEDERAL GOVERNMENT</className><classCode>Z3VpZD11cm46dG9waWM6MkM1MTYwRDE0NkJBNEVFMEIxQjM3RUE2NDRFQUFEODY7cGFyZW50Z3VpZD11cm46dG9waWM6MjdEQjE4OUJDMzQxNDNEMEI0RTI1QUFCMzJENjEwRTA</classCode><className>Federal Government</className></classificationItem><classificationItem score=\"89\"><classCode>ST000DD8C</classCode><className>BUSINESS &amp; CORPORATE ENTITIES LAW</className><classCode>Z3VpZD11cm46dG9waWM6QjA4OEVGODBENzY4NDcxM0IyQzA1OTEwQzVDODRBOUE7cGFyZW50Z3VpZD11cm46dG9waWM6MUFEMUQ2QTA1OUZCNEE5RjkzNTA2RERFMUNEOTk1RTI</classCode><className>Businesses &amp; Corporations</className></classificationItem><classificationItem score=\"89\"><classCode>STX000304</classCode><className>CLASS ACTIONS</className><classCode>Z3VpZD11cm46dG9waWM6Mjk5M0Q3OEY2NkE3NDIwQzg4MDk1NUUxQUI5Nzc5NTU7cGFyZW50Z3VpZD11cm46dG9waWM6MDc3RDI0Njg5OEU2NEM5NzkxRUU2MjBEMDMyRkQ3Mzk</classCode><className>Class Actions</className></classificationItem><classificationItem score=\"89\"><classCode>ST0009QD4</classCode><className>NEGATIVE BUSINESS NEWS</className><classCode/><className/></classificationItem><classificationItem score=\"89\"><classCode>STX001561</classCode><className>SHAREHOLDERS</className><classCode>Z3VpZD11cm46dG9waWM6NEI2QjYxNjkwMTkzNDhFRUExNjlFRjVFRUU3NDhBQkE7cGFyZW50Z3VpZD11cm46dG9waWM6MDQ3M0RFODczN0I4NDg2RjlFRDNFMUNBODRDQTU0Q0E</classCode><className>Shareholders</className></classificationItem><classificationItem score=\"78\"><classCode>N926150GC</classCode><className>BANKING &amp; FINANCE REGULATION</className><classCode/><className/></classificationItem><classificationItem score=\"78\"><classCode>STX000194</classCode><className>BOARDS OF DIRECTORS</className><classCode/><className/></classificationItem><classificationItem score=\"78\"><classCode>STX001925</classCode><className>BUSINESS OPERATIONS</className><classCode/><className/></classificationItem><classificationItem score=\"78\"><classCode>ST0009SQW</classCode><className>PRIVATELY HELD COMPANIES</className><classCode/><className/></classificationItem><classificationItem score=\"78\"><classCode>STX001500</classCode><className>RISK MANAGEMENT</className><classCode/><className/></classificationItem><classificationItem score=\"78\"><classCode>ST0009SMZ</classCode><className>US SECURITIES EXCHANGE ACT OF 1934</className><classCode>Z3VpZD11cm46dG9waWM6RUIzQjA3MTA3NDFENDVGNkIzNjVEM0IwNDNDMTkxOEQ7cGFyZW50Z3VpZD11cm46dG9waWM6RkFFMTQ3ODhCRDYyNDkyN0IwQkEyQzRCRDlFMEM5ODc</classCode><className>Postoffering &amp; Secondary Distributions</className></classificationItem><classificationItem score=\"77\"><classCode>STX001559</classCode><className>SHAREHOLDER LAWSUITS</className><classCode/><className/></classificationItem></classification><classification classificationScheme=\"industry\"><classificationItem score=\"94\"><classCode>N541110GM</classCode><className>LAWYERS</className><classCode/><className/></classificationItem><classificationItem score=\"91\"><classCode>STX001888</classCode><className>PROPERTY &amp; CASUALTY INSURANCE</className><classCode>Z3VpZD11cm46dG9waWM6Q0IxRTFGMjc4NUEzNDI4MEIzMzIxNzNDQTU4NEQwODY7cGFyZW50Z3VpZD11cm46dG9waWM6NTUxRjY2QkZCMjhBNDJENTg2QzJGQUQ1MTAyMEI5RkI</classCode><className>Property Insurance</className></classificationItem><classificationItem score=\"90\"><classCode>ST000DN5Y</classCode><className>FINANCIAL MARKET UPDATES</className><classCode/><className/></classificationItem><classificationItem score=\"90\"><classCode>N524291MM</classCode><className>INSURANCE CLAIMS ADJUSTING</className><classCode/><className/></classificationItem><classificationItem score=\"90\"><classCode>N541100CC</classCode><className>LEGAL SERVICES</className><classCode/><className/></classificationItem><classificationItem score=\"90\"><classCode>N540000CC</classCode><className>PROFESSIONAL SERVICES</className><classCode/><className/></classificationItem><classificationItem score=\"90\"><classCode>STX001976</classCode><className>SECURITIES &amp; OTHER INVESTMENTS</className><classCode/><className/></classificationItem><classificationItem score=\"90\"><classCode>N926150GM</classCode><className>SECURITIES LAW</className><classCode>Z3VpZD11cm46dG9waWM6RkFFMTQ3ODhCRDYyNDkyN0IwQkEyQzRCRDlFMEM5ODc7cGFyZW50Z3VpZD11cm46dG9waWM6MUFEMUQ2QTA1OUZCNEE5RjkzNTA2RERFMUNEOTk1RTI</classCode><className>Securities</className></classificationItem><classificationItem score=\"89\"><classCode>N541211GM</classCode><className>ACCOUNTING</className><classCode/><className/></classificationItem><classificationItem score=\"89\"><classCode>STX000568</classCode><className>ELECTRONIC MAIL</className><classCode/><className/></classificationItem><classificationItem score=\"89\"><classCode>N524130CC</classCode><className>REINSURANCE</className><classCode>Z3VpZD11cm46dG9waWM6NDI3MjQ3NDBDODZENDNCNUJCNzgwNzgwQTBGNDkxRTQ7cGFyZW50Z3VpZD11cm46dG9waWM6NTUxRjY2QkZCMjhBNDJENTg2QzJGQUQ1MTAyMEI5RkI</classCode><className>Reinsurance</className></classificationItem><classificationItem score=\"78\"><classCode>N926150GC</classCode><className>BANKING &amp; FINANCE REGULATION</className><classCode/><className/></classificationItem><classificationItem score=\"78\"><classCode>STX001500</classCode><className>RISK MANAGEMENT</className><classCode/><className/></classificationItem><classificationItem score=\"78\"><classCode>ST0009SMZ</classCode><className>US SECURITIES EXCHANGE ACT OF 1934</className><classCode>Z3VpZD11cm46dG9waWM6RUIzQjA3MTA3NDFENDVGNkIzNjVEM0IwNDNDMTkxOEQ7cGFyZW50Z3VpZD11cm46dG9waWM6RkFFMTQ3ODhCRDYyNDkyN0IwQkEyQzRCRDlFMEM5ODc</classCode><className>Postoffering &amp; Secondary Distributions</className></classificationItem><classificationItem score=\"76\"><classCode>N524000CC</classCode><className>INSURANCE</className><classCode/><className/></classificationItem><classificationItem score=\"76\"><classCode>ST000A2VZ</classCode><classCode/><className/></classificationItem></classification></classificationGroup></metadata></articleDoc></content></entry>"}