{"prediction_class": "Regulatory Breaches Tax Evasion Smuggling of goods", "prediction_score": "0.72", "name": "Fairfax Financial", "title": "Fairfax Announces Filing of Lawsuit Alleging Stock Manipulation", "published": "2006-07-26T00:00:00Z", "updated": "2020-11-16T08:26:57Z", "cleaned_article": "[TITLE] Fairfax Announces Filing of Lawsuit Alleging Stock Manipulation [TITLE] \n\nTORONTO, ONTARIO--(CCNMatthews - July 26, 2006) - Fairfax Financial  Holdings Limited (TSX:FFH.SV)(NYSE:FFH) announces that today it filed a  lawsuit seeking $5 billion in damages from a number of defendants who,  the complaint alleges, participated in a stock market manipulation  scheme involving Fairfax shares.  The complaint, filed in Superior Court, Morris County, New Jersey,  alleges violations of various state laws, including the New Jersey  Racketeer Influenced and Corrupt Organizations Act (RICO), pursuant to  which treble damages may be available.  Defendants include: S.A.C. Capital Management, LLC, S.A.C. Capital  Advisors, LLC, S.A.C. Capital Associates, LLC, S.A.C. Healthco Funds,  LLC, Sigma Capital Management, LLC, Steven A. Cohen, Exis Capital  Management, Inc., Exis Capital, LLC, Exis Differential Partners, L.P.,  Exis Integrated Partners, L.P., Adam D. Sender, Spyro Contogouris, Max  Bernstein, Andrew Heller, Lone Pine Capital, LLC, Lone Pine Members,  LLC, Lone Pine Associates, LLC, Rocker Partners, L.P., Copper River  Partners, L.P., David Rocker, Third Point LLC, Daniel S. Loeb, Jeffrey  Perry, Trinity Capital Of Jacksonville, Inc., Trinity Fund, Ltd., Morgan  Keegan & Company, Inc., John D. Gwynn, and Christopher Brett Lawless. Fairfax Financial Holdings Limited is a financial services holding  company which, through its subsidiaries, is engaged in property and  casualty insurance and reinsurance, investment management and insurance  claims management. ", "raw_cleaned_article": "<h2>Fairfax Announces Filing of Lawsuit Alleging Stock Manipulation</h2><p><b>TORONTO, ONTARIO--(CCNMatthews - July 26, 2006) - Fairfax Financial  Holdings Limited (TSX:FFH.SV)(NYSE:FFH) announces that today it filed a  lawsuit seeking $5 billion in damages from a number of defendants who,  the complaint alleges, participated in a stock market manipulation  scheme involving Fairfax shares. </b> The complaint, filed in Superior Court, Morris County, New Jersey,  alleges violations of various state laws, including the New Jersey  Racketeer Influenced and Corrupt Organizations Act (RICO), pursuant to  which treble damages may be available.  Defendants include: S.A.C. Capital Management, LLC, S.A.C. Capital  Advisors, LLC, S.A.C. Capital Associates, LLC, S.A.C. Healthco Funds,  LLC, Sigma Capital Management, LLC, Steven A. Cohen, Exis Capital  Management, Inc., Exis Capital, LLC, Exis Differential Partners, L.P.,  Exis Integrated Partners, L.P., Adam D. Sender, Spyro Contogouris, Max  Bernstein, Andrew Heller, Lone Pine Capital, LLC, Lone Pine Members,  LLC, Lone Pine Associates, LLC, Rocker Partners, L.P., Copper River  Partners, L.P., David Rocker, Third Point LLC, Daniel S. Loeb, Jeffrey  Perry, Trinity Capital Of Jacksonville, Inc., Trinity Fund, Ltd., Morgan  Keegan & Company, Inc., John D. Gwynn, and Christopher Brett Lawless. <b>Fairfax Financial Holdings Limited is a financial services holding  company which, through its subsidiaries, is engaged in property and  casualty insurance and reinsurance, investment management and insurance  claims management. </b></p>", "original_content": "<entry xmlns=\"http://www.w3.org/2005/Atom\"><id>urn:contentItem:4KH2-RHM0-TX2T-X2TX-00000-00</id><title>Fairfax Announces Filing of Lawsuit Alleging Stock Manipulation</title><published>2006-07-26T00:00:00Z</published><updated>2020-11-16T08:26:57Z</updated><author><name>LexisNexis</name></author><content type=\"application/xml\"><!--Transformation version 1.23--><articleDoc xmlns=\"\" xmlns:xsi=\"http://www.w3.org/2001/XMLSchema-instance\" xsi:noNamespaceSchemaLocation=\"http://www.lexisnexis.com/xmlschemas/content/public/articledoc/1/\" schemaVersion=\"1.8\" xml:lang=\"en\"><articleDocHead><itemInfo/></articleDocHead><nitf:body xmlns:nitf=\"http://iptc.org/std/NITF/2006-10-18/\"><nitf:body.head><nitf:hedline><nitf:hl1>Fairfax Announces Filing of Lawsuit Alleging Stock Manipulation</nitf:hl1></nitf:hedline></nitf:body.head><nitf:body.content><bodyText><p nitf:lede=\"true\">TORONTO, ONTARIO--(CCNMatthews - July 26, 2006) - Fairfax Financial  Holdings Limited (TSX:FFH.SV)(NYSE:FFH) announces that today it filed a  lawsuit seeking $5 billion in damages from a number of defendants who,  the complaint alleges, participated in a stock market manipulation  scheme involving Fairfax shares. </p><p>The complaint, filed in Superior Court, Morris County, New Jersey,  alleges violations of various state laws, including the New Jersey  Racketeer Influenced and Corrupt Organizations Act (RICO), pursuant to  which treble damages may be available. </p><p>Defendants include: S.A.C. Capital Management, LLC, S.A.C. Capital  Advisors, LLC, S.A.C. Capital Associates, LLC, S.A.C. Healthco Funds,  LLC, Sigma Capital Management, LLC, Steven A. Cohen, Exis Capital  Management, Inc., Exis Capital, LLC, Exis Differential Partners, L.P.,  Exis Integrated Partners, L.P., Adam D. Sender, Spyro Contogouris, Max  Bernstein, Andrew Heller, Lone Pine Capital, LLC, Lone Pine Members,  LLC, Lone Pine Associates, LLC, Rocker Partners, L.P., Copper River  Partners, L.P., David Rocker, Third Point LLC, Daniel S. Loeb, Jeffrey  Perry, Trinity Capital Of Jacksonville, Inc., Trinity Fund, Ltd., Morgan  Keegan &amp; Company, Inc., John D. Gwynn, and Christopher Brett Lawless. </p><p>Fairfax Financial Holdings Limited is a financial services holding  company which, through its subsidiaries, is engaged in property and  casualty insurance and reinsurance, investment management and insurance  claims management. </p></bodyText></nitf:body.content><nitf:body.end><contact><bodyText><p><br/><br/>FOR FURTHER INFORMATION PLEASE CONTACT:<br/>Investor Contact:<br/>Fairfax Financial Holdings Limited<br/>Greg Taylor, Chief Financial Officer<br/>(416) 367-4941<br/>(416) 367-4946 (FAX)<br/>or<br/>Media Contacts:<br/>Sitrick and Company<br/>Mike Sitrick and Lew Phelps<br/>(310) 788-2850</p></bodyText></contact></nitf:body.end></nitf:body><metadata><dc:metadata xmlns:dc=\"http://purl.org/dc/elements/1.1/\"><dc:identifier identifierScheme=\"PGUID\">urn:contentItem:4KH2-RHM0-TX2T-X2TX-00000-00</dc:identifier><dc:identifier identifierScheme=\"DOC-ID\">CCN-</dc:identifier><dc:source sourceScheme=\"royaltyReportingKey\">CCN2006</dc:source><dc:source sourceScheme=\"productContentSetIdentifier\">167438</dc:source><dc:date dateType=\"last-updated\">2015-08-22</dc:date></dc:metadata><wordCount number=\"288\"/><timeReceived>4:52 PM EST</timeReceived><publicationInfo><copyright>Copyright 2006 PIMS Canada, Inc., doing business as CCNMatthews All Rights Reserved</copyright><publicationName>Canadian Corporate Newswire</publicationName><publicationDate day=\"26\" month=\"07\" year=\"2006\"><dateText>July 26, 2006 Wednesday</dateText></publicationDate><classification classificationScheme=\"publicationtype\"><classificationItem><className>Newswire</className></classificationItem></classification></publicationInfo><classification classificationScheme=\"language\"><classificationItem classificationScheme=\"lang.english\"><className>ENGLISH</className></classificationItem></classification><classificationGroup classificationScheme=\"indexing-terms\"><classification classificationScheme=\"company\"><classificationItem score=\"95\"><classCode>CC0002Q1U</classCode><className>FAIRFAX FINANCIAL HOLDINGS LTD</className></classificationItem><classificationItem score=\"68\"><classCode>CC0002IEU</classCode><className>RAYMOND JAMES FINANCIAL INC</className></classificationItem><classificationItem score=\"57\"><classCode>CC00088KF</classCode><className>SAC CAPITAL ADVISORS LP</className></classificationItem></classification><classification classificationScheme=\"industry\"><classificationItem score=\"95\"><className>NAICS524291 CLAIMS ADJUSTING</className></classificationItem><classificationItem score=\"95\"><className>NAICS524130 REINSURANCE CARRIERS</className></classificationItem><classificationItem score=\"95\"><className>NAICS524126 DIRECT PROPERTY &amp; CASUALTY INSURANCE CARRIERS</className></classificationItem><classificationItem score=\"68\"><className>SIC6282 INVESTMENT ADVICE</className></classificationItem><classificationItem score=\"68\"><className>NAICS523930 INVESTMENT ADVICE</className></classificationItem><classificationItem score=\"68\"><className>NAICS523120 SECURITIES BROKERAGE</className></classificationItem><classificationItem score=\"68\"><className>NAICS523110 INVESTMENT BANKING &amp; SECURITIES DEALING</className></classificationItem><classificationItem score=\"68\"><className>SIC6211 SECURITY BROKERS, DEALERS, &amp; FLOTATION COMPANIES</className></classificationItem><classificationItem score=\"57\"><className>NAICS523920 PORTFOLIO MANAGEMENT</className></classificationItem></classification><classification classificationScheme=\"ticker\"><classificationItem score=\"95\"><className>FFH (TSX)</className></classificationItem><classificationItem score=\"68\"><className>RJF (NYSE)</className></classificationItem></classification></classificationGroup><classificationGroup classificationScheme=\"licensor.indexing-terms\"><classification classificationScheme=\"licensor.company\"><classificationItem><className>FAIRFAX FINANCIAL HOLDINGS LIMITED</className></classificationItem></classification><classification classificationScheme=\"licensor.industry\"><classificationItem><className>FINANCIAL SERVICES - INSURANCE</className></classificationItem></classification><classification classificationScheme=\"licensor.subject\"><classificationItem><className>LAW/LEGAL ISSUES</className></classificationItem></classification><classification classificationScheme=\"licensor.ticker\"><classificationItem><className>FFH.SV</className><className>TSX</className></classificationItem><classificationItem><className>FFH</className><className>NYSE</className></classificationItem></classification></classificationGroup><classificationGroup classificationScheme=\"indexing-terms\"><classification classificationScheme=\"legal\"><classificationItem><className>Antitrust &amp; Trade Law</className><classCode>Z3VpZD11cm46dG9waWM6REEyRTNDM0JGQzYyNEMyOEFGNTAwNUJEOUU1MDg4NjU7cGFyZW50Z3VpZD0</classCode><classificationItem score=\"50\"><className>General Overview</className><classCode>Z3VpZD11cm46dG9waWM6MTY2REQ2N0Y5RkFBNDNFMzg5NjcyMTMzMDk2QjdDRjQ7cGFyZW50Z3VpZD11cm46dG9waWM6QzE4MDU1MzRCQTlGNENDMzgxMDIzNjFGNzZCMTdGOTQ</classCode></classificationItem></classificationItem><classificationItem><className>Business &amp; Corporate Compliance</className><classCode>Z3VpZD11cm46dG9waWM6MUFEMUQ2QTA1OUZCNEE5RjkzNTA2RERFMUNEOTk1RTI7cGFyZW50Z3VpZD0</classCode><classificationItem score=\"99\"><className>Businesses &amp; Corporations</className><classCode>Z3VpZD11cm46dG9waWM6QjA4OEVGODBENzY4NDcxM0IyQzA1OTEwQzVDODRBOUE7cGFyZW50Z3VpZD11cm46dG9waWM6MUFEMUQ2QTA1OUZCNEE5RjkzNTA2RERFMUNEOTk1RTI</classCode></classificationItem></classificationItem><classificationItem><className>Criminal Law &amp; Procedure</className><classCode>Z3VpZD11cm46dG9waWM6NEU0RkE1OUQwNUQwNDgxODhEODZCMjkzOTg3NThBNzk7cGFyZW50Z3VpZD0</classCode><classificationItem score=\"50\"><className>General Overview</className><classCode>Z3VpZD11cm46dG9waWM6QzhCMUUxOUVEODc4NDExRUI4NjE0QjNCMTI1Njc4N0M7cGFyZW50Z3VpZD11cm46dG9waWM6NDlDNUE5QzBFRTJCNEJCNUJFOEMxOEZCODI2ODAxOEY</classCode></classificationItem><classificationItem score=\"50\"><className>General Overview</className><classCode>Z3VpZD11cm46dG9waWM6NjFCQTk2QjBFMUE5NDJEMDhCQkUxNTVCNkU5NThCQkQ7cGFyZW50Z3VpZD11cm46dG9waWM6NzZFQTVBQzlGNUUzNEE4NDlFNDJCMjc3NDIwNUY2MUI</classCode></classificationItem></classificationItem><classificationItem><className>Securities Law</className><classCode>Z3VpZD11cm46dG9waWM6RkFFMTQ3ODhCRDYyNDkyN0IwQkEyQzRCRDlFMEM5ODc7cGFyZW50Z3VpZD0</classCode><classificationItem score=\"50\"><className>Criminal Offenses &amp; RICO Actions</className><classCode>Z3VpZD11cm46dG9waWM6Mzc1M0IyRDM3QjE2NDYzMEFGNjBDOTREM0FEQzY5Qjk7cGFyZW50Z3VpZD11cm46dG9waWM6RkFFMTQ3ODhCRDYyNDkyN0IwQkEyQzRCRDlFMEM5ODc</classCode></classificationItem></classificationItem></classification><classification classificationScheme=\"subject\"><classificationItem score=\"92\"><classCode>STX001040</classCode><className>LITIGATION</className><classCode/><className/></classificationItem><classificationItem score=\"92\"><classCode>STX001648</classCode><className>SUITS &amp; CLAIMS</className><classCode/><className/></classificationItem><classificationItem score=\"91\"><classCode>N551112MM</classCode><className>HOLDING COMPANIES</className><classCode/><className/></classificationItem><classificationItem score=\"91\"><classCode>STX001976</classCode><className>SECURITIES &amp; OTHER INVESTMENTS</className><classCode/><className/></classificationItem><classificationItem score=\"90\"><classCode>STX000442</classCode><className>DAMAGES</className><classCode>Z3VpZD11cm46dG9waWM6QzQyQ0JFRkFDNDIzNDU3RjhFMkE1N0JEOTFGNzIwQzE7cGFyZW50Z3VpZD11cm46dG9waWM6NEY5RDZFNTJBQzJGNERFQjg0MEIyMEVBRUU4NjI0RjU</classCode><className>Damages</className></classificationItem><classificationItem score=\"90\"><classCode>N523930MC</classCode><className>INVESTMENT ADVISERS</className><classCode>Z3VpZD11cm46dG9waWM6ODQ2M0Q5NUExRUZENEY2NDkzMzlDMDVFNjFCNTY3MTQ7cGFyZW50Z3VpZD11cm46dG9waWM6RkFFMTQ3ODhCRDYyNDkyN0IwQkEyQzRCRDlFMEM5ODc</classCode><className>Investment Advisers</className></classificationItem><classificationItem score=\"90\"><classCode>N523920MM</classCode><className>INVESTMENT MANAGEMENT</className><classCode/><className/></classificationItem><classificationItem score=\"90\"><classCode>ST0008XMR</classCode><className>LAW &amp; LEGAL SYSTEM</className><classCode/><className/></classificationItem><classificationItem score=\"90\"><classCode>ST0008X09</classCode><className>LIMITED PARTNERSHIPS</className><classCode>Z3VpZD11cm46dG9waWM6NDFEQjUyNDAyMzQ0NDQyNUE5RjNGOEZEMzNBRDA1RUY7cGFyZW50Z3VpZD11cm46dG9waWM6QjA4OEVGODBENzY4NDcxM0IyQzA1OTEwQzVDODRBOUE</classCode><className>Limited Partnerships</className></classificationItem><classificationItem score=\"90\"><classCode>ST000DLZ7</classCode><className>MARKET MANIPULATION</className><classCode/><className/></classificationItem><classificationItem score=\"90\"><classCode>STX001209</classCode><className>NEW ISSUES</className><classCode/><className/></classificationItem><classificationItem score=\"88\"><classCode>N523120MC</classCode><className>SECURITIES BROKERS</className><classCode/><className/></classificationItem><classificationItem score=\"79\"><classCode>ST000DMT1</classCode><className>PATENT COURTS</className><classCode/><className/></classificationItem><classificationItem score=\"79\"><classCode>STX001372</classCode><className>PRESS RELEASES</className><classCode/><className/></classificationItem><classificationItem score=\"78\"><classCode>ST000D5SG</classCode><className>CORRUPTION</className><classCode/><className/></classificationItem><classificationItem score=\"78\"><classCode>ST0009FJK</classCode><className>NEGATIVE PERSONAL NEWS</className><classCode/><className/></classificationItem><classificationItem score=\"78\"><classCode>STX001266</classCode><className>ORGANIZED CRIME</className><classCode/><className/></classificationItem><classificationItem score=\"78\"><classCode>N523210MM</classCode><className>STOCK EXCHANGES</className><classCode>Z3VpZD11cm46dG9waWM6M0ZDMDg5MEQ3OTlGNEJCMkI0M0EyM0MwN0E1Njk1MEQ7cGFyZW50Z3VpZD11cm46dG9waWM6NDBGREFBMDgyNTQ0NERFRUI3MEUwNDBFOTM5NDExREI</classCode><className>Stock Exchanges</className></classificationItem><classificationItem score=\"70\"><classCode>ST000A7IS</classCode><className>ASSOCIATIONS &amp; ORGANIZATIONS</className><classCode/><className/></classificationItem></classification><classification classificationScheme=\"industry\"><classificationItem score=\"92\"><classCode>STX001888</classCode><className>PROPERTY &amp; CASUALTY INSURANCE</className><classCode>Z3VpZD11cm46dG9waWM6Q0IxRTFGMjc4NUEzNDI4MEIzMzIxNzNDQTU4NEQwODY7cGFyZW50Z3VpZD11cm46dG9waWM6NTUxRjY2QkZCMjhBNDJENTg2QzJGQUQ1MTAyMEI5RkI</classCode><className>Property Insurance</className></classificationItem><classificationItem score=\"91\"><classCode>N520000CC</classCode><className>BANKING &amp; FINANCE</className><classCode/><className/></classificationItem><classificationItem score=\"91\"><classCode>STX001976</classCode><className>SECURITIES &amp; OTHER INVESTMENTS</className><classCode/><className/></classificationItem><classificationItem score=\"90\"><classCode>N524000CC</classCode><className>INSURANCE</className><classCode/><className/></classificationItem><classificationItem score=\"90\"><classCode>N524291MM</classCode><className>INSURANCE CLAIMS ADJUSTING</className><classCode/><className/></classificationItem><classificationItem score=\"90\"><classCode>N523930MC</classCode><className>INVESTMENT ADVISERS</className><classCode>Z3VpZD11cm46dG9waWM6ODQ2M0Q5NUExRUZENEY2NDkzMzlDMDVFNjFCNTY3MTQ7cGFyZW50Z3VpZD11cm46dG9waWM6RkFFMTQ3ODhCRDYyNDkyN0IwQkEyQzRCRDlFMEM5ODc</classCode><className>Investment Advisers</className></classificationItem><classificationItem score=\"90\"><classCode>N523110EC</classCode><className>INVESTMENT BANKING</className><classCode/><className/></classificationItem><classificationItem score=\"90\"><classCode>N523920MM</classCode><className>INVESTMENT MANAGEMENT</className><classCode/><className/></classificationItem><classificationItem score=\"90\"><classCode>ST000DLZ7</classCode><className>MARKET MANIPULATION</className><classCode/><className/></classificationItem><classificationItem score=\"90\"><classCode>STX001209</classCode><className>NEW ISSUES</className><classCode/><className/></classificationItem><classificationItem score=\"90\"><classCode>N524130CC</classCode><className>REINSURANCE</className><classCode>Z3VpZD11cm46dG9waWM6NDI3MjQ3NDBDODZENDNCNUJCNzgwNzgwQTBGNDkxRTQ7cGFyZW50Z3VpZD11cm46dG9waWM6NTUxRjY2QkZCMjhBNDJENTg2QzJGQUQ1MTAyMEI5RkI</classCode><className>Reinsurance</className></classificationItem><classificationItem score=\"90\"><classCode>ST000A2VZ</classCode><classCode/><className/></classificationItem><classificationItem score=\"90\"><classCode>ST0009RX6</classCode><classCode/><className/></classificationItem><classificationItem score=\"88\"><classCode>N523120MC</classCode><className>SECURITIES BROKERS</className><classCode/><className/></classificationItem><classificationItem score=\"78\"><classCode>ST0008WZ9</classCode><className>BANK HOLDING COMPANIES</className><classCode>Z3VpZD11cm46dG9waWM6QTExQjk4M0RBNjUyNDBDNTgwNjI4MUIzRUU0RDBEMzI7cGFyZW50Z3VpZD11cm46dG9waWM6RTc3MUQ5Rjg4MjYzNENDQzk2QjQ0NzA5RjFDNzY0RDk</classCode><className>Bank Holding Companies</className></classificationItem><classificationItem score=\"78\"><classCode>ST0008XZ0</classCode><className>INSURANCE CLAIMS</className><classCode/><className/></classificationItem><classificationItem score=\"78\"><classCode>N523210MM</classCode><className>STOCK EXCHANGES</className><classCode>Z3VpZD11cm46dG9waWM6M0ZDMDg5MEQ3OTlGNEJCMkI0M0EyM0MwN0E1Njk1MEQ7cGFyZW50Z3VpZD11cm46dG9waWM6NDBGREFBMDgyNTQ0NERFRUI3MEUwNDBFOTM5NDExREI</classCode><className>Stock Exchanges</className></classificationItem></classification><classification classificationScheme=\"person\"><classificationItem score=\"72\"><classCode>PE000A6J8</classCode><className>STEVEN A COHEN</className><classCode/><className/></classificationItem><classificationItem score=\"57\"><classCode>PE0009X6H</classCode><className>STEVEN COHEN</className><classCode/><className/></classificationItem></classification><classification classificationScheme=\"city\"><classificationItem score=\"59\"><classCode>GX060</classCode><className>TORONTO, ON, CANADA</className><classCode/><className/></classificationItem></classification><classification classificationScheme=\"state\"><classificationItem score=\"72\"><classCode>GS146</classCode><className>NEW JERSEY, USA</className><classCode/><className/></classificationItem><classificationItem score=\"59\"><classCode>GS174</classCode><className>ONTARIO, CANADA</className><classCode/><className/></classificationItem></classification><classification classificationScheme=\"country\"><classificationItem score=\"79\"><classCode>GC339</classCode><className>CANADA</className><classCode/><className/></classificationItem></classification></classificationGroup></metadata></articleDoc></content></entry>"}