{"prediction_class": "Regulatory Breaches Tax Evasion Smuggling of goods", "prediction_score": "0.87", "name": "Fairfax Financial", "title": "Insurance error forces Fairfax restatements back to 2001: Day after lawsuit", "published": "2006-07-28T00:00:00Z", "updated": "2020-11-16T08:33:57Z", "cleaned_article": "[TITLE] Insurance error forces Fairfax restatements back to 2001: Day after lawsuit [TITLE] \n\nRank in FP500: 48 LAWSUIT DETAILS: Fairfax Financial alleges that a group of hedge funds went to extraordinary lengths to undermine investor confidence in the stock. Some of the allegations include: - sending defamatory materials to Fairfax CEO Prem Watsa's priest, including a letter claiming he bore an uncanny resemblance to a fraudster. - setting up Web sites to attack Mr. Watsa and his company, using references to the disgraced energy trader Enron.", "raw_cleaned_article": "<h2>Insurance error forces Fairfax restatements back to 2001: Day after lawsuit</h2><p>Rank in FP500: 48 LAWSUIT DETAILS: <b>Fairfax Financial alleges that a group of hedge funds went to extraordinary lengths to undermine investor confidence in the stock. Some of the allegations include:</b> - sending defamatory materials to Fairfax CEO Prem Watsa's priest, including a letter claiming he bore an uncanny resemblance to a fraudster. - setting up Web sites to attack Mr. Watsa and his company, using references to the disgraced energy trader Enron.</p>", "original_content": "<entry xmlns=\"http://www.w3.org/2005/Atom\"><id>urn:contentItem:4KH9-CM70-TWD4-12TT-00000-00</id><title>Insurance error forces Fairfax restatements back to 2001: Day after lawsuit</title><published>2006-07-28T00:00:00Z</published><updated>2020-11-16T08:33:57Z</updated><author><name>LexisNexis</name></author><content type=\"application/xml\"><!--Transformation version 1.23--><articleDoc xmlns=\"\" xmlns:xsi=\"http://www.w3.org/2001/XMLSchema-instance\" xsi:noNamespaceSchemaLocation=\"http://www.lexisnexis.com/xmlschemas/content/public/articledoc/1/\" schemaVersion=\"1.8\" xml:lang=\"en\"><articleDocHead><itemInfo><sourceSectionInfo><positionSection>FINANCIAL POST</positionSection><positionSequence>Pg. FP1 </positionSequence></sourceSectionInfo></itemInfo></articleDocHead><nitf:body xmlns:nitf=\"http://iptc.org/std/NITF/2006-10-18/\"><nitf:body.head><nitf:hedline><nitf:hl1>Insurance error forces Fairfax restatements back to 2001: Day after lawsuit</nitf:hl1></nitf:hedline><nitf:byline><author><person><nameText>Duncan Mavin; with a file from Boyd Erman</nameText></person></author><nitf:byttl>Financial Post</nitf:byttl></nitf:byline></nitf:body.head><nitf:body.content><bodyText><p nitf:lede=\"true\">A day after filing a $6US-billion lawsuit alleging its stock was deliberately driven down by a group of conspirators, including analysts and hedge funds, Fairfax Financial Holdings Ltd.said that investors could not rely on the company's previously published financial statements due to an accounting error.</p><p nitf:lede=\"true\">Fairfax said yesterday it is to restate its accounts for \"prior periods,\" going back to 2001 and beyond because of an error related to its Swiss Re subsidiary.</p><p>The estimated impact is a decrease to the value of the company or a hit to shareholders' equity of $175-million to $190-million.</p><p>Fairfax said it \"may identify additional accounting issues\" as a result of the review and restatement process it will now undertake. It will also include in the restatement \"corrections of certain unrelated errors of an immaterial nature.\"</p><p>\"Until this restatement is completed, Fairfax's previously published annual and interim financial statements should not be relied upon,\" the company said.</p><p>Although Fairfax chief executive Prem Watsa said the restatement does not affect the fundamental strength of the company's business, the admission that the company's accounts are inaccurate will likely be welcomed by the defendants named in Wednesday's lawsuit, who say that the decline in the company's stock price reflects recent poor performance rather than something more sinister. The stock is worth roughly half of what it was in 2004.</p><p>\"This is another baseless lawsuit by a company attempting to shift the blame for its fundamental business problems. We are confident that we will prevail,\" said a spokesman for SAC Capital Management, one of the most powerful investment funds in the U.S. and now a co-defendant in the lawsuit launched by Fairfax.</p><p>Whatever the truth of Fairfax's allegations, the insurer has struggled to deliver earnings performance investors would have hoped for recently and has had plenty of other problems to deal with too.</p><p>In October 2005, for instance, Fairfax shares plummeted more than 10% after the company admitted federal prosecutors and the Securities and Exchange Commission were examining subpoenaed information relating to its finite reinsurance business.</p><p>The company's stock fell further after it revealed the impact of hurricane-related charges. By last year end, Fairfax's losses had grown to $318US.1-million, including $249US.5-million in losses from hurricanes Katrina, Rita and Wilma.</p><p>Then, in March this year, the company issued a press release in an attempt to clarify the status of the federal investigation of its accounts. Fairfax said the latest SEC subpoena was related to comments made by Mr.Watsa on a Feb. 10, 2006, investor conference call, and also revealed that regulators had made requests for information from the company's external auditors PricewaterhouseCoopers and to an unidentified shareholder.</p><p>Meanwhile, the company also delayed the release of annual financial statements earlier this year because its OdysseyRe subsidiary was restating financial results as far back as 2001. In fact, many analysts privately admit to being more than a little confused by Fairfax's complex business structure, while Mr.Watsa's reclusive nature often makes it difficult to get answers to their questions.</p><p>They will get a chance to question Mr.Watsa about the company's performance this morning when Fairfax holds a conference call for analysts to discuss the company's now unaudited second-quarter results.</p><p>FAIRFAX FINANCIAL</p><p>Holdings Inc.</p><p>Ticker: ffh/TSX</p><p>Close: $125.58, down $5.32</p><p>Volume: 23,696</p><p>Avg. 6-month vol.: 33,220</p><p>Rank in FP500: 48</p><p>LAWSUIT DETAILS:</p><p>Fairfax Financial alleges that a group of hedge funds went to extraordinary lengths to undermine investor confidence in the stock. Some of the allegations include:</p><p>- sending defamatory materials to Fairfax CEO Prem Watsa's priest, including a letter claiming he bore an uncanny resemblance to a fraudster.</p><p>- setting up Web sites to attack Mr. Watsa and his company, using references to the disgraced energy trader Enron.</p><p>- threats sent from \"Dick Tracy\" to Mr. Watsa's assistant that warned her of \"the consequences of being involved in criminal behaviour.</p><p>Financial Post</p></bodyText></nitf:body.content><nitf:body.end><graphic><nitf:media><caption><p>Black &amp; White</p></caption></nitf:media><nitf:media><caption><p>Photo: Stan Honda for National Post; Prem Watsa, with other Fairfax executives, waves as he rings the opening bell at the New York Stock Exchange in 2002.</p></caption></nitf:media></graphic></nitf:body.end></nitf:body><metadata><dc:metadata xmlns:dc=\"http://purl.org/dc/elements/1.1/\"><dc:identifier identifierScheme=\"DOC-ID\">FPINV-</dc:identifier><dc:source sourceScheme=\"royaltyReportingKey\">FPINV2006</dc:source><dc:identifier identifierScheme=\"PGUID\">urn:contentItem:4KH9-CM70-TWD4-12TT-00000-00</dc:identifier><dc:source sourceScheme=\"productContentSetIdentifier\">257989</dc:source><dc:date dateType=\"last-updated\">2018-10-03</dc:date></dc:metadata><wordCount number=\"691\"/><publicationInfo><copyright>Copyright 2006 National Post All Rights Reserved</copyright><publicationName>National Post's Financial Post &amp; FP Investing (Canada)</publicationName><edition>All but Toronto Edition</edition><publicationDate day=\"28\" month=\"07\" year=\"2006\"><dateText>July 28, 2006 Friday</dateText></publicationDate><classification classificationScheme=\"publicationtype\"><classificationItem><className>Newspaper</className></classificationItem></classification><classification classificationScheme=\"publicationtype\"><classificationItem><className>Newspapers</className></classificationItem></classification></publicationInfo><classification classificationScheme=\"language\"><classificationItem classificationScheme=\"lang.english\"><className>ENGLISH</className></classificationItem></classification><classification classificationScheme=\"typeofdoc\"><classificationItem><className>Business</className></classificationItem></classification><classificationGroup classificationScheme=\"indexing-terms\"><classification classificationScheme=\"company\"><classificationItem score=\"91\"><classCode>CC0002Q1U</classCode><className>FAIRFAX FINANCIAL HOLDINGS LTD</className></classificationItem><classificationItem score=\"72\"><classCode>CC0002JCC</classCode><className>SCHWEIZERISCHEN RUECKVERSICHERUNGS-GESELLSCHAFT AG (SWISS RE)</className></classificationItem><classificationItem score=\"58\"><classCode>CC00028V0</classCode><className>PRICEWATERHOUSECOOPERS</className></classificationItem></classification><classification classificationScheme=\"industry\"><classificationItem score=\"91\"><className>NAICS524291 CLAIMS ADJUSTING</className></classificationItem><classificationItem score=\"91\"><className>NAICS524130 REINSURANCE CARRIERS</className></classificationItem><classificationItem score=\"91\"><className>NAICS524126 DIRECT PROPERTY &amp; CASUALTY INSURANCE CARRIERS</className></classificationItem><classificationItem score=\"72\"><className>NAICS524113 DIRECT LIFE INSURANCE CARRIERS</className></classificationItem><classificationItem score=\"72\"><className>SIC6311 LIFE INSURANCE</className></classificationItem><classificationItem score=\"58\"><className>NAICS541211 OFFICES OF CERTIFIED PUBLIC ACCOUNTANTS</className></classificationItem><classificationItem score=\"58\"><className>SIC8721 ACCOUNTING, AUDITING, &amp; BOOKKEEPING SERVICES</className></classificationItem></classification><classification classificationScheme=\"ticker\"><classificationItem score=\"91\"><className>FFH (TSX)</className></classificationItem><classificationItem score=\"72\"><className>SREN (SWX)</className></classificationItem></classification></classificationGroup><classificationGroup classificationScheme=\"licensor.indexing-terms\"><classification classificationScheme=\"licensor.subject\"><classificationItem><className>INSURANCE INDUSTRY; STOCKS; CORPORATE FINANCE; CREDIT RATING; FORECASTS; INVESTMENT STRATEGY; FINANCIAL REPORTING; INSIDER TRADING; MANAGEMENT COMPANIES; INTERIM STATEMENT</className></classificationItem></classification></classificationGroup><classificationGroup classificationScheme=\"indexing-terms\"><classification classificationScheme=\"legal\"><classificationItem><className>Business &amp; Corporate Compliance</className><classCode>Z3VpZD11cm46dG9waWM6MUFEMUQ2QTA1OUZCNEE5RjkzNTA2RERFMUNEOTk1RTI7cGFyZW50Z3VpZD0</classCode><classificationItem score=\"50\"><className>Subpoena Power</className><classCode>Z3VpZD11cm46dG9waWM6QTE4QjI1ODQyNUVDNDcyQkFFN0UyQUZCMzJDNjYzRkQ7cGFyZW50Z3VpZD11cm46dG9waWM6NTIwNDgzMTY4QzQ5NDYzOEE0Njg0ODk0QzZBNEZFNUM</classCode></classificationItem></classificationItem><classificationItem><className>Securities Law</className><classCode>Z3VpZD11cm46dG9waWM6RkFFMTQ3ODhCRDYyNDkyN0IwQkEyQzRCRDlFMEM5ODc7cGFyZW50Z3VpZD0</classCode><classificationItem score=\"50\"><className>Subpoena Power</className><classCode>Z3VpZD11cm46dG9waWM6QTE4QjI1ODQyNUVDNDcyQkFFN0UyQUZCMzJDNjYzRkQ7cGFyZW50Z3VpZD11cm46dG9waWM6NDdERUI3MDIyOTIwNDVGMjgzM0IyMUQ5MUYwMkJCRDE</classCode></classificationItem></classificationItem></classification><classification classificationScheme=\"subject\"><classificationItem score=\"91\"><classCode>N551112MM</classCode><className>HOLDING COMPANIES</className><classCode/><className/></classificationItem><classificationItem score=\"91\"><classCode>STX001040</classCode><className>LITIGATION</className><classCode/><className/></classificationItem><classificationItem score=\"91\"><classCode>STX001648</classCode><className>SUITS &amp; CLAIMS</className><classCode/><className/></classificationItem><classificationItem score=\"90\"><classCode>STX000130</classCode><className>AUDITS</className><classCode/><className/></classificationItem><classificationItem score=\"89\"><classCode>STX000542</classCode><className>ANNUAL FINANCIAL RESULTS</className><classCode/><className/></classificationItem><classificationItem score=\"89\"><classCode>STX000369</classCode><className>CONSPIRACY</className><classCode>Z3VpZD11cm46dG9waWM6Q0FGMDkyQTE0NTI1NEUyNkE0NjUxM0E2OTBDQjQ0NUU7cGFyZW50Z3VpZD11cm46dG9waWM6NzZBMzM3QjFDOTcxNENCNzhBNTE0MzVGMzBBMzdERUY</classCode><className>Conspiracy</className></classificationItem><classificationItem score=\"89\"><classCode>STX001943</classCode><className>FINANCIAL PERFORMANCE &amp; REPORTS</className><classCode/><className/></classificationItem><classificationItem score=\"89\"><classCode>ST0009QD4</classCode><className>NEGATIVE BUSINESS NEWS</className><classCode/><className/></classificationItem><classificationItem score=\"89\"><classCode>ST0009FJK</classCode><className>NEGATIVE PERSONAL NEWS</className><classCode/><className/></classificationItem><classificationItem score=\"89\"><classCode>STX001976</classCode><className>SECURITIES &amp; OTHER INVESTMENTS</className><classCode/><className/></classificationItem><classificationItem score=\"89\"><classCode>N926150GM</classCode><className>SECURITIES LAW</className><classCode>Z3VpZD11cm46dG9waWM6RkFFMTQ3ODhCRDYyNDkyN0IwQkEyQzRCRDlFMEM5ODc7cGFyZW50Z3VpZD11cm46dG9waWM6MUFEMUQ2QTA1OUZCNEE5RjkzNTA2RERFMUNEOTk1RTI</classCode><className>Securities</className></classificationItem><classificationItem score=\"89\"><classCode>STX001561</classCode><className>SHAREHOLDERS</className><classCode>Z3VpZD11cm46dG9waWM6NEI2QjYxNjkwMTkzNDhFRUExNjlFRjVFRUU3NDhBQkE7cGFyZW50Z3VpZD11cm46dG9waWM6MDQ3M0RFODczN0I4NDg2RjlFRDNFMUNBODRDQTU0Q0E</classCode><className>Shareholders</className></classificationItem><classificationItem score=\"88\"><classCode>N921100MM</classCode><className>US FEDERAL GOVERNMENT</className><classCode>Z3VpZD11cm46dG9waWM6MkM1MTYwRDE0NkJBNEVFMEIxQjM3RUE2NDRFQUFEODY7cGFyZW50Z3VpZD11cm46dG9waWM6MjdEQjE4OUJDMzQxNDNEMEI0RTI1QUFCMzJENjEwRTA</classCode><className>Federal Government</className></classificationItem><classificationItem score=\"84\"><classCode>STX001640</classCode><className>SUBPOENAS</className><classCode/><className/></classificationItem><classificationItem score=\"78\"><classCode>STX000340</classCode><className>COMPANY EARNINGS</className><classCode/><className/></classificationItem><classificationItem score=\"78\"><classCode>STX000341</classCode><className>COMPANY LOSSES</className><classCode/><className/></classificationItem><classificationItem score=\"78\"><classCode>ST000DLBG</classCode><className>CORPORATE FINANCE</className><classCode/><className/></classificationItem><classificationItem score=\"78\"><classCode>ST000D4JV</classCode><className>CRIMINAL INVESTIGATIONS</className><classCode/><className/></classificationItem><classificationItem score=\"78\"><classCode>STX000717</classCode><className>FINANCIAL RESTATEMENTS</className><classCode/><className/></classificationItem><classificationItem score=\"78\"><classCode>N525910EE</classCode><className>HEDGE FUNDS</className><classCode>Z3VpZD11cm46dG9waWM6QkY2N0Y5NDExMUY3NEE0NEJERkNDM0ZCNzIxRUU3OTg7cGFyZW50Z3VpZD11cm46dG9waWM6NEZBNjUwRkEwQjJGNDgzQzlEMzMyNEE1RDAyOTY4RkE</classCode><className>Hedge Funds</className></classificationItem><classificationItem score=\"78\"><classCode>STX000944</classCode><className>INTERIM FINANCIAL RESULTS</className><classCode/><className/></classificationItem><classificationItem score=\"78\"><classCode>STX000969</classCode><className>INVESTIGATIONS</className><classCode/><className/></classificationItem><classificationItem score=\"78\"><classCode>ST000CZTI</classCode><className>STOCK PRICES</className><classCode/><className/></classificationItem><classificationItem score=\"78\"><classCode>STX001826</classCode><className>WEATHER</className><classCode/><className/></classificationItem><classificationItem score=\"73\"><classCode>ST000D1BY</classCode><className>EXECUTIVES</className><classCode/><className/></classificationItem><classificationItem score=\"73\"><classCode>STX000924</classCode><className>INSIDER TRADING</className><classCode>Z3VpZD11cm46dG9waWM6OEI5MDhDNzIzREUxNDczRjkyNDlDQUQ0NTY4REJBNzU7cGFyZW50Z3VpZD11cm46dG9waWM6QzI0MUY3RDMxMTg0NDQxNzlGRTk4NTEzM0IyNDhFODQ</classCode><className>Insider Trading</className></classificationItem><classificationItem score=\"65\"><classCode>ST000DJX1</classCode><className>FEDERAL INVESTIGATIONS</className><classCode/><className/></classificationItem><classificationItem score=\"64\"><classCode>ST0009F7U</classCode><className>HURRICANES</className><classCode/><className/></classificationItem><classificationItem score=\"60\"><classCode>ST0009R5P</classCode><className>HURRICANE KATRINA</className><classCode/><className/></classificationItem><classificationItem score=\"60\"><classCode>N922130TM</classCode><className>PUBLIC PROSECUTORS</className><classCode/><className/></classificationItem></classification><classification classificationScheme=\"industry\"><classificationItem score=\"92\"><classCode>N541211GM</classCode><className>ACCOUNTING</className><classCode/><className/></classificationItem><classificationItem score=\"92\"><classCode>N524000CC</classCode><className>INSURANCE</className><classCode/><className/></classificationItem><classificationItem score=\"92\"><classCode>ST000A2VZ</classCode><classCode/><className/></classificationItem><classificationItem score=\"91\"><classCode>STX001888</classCode><className>PROPERTY &amp; CASUALTY INSURANCE</className><classCode>Z3VpZD11cm46dG9waWM6Q0IxRTFGMjc4NUEzNDI4MEIzMzIxNzNDQTU4NEQwODY7cGFyZW50Z3VpZD11cm46dG9waWM6NTUxRjY2QkZCMjhBNDJENTg2QzJGQUQ1MTAyMEI5RkI</classCode><className>Property Insurance</className></classificationItem><classificationItem score=\"90\"><classCode>N541211MM</classCode><className>ACCOUNTING &amp; AUDITING FIRMS</className><classCode/><className/></classificationItem><classificationItem score=\"90\"><classCode>N524291MM</classCode><className>INSURANCE CLAIMS ADJUSTING</className><classCode/><className/></classificationItem><classificationItem score=\"90\"><classCode>N540000CC</classCode><className>PROFESSIONAL SERVICES</className><classCode/><className/></classificationItem><classificationItem score=\"90\"><classCode>N524130CC</classCode><className>REINSURANCE</className><classCode>Z3VpZD11cm46dG9waWM6NDI3MjQ3NDBDODZENDNCNUJCNzgwNzgwQTBGNDkxRTQ7cGFyZW50Z3VpZD11cm46dG9waWM6NTUxRjY2QkZCMjhBNDJENTg2QzJGQUQ1MTAyMEI5RkI</classCode><className>Reinsurance</className></classificationItem><classificationItem score=\"89\"><classCode>STX001976</classCode><className>SECURITIES &amp; OTHER INVESTMENTS</className><classCode/><className/></classificationItem><classificationItem score=\"89\"><classCode>N926150GM</classCode><className>SECURITIES LAW</className><classCode>Z3VpZD11cm46dG9waWM6RkFFMTQ3ODhCRDYyNDkyN0IwQkEyQzRCRDlFMEM5ODc7cGFyZW50Z3VpZD11cm46dG9waWM6MUFEMUQ2QTA1OUZCNEE5RjkzNTA2RERFMUNEOTk1RTI</classCode><className>Securities</className></classificationItem><classificationItem score=\"78\"><classCode>N525910EE</classCode><className>HEDGE FUNDS</className><classCode>Z3VpZD11cm46dG9waWM6QkY2N0Y5NDExMUY3NEE0NEJERkNDM0ZCNzIxRUU3OTg7cGFyZW50Z3VpZD11cm46dG9waWM6NEZBNjUwRkEwQjJGNDgzQzlEMzMyNEE1RDAyOTY4RkE</classCode><className>Hedge Funds</className></classificationItem><classificationItem score=\"78\"><classCode>ST00096SY</classCode><className>INVESTOR RELATIONS</className><classCode/><className/></classificationItem><classificationItem score=\"78\"><classCode>ST000CZTI</classCode><className>STOCK PRICES</className><classCode/><className/></classificationItem><classificationItem score=\"77\"><classCode>N541219GM</classCode><className>BOOKKEEPING &amp; PAYROLL SERVICES</className><classCode/><className/></classificationItem><classificationItem score=\"76\"><classCode>N524130KM</classCode><className>FINANCIAL REINSURANCE</className><classCode/><className/></classificationItem><classificationItem score=\"73\"><classCode>STX000924</classCode><className>INSIDER TRADING</className><classCode>Z3VpZD11cm46dG9waWM6OEI5MDhDNzIzREUxNDczRjkyNDlDQUQ0NTY4REJBNzU7cGFyZW50Z3VpZD11cm46dG9waWM6QzI0MUY3RDMxMTg0NDQxNzlGRTk4NTEzM0IyNDhFODQ</classCode><className>Insider Trading</className></classificationItem><classificationItem score=\"58\"><classCode>ST00629349</classCode><className>CREDIT RATINGS</className><classCode/><className/></classificationItem><classificationItem score=\"50\"><classCode>ST000CP14</classCode><className>CONFERENCE CALLS</className><classCode/><className/></classificationItem></classification><classification classificationScheme=\"country\"><classificationItem score=\"79\"><classCode>GC343</classCode><className>UNITED STATES</className><classCode/><className/></classificationItem></classification></classificationGroup></metadata></articleDoc></content></entry>"}