{"prediction_class": "Regulatory Breaches Tax Evasion Smuggling of goods", "prediction_score": "0.99", "name": "Fairfax Financial", "title": "Top News Advisory for Friday, Aug. 1, 2014;Top News Advisory", "published": "2014-08-01T00:00:00Z", "updated": "2020-11-16T08:26:58Z", "cleaned_article": "[TITLE] Top News Advisory for Friday, Aug. 1, 2014;Top News Advisory [TITLE] \n\nPrem Watsa faces regulator investigation Fairfax-Financial TORONTO - Billionaire investor Prem Watsa is facing an investigation by Quebec's securities regulator over possible insider trading or tipping.Fairfax Financial (TSX:FFX) disclosed the information in filings for its latest financial results. ___ GM Canada restores some retirement benefits", "raw_cleaned_article": "<h2>Top News Advisory for Friday, Aug. 1, 2014;Top News Advisory</h2><p>Prem Watsa faces regulator investigation Fairfax-Financial <b>TORONTO - Billionaire investor Prem Watsa is facing an investigation by Quebec's securities regulator over possible insider trading or tipping.Fairfax Financial (TSX:FFX) disclosed the information in filings for its latest financial results.</b> ___ GM Canada restores some retirement benefits</p>", "original_content": "<entry xmlns=\"http://www.w3.org/2005/Atom\"><id>urn:contentItem:5CT2-V1B1-JBVR-32RC-00000-00</id><title>Top News Advisory for Friday, Aug. 1, 2014;Top News Advisory</title><published>2014-08-01T00:00:00Z</published><updated>2020-11-16T08:26:58Z</updated><author><name>LexisNexis</name></author><content type=\"application/xml\"><!--Transformation version 1.23--><articleDoc xmlns=\"\" xmlns:xsi=\"http://www.w3.org/2001/XMLSchema-instance\" xsi:noNamespaceSchemaLocation=\"http://www.lexisnexis.com/xmlschemas/content/public/articledoc/1/\" schemaVersion=\"1.8\" xml:lang=\"en\"><articleDocHead><itemInfo><sourceSectionInfo><positionSection>ADVISORIES,NATIONAL</positionSection></sourceSectionInfo></itemInfo></articleDocHead><nitf:body xmlns:nitf=\"http://iptc.org/std/NITF/2006-10-18/\"><nitf:body.head><nitf:hedline><nitf:hl1>Top News Advisory for Friday, Aug. 1, 2014</nitf:hl1><nitf:hl2>Top News Advisory</nitf:hl2></nitf:hedline><nitf:byline><nitf:byttl>The Canadian Press</nitf:byttl></nitf:byline></nitf:body.head><nitf:body.content><bodyText><p nitf:lede=\"true\">Friday, Aug. 1</p><p nitf:lede=\"true\">3:15 a.m.</p><p nitf:lede=\"true\">Here are the latest Top News stories from The Canadian Press. All times are Eastern unless otherwise stated. Coverage plans are included when available. Entries are subject to change. Contact the National Desk at 416-507-2150.</p><p nitf:lede=\"true\">___</p><p nitf:lede=\"true\">TOP NEWS: GAZA, ISRAEL</p><p nitf:lede=\"true\">62 killed in Gaza; Israeli soldier feared captured</p><p nitf:lede=\"true\">ML-Israel-Palestinians</p><p>GAZA - Israeli forces, backed by heavy tank fire and airstrikes, moved deeper into southern Gaza late Friday in search of a soldier apparently captured in a clash with Hamas militants earlier in the day. At least 62 Palestinians and two Israeli soldiers were killed in the fierce fighting that quickly shattered a U.S.-brokered cease-fire.The truce collapsed less than two hours after it began. The Israeli Cabinet held a rare session after the start of the Jewish Sabbath on Friday evening to weigh options, including whether to expand the 25-day-old operation against Hamas. PHOTO.</p><p>See also:</p><p>US-Obama-Mideast (Obama calls for release of Israeli soldier in Gaza)</p><p>TOP NEWS: OTHER NEWS:</p><p>Hackers 'constantly probing' federal computers</p><p>NRC-Computers-Hacked</p><p>OTTAWA - The head of Canada's electronic spy agency says malicious hackers are \"constantly probing\" federal computer systems so they can break in and steal valuable information.</p><p>___</p><p>Liberal fundraising momentum stalls</p><p>Party-Fundraising</p><p>OTTAWA - The federal Liberal party appears to have lost some of its fundraising momentum while the New Democrats are gaining ground.Newly released fundraising numbers, called \"scary\" by the Liberals' fundraising director, show the party raked in more than $2.8 million in the second quarter of this year. Will be writethru</p><p>___</p><p>Canadian agency upgrades travel warning</p><p>Ebola-Cda</p><p>OTTAWA - Health officials are telling Canadians to avoid travel to three African countries hit hard by an outbreak of Ebola virus.The Public Health Agency of Canada says the recommendation that Canadians avoid all non-essential travel to Guinea, Liberia and Sierra Leone is in line with an advisory issued by the United States. PHOTO.</p><p>___</p><p>Accused to stand trial in Saunders death</p><p>Saunders-Homicide</p><p>HALIFAX - Two young people accused of killing a university student in Halifax earlier this year have been committed to stand trial for first-degree murder.Provincial court Judge Anne Derrick said Friday there is enough evidence to proceed with the charges against Blake Leggette, 26, and his 28-year-old girlfriend, Victoria Henneberry. PHOTO. Moves Atlantic and National, please guard against duplication.</p><p>___</p><p>Nelson Hart to learn fate next week: Crown</p><p>SCOC-NL-Hart</p><p>ST. JOHN'S - The Crown will confirm in court next week whether a Newfoundland man convicted of drowning his twin daughters after a so-called Mr. Big police sting will face a new trial. Crown prosecutor Frances Knickle says Nelson Hart will appear Tuesday in provincial Supreme Court in Gander, N.L. Moves National and Atlantic; please guard against duplication.</p><p>___</p><p>Ottawa man faces 181 charges in cyberbully case</p><p>Cyber-Bullying</p><p>OTTAWA - An Ottawa man faces 181 charges after police say 38 people in Canada and other countries were subjected to cyberbullying and harassment over a 12-year period.Eighteen of the alleged victims are Ottawa residents while the others are from elsewhere in Canada, the United States and the United Kingdom, Ottawa police said Friday.___</p><p>__</p><p>Prem Watsa faces regulator investigation</p><p>Fairfax-Financial</p><p>TORONTO - Billionaire investor Prem Watsa is facing an investigation by Quebec's securities regulator over possible insider trading or tipping.Fairfax Financial (TSX:FFX) disclosed the information in filings for its latest financial results.</p><p>___</p><p>GM Canada restores some retirement benefits</p><p>GM-Canada-Settlement</p><p>TORONTO - General Motors of Canada Ltd. has agreed to pay $9 million and restore most retirement benefits to nearly 3,300 salaried and executive retirees.The proposed settlement will settle a lawsuit launched on behalf of the retirees, who saw their health and life insurance benefits cut or eliminated by GM when the automaker began major restructuring in 2008 and 2009. PHOTO. Moves Business and National</p><p>___</p><p>WHO: Ebola moving faster than control efforts</p><p>AF-West-Africa-Ebola</p><p>CONAKRY - An Ebola outbreak that has killed more than 700 people in West Africa is moving faster than efforts to control the disease, the head of the World Health Organization warned as presidents from the affected countries met Friday in Guinea's capital.Dr. Margaret Chan, the WHO's director-general, said the meeting in Conakry \"must be a turning point\" in the battle against Ebola, which is now sickening people in three African capitals for the first time in history. PHOTO.</p><p>___</p><p>Ukraine: Investigators start jet crash site search</p><p>EU-Ukraine</p><p>HRABOVE - With the sound of artillery blasts at a distance, 70 international investigators arrived Friday at the eastern Ukraine site where Malaysia Airlines Flight 17 crashed and started recovering the remains of as many as 80 victims that have been lying in farm fields for two weeks.Several hours before they arrived, at least 10 Ukrainian soldiers were killed when their convoy was ambushed by pro-Russian separatist rebels in a town close to the wreckage site. Thirteen more soldiers were unaccounted for after the attack, officials said, and the bodies of four more people were being examined to determine whether they were soldiers or rebels. PHOTO.</p><p>___</p><p>Tunisia closes borders with Libya after violence</p><p>ML-Libya</p><p>RAS AJDIR - Tunisia closed its main border crossing with Libya on Friday after thousands of stranded Egyptian and foreign nationals, fleeing militias' fighting and violence in Libya, tried to break through the passage, the Tunisian news agency said.It was the second eruption of unrest at the border in as many days, as thousands of Libyans stream into neighbouring Tunisia, along with foreign nationals. Tunisia is the only escape route as fighting escalates in the Libyan capital, Tripoli, where rival militias have been battling for weeks for control over the airport. PHOTO.</p><p>___</p><p>Evacuees return after Taiwan gas explosions</p><p>AS-Taiwan-Gas-Explosions</p><p>KAOHSIUNG - Hundreds of people who fled from gas pipeline explosions in Taiwan's second-largest city returned to their homes Friday after authorities said there was no more risk of blasts like the series that ripped apart streets overnight, killing 26 people and injuring 267.With clean-up work underway in the 2-square kilometre (1-square mile) area, investigators were turning to the task of determining the cause of the blasts, the industrial city's worst such disaster in 16 years. PHOTO.</p><p>___</p><p>FAA places new restrictions on flights over Iraq</p><p>US-FAA-Iraq-Restricted-Flights</p><p>WASHINGTON - The Federal Aviation Administration is restricting U.S. airlines from flying at or below 30,000 feet over Iraq because of what it calls \"the potentially hazardous situation created by the armed conflict\" there. The agency already had restricted flights in Iraqi air space to a 20,000-foot minimum.</p><p>___</p></bodyText></nitf:body.content></nitf:body><metadata><dc:metadata xmlns:dc=\"http://purl.org/dc/elements/1.1/\"><dc:identifier identifierScheme=\"DOC-ID\">CAPRSS-2DAD5A051064424DB82E891290F8DA93</dc:identifier><dc:source sourceScheme=\"royaltyReportingKey\">CAPRSS2014</dc:source><dc:identifier identifierScheme=\"PGUID\">urn:contentItem:5CT2-V1B1-JBVR-32RC-00000-00</dc:identifier><dc:source sourceScheme=\"productContentSetIdentifier\">253760</dc:source><dc:date dateType=\"last-updated\">2015-01-09</dc:date></dc:metadata><wordCount number=\"1158\"/><timeReceived>03:11 PM EST</timeReceived><publicationInfo><copyright>Copyright 2014 The Canadian Press All Rights Reserved</copyright><publicationName>Canadian Press</publicationName><publicationLogo><logo><inlineObject><locator><locatorKey><keyName name=\"object-key\"/><keyValue value=\"20815\"/></locatorKey><locatorParameters><parameter name=\"object-type\" value=\"201\"/><parameter name=\"object-smi\" value=\"LOGOS\"/><parameter name=\"componentseq\" value=\"1\"/></locatorParameters></locator></inlineObject></logo></publicationLogo><publicationDate day=\"01\" month=\"08\" year=\"2014\"><dateText>August 1, 2014 Friday</dateText></publicationDate><classification classificationScheme=\"publicationtype\"><classificationItem><className>Newswire</className></classificationItem></classification><classification classificationScheme=\"publicationtype\"><classificationItem><className>Newswires &amp; Press Releases</className></classificationItem></classification></publicationInfo><classification classificationScheme=\"language\"><classificationItem classificationScheme=\"lang.english\"><className>ENGLISH</className></classificationItem></classification><classification classificationScheme=\"typeofdoc\"><classificationItem><className>news</className></classificationItem></classification><classificationGroup classificationScheme=\"indexing-terms\"><classification classificationScheme=\"organization\"><classificationItem score=\"83\"><classCode>ST000CUUD</classCode><className>HAMAS</className></classificationItem></classification></classificationGroup><classificationGroup classificationScheme=\"licensor.indexing-terms\"><classification classificationScheme=\"licensor.subject\"><classificationItem><className>Advisories</className></classificationItem><classificationItem><className>National</className></classificationItem></classification></classificationGroup><classificationGroup classificationScheme=\"indexing-terms\"><classification classificationScheme=\"legal\"><classificationItem><className>Transportation Law</className><classCode>Z3VpZD11cm46dG9waWM6RTYzRTk5RDVBQkQ2NDcwQzk2NTU3ODQ5OEE3NDlBNzk7cGFyZW50Z3VpZD0</classCode><classificationItem score=\"50\"><className>Authorities &amp; Powers</className><classCode>Z3VpZD11cm46dG9waWM6MUYyNzI0REEwMTVBNDJEMzhFRTUzMzY3MzhGODYwNkM7cGFyZW50Z3VpZD11cm46dG9waWM6RDZGNjM4QjAzNjZENDdBRDg1QUQ2MUNCNEUwNjRENDA</classCode></classificationItem><classificationItem score=\"50\"><className>General Overview</className><classCode>Z3VpZD11cm46dG9waWM6RkRFQThDMzMxOERGNEE3QzlCOUE4NzI3N0UxMERFMEU7cGFyZW50Z3VpZD11cm46dG9waWM6RDZGNjM4QjAzNjZENDdBRDg1QUQ2MUNCNEUwNjRENDA</classCode></classificationItem></classificationItem></classification><classification classificationScheme=\"subject\"><classificationItem score=\"91\"><classCode>ST000D17D</classCode><className>NEWS BRIEFS</className><classCode/><className/></classificationItem><classificationItem score=\"91\"><classCode>STX001814</classCode><className>WAR &amp; CONFLICT</className><classCode/><className/></classificationItem><classificationItem score=\"90\"><classCode>ST0008ZGX</classCode><className>CYBERCRIME</className><classCode/><className/></classificationItem><classificationItem score=\"90\"><classCode>STX000350</classCode><className>COMPUTER CRIME</className><classCode>Z3VpZD11cm46dG9waWM6NUZBMUY1NEJCRTYyNEU2NDgwMzk4QzhBOTBEMTk1MDU7cGFyZW50Z3VpZD11cm46dG9waWM6REE3RUI5RUNDMTgyNDU3Rjk2QUMwOTVBOUI1NDNFOTY</classCode><className>Computer Crimes</className></classificationItem><classificationItem score=\"90\"><classCode>ST000CUUD</classCode><className>HAMAS</className><classCode/><className/></classificationItem><classificationItem score=\"89\"><classCode>ST0009FJK</classCode><className>NEGATIVE PERSONAL NEWS</className><classCode/><className/></classificationItem><classificationItem score=\"89\"><classCode>STX001182</classCode><className>MURDER</className><classCode>Z3VpZD11cm46dG9waWM6NjQ5ODg4NkU4QzRDNDhFMDkzQTg0QkMxMjVBMzQyRjY7cGFyZW50Z3VpZD11cm46dG9waWM6MEY2MzZGQUY0QTIzNDk2MjkxNEQwRDBCQzc1M0RFNTY</classCode><className>Murder</className></classificationItem><classificationItem score=\"89\"><classCode>STX002145</classCode><className>VIRUSES</className><classCode/><className/></classificationItem><classificationItem score=\"89\"><classCode>ST000DFZ6</classCode><className>EBOLA VIRUS DISEASE</className><classCode/><className/></classificationItem><classificationItem score=\"89\"><classCode>STX000769</classCode><className>FUNDRAISING</className><classCode/><className/></classificationItem><classificationItem score=\"89\"><classCode>STX000865</classCode><className>HOMICIDE</className><classCode>Z3VpZD11cm46dG9waWM6MEY2MzZGQUY0QTIzNDk2MjkxNEQwRDBCQzc1M0RFNTY7cGFyZW50Z3VpZD11cm46dG9waWM6REE3RUI5RUNDMTgyNDU3Rjk2QUMwOTVBOUI1NDNFOTY</classCode><className>Homicide, Manslaughter &amp; Murder</className></classificationItem><classificationItem score=\"87\"><classCode>ST00097CI</classCode><className>HEALTH DEPARTMENTS</className><classCode/><className/></classificationItem><classificationItem score=\"85\"><classCode>STX000912</classCode><className>INFECTIOUS DISEASE</className><classCode/><className/></classificationItem><classificationItem score=\"76\"><classCode>STX001932</classCode><className>CRIME, LAW ENFORCEMENT &amp; CORRECTIONS</className><classCode/><className/></classificationItem><classificationItem score=\"74\"><classCode>ST000DM6W</classCode><className>CEASEFIRES</className><classCode/><className/></classificationItem><classificationItem score=\"72\"><classCode>ST00099LS</classCode><className>JEWS &amp; JUDAISM</className><classCode/><className/></classificationItem><classificationItem score=\"71\"><classCode>STX001880</classCode><className>PUBLIC HEALTH</className><classCode/><className/></classificationItem><classificationItem score=\"71\"><classCode>ST0009FZ2</classCode><className>MALICIOUS SOFTWARE</className><classCode/><className/></classificationItem><classificationItem score=\"71\"><classCode>ST000DN6R</classCode><className>PUBLIC OFFICIALS</className><classCode/><className/></classificationItem><classificationItem score=\"70\"><classCode>N813940MM</classCode><className>POLITICAL PARTIES</className><classCode/><className/></classificationItem><classificationItem score=\"69\"><classCode>N923120CC</classCode><className>PUBLIC HEALTH ADMINISTRATION</className><classCode/><className/></classificationItem><classificationItem score=\"67\"><classCode>STX001761</classCode><className>TROPICAL DISEASES</className><classCode/><className/></classificationItem><classificationItem score=\"66\"><classCode>ST000DM3E</classCode><className>DATA THEFT</className><classCode/><className/></classificationItem><classificationItem score=\"65\"><classCode>STX000649</classCode><className>ESPIONAGE</className><classCode/><className/></classificationItem><classificationItem score=\"65\"><classCode>ST000A4JU</classCode><className>CRIMINAL CONVICTIONS</className><classCode/><className/></classificationItem><classificationItem score=\"65\"><classCode>STX000984</classCode><className>JUDGES</className><classCode>Z3VpZD11cm46dG9waWM6OTg1QUIzNkIwNzk5NDQ4NzhGMDdDQjVGNEYyRjY5OTI7cGFyZW50Z3VpZD11cm46dG9waWM6NURENzJGNTEyQzM0NEREQUI2RkVCRTM4RTc1RTZBREU</classCode><className>Judges</className></classificationItem><classificationItem score=\"64\"><classCode>ST0009HPZ</classCode><className>STUDENTS &amp; STUDENT LIFE</className><classCode/><className/></classificationItem><classificationItem score=\"63\"><classCode>N922110CC</classCode><className>LAW COURTS &amp; TRIBUNALS</className><classCode/><className/></classificationItem><classificationItem score=\"60\"><classCode>N922130TM</classCode><className>PUBLIC PROSECUTORS</className><classCode/><className/></classificationItem><classificationItem score=\"55\"><classCode>N928110MM</classCode><className>ARMED FORCES</className><classCode>Z3VpZD11cm46dG9waWM6M0M2RDE1RTlBNDk4NDkxRDlBMTkwQ0JCNERDNTA5NUY7cGFyZW50Z3VpZD11cm46dG9waWM6NzM1OUEyRDNERTdENEU2MTk3RTlCNEJCRUY0NjRGRjQ</classCode><className>Armed Forces</className></classificationItem><classificationItem score=\"50\"><classCode>ST0009ZCS</classCode><className>TWINS &amp; MULTIPLE BIRTHS</className><classCode/><className/></classificationItem></classification><classification classificationScheme=\"industry\"><classificationItem score=\"90\"><classCode>ST0008ZGX</classCode><className>CYBERCRIME</className><classCode/><className/></classificationItem><classificationItem score=\"90\"><classCode>STX000350</classCode><className>COMPUTER CRIME</className><classCode>Z3VpZD11cm46dG9waWM6NUZBMUY1NEJCRTYyNEU2NDgwMzk4QzhBOTBEMTk1MDU7cGFyZW50Z3VpZD11cm46dG9waWM6REE3RUI5RUNDMTgyNDU3Rjk2QUMwOTVBOUI1NDNFOTY</classCode><className>Computer Crimes</className></classificationItem><classificationItem score=\"87\"><classCode>ST00097CI</classCode><className>HEALTH DEPARTMENTS</className><classCode/><className/></classificationItem><classificationItem score=\"78\"><classCode>STX001756</classCode><className>TRAVEL WARNINGS</className><classCode/><className/></classificationItem><classificationItem score=\"71\"><classCode>STX000353</classCode><className>COMPUTER NETWORK SECURITY</className><classCode/><className/></classificationItem><classificationItem score=\"71\"><classCode>ST0009FZ2</classCode><className>MALICIOUS SOFTWARE</className><classCode/><className/></classificationItem><classificationItem score=\"66\"><classCode>ST000DM3E</classCode><className>DATA THEFT</className><classCode/><className/></classificationItem><classificationItem score=\"55\"><classCode>N928110MM</classCode><className>ARMED FORCES</className><classCode>Z3VpZD11cm46dG9waWM6M0M2RDE1RTlBNDk4NDkxRDlBMTkwQ0JCNERDNTA5NUY7cGFyZW50Z3VpZD11cm46dG9waWM6NzM1OUEyRDNERTdENEU2MTk3RTlCNEJCRUY0NjRGRjQ</classCode><className>Armed Forces</className></classificationItem></classification><classification classificationScheme=\"city\"><classificationItem score=\"90\"><classCode>GX059</classCode><className>HALIFAX, NS, CANADA</className><classCode/><className/></classificationItem><classificationItem score=\"89\"><classCode>GX052</classCode><className>OTTAWA, ON, CANADA</className><classCode/><className/></classificationItem><classificationItem score=\"71\"><classCode>GX058</classCode><className>SAINT JOHN'S, NL, CANADA</className><classCode/><className/></classificationItem></classification><classification classificationScheme=\"state\"><classificationItem score=\"79\"><classCode>GS171</classCode><className>NEWFOUNDLAND &amp; LABRADOR, CANADA</className><classCode/><className/></classificationItem></classification><classification classificationScheme=\"country\"><classificationItem score=\"97\"><classCode>GC339</classCode><className>CANADA</className><classCode/><className/></classificationItem><classificationItem score=\"97\"><classCode>GC333</classCode><className>ISRAEL</className><classCode/><className/></classificationItem><classificationItem score=\"95\"><classCode>GC701</classCode><className>STATE OF PALESTINE</className><classCode/><className/></classificationItem><classificationItem score=\"79\"><classCode>GC374</classCode><className>LIBERIA</className><classCode/><className/></classificationItem><classificationItem score=\"79\"><classCode>GC391</classCode><className>GUINEA</className><classCode/><className/></classificationItem><classificationItem score=\"79\"><classCode>GC343</classCode><className>UNITED STATES</className><classCode/><className/></classificationItem><classificationItem score=\"79\"><classCode>GC557</classCode><className>SIERRA LEONE</className><classCode/><className/></classificationItem><classificationItem score=\"78\"><classCode>GR132</classCode><className>MIDDLE EAST</className><classCode/><className/></classificationItem><classificationItem score=\"67\"><classCode>GT111</classCode><className>AFRICA</className><classCode/><className/></classificationItem></classification></classificationGroup></metadata></articleDoc></content></entry>"}