{"prediction_class": "Regulatory Breaches Tax Evasion Smuggling of goods", "prediction_score": "0.97", "name": "Fairfax Financial", "title": "Canada: Trends In Canadian Securities Class Actions: 2011 Update - Pace Of Filings Grows, Pace Of Settlements Slows", "published": "2012-02-07T00:00:00Z", "updated": "2020-11-16T08:27:24Z", "cleaned_article": "[TITLE] Canada: Trends In Canadian Securities Class Actions: 2011 Update - Pace Of Filings Grows, Pace Of Settlements Slows [TITLE] \n\nMorrison, infra n4. The likely impact of Morrison on cross-border shareholder class actions, including those involving companies domiciled in Canada, Europe, and other countries, is discussed in more detail in Elaine Buckberg and Max Gulker, \"Cross-Border Shareholder Class Actions Before and After Morrison,\" NERA Economic Consulting Working Paper, 16 December 2011. Indeed, in 2011 five Canadian-domiciled companies were named as defendants in six securities class action filings in the US, up from the three cases filed in each of 2009 and 2010 but less than the eight cases filed in 2008.17Our US database records multiple filings where actions are filed against the same defendant in more than one federal court circuit (unless they are subsequently consolidated). The 2011 filings against Canadian companies include the cross-border case against SMART Technologies-with one filing in each of the 7th and 9th US circuit courts in addition to the filing in Ontario. Other Canadian companies named as defendants in US cases during 2011 include Research in Motion, Fairfax Financial, Agnico-Eagle Mines, and Oilsands Quest Inc. Our US database records multiple filings where actions are filed against the same defendant in more than one federal court circuit (unless they are subsequently consolidated). Since 1997, Canadian-domiciled companies have been named as defendants in 74 US securities class action filings. Of these, 21 (28%) also had parallel class actions in Canada.18This figure does not include other cross-border cases involving defendants who are not Canadian-domiciled companies. However, prior to the Bill 198 amendments to the OSA, there were few Canadian securities class actions. Since those amendments came into force at the end of 2005, 46% of the 26 US filings against Canadian-domiciled companies also had parallel class actions in Canada. See Figure 3.", "raw_cleaned_article": "<h2>Canada: Trends In Canadian Securities Class Actions: 2011 Update - Pace Of Filings Grows, Pace Of Settlements Slows</h2><p>Morrison, infra n4. The likely impact of Morrison on cross-border shareholder class actions, including those involving companies domiciled in Canada, Europe, and other countries, is discussed in more detail in Elaine Buckberg and Max Gulker, \"Cross-Border Shareholder Class Actions Before and After Morrison,\" NERA Economic Consulting Working Paper, 16 December 2011. <b>Indeed, in 2011 five Canadian-domiciled companies were named as defendants in six securities class action filings in the US, up from the three cases filed in each of 2009 and 2010 but less than the eight cases filed in 2008.17Our US database records multiple filings where actions are filed against the same defendant in more than one federal court circuit (unless they are subsequently consolidated). The 2011 filings against Canadian companies include the cross-border case against SMART Technologies-with one filing in each of the 7th and 9th US circuit courts in addition to the filing in Ontario. Other Canadian companies named as defendants in US cases during 2011 include Research in Motion, Fairfax Financial, Agnico-Eagle Mines, and Oilsands Quest Inc.</b> Our US database records multiple filings where actions are filed against the same defendant in more than one federal court circuit (unless they are subsequently consolidated). Since 1997, Canadian-domiciled companies have been named as defendants in 74 US securities class action filings. Of these, 21 (28%) also had parallel class actions in Canada.18This figure does not include other cross-border cases involving defendants who are not Canadian-domiciled companies. However, prior to the Bill 198 amendments to the OSA, there were few Canadian securities class actions. Since those amendments came into force at the end of 2005, 46% of the 26 US filings against Canadian-domiciled companies also had parallel class actions in Canada. See Figure 3.</p>", "original_content": "<entry xmlns=\"http://www.w3.org/2005/Atom\"><id>urn:contentItem:54X4-MB21-JCF5-V4XC-00000-00</id><title>Canada: Trends In Canadian Securities Class Actions: 2011 Update - Pace Of Filings Grows, Pace Of Settlements Slows</title><published>2012-02-07T00:00:00Z</published><updated>2020-11-16T08:27:24Z</updated><author><name>LexisNexis</name></author><content type=\"application/xml\"><!--Transformation version 1.23--><articleDoc xmlns=\"\" xmlns:xsi=\"http://www.w3.org/2001/XMLSchema-instance\" xsi:noNamespaceSchemaLocation=\"http://www.lexisnexis.com/xmlschemas/content/public/articledoc/1/\" schemaVersion=\"1.8\" xml:lang=\"en\"><articleDocHead><itemInfo/></articleDocHead><nitf:body xmlns:nitf=\"http://iptc.org/std/NITF/2006-10-18/\"><nitf:body.head><nitf:hedline><nitf:hl1>Canada: Trends In Canadian Securities Class Actions: 2011 Update - Pace Of Filings Grows, Pace Of Settlements Slows</nitf:hl1></nitf:hedline></nitf:body.head><nitf:body.content><bodyText><p nitf:lede=\"true\">By Bradley A. Heys and Mark L. Berenblut<footnote><anchor id=\"fnote1\"/><label>1</label><bodyText><p>Brad Heys is a Vice President and Mark Berenblut is a Senior Vice President with NERA Economic Consulting. We thank Vinita Juneja, Robert Staley, and Jake George for helpful comments on earlier drafts. We also thank Jacob Dwhytie and James Mancini for their valuable research assistance with this paper. We gratefully acknowledge the contributions of Svetlana Starykh to this and previous editions of this study. These individuals receive credit for improving this paper. All errors and omissions are our responsibility.</p></bodyText></footnote></p><p nitf:lede=\"true\">Introduction</p><p nitf:lede=\"true\">In 2011 we saw 15 new securities class action cases filed in Canada-more than in any previous year. Only two cases settled during the year, leaving at least 45 active Canadian securities class actions as of 31 December 2011. These cases represent a total of approximately $24.5 billion in outstanding claims.<footnote><anchor id=\"fnote2\"/><label>2</label><bodyText><p>Unless otherwise noted, all dollar amounts are expressed in Canadian dollars. Claim amounts are the total of compensatory and punitive damages expressed in the Statements of Claim for each case.</p></bodyText></footnote></p><p nitf:lede=\"true\">Nine of the 15 new cases are so-called \"Bill 198\" cases, being those which include claims in respect of an issuer's continuous disclosure obligations pursuant to Part XXIII.1 of the Ontario Securities Act (OSA) and/or analogous provisions of the other provincial securities acts.</p><p nitf:lede=\"true\">A total of 35 Bill 198 cases have been filed since these new provisions came into force at the end of 2005. Of these, 24 remain unresolved, 10 have settled, and one has been dismissed. Of the 24 currently active cases, leave to proceed has been granted in two cases. The 10 settlements have resulted in payments by defendants totalling nearly $100 million.</p><p>It now seems beyond question that the uptick in securities class action filings since 2008 is not a transient phenomenon. In each of the last four years we have seen at least nine new cases filed-more than in any prior year. Not surprisingly, this trend has been driven by filings of Bill 198 cases, which account for more than two-thirds of the 46 new cases filed between 2008 and 2011.</p><p>This trend may continue in 2012 and beyond. Upward pressure on the pace of Canadian securities class action filings, and the associated dollar value at risk, may result from:</p><p><list><listItem><bodyText><p>what appears to be continued growth in the Canadian class action bar in terms of both firms and lawyers bringing and defending these cases;</p></bodyText></listItem><listItem><bodyText><p>rulings granting certification and leave of the court in the first few Bill 198 cases to reach that stage;<footnote><anchor id=\"fnote3\"/><label>3</label><bodyText><p>In particular, the rulings in Silver v. Imax Corporation et al., and Dobbie v. Arctic Glacier Income Fund et al.</p></bodyText></footnote></p></bodyText></listItem><listItem><bodyText><p>the success of class counsel in reaching multi-million dollar settlements (and class counsel fee awards); and</p></bodyText></listItem><listItem><bodyText><p>the limits to claims in US courts for non-US investors in non-US stocks making Canada a more attractive venue for these cases.<footnote><anchor id=\"fnote4\"/><label>4</label><bodyText><p>Resulting from the decision in Morrison et al. v. National Australia Bank Ltd. et al., 130 S. Ct. 2869 (2010) [Morrison], and subsequent cases.</p></bodyText></footnote></p></bodyText></listItem></list></p><p>Trends in Filings</p><p>New Cases</p><p>Fifteen new securities class actions were filed in 2011.<footnote><anchor id=\"fnote5\"/><label>5</label><bodyText><p>Our database includes Canadian class actions brought on behalf of a class of investors in securities. This includes class actions brought by investors in shares of reporting issuers, as well as those brought by investors in other securities such as mutual fund units or investment certificates offered by investment managers. In compiling filing data, we have sought information on all unique class actions brought by investors in securities. We report a single filing where multiple causes of action have been commenced in respect of substantially similar facts.</p></bodyText></footnote> This is more than in any prior year and exceeds the previous high of 12 filings in 2008. See Figure 1.<footnote><anchor id=\"fnote6\"/><label>6</label><bodyText><p>The following cases, which were not included in our 2010 update, have been added to our database this year based on information not previously available to us: HMS Financial (filed in 2005), ABC Wilderness (filed in 2007), BigKnowledge (filed in 2008), Mount Real Corp. (filed in 2008), Birch Mountain Resources (filed in 2010), and MacDonald Dettwiler (filed in 2010).</p></bodyText></footnote></p><p><nitf:media nitf:media-type=\"image\"><nitf:media-reference><inlineObject><locator><locatorKey><keyName name=\"object-key\"/><keyValue value=\"163678a\"/></locatorKey><locatorParameters><parameter name=\"object-type\" value=\"201\"/><parameter name=\"object-smi\" value=\"33716\"/><parameter name=\"componentseq\" value=\"1\"/></locatorParameters></locator></inlineObject></nitf:media-reference></nitf:media></p><p>Nine of the 15 new cases in 2011 are Bill 198 cases-one more than the eight Bill 198 cases in 2010. See Figure 2.</p><p><nitf:media nitf:media-type=\"image\"><nitf:media-reference><inlineObject><locator><locatorKey><keyName name=\"object-key\"/><keyValue value=\"163678b\"/></locatorKey><locatorParameters><parameter name=\"object-type\" value=\"201\"/><parameter name=\"object-smi\" value=\"33716\"/><parameter name=\"componentseq\" value=\"1\"/></locatorParameters></locator></inlineObject></nitf:media-reference></nitf:media></p><p>Bill 198 cases filed during 2011 include the claims made against the following issuers:</p><p><list><listItem><bodyText><p>Alange Energy</p></bodyText></listItem><listItem><bodyText><p>Armtec Infrastructure Inc.</p></bodyText></listItem><listItem><bodyText><p>BCE Inc.<footnote><anchor id=\"fnote7\"/><label>7</label><bodyText><p>A new claim was filed in Ontario against BCE Inc. during 2011. This case is separate from the claim filed against the company in 2008 in Saskatchewan.</p></bodyText></footnote></p></bodyText></listItem><listItem><bodyText><p>Canada Lithium Corporation</p></bodyText></listItem><listItem><bodyText><p>Cathay Forest Products</p></bodyText></listItem><listItem><bodyText><p>Eastern Platinum Limited</p></bodyText></listItem><listItem><bodyText><p>North American Palladium</p></bodyText></listItem><listItem><bodyText><p>Sino-Forest Corporation</p></bodyText></listItem><listItem><bodyText><p>Zungui Haixi Corporation</p></bodyText></listItem></list></p><p>Of the six other filings made during 2011, one (against SMART Technologies) is a shareholder class action involving prospectus claims (i.e., those related to the primary, as opposed to secondary, market), one (against Baffinland Iron Mines) is related to a takeover bid, two involve allegations related to the management of investment funds, and two involve allegations of a Ponzi scheme.</p><p>Interestingly, there has been at least one Ponzi scheme case in each of the last four years. Although the absolute number of such cases on its own is too small to suggest a trend, these filings coincide with the recent wave of Ponzi scheme cases south of the border. Those cases, which began with the revelation of the Bernard Madoff scandal in December 2008, appear, at least in part, to have resulted from the challenge to the perpetrators of sustaining such schemes during an economic downturn.<footnote><anchor id=\"fnote8\"/><label>8</label><bodyText><p>Jordan Milev, Robert Patton, Svetlana Starykh, and John Montgomery, \"Recent Trends in Securities Class Action Litigation: 2011 Year-End Review,\" NERA Economic Consulting, 14 December 2011, p3.</p></bodyText></footnote> While at least one of these Canadian cases is related to a well-publicised US Ponzi scheme, most appear to be Canadian-made.<footnote><anchor id=\"fnote9\"/><label>9</label><bodyText><p>A case involving the Stanford Investment Bank derives from one of the largest ever Ponzi schemes, which is the subject of various legal proceedings in the US. Other Canadian Ponzi scheme cases are those relating to Mount Real Corp., Shire International Real Estate Investment Ltd., Earl Jones, Oversea Chinese Fund, and Peers Foster Kristiansen Inc.</p></bodyText></footnote></p><p>Two of the cases filed in 2011 involved claims of $1 billion or more. The filing against Baffinland Iron Mines in relation to its acquisition by ArcelorMittal claims $1 billion in general and special damages to the proposed class members.<footnote><anchor id=\"fnote10\"/><label>10</label><bodyText><p>Peter Rooney and Archie Leach v. Arcelormittal S.A. et al. [Ontario], 18 May 2011.</p></bodyText></footnote> The filings against Sino-Forest claim between approximately $4 billion and $7.4 billion in damages to shareholders (including claims for punitive damages).<footnote><anchor id=\"fnote11\"/><label>11</label><bodyText><p>There have been several claims made against Sino-Forest in Ontario and Quebec with varying class definitions and damage claims, including: Smith, et al. v. Sino-Forest Corporation, et al. [Ontario] ($5.32 billion); Labourers' Pension Fund v. Sino-Forest Corporation, et al. [Ontario] ($7.4 billion); Northwest &amp; Ethical Investments L.P., et al. v. Sino-Forest Corporation, et al. [Ontario] ($5.8 billion); and Liu, et al. v. Sino-Forest Corporation, et al. [Quebec] ($4 billion). We are also aware of a claim filed against Sino-Forest in Saskatchewan in December 2011, but the Statement of Claim has not yet been made available to us.</p></bodyText></footnote></p><p>Filings against Chinese Companies</p><p>One of the major trends that drove filings of securities class actions in the US during 2011 is claims against Chinese companies whose shares are listed on North American exchanges.<footnote><anchor id=\"fnote12\"/><label>12</label><bodyText><p>Infra, n8.</p></bodyText></footnote></p><p>The case against Sino-Forest reflects this new trend and made headlines in both Canada and the US during 2011. In Canada, in addition to the Sino-Forest case, filings were made against two other Chinese companies whose shares trade on the TSX Venture Exchange: Zungui Haixi Corporation and Cathay Forest Products Corp. The filing against Sino-Forest is among the most high-profile of the suits brought against Chinese companies on either side of the border.</p><p>In response to the issues raised with respect to these and other companies, the Ontario Securities Commission announced in July 2011 that it is \"conducting a targeted review of Ontario reporting issuers listed on Canadian exchanges and having significant business operations in emerging markets.\" It noted that its review \"is designed to closely examine the disclosure of certain issuers from those markets and the vehicles through which these companies have accessed the Ontario market...[and] will also focus on the role of the auditors and underwriters.\"<footnote><anchor id=\"fnote13\"/><label>13</label><bodyText><p>\"OSC Commences Emerging Market Issuers Regulatory Review,\" Ontario Securities Commission Press Release, 5 July 2011 (<url normalizedValue=\"http://www.osc.gov.on.ca/en/NewsEvents_nr_20110705_osc-reg-review.htm\">http://www.osc.gov.on.ca/en/NewsEvents_nr_20110705_osc-reg-review.htm</url> ).</p></bodyText></footnote></p><p>Interestingly, the case against Canadian Solar Inc.-which was filed in August 2010-also involves a company with its main place of business and operations located in China, although its shares are listed on the NASDAQ in the US and not on a Canadian exchange. As mentioned last year, this case is the second class action brought under Canadian securities laws against a company whose securities are not listed on a Canadian exchange. The court in that case has, so far, allowed the case against Canadian Solar to proceed, having found that the company is a \"responsible issuer\" as that term is defined under Part XXIII.1 of the OSA.<footnote><anchor id=\"fnote14\"/><label>14</label><bodyText><p>Abdula v. Canadian Solar Inc., 2011 ONSC 5105, Para.47.</p></bodyText></footnote></p><p>Filings by Province</p><p>Not surprisingly, Ontario continues to be the venue for the vast majority of Canadian shareholder class action filings. In 2011, 12 of the 15 new cases were filed in Ontario. Of these new cases filed in Ontario, one was also filed in Quebec and Saskatchewan (Sino-Forest), while another was also filed in Quebec (Armtec). Among the new cases in 2011 without an Ontario filing, two cases were filed only in Quebec, and one case was filed only in Alberta.</p><p>Since 1997, 68 of 89 (or 76%) of the cases currently in our database were filed in Ontario. Of these, 17 also involved parallel filings in other provinces. In that same period, 21 cases have been filed in Quebec and 11 have been filed in Alberta. All cases filed in multiple provinces include at least one filing in Ontario.</p><p>Of the 35 Bill 198 cases filed to date, 33 have been filed in Ontario. Of these, eight were also filed in at least one other province: four in Quebec, one in Quebec and Saskatchewan, one in Quebec and British Columbia (BC), one in BC, and one in Alberta. There have been two Bill 198 cases which were not filed in Ontario-one in each of Quebec and BC.</p><p>The pattern of filing jurisdiction for Ponzi scheme cases differs from Bill 198 cases. Only one Ponzi scheme case has been filed in multiple jurisdictions (Alberta and Ontario), and of the seven other such cases currently in our database, three were filed in Alberta, three in Quebec, and one in Ontario.</p><p>US Securities Class Actions against Canadian Companies</p><p>In last year's Trends update we mentioned that many Canadian companies also face the risk of class action litigation south of the border, and many of these cases correspond to (and some are coordinated with) parallel actions in Canada. We also noted that US litigation risk for Canadian companies may be somewhat reduced following the June 2010 decision by the US Supreme Court in Morrison v. National Australia Bank, which places limits on US private securities litigation relating to trading of securities outside the US.<footnote><anchor id=\"fnote15\"/><label>15</label><bodyText><p>Morrison, infra n4.</p></bodyText></footnote> However, US filings against Canadian-domiciled issuers almost always involve those with securities listed on a US exchange. As such, any impact of Morrison on these cases will likely relate more to the scope of the class and the size of any payments made by defendants (whether by way of settlement or judgment) to resolve the cases than to the number of filings.<footnote><anchor id=\"fnote16\"/><label>16</label><bodyText><p>The likely impact of Morrison on cross-border shareholder class actions, including those involving companies domiciled in Canada, Europe, and other countries, is discussed in more detail in Elaine Buckberg and Max Gulker, \"Cross-Border Shareholder Class Actions Before and After Morrison,\" NERA Economic Consulting Working Paper, 16 December 2011.</p></bodyText></footnote></p><p>Indeed, in 2011 five Canadian-domiciled companies were named as defendants in six securities class action filings in the US, up from the three cases filed in each of 2009 and 2010 but less than the eight cases filed in 2008.<footnote><anchor id=\"fnote17\"/><label>17</label><bodyText><p>Our US database records multiple filings where actions are filed against the same defendant in more than one federal court circuit (unless they are subsequently consolidated).</p></bodyText></footnote> The 2011 filings against Canadian companies include the cross-border case against SMART Technologies-with one filing in each of the 7th and 9th US circuit courts in addition to the filing in Ontario. Other Canadian companies named as defendants in US cases during 2011 include Research in Motion, Fairfax Financial, Agnico-Eagle Mines, and Oilsands Quest Inc.</p><p>Since 1997, Canadian-domiciled companies have been named as defendants in 74 US securities class action filings. Of these, 21 (28%) also had parallel class actions in Canada.<footnote><anchor id=\"fnote18\"/><label>18</label><bodyText><p>This figure does not include other cross-border cases involving defendants who are not Canadian-domiciled companies.</p></bodyText></footnote> However, prior to the Bill 198 amendments to the OSA, there were few Canadian securities class actions. Since those amendments came into force at the end of 2005, 46% of the 26 US filings against Canadian-domiciled companies also had parallel class actions in Canada. See Figure 3.</p><p><nitf:media nitf:media-type=\"image\"><nitf:media-reference><inlineObject><locator><locatorKey><keyName name=\"object-key\"/><keyValue value=\"163678c\"/></locatorKey><locatorParameters><parameter name=\"object-type\" value=\"201\"/><parameter name=\"object-smi\" value=\"33716\"/><parameter name=\"componentseq\" value=\"1\"/></locatorParameters></locator></inlineObject></nitf:media-reference></nitf:media></p><p>To date, 59 of the 74 US filings against Canadian companies since 1997 have been resolved; 19 have been dismissed by US courts and 40 have settled. There are currently 15 active US securities class action filings against Canadian-domiciled companies.<footnote><anchor id=\"fnote19\"/><label>19</label><bodyText><p>Two companies are named in two separate US filings.</p></bodyText></footnote> See Figure 4. Four of these companies-Celestica, IMAX, Manulife Financial, and SMART Technologies-have also been named as defendants in parallel Canadian actions.<footnote><anchor id=\"fnote20\"/><label>20</label><bodyText><p>On 27 January 2012 it was announced that Imax Corp. agreed to pay $12 million to settle the US class action. Stendahl, Max, \"Imax Investors Reel In $12M in Securities Action,\" Law360, 27 January 2012.</p></bodyText></footnote></p><p><nitf:media nitf:media-type=\"image\"><nitf:media-reference><inlineObject><locator><locatorKey><keyName name=\"object-key\"/><keyValue value=\"163678d\"/></locatorKey><locatorParameters><parameter name=\"object-type\" value=\"201\"/><parameter name=\"object-smi\" value=\"33716\"/><parameter name=\"componentseq\" value=\"1\"/></locatorParameters></locator></inlineObject></nitf:media-reference></nitf:media></p><p><nitf:media nitf:media-type=\"image\"><nitf:media-reference><inlineObject><locator><locatorKey><keyName name=\"object-key\"/><keyValue value=\"163678e\"/></locatorKey><locatorParameters><parameter name=\"object-type\" value=\"201\"/><parameter name=\"object-smi\" value=\"33716\"/><parameter name=\"componentseq\" value=\"1\"/></locatorParameters></locator></inlineObject></nitf:media-reference></nitf:media></p><p>Industry Sectors</p><p>More than half of all Canadian securities class action filings to date have been brought against defendants in the financial sector or the energy and non-energy minerals sectors. See Figure 5.</p><p>Filings in 2011 were generally consistent with this historical pattern. Five of the 15 new Canadian securities class actions filed in 2011 were brought against companies in the minerals sectors and four were brought against companies operating in the finance sector. Two were brought against forestry companies-namely, the cases against the two Chinese forestry companies mentioned above, Sino-Forest and Cathay Forest Products.</p><p>Time to Filing</p><p>The time from the end of a proposed class period to the date a claim is first filed continues to vary widely across cases. In 2011, the average time to filing was about 10.5 months from the end of the proposed class period. However, nine cases were filed within six months of the end of the proposed class period and one was filed in just over six months. Four of the cases brought in 2011 were filed more than two years after the end of the proposed class period. The median time to filing for cases filed was significantly lower in 2011 at just under three months, down from approximately 12 months for cases filed in 2010.</p><p>This decline in the median time to filing from 2010 to 2011 may signal a return to the general pattern of faster filings observed since 2007. See Figure 6. As previously reported, between 2003 and 2006 half of all cases were filed within approximately six months of the end of a proposed class period. Since 2007, the median time to filing has fallen to just under four months. Last year we mentioned that it will be interesting to observe whether increasing competition amongst class counsel results in cases being filed more quickly going forward. It is possible that 2010 was an outlier year in terms of time to filing, with five of the 10 cases being filed more than a year after the end of the proposed class period. Although we did see a shorter median time to filing and competition amongst class counsel for carriage of at least two cases (in the cases against Armtec and Sino-Forest) during 2011, there is clearly great variation in the time to filing across cases. In view of this it remains to be seen whether this is a trend that will continue.</p><p><nitf:media nitf:media-type=\"image\"><nitf:media-reference><inlineObject><locator><locatorKey><keyName name=\"object-key\"/><keyValue value=\"163678f\"/></locatorKey><locatorParameters><parameter name=\"object-type\" value=\"201\"/><parameter name=\"object-smi\" value=\"33716\"/><parameter name=\"componentseq\" value=\"1\"/></locatorParameters></locator></inlineObject></nitf:media-reference></nitf:media></p><p>Trends in Resolutions</p><p>Settlements</p><p>Two cases settled in 2011 for total payments by defendants of $58.6 million. This includes the actions against Norbourg Asset Management-which (as noted in last year's update) settled early in 2011 for $55 million-and Redline Communications Group, which settled for $3.6 million.</p><p>The Norbourg settlement, combined with prior recoveries of $31 million from the investor compensation fund of the Autorit\u00e9 des March\u00e9s Financiers (AMF) and $26 million in asset sales and tax refunds, will result in the near-full recovery for the 9,200 victims of what has been described as one of the biggest financial frauds in Canadian history.<footnote><anchor id=\"fnote21\"/><label>21</label><bodyText><p>Marotte, Bertrand, \"Victims of the financial fraud, Quebec's largest ever, reach a $55 million settlement,\" The Globe and Mail, 19 January 2011.</p></bodyText></footnote> Twenty million of the $55 million settlement was paid by the AMF.</p><p>Our database now includes settlement data for 35 Canadian securities class actions. The average settlement across these cases is approximately $110 million, but this figure is heavily skewed by large settlements in the Nortel class actions. The median settlement is $12.5 million.</p><p>Settlement value as a percentage of the total damages claimed (including both claims for compensatory and punitive damages as set out in the Statement of Claim) in these cases averaged 17.5%.<footnote><anchor id=\"fnote22\"/><label>22</label><bodyText><p>Where there is more than one Statement of Claim, we have used the largest total damage claim in calculating settlement percentages.</p></bodyText></footnote> The median settlement value as a percentage of claimed damages is 8.8%.</p><p>Settlements in \"Bill 198\" Cases</p><p>To date, there have been 10 settlements in Bill 198 cases. The average settlement amount in these cases is $10.0 million; the median is $6.2 million-down slightly from the figures we reported last year. On average, these settlements represent approximately 10.7% of the total damages set out in the Statement of Claim. As reported last year, the four cases that also involved parallel US claims settled for an average of approximately $16.9 million, or approximately 12.3%, of total damages claimed. The other six domestic-only cases settled for an average of $5.3 million (or 9.6% of total damages claimed), with three of the six settling for $2.2 million or less.</p><p>Given the small number of settlements to date, it is not clear whether these are indicative of the size of settlements that should be expected in the future. It will be interesting to observe settlement amounts and the factors that seem to influence those amounts as more Bill 198 cases are resolved.</p><p>Denial of Leave to Commence a \"Bill 198\" Action</p><p>In 2011, the Supreme Court of British Columbia denied leave to commence an action against MacDonald, Dettwiler and Associates under Part 16.1 of the BC Securities Act (the analogous provisions to Part XXIII.1 of the OSA). This is the first such application to be heard in BC and the first case in Canada where leave to proceed has been denied. The court declined to grant leave on the basis that all of the material facts alleged occurred prior to the secondary market liability provisions coming into force, the fact that the lead plaintiff did not purchase her shares in the secondary market, and that she did not acquire any shares until after the relevant period.<footnote><anchor id=\"fnote23\"/><label>23</label><bodyText><p>Round v. MacDonald, Dettwiler and Associates Ltd., 2011 BCSC 1416.</p></bodyText></footnote></p><p>Pending Cases</p><p>There are now 45 active Canadian securities class actions as of 31 December 2011. See Figure 7. These cases represent more than $24.5 billion in outstanding claims (including claims for punitive damages).<footnote><anchor id=\"fnote24\"/><label>24</label><bodyText><p>Based on claim amounts for the 38 cases for which the Statement of Claim is available to us.</p></bodyText></footnote> The two largest damage claims are the $10 billion claim against CIBC and the approximately $7.4 billion claim against Sino-Forest. Excluding these cases, the remaining 43 cases represent more than $7.1 billion in claims.</p><p>As we have previously noted, cross-border cases tend to involve larger claim amounts. Indeed, excluding the claim against CIBC, there are six active cross-border cases (approximately 13% of active cases) representing approximately $1.7 billion in claims-nearly one-quarter of the $7.1 billion in total claims excluding the claims against CIBC and Sino-Forest.<footnote><anchor id=\"fnote25\"/><label>25</label><bodyText><p>As noted above, there are four Canadian companies facing cross-border class action claims. In addition, there are two Canadian cases involving non-Canadian companies (AIG and Stanford Investment Bank). The US action against CIBC has been dismissed, although the Canadian case is still pending.</p></bodyText></footnote></p><p>There are 34 active domestic-only securities class actions that have been brought against companies domiciled in Canada. These 34 cases represent total claims of more than $5.3 billion. This amount excludes cross-border cases, cases brought against Chinese companies, and cases brought against companies listed only on a US exchange but alleged to be liable as \"responsible issuers\" as defined in Part XXIII.1 of the OSA.</p><p><nitf:media nitf:media-type=\"image\"><nitf:media-reference><inlineObject><locator><locatorKey><keyName name=\"object-key\"/><keyValue value=\"163678g\"/></locatorKey><locatorParameters><parameter name=\"object-type\" value=\"201\"/><parameter name=\"object-smi\" value=\"33716\"/><parameter name=\"componentseq\" value=\"1\"/></locatorParameters></locator></inlineObject></nitf:media-reference></nitf:media></p><p>Of the 45 active cases, nearly half were filed in the last two years and almost two-thirds were filed within the last three years. See Figure 8.</p><p>Twenty-four of these cases (or 53%) are Bill 198 cases. These cases represent more than $21 billion in total claims.<footnote><anchor id=\"fnote26\"/><label>26</label><bodyText><p>Based on information available for 22 of the 26 active Bill 198 cases.</p></bodyText></footnote> Two of these-the cases against IMAX and Arctic Glacier-have been granted leave to proceed with these claims and have been certified as class actions.<footnote><anchor id=\"fnote27\"/><label>27</label><bodyText><p>A case against Manulife has also been authorized as a class action in Quebec.</p></bodyText></footnote></p><p><nitf:media nitf:media-type=\"image\"><nitf:media-reference><inlineObject><locator><locatorKey><keyName name=\"object-key\"/><keyValue value=\"163678h\"/></locatorKey><locatorParameters><parameter name=\"object-type\" value=\"201\"/><parameter name=\"object-smi\" value=\"33716\"/><parameter name=\"componentseq\" value=\"1\"/></locatorParameters></locator></inlineObject></nitf:media-reference></nitf:media></p><p>Looking Forward</p><p>The number of filings and the total number of outstanding Canadian securities class actions both reached new highs in 2011. The increase in securities class actions filings since 2008 appears to be more than a transient phenomenon: we have seen at least nine new cases filed in each of the last four years-more than in any prior year. Not surprisingly, this trend has been driven by filings of Bill 198 cases.</p><p>This upward trend seems likely to continue at least through 2012. Several factors suggest we are likely to continue to see an increasing number of new cases filed and a shorter time to filing. Among these are future rulings in leave applications, certification motions, trial judgments in Bill 198 cases (and possibly other class action proceedings), and the impact of Morrison on claims in US courts against Canadian companies. It remains to be seen what impact these factors will have on the size of settlements and the point during a litigation at which settlements are reached</p><p>Global Trends:</p><p>Summary of other NERA Studies</p><p>NERA has been analyzing trends in shareholder class action litigation for nearly 20 years, and we publish several studies annually examining class action litigation trends around the world. We produce two reports analyzing US trends each year, as well as annual reports on trends in Australia, Japan, Italy, and Canada. We also produce bi-annual reports on settlement trends in US Securities and Exchange Commission (SEC) enforcement actions, and issued our first report on enforcement actions in the UK in July 2011. This overview summarizes the most recent edition of each of these reports.</p><p>Securities Class Actions: US</p><p>The year-end edition of NERA's semi-annual study of US federal securities class action filings showed that the pace of filings of class actions under federal securities and commodity laws held relatively steady in 2011 as compared to the previous three years. Co-authored by Senior Consultants Dr. Jordan Milev, Robert Patton, and Svetlana Starykh and Senior Vice President Dr. John Montgomery, the study includes data on filings and dismissals through 30 November 2011, and settlements through 31 December 2011. The latest edition showed that filings were projected to reach 232 cases by year's end, broadly in line with levels observed in 2010 (241), in 2009 (218), and in 2008 (245). Filings ultimately totaled 221 in 2011. Suits objecting to a merger or an acquisition accounted for 29% of filings through November 2011, and filings against Chinese companies accounted for approximately 18%.</p><p>While shareholder filings continue to be filed at a relatively steady level as compared to the past three years, there has been a substantial shift in the composition of suits filed. A surge in cases involving Chinese companies listed in the US and in M&amp;A objection suits, along with a waning of credit-crisis cases, has been driving this trend. Filings against foreign-domiciled issuers reached 64 through November 2011, more than double the annual count observed in recent years. This surge in suits is largely attributed to the surge in filings against Chinese companies. Through November 2011, there had been a total of 29 filings against Chinese-domiciled firms. However, this number understates the number of Chinese firms targeted, as not all companies based in China are legally domiciled there. When including Chinese companies that are either domiciled in China or have their principal executive offices in the country, there had been 39 suits against Chinese companies in the first 11 months of 2011.</p><p><nitf:media nitf:media-type=\"image\"><nitf:media-reference><inlineObject><locator><locatorKey><keyName name=\"object-key\"/><keyValue value=\"163678i\"/></locatorKey><locatorParameters><parameter name=\"object-type\" value=\"201\"/><parameter name=\"object-smi\" value=\"33716\"/><parameter name=\"componentseq\" value=\"1\"/></locatorParameters></locator></inlineObject></nitf:media-reference></nitf:media></p><p>SEC Enforcement Actions: US</p><p>The 2011 year-end report from NERA's ongoing analysis of trends in SEC enforcement action settlements finds that the SEC reached a total of 682 settlements in fiscal year 2011 (FY11), almost unchanged from 680 settlements in fiscal year 2010. However, while the total number of FY11 settlements remained relatively constant, there has been a substantial shift in the composition of allegations. Since FY09, Trends authors have observed an increase in settlements with financial services firms for misrepresentations to customers or misappropriation of funds, and an offsetting decrease in settlements relating to public company misstatements.</p><p>The authors-Senior Consultant Dr. Max Gulker, Senior Vice President Dr. Elaine Buckberg, and Vice President Dr. James A. Overdahl-note that the three-year rise in the percentage of SEC settlements involving misrepresentations or misappropriation by financial services firms suggests a shift in the SEC's enforcement focus since the financial crisis began and the Madoff fraud was revealed. These types of settlements accounted for 41.6% of all SEC settlements in FY11, as compared to the FY03-08 average of 23.7%. Illegal offering and market manipulation cases were the second most common in FY11, representing 27.3% of settlements, the highest level since 2005. Public company misstatement settlements continued to decline for a fourth consecutive year, to 10.4% of total settlements, the lowest level since Sarbanes-Oxley was passed.</p><p><nitf:media nitf:media-type=\"image\"><nitf:media-reference><inlineObject><locator><locatorKey><keyName name=\"object-key\"/><keyValue value=\"163678j\"/></locatorKey><locatorParameters><parameter name=\"object-type\" value=\"201\"/><parameter name=\"object-smi\" value=\"33716\"/><parameter name=\"componentseq\" value=\"1\"/></locatorParameters></locator></inlineObject></nitf:media-reference></nitf:media></p><p>Regulatory Enforcement Actions: UK</p><p>In the first edition of this new NERA report examining trends in regulatory enforcement in UK financial markets, Vice President Paul Hinton and Senior Consultant Robert Patton find that UK financial enforcement activity has reached record levels as measured by the number and aggregate amount of fines imposed. However, behind these headline figures is a more nuanced picture. Aside from a handful of recent fines that are among the largest ever imposed, the authors report that the average size of fines has actually declined slightly. The Financial Services Authority (FSA) is imposing more fines than ever before, but not across the board: while enforcement has targeted certain conduct, such as unsuitable investments and mis-selling, market abuse cases against firms remain rare.</p><p>In addition to a detailed analysis of trends since April 2002, the authors provide background on the role of financial penalties in enforcement, discussion of recent developments in enforcement, and a look ahead to expected changes in enforcement policy in the UK. Among other key findings, the report shows that aggregate fines assessed by the FSA rose to \u00a398.6 million in the 2010/2011 fiscal year from \u00a333.3 million in 2009/2010. The number of fines nearly doubled in 2010/11 as compared to the previous year, for both firms and individuals. For individuals, the number of fines assessed in 2010/11 was more than 10 times the average over the six years prior to 2008/09, before the FSA adopted a more assertive enforcement stance. However, it is difficult to predict whether these trends will continue. For example, of the \u00a398.6 million in fines imposed in 2010/11, \u00a364 million was assessed in just four cases. As the circumstances giving rise to the very largest fines are typically idiosyncratic, it is possible that aggregate fines will decline next year absent several of the types of cases that give rise to exceptionally large fines.</p><p><nitf:media nitf:media-type=\"image\"><nitf:media-reference><inlineObject><locator><locatorKey><keyName name=\"object-key\"/><keyValue value=\"163678k\"/></locatorKey><locatorParameters><parameter name=\"object-type\" value=\"201\"/><parameter name=\"object-smi\" value=\"33716\"/><parameter name=\"componentseq\" value=\"1\"/></locatorParameters></locator></inlineObject></nitf:media-reference></nitf:media></p><p>Securities Litigation: Japan</p><p>NERA's latest report from Japan finds that the total number of judgments in securities litigation in Japan increased to a record 56 cases in 2010, up from 39 in 2009. However, despite the record total, the number of cases involving \"misstatement\" allegations in Japan decreased substantially to seven in 2010, from 14 in 2009. Co-authored by Vice President Makoto Ikeya and Consultant Satoru Kishitani, the report notes that the decline in misstatement judgments can largely be attributed to the resolution of several important cases that involved numerous institutional and individual investors-including Livedoor and Seibu Railway.</p><p>In addition, although the number of misstatement judgments declined, the number of regulatory actions by the Securities and Exchange Surveillance Commission (SESC) resulting in monetary penalties for misstatements increased to a record high of 12 in 2010, from nine in 2009. This suggests that the number of misstatement cases may be expected to rise again in the future, as SESC decisions are early indicators of misstatements litigation. The report also notes that broker-customer disputes spiked significantly in 2010, to a record 44 cases-nearly twice the prior year total of 23. Of these cases, 27% or 12, involved unlisted stock trading, the most frequent allegation cited. The report reviews statistics from 1998 through 2010.</p><p><nitf:media nitf:media-type=\"image\"><nitf:media-reference><inlineObject><locator><locatorKey><keyName name=\"object-key\"/><keyValue value=\"163678l\"/></locatorKey><locatorParameters><parameter name=\"object-type\" value=\"201\"/><parameter name=\"object-smi\" value=\"33716\"/><parameter name=\"componentseq\" value=\"1\"/></locatorParameters></locator></inlineObject></nitf:media-reference></nitf:media></p><p>Securities Class Actions: Australia</p><p>Securities class action filings in Australia set a new record in 2009, breaking the previous record set in 2008. A key factor in the recent increase in filings was a change in the way securities class action litigation is funded in Australia, according to the 2010 study, authored by Director Greg Houston, Senior Consultant Svetlana Starykh, former Consultant Astrid Dahl, and former Analyst Shane Anderson. Until only a few years ago, there was a strong disincentive to bring an action due to the risk of incurring significant legal costs. The emergence of commercial litigation funding has improved the incentive for and ability of investors to participate in class actions. In light of the growing environment for securities class action litigation in Australia, this study examines for the first time trends in Australian securities class actions.</p><p>The study finds that the six Australian class action filings in 2009 bring the total for 2007-2009 to 14-exactly half the total number of filings since the first securities class action case was filed in Australia in the early 1990s. Since 2005, the majority of class actions have been financed by a commercial litigation funder. According to the study, more than half the securities class actions filed between 1999 and 2009 alleged either misleading or deceptive conduct, or failure by companies to disclose promptly information material to the value of their securities. The study also finds that settlement is the most likely outcome of securities class action cases in Australia. Eight of the 12 class actions resolved by the end of 2009 were settled. This trend has become more pronounced in recent years-all of the resolved cases filed after 2003 were settled.</p><p><nitf:media nitf:media-type=\"image\"><nitf:media-reference><inlineObject><locator><locatorKey><keyName name=\"object-key\"/><keyValue value=\"163678m\"/></locatorKey><locatorParameters><parameter name=\"object-type\" value=\"201\"/><parameter name=\"object-smi\" value=\"33716\"/><parameter name=\"componentseq\" value=\"1\"/></locatorParameters></locator></inlineObject></nitf:media-reference></nitf:media></p><p>Class Actions: Italy</p><p>In addition to tracking securities class action trends across the world, we also track consumer class action trends in Italy, where suits include contract, product liability, antitrust/competition suits, and others. On 1 January 2010, it became possible to file consumer class actions in Italy. Several filings claiming billions of euros in damages followed the new law. Since then, the pace of filings has slowed down somewhat. Both Italian and foreign companies have been called to the mat. This paper, authored by Senior Consultants Dr. Renzo Comolli and Dr. Massimiliano De Santis and Director Dr. Francesco Lo Passo, provides an overview, from an economic perspective, of the first eight months of the Italian class action experience.</p><p>The authors focus on the economic incentives created by the law and by the role of consumer associations as de facto plaintiffs. In particular, because consumer associations are nonprofit and do not stand to gain directly from a settlement or damage award, they may not necessarily aim to maximize settlements or recoverable damages. The authors analyze the goals that consumer associations seem to pursue and derive the implications that these have for damage claims and future settlements. In addition, the paper reviews some of the damages claims from recent actions and finds that, while large, they don't appear to be consistent with the opt-in model of the Italian class action.</p><p><nitf:media nitf:media-type=\"image\"><nitf:media-reference><inlineObject><locator><locatorKey><keyName name=\"object-key\"/><keyValue value=\"163678n\"/></locatorKey><locatorParameters><parameter name=\"object-type\" value=\"201\"/><parameter name=\"object-smi\" value=\"33716\"/><parameter name=\"componentseq\" value=\"1\"/></locatorParameters></locator></inlineObject></nitf:media-reference></nitf:media></p><p><url normalizedValue=\"http://www.nera.com\">www.nera.com</url></p><p>The content of this article is intended to provide a general guide to the subject matter. Specialist advice should be sought about your specific circumstances.</p><p><br/>NERA Economic Consulting<br/> 50 Main Street<br/> 35th Floor<br/> White Plains<br/>New York<br/> 10606<br/> UNITED STATES<br/>E-mail: <email normalizedValue=\"mailto:ben.seggerson@nera.com\">ben.seggerson@nera.com</email></p></bodyText></nitf:body.content><nitf:body.end><graphic/><graphic/><graphic/><graphic/><graphic/><graphic/><graphic/><graphic/><graphic/><graphic/><graphic/><graphic/><graphic/><graphic/></nitf:body.end></nitf:body><metadata><dc:metadata xmlns:dc=\"http://purl.org/dc/elements/1.1/\"><dc:identifier identifierScheme=\"DOC-ID\">MONDAQ-10163678</dc:identifier><dc:source sourceScheme=\"royaltyReportingKey\">MONDAQ2012</dc:source><dc:identifier identifierScheme=\"PGUID\">urn:contentItem:54X4-MB21-JCF5-V4XC-00000-00</dc:identifier><dc:source sourceScheme=\"productContentSetIdentifier\">149522</dc:source><dc:date dateType=\"last-updated\">2019-10-01</dc:date></dc:metadata><wordCount number=\"5660\"/><publicationInfo><copyright>Copyright 2012 Mondaq Ltd. All Rights Reserved</copyright><publicationName>Mondaq Business Briefing</publicationName><publicationLogo><logo><inlineObject><locator><locatorKey><keyName name=\"object-key\"/><keyValue value=\"33716\"/></locatorKey><locatorParameters><parameter name=\"object-type\" value=\"201\"/><parameter name=\"object-smi\" value=\"LOGOS\"/><parameter name=\"componentseq\" value=\"1\"/></locatorParameters></locator></inlineObject></logo></publicationLogo><publicationDate day=\"07\" month=\"02\" year=\"2012\"><dateText>February 7, 2012 Tuesday</dateText></publicationDate><classification classificationScheme=\"publicationtype\"><classificationItem><className>Newswire</className></classificationItem></classification><classification classificationScheme=\"publicationtype\"><classificationItem><className>Newswires &amp; Press Releases</className></classificationItem></classification></publicationInfo><classification classificationScheme=\"language\"><classificationItem classificationScheme=\"lang.english\"><className>ENGLISH</className></classificationItem></classification><classificationGroup classificationScheme=\"indexing-terms\"><classification classificationScheme=\"company\"><classificationItem score=\"60\"><classCode>CC000D090</classCode><className>ARMTEC INFRASTRUCTURE INC</className></classificationItem><classificationItem score=\"60\"><classCode>CC0003YUC</classCode><className>SINO-FOREST CORP</className></classificationItem><classificationItem score=\"60\"><classCode>CC0009R1X</classCode><className>EASTERN PLATINUM LTD</className></classificationItem><classificationItem score=\"60\"><classCode>CC0009EJP</classCode><className>CANADA LITHIUM CORP</className></classificationItem><classificationItem score=\"60\"><classCode>CC0001V90</classCode><className>BCE INC</className></classificationItem><classificationItem score=\"58\"><classCode>CC0009COL</classCode><className>CATHAY FOREST PRODUCTS CORP</className></classificationItem><classificationItem score=\"50\"><classCode>CC0002SN8</classCode><className>NORTH AMERICAN PALLADIUM LTD</className></classificationItem></classification><classification classificationScheme=\"industry\"><classificationItem score=\"60\"><className>NAICS331110 IRON &amp; STEEL MILLS &amp; FERROALLOY MANUFACTURING</className></classificationItem><classificationItem score=\"60\"><className>SIC3312 STEEL WORKS, BLAST FURNACES (INCLUDING COKE OVENS) &amp; ROLLING MILLS</className></classificationItem><classificationItem score=\"60\"><className>SIC1099 MISCELLANEOUS METAL ORES, NEC</className></classificationItem><classificationItem score=\"60\"><className>NAICS321213 ENGINEERED WOOD MEMBER (EXCEPT TRUSS) MANUFACTURING</className></classificationItem><classificationItem score=\"60\"><className>NAICS113310 LOGGING</className></classificationItem><classificationItem score=\"60\"><className>NAICS113210 FOREST NURSERIES &amp; GATHERING OF FOREST PRODUCTS</className></classificationItem><classificationItem score=\"60\"><className>SIC2411 LOGGING</className></classificationItem><classificationItem score=\"60\"><className>SIC0831 FOREST NURSERIES &amp; GATHERING OF FOREST PRODUCTS</className></classificationItem><classificationItem score=\"60\"><className>NAICS212221 GOLD ORE MINING</className></classificationItem><classificationItem score=\"60\"><className>SIC1041 GOLD ORES</className></classificationItem><classificationItem score=\"60\"><className>NAICS517210 WIRELESS TELECOMMUNICATIONS CARRIERS (EXCEPT SATELLITE)</className></classificationItem><classificationItem score=\"60\"><className>NAICS517110 WIRED TELECOMMUNICATIONS CARRIERS</className></classificationItem><classificationItem score=\"58\"><className>NAICS111421 NURSERY &amp; TREE PRODUCTION</className></classificationItem><classificationItem score=\"58\"><className>SIC0811 TIMBER TRACTS</className></classificationItem><classificationItem score=\"50\"><className>NAICS212299 ALL OTHER METAL ORE MINING</className></classificationItem></classification><classification classificationScheme=\"ticker\"><classificationItem score=\"60\"><className>EPS (JSE)</className></classificationItem><classificationItem score=\"60\"><className>ELR (TSX)</className></classificationItem><classificationItem score=\"60\"><className>BCE (TSX)</className></classificationItem><classificationItem score=\"60\"><className>BCE (NYSE)</className></classificationItem><classificationItem score=\"50\"><className>PDL (TSX)</className></classificationItem></classification></classificationGroup><classificationGroup classificationScheme=\"licensor.indexing-terms\"><classification classificationScheme=\"licensor.company\"><classificationItem><className>NERA Economic Consulting</className></classificationItem></classification><classification classificationScheme=\"licensor.country\"><classificationItem><className>Canada</className></classificationItem></classification><classification classificationScheme=\"licensor.subject\"><classificationItem><className>Finance and Banking</className></classificationItem><classificationItem><className>Litigation</className></classificationItem><classificationItem><className>Mediation &amp; Arbitration</className></classificationItem><classificationItem><className>Securities</className></classificationItem><classificationItem><className>Class Actions</className></classificationItem><classificationItem><className>Consumer</className></classificationItem></classification></classificationGroup><classificationGroup classificationScheme=\"indexing-terms\"><classification classificationScheme=\"legal\"><classificationItem><className>Securities Law</className><classCode>Z3VpZD11cm46dG9waWM6RkFFMTQ3ODhCRDYyNDkyN0IwQkEyQzRCRDlFMEM5ODc7cGFyZW50Z3VpZD0</classCode><classificationItem score=\"99\"><className>Class Actions</className><classCode>Z3VpZD11cm46dG9waWM6MTE2NjQ1MkIzOEJENDI5RDg5RUExRjY2Mjc5NUQyMDY7cGFyZW50Z3VpZD11cm46dG9waWM6QjMxRDFBMTgwMDFFNEFBQTlCNTgzMTY0MzY4QkU4QUQ</classCode></classificationItem><classificationItem score=\"89\"><className>Class Actions</className><classCode>Z3VpZD11cm46dG9waWM6N0U3NzgxQzgwRkVFNDI4OTg4QTcyNjk5QTA3RkQxNTM7cGFyZW50Z3VpZD11cm46dG9waWM6MDQ2QjczQUU0QjIwNDg0NUJFM0RFRjg0NkQ2NTk5Mjk</classCode></classificationItem><classificationItem score=\"91\"><className>Court Consent to Settlement</className><classCode>Z3VpZD11cm46dG9waWM6MTFGREQyNTJFN0IzNDY3RTgzRjJGRjM0QjNDNjA5OEI7cGFyZW50Z3VpZD11cm46dG9waWM6N0U3NzgxQzgwRkVFNDI4OTg4QTcyNjk5QTA3RkQxNTM</classCode></classificationItem><classificationItem score=\"50\"><className>Enhanced Review of Issuer Disclosures</className><classCode>Z3VpZD11cm46dG9waWM6QTQ4NjNDOEEwRUE3NEMyQkI1NzE3RTVGRjFCQzc1OTE7cGFyZW50Z3VpZD11cm46dG9waWM6RTg1ODAxM0M4MjlGNDM5MDg3MDQ4RTAwNzMyMTdDRDc</classCode></classificationItem><classificationItem score=\"50\"><className>General Overview</className><classCode>Z3VpZD11cm46dG9waWM6Mjg0MTE1QzIwODg2NDA3ODgzNUQxMUU4MzRGODZFRjA7cGFyZW50Z3VpZD11cm46dG9waWM6NTIwNDgzMTY4QzQ5NDYzOEE0Njg0ODk0QzZBNEZFNUM</classCode></classificationItem><classificationItem score=\"80\"><className>Multijurisdictional Disclosure System</className><classCode>Z3VpZD11cm46dG9waWM6QTY0NjZBNUY4RTZENEEwRjlDRDdDRTU3NUE1NkJFMkY7cGFyZW50Z3VpZD11cm46dG9waWM6MzhGNTNGNDE0NTgzNDA5OUJFRTk1REE4NjkxRThCNjU</classCode></classificationItem><classificationItem score=\"90\"><className>Ponzi Schemes</className><classCode>Z3VpZD11cm46dG9waWM6NzQ4MzAzQzUxOUVFNDREMUE0NzY2QTZBMUNDNDZDOTg7cGFyZW50Z3VpZD11cm46dG9waWM6QjQxNTVCMjZFQUYwNDk1OEIzNzAxQjI0NTk5QTA0NEY</classCode></classificationItem><classificationItem score=\"50\"><className>Special Powers</className><classCode>Z3VpZD11cm46dG9waWM6OTA0OEFBRUVFN0RCNEQ5MkFGNjIxMkFBMDYyOTE3MUQ7cGFyZW50Z3VpZD11cm46dG9waWM6NUVDOUMxRThGMTY1NEMxRThCNzJCQkUwRjIyOTYwMDI</classCode></classificationItem><classificationItem score=\"50\"><className>Types of Markets</className><classCode>Z3VpZD11cm46dG9waWM6MEI0ODAxQ0I2NTFGNERCOUIwRTdENzhEMUIzMjQ2Mjc7cGFyZW50Z3VpZD11cm46dG9waWM6RkFFMTQ3ODhCRDYyNDkyN0IwQkEyQzRCRDlFMEM5ODc</classCode></classificationItem></classificationItem></classification><classification classificationScheme=\"subject\"><classificationItem score=\"91\"><classCode>N113210IM</classCode><className>FOREST NURSERIES</className><classCode/><className/></classificationItem><classificationItem score=\"90\"><classCode>STX001040</classCode><className>LITIGATION</className><classCode/><className/></classificationItem><classificationItem score=\"90\"><classCode>STX001648</classCode><className>SUITS &amp; CLAIMS</className><classCode/><className/></classificationItem><classificationItem score=\"89\"><classCode>STX001976</classCode><className>SECURITIES &amp; OTHER INVESTMENTS</className><classCode/><className/></classificationItem><classificationItem score=\"78\"><classCode>STX000073</classCode><className>ALTERNATIVE DISPUTE RESOLUTION</className><classCode>Z3VpZD11cm46dG9waWM6MERFNEVCMTA5NUZFNDc2NzhGQzM2ODA0M0JGQTRFOEU7cGFyZW50Z3VpZD11cm46dG9waWM6MTdEQ0JDNDEyM0VFNDlCMjg5MjFGNTQ3QURFNTJCMTE</classCode><className>Alternative Dispute Resolution</className></classificationItem><classificationItem score=\"78\"><classCode>N926150GC</classCode><className>BANKING &amp; FINANCE REGULATION</className><classCode/><className/></classificationItem><classificationItem score=\"78\"><classCode>ST000D1BY</classCode><className>EXECUTIVES</className><classCode/><className/></classificationItem><classificationItem score=\"78\"><classCode>ST0009FJK</classCode><className>NEGATIVE PERSONAL NEWS</className><classCode/><className/></classificationItem><classificationItem score=\"78\"><classCode>STX001439</classCode><className>PUNITIVE DAMAGES</className><classCode>Z3VpZD11cm46dG9waWM6RDkyNUY5QURDRTVBNDk1RThFRTJDMzJGNkQ1NzExRjg7cGFyZW50Z3VpZD11cm46dG9waWM6RkU4QzJFQjdCNTBDNDk3RThCOEE5MjIwRDRDODM3MEQ</classCode><className>Punitive Damages</className></classificationItem><classificationItem score=\"78\"><classCode>STX001500</classCode><className>RISK MANAGEMENT</className><classCode/><className/></classificationItem><classificationItem score=\"78\"><classCode>N926150GM</classCode><className>SECURITIES LAW</className><classCode>Z3VpZD11cm46dG9waWM6RkFFMTQ3ODhCRDYyNDkyN0IwQkEyQzRCRDlFMEM5ODc7cGFyZW50Z3VpZD11cm46dG9waWM6MUFEMUQ2QTA1OUZCNEE5RjkzNTA2RERFMUNEOTk1RTI</classCode><className>Securities</className></classificationItem><classificationItem score=\"76\"><classCode>STX000442</classCode><className>DAMAGES</className><classCode>Z3VpZD11cm46dG9waWM6QzQyQ0JFRkFDNDIzNDU3RjhFMkE1N0JEOTFGNzIwQzE7cGFyZW50Z3VpZD11cm46dG9waWM6NEY5RDZFNTJBQzJGNERFQjg0MEIyMEVBRUU4NjI0RjU</classCode><className>Damages</className></classificationItem><classificationItem score=\"76\"><classCode>N113110CC</classCode><className>TIMBER TRACT OPERATIONS</className><classCode/><className/></classificationItem><classificationItem score=\"73\"><classCode>STX000436</classCode><className>CURRENCIES</className><classCode/><className/></classificationItem></classification><classification classificationScheme=\"industry\"><classificationItem score=\"99\"><classCode>N111421MM</classCode><className>NURSERY &amp; TREE PRODUCTION</className><classCode/><className/></classificationItem><classificationItem score=\"99\"><classCode>N517000CC</classCode><className>TELECOMMUNICATIONS SERVICES</className><classCode/><className/></classificationItem><classificationItem score=\"91\"><classCode>N113210IM</classCode><className>FOREST NURSERIES</className><classCode/><className/></classificationItem><classificationItem score=\"91\"><classCode>STX001693</classCode><className>TELECOMMUNICATIONS</className><classCode/><className/></classificationItem><classificationItem score=\"90\"><classCode>N110000CC</classCode><className>AGRICULTURE, FORESTRY, FISHING &amp; HUNTING</className><classCode/><className/></classificationItem><classificationItem score=\"90\"><classCode>N113210OM</classCode><className>FOREST PRODUCTS GATHERING</className><classCode/><className/></classificationItem><classificationItem score=\"90\"><classCode>N113000CC</classCode><className>FORESTRY &amp; LOGGING</className><classCode/><className/></classificationItem><classificationItem score=\"90\"><classCode>N212221MM</classCode><className>GOLD MINING</className><classCode/><className/></classificationItem><classificationItem score=\"90\"><classCode>N331111MM</classCode><className>IRON &amp; STEEL MILLS</className><classCode/><className/></classificationItem><classificationItem score=\"90\"><classCode>N113300CC</classCode><className>LOGGING INDUSTRY</className><classCode/><className/></classificationItem><classificationItem score=\"90\"><classCode>STX002014</classCode><className>MANUFACTURING</className><classCode/><className/></classificationItem><classificationItem score=\"90\"><classCode>N212200CC</classCode><className>METAL ORE MINING</className><classCode/><className/></classificationItem><classificationItem score=\"90\"><classCode>ST0008X7V</classCode><className>MINES &amp; MINING</className><classCode/><className/></classificationItem><classificationItem score=\"90\"><classCode>N212299VM</classCode><className>MISC METAL MINING</className><classCode/><className/></classificationItem><classificationItem score=\"90\"><classCode>ST0008XRM</classCode><className>TELECOMMUNICATIONS PROVIDERS</className><classCode/><className/></classificationItem><classificationItem score=\"90\"><classCode>STX001881</classCode><className>WIRELESS INDUSTRY</className><classCode/><className/></classificationItem><classificationItem score=\"90\"><classCode>N321000CC</classCode><className>WOOD PRODUCTS MFG</className><classCode/><className/></classificationItem><classificationItem score=\"89\"><classCode>STX001976</classCode><className>SECURITIES &amp; OTHER INVESTMENTS</className><classCode/><className/></classificationItem><classificationItem score=\"78\"><classCode>N926150GC</classCode><className>BANKING &amp; FINANCE REGULATION</className><classCode/><className/></classificationItem><classificationItem score=\"78\"><classCode>STX001500</classCode><className>RISK MANAGEMENT</className><classCode/><className/></classificationItem><classificationItem score=\"78\"><classCode>N926150GM</classCode><className>SECURITIES LAW</className><classCode>Z3VpZD11cm46dG9waWM6RkFFMTQ3ODhCRDYyNDkyN0IwQkEyQzRCRDlFMEM5ODc7cGFyZW50Z3VpZD11cm46dG9waWM6MUFEMUQ2QTA1OUZCNEE5RjkzNTA2RERFMUNEOTk1RTI</classCode><className>Securities</className></classificationItem><classificationItem score=\"76\"><classCode>N113110CC</classCode><className>TIMBER TRACT OPERATIONS</className><classCode/><className/></classificationItem><classificationItem score=\"75\"><classCode>N331112MM</classCode><className>FERROALLOY PRODUCT MFG</className><classCode/><className/></classificationItem><classificationItem score=\"74\"><classCode>STX001853</classCode><className>WOOD CONSTRUCTION MATERIALS</className><classCode/><className/></classificationItem><classificationItem score=\"73\"><classCode>STX000436</classCode><className>CURRENCIES</className><classCode/><className/></classificationItem><classificationItem score=\"73\"><classCode>N517200CC</classCode><className>WIRELESS TELECOMMUNICATIONS CARRIERS</className><classCode/><className/></classificationItem></classification><classification classificationScheme=\"state\"><classificationItem score=\"58\"><classCode>GS174</classCode><className>ONTARIO, CANADA</className><classCode/><className/></classificationItem></classification><classification classificationScheme=\"country\"><classificationItem score=\"98\"><classCode>GC339</classCode><className>CANADA</className><classCode/><className/></classificationItem><classificationItem score=\"79\"><classCode>GR120</classCode><className>NORTH AMERICA</className><classCode/><className/></classificationItem><classificationItem score=\"79\"><classCode>GC343</classCode><className>UNITED STATES</className><classCode/><className/></classificationItem></classification></classificationGroup></metadata></articleDoc></content></entry>"}