{"prediction_class": "Regulatory Breaches Tax Evasion Smuggling of goods", "prediction_score": "0.53", "name": "Macquarie Group", "title": "Review of Macquarie division a 'sham': ASIC", "published": "2017-04-20T00:00:00Z", "updated": "2020-11-15T21:51:23Z", "cleaned_article": "[TITLE] Review of Macquarie division a 'sham': ASIC [TITLE] \n\nReview of Macquarie wealth arm a 'sham': ASIC A review of Macquarie Group's financial planning arm commissioned by the banking major and carried out by big four accounting firm EY was a \"sham\", according to a senior investigator at the corporate watchdog. Adrian Borchok, a senior manager in the Australian Securities & Investments Commission's enforcement team, made the comment to colleagues in January 2013, after a probe by the watchdog found \"recurring -compliance deficiencies\" that had gone on for years at Macquarie's wealth arm, Macquarie Equities Limited (also known as MEL or Macquarie Private Wealth). His frank assessment, together with material illustrating the difficulties the regulator had dealing with Macquarie, is revealed in a trove of documents obtained from ASIC by The Australian under Freedom of Information laws.", "raw_cleaned_article": "<h2>Review of Macquarie division a 'sham': ASIC</h2><p>Review of Macquarie wealth arm a 'sham': ASIC <b>A review of Macquarie Group's financial planning arm commissioned by the banking major and carried out by big four accounting firm EY was a \"sham\", according to a senior investigator at the corporate watchdog.</b> Adrian Borchok, a senior manager in the Australian Securities & Investments Commission's enforcement team, made the comment to colleagues in January 2013, after a probe by the watchdog found \"recurring -compliance deficiencies\" that had gone on for years at Macquarie's wealth arm, Macquarie Equities Limited (also known as MEL or Macquarie Private Wealth). His frank assessment, together with material illustrating the difficulties the regulator had dealing with Macquarie, is revealed in a trove of documents obtained from ASIC by The Australian under Freedom of Information laws.</p>", "original_content": "<entry xmlns=\"http://www.w3.org/2005/Atom\"><id>urn:contentItem:5NBY-WG71-JD3N-52XM-00000-00</id><title>Review of Macquarie division a 'sham': ASIC</title><published>2017-04-20T00:00:00Z</published><updated>2020-11-15T21:51:23Z</updated><author><name>LexisNexis</name></author><content type=\"application/xml\"><!--Transformation version 1.23--><articleDoc xmlns=\"\" xmlns:xsi=\"http://www.w3.org/2001/XMLSchema-instance\" xsi:noNamespaceSchemaLocation=\"http://www.lexisnexis.com/xmlschemas/content/public/articledoc/1/\" schemaVersion=\"1.8\" xml:lang=\"en\"><articleDocHead><itemInfo><sourceSectionInfo><positionSection>BUSINESS</positionSection><positionSequence>Pg. 21</positionSequence></sourceSectionInfo></itemInfo></articleDocHead><nitf:body xmlns:nitf=\"http://iptc.org/std/NITF/2006-10-18/\"><nitf:body.head><nitf:hedline><nitf:hl1>Review of Macquarie division a 'sham': ASIC</nitf:hl1></nitf:hedline><nitf:byline><author><person><nameText>BEN BUTLER FINANCIAL SERVICES, EXCLUSIVE</nameText></person></author></nitf:byline></nitf:body.head><nitf:body.content><bodyText><p nitf:lede=\"true\">Review of Macquarie wealth arm a 'sham': ASIC</p><p nitf:lede=\"true\">A review of Macquarie Group's financial planning arm commissioned by the banking major and carried out by big four accounting firm EY was a \"sham\", according to a senior investigator at the corporate watchdog.</p><p nitf:lede=\"true\">Adrian Borchok, a senior manager in the Australian Securities &amp; Investments Commission's enforcement team, made the comment to colleagues in January 2013, after a probe by the watchdog found \"recurring -compliance deficiencies\" that had gone on for years at Macquarie's wealth arm, Macquarie Equities Limited (also known as MEL or Macquarie Private Wealth).</p><p>His frank assessment, together with material illustrating the difficulties the regulator had dealing with Macquarie, is revealed in a trove of documents obtained from ASIC by The Australian under Freedom of Information laws.</p><p>The documents show how ASIC allowed big banks including Macquarie input into the drafting of press releases dealing with financial services misbehaviour.</p><p>However, there is no indication Macquarie had any input into a press release dealing with the compliance failures Mr Borchok and others were investigating.</p><p>In January 2013, ASIC accepted a two-year enforceable undertaking from Macquarie, under which the company agreed to hire an independent expert to oversee a clean-up of the trouble-plagued financial advice business.</p><p>The regulator later ordered Macquarie to contact 160,000 customers potentially affected by shoddy advice and the company has so far paid more than $20m to compensate clients, according to an ASIC report issued last month.</p><p>ASIC found Macquarie knew about problems at the financial advice division as far back as 2008 through regular file review but did not report them to ASIC and \"any remediation initiatives attempted by MEL over a four-year period had been ineffective\".</p><p>It is believed quality checks carried out by Macquarie showed extremely high compliance failure rates. The ASIC documents show that Macquarie also hired accounting major EY (formerly known as Ernst &amp; Young) to review their compliance system.</p><p>However, it is believed ASIC investigators were not satisfied with the result, feeling the EY review was too favourable to Macquarie given the poor raw data.</p><p>By mid-December 2012, Macquarie was moving towards signing an enforceable undertaking with ASIC over the scandal, and officers at the regulator were turning their minds to crafting a press release. Commissioner Peter Kell, who is responsible for overseeing ASIC's project to clean up financial planning, was closely involved in the process.</p><p>On December 12, Mr Borchok emailed a draft press release to other ASIC staff involved in the case, including the senior executive responsible for financial services, Louise Macaulay.</p><p>\"I have not included the usual line acknowledging the 'co-operative approach taken by MEL in relation to this matter' because I did not view this as being particularly co-operative despite their repeated attempts to tell us they are,\" he said in the email.</p><p>\"The outcome was inevitable rather than as a result of any real co-operation.\" On January 25, commenting on a revised draft of the press release, Ms Macaulay asked Mr Borchok: \"In para 5 do we really want to say 'superficial', as MEL did engage EY to do a review of their compliance system\". Mr Borchok responded: \"I think the use of 'superficial' is appropriate because it reflects the situation. Further, the EY review was a sham therefore they are getting off easy with 'superficial'.\" Because the documents provided to The Australian under FOI do not include the draft press releases that were under discussion, it is not possible to determine in what context the word \"superficial\" was used. However, the word does not appear in the final press release issued by ASIC, as published on its website.</p><p>\"I cannot believe 'superficial' was removed!\" Mr Borchok said in an email to a colleague sent in the afternoon of January 25.</p><p>Earlier, Mr Kell told staff, including Ms Macaulay, he was concerned the draft press release wasn't specific enough. \"My broadest comment goes to the way in which we've explained the nature of Macquarie's problems,\" Mr Kell said in a January 24 email.</p><p>\"Many journalists (and others) will read this and say ' ... yes ASIC, but what exactly did they do wrong'? What are the 'serious recurring deficiencies' that you (ASIC) refer to several times? Attempted remediation wasn't adequate \u00e2\u20ac\u00a6 remediation of what?\"ASIC and EY declined to comment. A Macquarie spokeswoman declined to answer The Australian's detailed questions. \"Macquarie takes its regulatory obligations seriously and endeavours to engage with all of its regulators, including ASIC, in a respectful and appropriate manner at all times,\" she said.</p></bodyText></nitf:body.content></nitf:body><metadata><dc:metadata xmlns:dc=\"http://purl.org/dc/elements/1.1/\"><dc:identifier identifierScheme=\"DOC-ID\">THEAUS-TheAustralian20170420Australian221000255330276</dc:identifier><dc:source sourceScheme=\"royaltyReportingKey\">THEAUS2017</dc:source><dc:identifier identifierScheme=\"PGUID\">urn:contentItem:5NBY-WG71-JD3N-52XM-00000-00</dc:identifier><dc:source sourceScheme=\"productContentSetIdentifier\">244777</dc:source><dc:date dateType=\"last-updated\">2018-10-17</dc:date></dc:metadata><wordCount number=\"789\"/><publicationInfo><copyright>Copyright 2017 Nationwide News Pty Limited All Rights Reserved</copyright><publicationName>The Australian</publicationName><edition>Australian2 Edition</edition><publicationDate day=\"20\" month=\"04\" year=\"2017\"><dateText>April 20, 2017 Thursday</dateText></publicationDate><classification classificationScheme=\"publicationtype\"><classificationItem><className>Newspaper</className></classificationItem></classification><classification classificationScheme=\"publicationtype\"><classificationItem><className>Newspapers</className></classificationItem></classification></publicationInfo><classification classificationScheme=\"language\"><classificationItem classificationScheme=\"lang.english\"><className>ENGLISH</className></classificationItem></classification><classificationGroup classificationScheme=\"indexing-terms\"><classification classificationScheme=\"company\"><classificationItem score=\"91\"><classCode>CC000A36L</classCode><className>MACQUARIE GROUP LTD</className></classificationItem><classificationItem score=\"58\"><classCode>CC0003BNV</classCode><className>ERNST &amp; YOUNG GLOBAL LTD</className></classificationItem></classification><classification classificationScheme=\"industry\"><classificationItem score=\"91\"><className>NAICS523110 INVESTMENT BANKING &amp; SECURITIES DEALING</className></classificationItem><classificationItem score=\"58\"><className>NAICS541613 MARKETING CONSULTING SERVICES</className></classificationItem><classificationItem score=\"58\"><className>NAICS541611 ADMINISTRATIVE MANAGEMENT &amp; GENERAL MANAGEMENT CONSULTING SERVICES</className></classificationItem><classificationItem score=\"58\"><className>NAICS541211 OFFICES OF CERTIFIED PUBLIC ACCOUNTANTS</className></classificationItem></classification><classification classificationScheme=\"ticker\"><classificationItem score=\"91\"><className>MQG (ASX)</className></classificationItem></classification></classificationGroup><classificationGroup classificationScheme=\"indexing-terms\"><classification classificationScheme=\"subject\"><classificationItem score=\"92\"><classCode>STX001976</classCode><className>SECURITIES &amp; OTHER INVESTMENTS</className><classCode/><className/></classificationItem><classificationItem score=\"90\"><classCode>N541611MM</classCode><className>MANAGEMENT CONSULTING</className><classCode/><className/></classificationItem><classificationItem score=\"90\"><classCode>ST0008X0J</classCode><className>OFFICE MANAGEMENT</className><classCode/><className/></classificationItem><classificationItem score=\"89\"><classCode>STX000969</classCode><className>INVESTIGATIONS</className><classCode/><className/></classificationItem><classificationItem score=\"78\"><classCode>ST000A4CY</classCode><className>BANKING &amp; FINANCE REGULATORY COMPLIANCE</className><classCode/><className/></classificationItem><classificationItem score=\"78\"><classCode>ST0009QD4</classCode><className>NEGATIVE BUSINESS NEWS</className><classCode/><className/></classificationItem><classificationItem score=\"77\"><classCode>ST000DLX8</classCode><className>BUSINESS INVESTIGATIONS</className><classCode/><className/></classificationItem><classificationItem score=\"77\"><classCode>ST000D1BY</classCode><className>EXECUTIVES</className><classCode/><className/></classificationItem><classificationItem score=\"77\"><classCode>STX001066</classCode><className>MANAGERS &amp; SUPERVISORS</className><classCode/><className/></classificationItem><classificationItem score=\"77\"><classCode>ST0009FJK</classCode><className>NEGATIVE PERSONAL NEWS</className><classCode/><className/></classificationItem><classificationItem score=\"65\"><classCode>ST000CTIZ</classCode><className>SCANDALS</className><classCode/><className/></classificationItem></classification><classification classificationScheme=\"industry\"><classificationItem score=\"92\"><classCode>STX001976</classCode><className>SECURITIES &amp; OTHER INVESTMENTS</className><classCode/><className/></classificationItem><classificationItem score=\"91\"><classCode>N541211GM</classCode><className>ACCOUNTING</className><classCode/><className/></classificationItem><classificationItem score=\"91\"><classCode>N520000CC</classCode><className>BANKING &amp; FINANCE</className><classCode/><className/></classificationItem><classificationItem score=\"91\"><classCode>STX000373</classCode><className>CONSULTING SERVICES</className><classCode/><className/></classificationItem><classificationItem score=\"90\"><classCode>N541211MM</classCode><className>ACCOUNTING &amp; AUDITING FIRMS</className><classCode/><className/></classificationItem><classificationItem score=\"90\"><classCode>ST00093QP</classCode><className>FINANCIAL PLANNING</className><classCode/><className/></classificationItem><classificationItem score=\"90\"><classCode>N541611MM</classCode><className>MANAGEMENT CONSULTING</className><classCode/><className/></classificationItem><classificationItem score=\"90\"><classCode>N540000CC</classCode><className>PROFESSIONAL SERVICES</className><classCode/><className/></classificationItem><classificationItem score=\"90\"><classCode>STX001821</classCode><className>WEALTH MANAGEMENT</className><classCode/><className/></classificationItem><classificationItem score=\"90\"><classCode>ST0009RX6</classCode><classCode/><className/></classificationItem><classificationItem score=\"78\"><classCode>ST000A4CY</classCode><className>BANKING &amp; FINANCE REGULATORY COMPLIANCE</className><classCode/><className/></classificationItem></classification></classificationGroup></metadata></articleDoc></content></entry>"}