{"prediction_class": "Fraud Embezzlement Misappropriation", "prediction_score": "0.93", "name": "Macquarie Group", "title": "14 wealth managers banned by ASIC", "published": "2016-08-09T00:00:00Z", "updated": "2020-11-15T21:52:36Z", "cleaned_article": "[TITLE] 14 wealth managers banned by ASIC [TITLE] \n\nThree of those banned are on a permanent blacklist and one faces criminal proceedings in the crackdown on dodgy advice. The Australian Securities & Investments Commission said in its latest enforcement outcomes report it had laid 96 criminal charges in the six months to June 30 and won $13.4 million as compensation and remediation. But the results so far of ASIC's wealth management investigation, established in late 2014, are weighted towards Commonwealth Bank and NAB, with six actions against each of those banks, and another five against Macquarie Group. ASIC's investigation was established after the biggest companies in the financial advice sector - the four major banks, Macquarie and AMP - were found to be falling short of their duty to customers. \"ASIC is working hard to maintain trust and confidence in Australia's financial services industry,\" said ASIC commissioner Greg Tanzer, noting that the figures were proof of the regulator's \"strong track record\" on enforcement action.CBA launched its own open advice review compensation program that resulted in $4.8m paid in compensation to 414 customers who were victims of poor financial advice. Subsequently, the bank's insurance arm, CommInsure, was embroiled in a scandal over malpractice with claims assessments. Macquarie Group, the subject of five ASIC actions against itself, licensees or advisers associated with the bank, wrote to 160,000 customers after exposure of serious issues in its private wealth division, where customers received poor advice. Westpac, which faced two actions as part of ASIC's investigation, last year, launched a review of its financial advice in the wake of scandals at its rivals. Later in 2015 the bank refunded more than 10,000 customers who were charged insurance premiums for cover they did not need.", "raw_cleaned_article": "<h2>14 wealth managers banned by ASIC</h2><p>Three of those banned are on a permanent blacklist and one faces criminal proceedings in the crackdown on dodgy advice. The Australian Securities & Investments Commission said in its latest enforcement outcomes report it had laid 96 criminal charges in the six months to June 30 and won $13.4 million as compensation and remediation. <b>But the results so far of ASIC's wealth management investigation, established in late 2014, are weighted towards Commonwealth Bank and NAB, with six actions against each of those banks, and another five against Macquarie Group.</b> ASIC's investigation was established after the biggest companies in the financial advice sector - the four major banks, Macquarie and AMP - were found to be falling short of their duty to customers. \"ASIC is working hard to maintain trust and confidence in Australia's financial services industry,\" said ASIC commissioner Greg Tanzer, noting that the figures were proof of the regulator's \"strong track record\" on enforcement action.</p><p>[...]</p><p>The Australian Securities & Investments Commission said in its latest enforcement outcomes report it had laid 96 criminal charges in the six months to June 30 and won $13.4 million as compensation and remediation. CBA launched its own open advice review compensation program that resulted in $4.8m paid in compensation to 414 customers who were victims of poor financial advice. Subsequently, the bank's insurance arm, CommInsure, was embroiled in a scandal over malpractice with claims assessments. <b>Macquarie Group, the subject of five ASIC actions against itself, licensees or advisers associated with the bank, wrote to 160,000 customers after exposure of serious issues in its private wealth division, where customers received poor advice.</b> Westpac, which faced two actions as part of ASIC's investigation, last year, launched a review of its financial advice in the wake of scandals at its rivals. Later in 2015 the bank refunded more than 10,000 customers who were charged insurance premiums for cover they did not need.</p>", "original_content": "<entry xmlns=\"http://www.w3.org/2005/Atom\"><id>urn:contentItem:5KDP-6551-JD3N-505R-00000-00</id><title>14 wealth managers banned by ASIC</title><published>2016-08-09T00:00:00Z</published><updated>2020-11-15T21:52:36Z</updated><author><name>LexisNexis</name></author><content type=\"application/xml\"><!--Transformation version 1.23--><articleDoc xmlns=\"\" xmlns:xsi=\"http://www.w3.org/2001/XMLSchema-instance\" xsi:noNamespaceSchemaLocation=\"http://www.lexisnexis.com/xmlschemas/content/public/articledoc/1/\" schemaVersion=\"1.8\" xml:lang=\"en\"><articleDocHead><itemInfo><sourceSectionInfo><positionSection>BUSINESS</positionSection><positionSequence>Pg. 23</positionSequence></sourceSectionInfo></itemInfo></articleDocHead><nitf:body xmlns:nitf=\"http://iptc.org/std/NITF/2006-10-18/\"><nitf:body.head><nitf:hedline><nitf:hl1>14 wealth managers banned by ASIC</nitf:hl1></nitf:hedline><nitf:byline><author><person><nameText>Michael Roddan, Regulation</nameText></person></author></nitf:byline></nitf:body.head><nitf:body.content><bodyText><p nitf:lede=\"true\">The corporate watchdog has banned 14 financial advisers from the big four banks, Macquarie and AMP since the start of its wealth management investigation.</p><p nitf:lede=\"true\">Three of those banned are on a permanent blacklist and one faces criminal proceedings in the crackdown on dodgy advice.</p><p>The Australian Securities &amp; Investments Commission said in its latest enforcement outcomes report it had laid 96 criminal charges in the six months to June 30 and won $13.4 million as compensation and remediation.</p><p>But the results so far of ASIC's wealth management investigation, established in late 2014, are weighted towards Commonwealth Bank and NAB, with six actions against each of those banks, and another five against Macquarie Group.</p><p>ASIC's investigation was established after the biggest companies in the financial advice sector - the four major banks, Macquarie and AMP - were found to be falling short of their duty to customers.</p><p>\"ASIC is working hard to maintain trust and confidence in Australia's financial services industry,\" said ASIC commissioner Greg Tanzer, noting that the figures were proof of the regulator's \"strong track record\" on enforcement action.</p><p>NAB, which along with Commonwealth Bank was the subject of the most actions from ASIC, has already paid $14.5m in compensation to 750 advice customers. NAB has dismissed 41 planners over the past five years following a scandal around poor practice among the bank's -planners.</p><p>CBA launched its own open advice review compensation program that resulted in $4.8m paid in compensation to 414 customers who were victims of poor financial advice. Subsequently, the bank's insurance arm, CommInsure, was embroiled in a scandal over malpractice with claims assessments.</p><p>Macquarie Group, the subject of five ASIC actions against itself, licensees or advisers associated with the bank, wrote to 160,000 customers after exposure of serious issues in its private wealth division, where customers received poor advice.</p><p>Westpac, which faced two actions as part of ASIC's investigation, last year, launched a review of its financial advice in the wake of scandals at its rivals.</p><p>Later in 2015 the bank refunded more than 10,000 customers who were charged insurance premiums for cover they did not need.</p><p>ANZ, which also was the subject of two ASIC actions, reimbursed more than 8000 customers who received bad service and inappropriate advice they did not need.</p><p>AMP, the country's biggest wealth manager has been the subject of three ASIC actions, and in late 2014 the company announced an overhaul of its planner training and complaints process in an attempt to head off a crisis of confidence in the -industry.Separately, ASIC still has 183 criminal matters before the courts, along with another 107 civil cases.</p></bodyText></nitf:body.content></nitf:body><metadata><dc:metadata xmlns:dc=\"http://purl.org/dc/elements/1.1/\"><dc:identifier identifierScheme=\"DOC-ID\">THEAUS-The Australian20160809Australian23000166177226</dc:identifier><dc:source sourceScheme=\"royaltyReportingKey\">THEAUS2016</dc:source><dc:identifier identifierScheme=\"PGUID\">urn:contentItem:5KDP-6551-JD3N-505R-00000-00</dc:identifier><dc:source sourceScheme=\"productContentSetIdentifier\">244777</dc:source><dc:date dateType=\"last-updated\">2018-10-17</dc:date></dc:metadata><wordCount number=\"456\"/><publicationInfo><copyright>Copyright 2016 Nationwide News Pty Limited All Rights Reserved</copyright><publicationName>The Australian</publicationName><edition>Australian Edition</edition><publicationDate day=\"09\" month=\"08\" year=\"2016\"><dateText>August 9, 2016 Tuesday</dateText></publicationDate><classification classificationScheme=\"publicationtype\"><classificationItem><className>Newspaper</className></classificationItem></classification><classification classificationScheme=\"publicationtype\"><classificationItem><className>Newspapers</className></classificationItem></classification></publicationInfo><classification classificationScheme=\"language\"><classificationItem classificationScheme=\"lang.english\"><className>ENGLISH</className></classificationItem></classification><classificationGroup classificationScheme=\"indexing-terms\"><classification classificationScheme=\"company\"><classificationItem score=\"92\"><classCode>CC0001V19</classCode><className>NATIONAL AUSTRALIA BANK LTD</className></classificationItem><classificationItem score=\"74\"><classCode>CC000A36L</classCode><className>MACQUARIE GROUP LTD</className></classificationItem></classification><classification classificationScheme=\"industry\"><classificationItem score=\"92\"><className>NAICS522293 INTERNATIONAL TRADE FINANCING</className></classificationItem><classificationItem score=\"92\"><className>NAICS522120 SAVINGS INSTITUTIONS</className></classificationItem><classificationItem score=\"92\"><className>NAICS522110 COMMERCIAL BANKING</className></classificationItem><classificationItem score=\"92\"><className>SIC6082 FOREIGN TRADE &amp; INTERNATIONAL BANKING INSTITUTIONS</className></classificationItem><classificationItem score=\"92\"><className>SIC6081 BRANCHES &amp; AGENCIES OF FOREIGN BANKS</className></classificationItem><classificationItem score=\"74\"><className>NAICS523110 INVESTMENT BANKING &amp; SECURITIES DEALING</className></classificationItem></classification><classification classificationScheme=\"ticker\"><classificationItem score=\"92\"><className>NAB (ASX)</className></classificationItem><classificationItem score=\"74\"><className>MQG (ASX)</className></classificationItem></classification></classificationGroup><classificationGroup classificationScheme=\"indexing-terms\"><classification classificationScheme=\"subject\"><classificationItem score=\"91\"><classCode>STX001976</classCode><className>SECURITIES &amp; OTHER INVESTMENTS</className><classCode/><className/></classificationItem><classificationItem score=\"90\"><classCode>ST000DLX8</classCode><className>BUSINESS INVESTIGATIONS</className><classCode/><className/></classificationItem><classificationItem score=\"90\"><classCode>STX000951</classCode><className>INTERNATIONAL TRADE</className><classCode/><className/></classificationItem><classificationItem score=\"90\"><classCode>N522293CC</classCode><className>INTERNATIONAL TRADE FINANCING</className><classCode/><className/></classificationItem><classificationItem score=\"90\"><classCode>STX000969</classCode><className>INVESTIGATIONS</className><classCode/><className/></classificationItem><classificationItem score=\"90\"><classCode>ST0009FJK</classCode><className>NEGATIVE PERSONAL NEWS</className><classCode/><className/></classificationItem><classificationItem score=\"89\"><classCode>STX001932</classCode><className>CRIME, LAW ENFORCEMENT &amp; CORRECTIONS</className><classCode/><className/></classificationItem><classificationItem score=\"89\"><classCode>ST000CTIZ</classCode><className>SCANDALS</className><classCode/><className/></classificationItem><classificationItem score=\"78\"><classCode>ST0009SVL</classCode><className>BANKING &amp; FINANCE SECTOR PERFORMANCE</className><classCode/><className/></classificationItem><classificationItem score=\"78\"><classCode>ST000DF45</classCode><className>ENFORCEMENT ACTIONS</className><classCode/><className/></classificationItem><classificationItem score=\"78\"><classCode>ST0009QD4</classCode><className>NEGATIVE BUSINESS NEWS</className><classCode/><className/></classificationItem><classificationItem score=\"72\"><classCode>ST000959S</classCode><className>CRIMINAL OFFENSES</className><classCode>Z3VpZD11cm46dG9waWM6REE3RUI5RUNDMTgyNDU3Rjk2QUMwOTVBOUI1NDNFOTY7cGFyZW50Z3VpZD11cm46dG9waWM6NEU0RkE1OUQwNUQwNDgxODhEODZCMjkzOTg3NThBNzk</classCode><className>Criminal Offenses</className></classificationItem></classification><classification classificationScheme=\"industry\"><classificationItem score=\"92\"><classCode>STX001821</classCode><className>WEALTH MANAGEMENT</className><classCode/><className/></classificationItem><classificationItem score=\"91\"><classCode>N520000CC</classCode><className>BANKING &amp; FINANCE</className><classCode/><className/></classificationItem><classificationItem score=\"91\"><classCode>STX001976</classCode><className>SECURITIES &amp; OTHER INVESTMENTS</className><classCode/><className/></classificationItem><classificationItem score=\"91\"><classCode>ST0009RX6</classCode><classCode/><className/></classificationItem><classificationItem score=\"90\"><classCode>ST00093QP</classCode><className>FINANCIAL PLANNING</className><classCode/><className/></classificationItem><classificationItem score=\"90\"><classCode>N522293CC</classCode><className>INTERNATIONAL TRADE FINANCING</className><classCode/><className/></classificationItem><classificationItem score=\"78\"><classCode>ST00090O3</classCode><className>BANKING &amp; FINANCE REGULATION &amp; POLICY</className><classCode/><className/></classificationItem><classificationItem score=\"78\"><classCode>ST0009SVL</classCode><className>BANKING &amp; FINANCE SECTOR PERFORMANCE</className><classCode/><className/></classificationItem></classification><classification classificationScheme=\"country\"><classificationItem score=\"94\"><classCode>GC301</classCode><className>AUSTRALIA</className><classCode/><className/></classificationItem></classification></classificationGroup></metadata></articleDoc></content></entry>"}