{"prediction_class": "Regulatory Breaches Tax Evasion Smuggling of goods", "prediction_score": "0.97", "name": "Macquarie Group", "title": "Probe into Note that Led to Sun Pharma Stock Fall Closed", "published": "2019-09-07T00:00:00Z", "updated": "2020-11-15T21:49:30Z", "cleaned_article": "[TITLE] Probe into Note that Led to Sun Pharma Stock Fall Closed [TITLE] \n\nThe Mumbai Police has decided to close an investigation into a complaint that alleged that the Macquarie Group was circulating an investment note questioning the corporate governance practices at Sun Pharmaceuticals Industries Limited (SPIL), sources said. The Economic Offence Wing (EOW) did not find substantial evidence to commence a criminal investigation and convert its preliminary enquiry (PE) into a First Information Report (FIR), sources added. \u201cAfter the note was published, there was a remarkable dip in the SPIL shares and the probe by EOW was looking into the allegations if there was any collusion between the said company and any investment firm or traders with the intention to manipulate share prices by circulating the note. The probe has not found evidence to that effect,\u201d said one of the persons cited above. \u201cA closure report will be filed soon detailing the findings,\u201d added the source.\u201cThis is not accurate. We are not aware of a complaint filed with the Mumbai Police against Macquarie Group. We would request you to refrain from publishing unsubstantiated, unauthenticated and misleading information in this regard,\" Macquarie told B in an email response. The Macquarie note had raised questions about alleged inadequate disclosures regarding the role of promoter Dilip Shanghvi's brother-in-law Sudhir Valia, Sun's past links with banned traders Ketan Parekh and Dharmesh Doshi and related party transactions. ET was the first report on the Macquarie note in its edition dated Nov 29, 2018, explaining the fall in the stock that had declined a six-month low then. The complainant Sanjay Valia is the proprietor of Valia & Associates founded by Sudhir Valia, linked to the Sun Pharma promoter family. In his complaint Sanjay Valia said \u201cthe note titled 'The murky waters of Sun Pharma & Co'\u2026.. (was) issued to investors to unduly benefit select clients by maliciously defaming Sun-\u2026this note was leaked at the same time as the month-end settlement cycle drew near.\u201d This gave short sellers a big advantage and they were able to pull down the stock price of the pharma company from Rs 510 to Rs 410 eroding market capitalisation by Rs 20,000 crore in December 2018, said the complaint filed earlier this year that ET has seen.", "raw_cleaned_article": "<h2>Probe into Note that Led to Sun Pharma Stock Fall Closed</h2><p><b>The Mumbai Police has decided to close an investigation into a complaint that alleged that the Macquarie Group was circulating an investment note questioning the corporate governance practices at Sun Pharmaceuticals Industries Limited (SPIL), sources said. The Economic Offence Wing (EOW) did not find substantial evidence to commence a criminal investigation and convert its preliminary enquiry (PE) into a First Information Report (FIR), sources added.</b> \u201cAfter the note was published, there was a remarkable dip in the SPIL shares and the probe by EOW was looking into the allegations if there was any collusion between the said company and any investment firm or traders with the intention to manipulate share prices by circulating the note. The probe has not found evidence to that effect,\u201d said one of the persons cited above. \u201cA closure report will be filed soon detailing the findings,\u201d added the source.<b>\u201cThis is not accurate. We are not aware of a complaint filed with the Mumbai Police against Macquarie Group. We would request you to refrain from publishing unsubstantiated, unauthenticated and misleading information in this regard,\" Macquarie told B in an email response.</b> The Macquarie note had raised questions about alleged inadequate disclosures regarding the role of promoter Dilip Shanghvi's brother-in-law Sudhir Valia, Sun's past links with banned traders Ketan Parekh and Dharmesh Doshi and related party transactions. ET was the first report on the Macquarie note in its edition dated Nov 29, 2018, explaining the fall in the stock that had declined a six-month low then. The complainant Sanjay Valia is the proprietor of Valia & Associates founded by Sudhir Valia, linked to the Sun Pharma promoter family. In his complaint Sanjay Valia said \u201cthe note titled 'The murky waters of Sun Pharma & Co'\u2026.. (was) issued to investors to unduly benefit select clients by maliciously defaming Sun-\u2026this note was leaked at the same time as the month-end settlement cycle drew near.\u201d This gave short sellers a big advantage and they were able to pull down the stock price of the pharma company from Rs 510 to Rs 410 eroding market capitalisation by Rs 20,000 crore in December 2018, said the complaint filed earlier this year that ET has seen.</p>", "original_content": "<entry xmlns=\"http://www.w3.org/2005/Atom\"><id>urn:contentItem:5X0H-6RF1-JB3N-T34V-00000-00</id><title>Probe into Note that Led to Sun Pharma Stock Fall Closed</title><published>2019-09-07T00:00:00Z</published><updated>2020-11-15T21:49:30Z</updated><author><name>LexisNexis</name></author><content type=\"application/xml\"><!--Transformation version 1.23--><articleDoc xmlns=\"\" xmlns:xsi=\"http://www.w3.org/2001/XMLSchema-instance\" xsi:noNamespaceSchemaLocation=\"http://www.lexisnexis.com/xmlschemas/content/public/articledoc/1/\" schemaVersion=\"1.8\" xml:lang=\"en\"><articleDocHead><itemInfo><sourceSectionInfo><positionSection>COMPANIES: PURSUIT OF PROFIT</positionSection></sourceSectionInfo></itemInfo></articleDocHead><nitf:body xmlns:nitf=\"http://iptc.org/std/NITF/2006-10-18/\"><nitf:body.head><nitf:hedline><nitf:hl1>Probe into Note that Led to Sun Pharma Stock Fall Closed</nitf:hl1></nitf:hedline><nitf:byline><email normalizedValue=\"mailto:Rashmi.Rajput@timesgroup.com\">Rashmi.Rajput@timesgroup.com</email></nitf:byline></nitf:body.head><nitf:body.content><bodyText><p nitf:lede=\"true\">The Mumbai Police has decided to close an investigation into a complaint that alleged that the Macquarie Group was circulating an investment note questioning the corporate governance practices at Sun Pharmaceuticals Industries Limited (SPIL), sources said. The Economic Offence Wing (EOW) did not find substantial evidence to commence a criminal investigation and convert its preliminary enquiry (PE) into a First Information Report (FIR), sources added.</p><p>\u201cAfter the note was published, there was a remarkable dip in the SPIL shares and the probe by EOW was looking into the allegations if there was any collusion between the said company and any investment firm or traders with the intention to manipulate share prices by circulating the note. The probe has not found evidence to that effect,\u201d said one of the persons cited above.</p><p>\u201cA closure report will be filed soon detailing the findings,\u201d added the source.</p><p>\u201cThis is not accurate. We are not aware of a complaint filed with the Mumbai Police against Macquarie Group. We would request you to refrain from publishing unsubstantiated, unauthenticated and misleading information in this regard,\" Macquarie told B in an email response.</p><p>The Macquarie note had raised questions about alleged inadequate disclosures regarding the role of promoter Dilip Shanghvi's brother-in-law Sudhir Valia, Sun's past links with banned traders Ketan Parekh and Dharmesh Doshi and related party transactions. ET was the first report on the Macquarie note in its edition dated Nov 29, 2018, explaining the fall in the stock that had declined a six-month low then.</p><p>The complainant Sanjay Valia is the proprietor of Valia &amp; Associates founded by Sudhir Valia, linked to the Sun Pharma promoter family. In his complaint Sanjay Valia said \u201cthe note titled 'The murky waters of Sun Pharma &amp; Co'\u2026.. (was) issued to investors to unduly benefit select clients by maliciously defaming Sun-\u2026this note was leaked at the same time as the month-end settlement cycle drew near.\u201d This gave short sellers a big advantage and they were able to pull down the stock price of the pharma company from Rs 510 to Rs 410 eroding market capitalisation by Rs 20,000 crore in December 2018, said the complaint filed earlier this year that ET has seen.</p><p>An email sent to Sudhir Valia remained unanswered till press time.</p></bodyText></nitf:body.content></nitf:body><metadata><dc:metadata xmlns:dc=\"http://purl.org/dc/elements/1.1/\"><dc:identifier identifierScheme=\"DOC-ID\">ECOTEP-0_32_07092019004002</dc:identifier><dc:source sourceScheme=\"royaltyReportingKey\">ECOTEP2019</dc:source><dc:identifier identifierScheme=\"PGUID\">urn:contentItem:5X0H-6RF1-JB3N-T34V-00000-00</dc:identifier><dc:source sourceScheme=\"productContentSetIdentifier\">382887</dc:source><dc:date dateType=\"last-updated\">2019-09-07</dc:date></dc:metadata><wordCount number=\"385\"/><publicationInfo><copyright>Copyright 2019 Bennett Coleman &amp; Co. Ltd. All Rights Reserved</copyright><publicationName>Economic Times (E-Paper Edition)</publicationName><edition>Delhi Edition</edition><publicationDate day=\"07\" month=\"09\" year=\"2019\"><dateText>September 7, 2019 Saturday</dateText></publicationDate><classification classificationScheme=\"publicationtype\"><classificationItem><className>Newspaper</className></classificationItem></classification><classification classificationScheme=\"publicationtype\"><classificationItem><className>Newspapers</className></classificationItem></classification></publicationInfo><classification classificationScheme=\"language\"><classificationItem classificationScheme=\"lang.english\"><className>ENGLISH</className></classificationItem></classification><classificationGroup classificationScheme=\"indexing-terms\"><classification classificationScheme=\"company\"><classificationItem score=\"95\"><classCode>CC0003CWM</classCode><className>SUN PHARMACEUTICAL INDUSTRIES LTD</className></classificationItem><classificationItem score=\"84\"><classCode>CC000A36L</classCode><className>MACQUARIE GROUP LTD</className></classificationItem></classification><classification classificationScheme=\"industry\"><classificationItem score=\"95\"><className>NAICS325412 PHARMACEUTICAL PREPARATION MANUFACTURING</className></classificationItem><classificationItem score=\"95\"><className>NAICS325411 MEDICINAL &amp; BOTANICAL MANUFACTURING</className></classificationItem><classificationItem score=\"95\"><className>SIC2834 PHARMACEUTICAL PREPARATIONS</className></classificationItem><classificationItem score=\"84\"><className>NAICS523110 INVESTMENT BANKING &amp; SECURITIES DEALING</className></classificationItem></classification><classification classificationScheme=\"ticker\"><classificationItem score=\"95\"><className>SUNPHARMA (NSE)</className></classificationItem><classificationItem score=\"84\"><className>MQG (ASX)</className></classificationItem></classification></classificationGroup><classificationGroup classificationScheme=\"indexing-terms\"><classification classificationScheme=\"subject\"><classificationItem score=\"91\"><classCode>STX000969</classCode><className>INVESTIGATIONS</className><classCode/><className/></classificationItem><classificationItem score=\"91\"><classCode>STX001976</classCode><className>SECURITIES &amp; OTHER INVESTMENTS</className><classCode/><className/></classificationItem><classificationItem score=\"90\"><classCode>STX000404</classCode><className>CORPORATE GOVERNANCE</className><classCode>Z3VpZD11cm46dG9waWM6MDQ3M0RFODczN0I4NDg2RjlFRDNFMUNBODRDQTU0Q0E7cGFyZW50Z3VpZD11cm46dG9waWM6RTJGRkVBNjc4MzI3NDA5MTlEMDI1NjU2NzMyNkYzNTc</classCode><className>Corporate Governance</className></classificationItem><classificationItem score=\"90\"><classCode>STX001932</classCode><className>CRIME, LAW ENFORCEMENT &amp; CORRECTIONS</className><classCode/><className/></classificationItem><classificationItem score=\"90\"><classCode>ST0009FJK</classCode><className>NEGATIVE PERSONAL NEWS</className><classCode/><className/></classificationItem><classificationItem score=\"90\"><classCode>ST000DH0V</classCode><className>PHARMACEUTICALS SECTOR PERFORMANCE</className><classCode/><className/></classificationItem><classificationItem score=\"79\"><classCode>ST000DIJW</classCode><className>PRICES</className><classCode/><className/></classificationItem><classificationItem score=\"78\"><classCode>ST000D4JV</classCode><className>CRIMINAL INVESTIGATIONS</className><classCode/><className/></classificationItem><classificationItem score=\"78\"><classCode>ST000DANR</classCode><className>FALSE STATEMENTS</className><classCode/><className/></classificationItem><classificationItem score=\"78\"><classCode>STX001027</classCode><className>LIBEL &amp; SLANDER</className><classCode/><className/></classificationItem><classificationItem score=\"78\"><classCode>STX001076</classCode><className>MARKET CAPITALIZATION</className><classCode/><className/></classificationItem><classificationItem score=\"77\"><classCode>ST000DLZ7</classCode><className>MARKET MANIPULATION</className><classCode/><className/></classificationItem><classificationItem score=\"77\"><classCode>ST000CZTI</classCode><className>STOCK PRICES</className><classCode/><className/></classificationItem><classificationItem score=\"73\"><classCode>STLL00093AD</classCode><className>DEFAMATION</className><classCode/><className/></classificationItem></classification><classification classificationScheme=\"industry\"><classificationItem score=\"96\"><classCode>STX001911</classCode><className>PHARMACEUTICALS &amp; BIOTECHNOLOGY</className><classCode/><className/></classificationItem><classificationItem score=\"93\"><classCode>STX001323</classCode><className>PHARMACEUTICALS INDUSTRY</className><classCode/><className/></classificationItem><classificationItem score=\"91\"><classCode>STX001976</classCode><className>SECURITIES &amp; OTHER INVESTMENTS</className><classCode/><className/></classificationItem><classificationItem score=\"90\"><classCode>N325412MM</classCode><className>PHARMACEUTICAL PREPARATION MFG</className><classCode/><className/></classificationItem><classificationItem score=\"90\"><classCode>ST0008WVS</classCode><className>PHARMACEUTICALS &amp; BIOTECHNOLOGY REGULATION &amp; POLICY</className><classCode/><className/></classificationItem><classificationItem score=\"90\"><classCode>ST000DH0V</classCode><className>PHARMACEUTICALS SECTOR PERFORMANCE</className><classCode/><className/></classificationItem><classificationItem score=\"78\"><classCode>N520000CC</classCode><className>BANKING &amp; FINANCE</className><classCode/><className/></classificationItem><classificationItem score=\"78\"><classCode>N523110EC</classCode><className>INVESTMENT BANKING</className><classCode/><className/></classificationItem><classificationItem score=\"78\"><classCode>ST0009RX6</classCode><classCode/><className/></classificationItem><classificationItem score=\"77\"><classCode>ST000DLZ7</classCode><className>MARKET MANIPULATION</className><classCode/><className/></classificationItem><classificationItem score=\"77\"><classCode>ST000CZTI</classCode><className>STOCK PRICES</className><classCode/><className/></classificationItem></classification><classification classificationScheme=\"person\"><classificationItem score=\"79\"><classCode>PE000DM1V</classCode><className>DILIP SHANGHVI</className><classCode/><className/></classificationItem></classification><classification classificationScheme=\"city\"><classificationItem score=\"88\"><classCode>GX143</classCode><className>MUMBAI, MAHARASHTRA, INDIA</className><classCode/><className/></classificationItem></classification></classificationGroup></metadata></articleDoc></content></entry>"}