{"prediction_class": "Fraud Embezzlement Misappropriation", "prediction_score": "0.92", "name": "Macquarie Group", "title": "Australia is a white-collar crime 'paradise';Regulation - ASIC penalty call", "published": "2014-10-22T00:00:00Z", "updated": "2020-11-15T21:46:48Z", "cleaned_article": "[TITLE] Australia is a white-collar crime 'paradise';Regulation - ASIC penalty call [TITLE] \n\nFinance industry players were not \"Christian soldiers\", Mr Medcraft said on Tuesday, but were motivated by fear and greed. \"You have to lift the fear and suppress the greed,\" he said. \"This is a bit of a paradise, Australia, for white collar. The thing that scares white-collar criminals is going to jail and that's what scares them everywhere in the world. The penalties, particularly civil penalties, in Australia for white-collar offences are basically not strong enough, not tough enough. All you're doing is giving them a slap on the wrist [and] that is not deterring people.\" In the past few years ASIC has come under fire over its handling of scandals at the financial planning arms of the Commonwealth Bank, Macquarie Group, and Storm Financial. At recent Senate and parliamentary committee inquiries the corporate regulator was accused of being too slow to act against dodgy financial planners, of lacking transparency and being too trusting of big business. Mr Medcraft admitted ASIC had made mistakes, but said its capacity to investigate and pursue corrupt financial advisers had been curtailed by a lack of resources. He vowed to be more transparent about ASIC's enforcement actions and said the regulator would \"not be captive to the big end of town\".", "raw_cleaned_article": "<h2>Australia is a white-collar crime 'paradise';Regulation - ASIC penalty call</h2><p>Finance industry players were not \"Christian soldiers\", Mr Medcraft said on Tuesday, but were motivated by fear and greed. \"You have to lift the fear and suppress the greed,\" he said. \"This is a bit of a paradise, Australia, for white collar. The thing that scares white-collar criminals is going to jail and that's what scares them everywhere in the world. The penalties, particularly civil penalties, in Australia for white-collar offences are basically not strong enough, not tough enough. All you're doing is giving them a slap on the wrist [and] that is not deterring people.\" <b>In the past few years ASIC has come under fire over its handling of scandals at the financial planning arms of the Commonwealth Bank, Macquarie Group, and Storm Financial.</b> At recent Senate and parliamentary committee inquiries the corporate regulator was accused of being too slow to act against dodgy financial planners, of lacking transparency and being too trusting of big business. Mr Medcraft admitted ASIC had made mistakes, but said its capacity to investigate and pursue corrupt financial advisers had been curtailed by a lack of resources. He vowed to be more transparent about ASIC's enforcement actions and said the regulator would \"not be captive to the big end of town\".</p>", "original_content": "<entry xmlns=\"http://www.w3.org/2005/Atom\"><id>urn:contentItem:5DDJ-V5K1-JD34-V14V-00000-00</id><title>Australia is a white-collar crime 'paradise';Regulation - ASIC penalty call</title><published>2014-10-22T00:00:00Z</published><updated>2020-11-15T21:46:48Z</updated><author><name>LexisNexis</name></author><content type=\"application/xml\"><!--Transformation version 1.23--><articleDoc xmlns=\"\" xmlns:xsi=\"http://www.w3.org/2001/XMLSchema-instance\" xsi:noNamespaceSchemaLocation=\"http://www.lexisnexis.com/xmlschemas/content/public/articledoc/1/\" schemaVersion=\"1.8\" xml:lang=\"en\"><articleDocHead><itemInfo><sourceSectionInfo><positionSection>BUSINESS</positionSection><positionSequence>Pg. 19</positionSequence></sourceSectionInfo></itemInfo></articleDocHead><nitf:body xmlns:nitf=\"http://iptc.org/std/NITF/2006-10-18/\"><nitf:body.head><nitf:hedline><nitf:hl1>Australia is a white-collar crime 'paradise'</nitf:hl1><nitf:hl2>Regulation - ASIC penalty call</nitf:hl2></nitf:hedline><nitf:byline><author><person><nameText>Sue Mitchell</nameText></person></author></nitf:byline></nitf:body.head><nitf:body.content><bodyText><p nitf:lede=\"true\">Australia is a \"paradise\" for white-collar criminals because of its soft punishment of corporate offences, Australian Securities and Investments Commission chairman Greg Medcraft says.</p><p nitf:lede=\"true\">Mr Medcraft said the only realistic response was harsher jail terms and bigger penalties for white-collar crime.</p><p>He also repeated calls for a national competency exam for financial advisers in the lead-up to a crackdown on the industry and more funding for ASIC to investigate the finance sector, including a user-pays funding model.</p><p>Finance industry players were not \"Christian soldiers\", Mr Medcraft said on Tuesday, but were motivated by fear and greed.</p><p>\"You have to lift the fear and suppress the greed,\" he said. \"This is a bit of a paradise, Australia, for white collar. The thing that scares white-collar criminals is going to jail and that's what scares them everywhere in the world. The penalties, particularly civil penalties, in Australia for white-collar offences are basically not strong enough, not tough enough. All you're doing is giving them a slap on the wrist [and] that is not deterring people.\"</p><p>In the past few years ASIC has come under fire over its handling of scandals at the financial planning arms of the Commonwealth Bank, Macquarie Group, and Storm Financial.</p><p>At recent Senate and parliamentary committee inquiries the corporate regulator was accused of being too slow to act against dodgy financial planners, of lacking transparency and being too trusting of big business. Mr Medcraft admitted ASIC had made mistakes, but said its capacity to investigate and pursue corrupt financial advisers had been curtailed by a lack of resources.</p><p>He vowed to be more transparent about ASIC's enforcement actions and said the regulator would \"not be captive to the big end of town\".</p><p>\"If we want to react faster, then having more resources to be able to do it is important,\" he said.</p><p>The Australian Securities and Investments Commission plans to devote more resources to scrutinising and investigating the financial advisory industry while forcing the sector to lift through better education, monitoring and reporting of breaches.</p><p>\"One way of lifting resources is to put pressure on them to better police themselves,\" Mr Medcraft said. \"You have to try to put more pressure on the people who are supposed to be monitoring the advisers, so our strategy is going to be spending a lot more time putting pressure on their own misconduct and breach reporting.\"</p><p>Mr Medcraft stepped up calls for a national exam for financial advisers to level the playing field and ensure minimum levels of competency. \"At least, pilots have to sit for a competency exam run by CASA (Civil Aviation Safety Authority) - I regard financial advice as just as important,\" he said.</p></bodyText></nitf:body.content><nitf:body.end><graphic><nitf:media><caption><p>PHOTO: Greg Medcraft wants harsher jail terms. Photo: Ben Rushton</p></caption></nitf:media></graphic></nitf:body.end></nitf:body><metadata><dc:metadata xmlns:dc=\"http://purl.org/dc/elements/1.1/\"><dc:identifier identifierScheme=\"DOC-ID\">AGEMLB-6hkd4izq7l0l077gafp</dc:identifier><dc:source sourceScheme=\"royaltyReportingKey\">AGEMLB2014</dc:source><dc:identifier identifierScheme=\"PGUID\">urn:contentItem:5DDJ-V5K1-JD34-V14V-00000-00</dc:identifier><dc:source sourceScheme=\"productContentSetIdentifier\">314239</dc:source><dc:date dateType=\"last-updated\">2019-10-03</dc:date></dc:metadata><wordCount number=\"457\"/><publicationInfo><copyright>Copyright 2014 The Age Company Limited All Rights Reserved</copyright><publicationName>The Age (Melbourne, Australia)</publicationName><edition>First Edition</edition><publicationDate day=\"22\" month=\"10\" year=\"2014\"><dateText>October 22, 2014 Wednesday</dateText></publicationDate><classification classificationScheme=\"publicationtype\"><classificationItem><className>Newspaper</className></classificationItem></classification><classification classificationScheme=\"publicationtype\"><classificationItem><className>Newspapers</className></classificationItem></classification></publicationInfo><classification classificationScheme=\"language\"><classificationItem classificationScheme=\"lang.english\"><className>ENGLISH</className></classificationItem></classification><classificationGroup classificationScheme=\"indexing-terms\"><classification classificationScheme=\"company\"><classificationItem score=\"90\"><classCode>CC000A36L</classCode><className>MACQUARIE GROUP LTD</className></classificationItem></classification><classification classificationScheme=\"industry\"><classificationItem score=\"90\"><className>NAICS523110 INVESTMENT BANKING &amp; SECURITIES DEALING</className></classificationItem></classification><classification classificationScheme=\"ticker\"><classificationItem score=\"90\"><className>MQG (ASX)</className></classificationItem></classification></classificationGroup><classificationGroup classificationScheme=\"licensor.indexing-terms\"><classification classificationScheme=\"licensor.region\"><classificationItem><className>Australia</className></classificationItem></classification><classification classificationScheme=\"licensor.subject\"><classificationItem><className>Industry/Financial Services</className></classificationItem><classificationItem><className>Company/Australian Securities and Investment Commission/ASIC</className></classificationItem><classificationItem><className>Crime/Corporate</className></classificationItem></classification></classificationGroup><classificationGroup classificationScheme=\"indexing-terms\"><classification classificationScheme=\"subject\"><classificationItem score=\"92\"><classCode>STX001932</classCode><className>CRIME, LAW ENFORCEMENT &amp; CORRECTIONS</className><classCode/><className/></classificationItem><classificationItem score=\"91\"><classCode>STX001976</classCode><className>SECURITIES &amp; OTHER INVESTMENTS</className><classCode/><className/></classificationItem><classificationItem score=\"90\"><classCode>N926150GC</classCode><className>BANKING &amp; FINANCE REGULATION</className><classCode/><className/></classificationItem><classificationItem score=\"90\"><classCode>STX000408</classCode><className>CORPORATE WRONGDOING</className><classCode/><className/></classificationItem><classificationItem score=\"90\"><classCode>STX000759</classCode><className>FRAUD &amp; FINANCIAL CRIME</className><classCode/><className/></classificationItem><classificationItem score=\"90\"><classCode>STX000969</classCode><className>INVESTIGATIONS</className><classCode/><className/></classificationItem><classificationItem score=\"90\"><classCode>ST0009FJK</classCode><className>NEGATIVE PERSONAL NEWS</className><classCode/><className/></classificationItem><classificationItem score=\"78\"><classCode>ST000D5SG</classCode><className>CORRUPTION</className><classCode/><className/></classificationItem><classificationItem score=\"78\"><classCode>ST000DF45</classCode><className>ENFORCEMENT ACTIONS</className><classCode/><className/></classificationItem><classificationItem score=\"78\"><classCode>STX000722</classCode><className>FINES &amp; PENALTIES</className><classCode/><className/></classificationItem><classificationItem score=\"78\"><classCode>ST000A4J3</classCode><className>JAIL SENTENCING</className><classCode/><className/></classificationItem><classificationItem score=\"78\"><classCode>STX001149</classCode><className>MISCONDUCT</className><classCode/><className/></classificationItem><classificationItem score=\"78\"><classCode>ST0009QD4</classCode><className>NEGATIVE BUSINESS NEWS</className><classCode/><className/></classificationItem><classificationItem score=\"76\"><classCode>N921120CC</classCode><className>LEGISLATIVE BODIES</className><classCode/><className/></classificationItem><classificationItem score=\"73\"><classCode>N926120GM</classCode><className>AVIATION ADMINISTRATION</className><classCode/><className/></classificationItem></classification><classification classificationScheme=\"industry\"><classificationItem score=\"91\"><classCode>N520000CC</classCode><className>BANKING &amp; FINANCE</className><classCode/><className/></classificationItem><classificationItem score=\"91\"><classCode>STX001976</classCode><className>SECURITIES &amp; OTHER INVESTMENTS</className><classCode/><className/></classificationItem><classificationItem score=\"91\"><classCode>ST0009RX6</classCode><classCode/><className/></classificationItem><classificationItem score=\"90\"><classCode>N926150GC</classCode><className>BANKING &amp; FINANCE REGULATION</className><classCode/><className/></classificationItem><classificationItem score=\"90\"><classCode>ST00090O3</classCode><className>BANKING &amp; FINANCE REGULATION &amp; POLICY</className><classCode/><className/></classificationItem><classificationItem score=\"90\"><classCode>ST00093QP</classCode><className>FINANCIAL PLANNING</className><classCode/><className/></classificationItem><classificationItem score=\"73\"><classCode>N926120GM</classCode><className>AVIATION ADMINISTRATION</className><classCode/><className/></classificationItem><classificationItem score=\"61\"><classCode>ST000A7R6</classCode><className>AIRCRAFT PILOTS</className><classCode>Z3VpZD11cm46dG9waWM6Njc5NTU5QUM5NkU4NEJEMzk3NTBCOThDODc0MDhBODU7cGFyZW50Z3VpZD11cm46dG9waWM6MDc0QkUxRjIwOENFNDFFM0IyRjk2QzZCRjNCMjkwODU</classCode><className>Pilots</className></classificationItem></classification><classification classificationScheme=\"city\"><classificationItem score=\"74\"><classCode>GX015</classCode><className>MELBOURNE, AUSTRALIA</className><classCode/><className/></classificationItem></classification><classification classificationScheme=\"state\"><classificationItem score=\"92\"><classCode>GS007</classCode><className>VICTORIA, AUSTRALIA</className><classCode/><className/></classificationItem></classification><classification classificationScheme=\"country\"><classificationItem score=\"99\"><classCode>GC301</classCode><className>AUSTRALIA</className><classCode/><className/></classificationItem></classification></classificationGroup></metadata></articleDoc></content></entry>"}