{"prediction_class": "Regulatory Breaches Tax Evasion Smuggling of goods", "prediction_score": "0.96", "name": "Macquarie Group", "title": "Macquarie CEO a 'person of interest';TAX SCANDAL | EXCLUSIVE", "published": "2018-09-29T00:00:00Z", "updated": "2020-11-15T21:49:44Z", "cleaned_article": "[TITLE] Macquarie CEO a 'person of interest';TAX SCANDAL | EXCLUSIVE [TITLE] \n\nMacquarie Group chief executive Nicholas Moore and his successor, Shemara Wikramanayake, were involved in approving deals that are now at the centre of an investigation by German prosecutors into alleged tax fraud. Mr Moore and Ms Wikramanayake are likely to be classified as \"persons of interest\" or \"suspects\" under German law, and interviewed by prosecutors over 2011 deals, making them the latest senior bankers to be embroiled in a multibillion-dollar scandal that has affected dozens of major banks. The announcement comes as a cache of leaked documents shows Macquarie Bank's board in 2010 approved a plan to lend about (EURO)3.3 billion to hedge funds that were planning to use a controversial strategy to exploit a quirk in German tax law, despite warnings of reputation and tax risks. [...] \n\nAs part of a long-running investigation, the Cologne Prosecutor's Office (CPO) is investigating Macquarie for \"assistance to tax fraud\" over a 2011 transaction in which Macquarie lent money to Irish hedge funds seeking to take advantage of complex German tax rules. A separate civil action has alleged that parties involved in the specific plan which Macquarie helped to facilitate stood to make a combined \"(EURO)462 million\" in \"unjustified tax benefits.\" After detailed questions about the trades on Thursday night, Macquarie told the ASX yesterday the CPO would want to interview up to 30 Macquarie staff involved in the transaction. At the time of the deal Mr Moore was the chief executive of Macquarie Group and Ms Wikramanayake was in charge of Macquarie Funds Group, the division behind the transaction. Both are expected to be interviewed. \"In order to interview all these individuals, they are likely to be formally classified under German law as persons of interest or suspects,\" the bank said in a statement. Macquarie said the amount of money involved with the CPO investigation was \"not material.\" It previously set aside about (EURO)100 million to repay profits from earlier \"cum-ex\" trading.", "raw_cleaned_article": "<h2>Macquarie CEO a 'person of interest';TAX SCANDAL | EXCLUSIVE</h2><p><b>Macquarie Group chief executive Nicholas Moore and his successor, Shemara Wikramanayake, were involved in approving deals that are now at the centre of an investigation by German prosecutors into alleged tax fraud.</b> Mr Moore and Ms Wikramanayake are likely to be classified as \"persons of interest\" or \"suspects\" under German law, and interviewed by prosecutors over 2011 deals, making them the latest senior bankers to be embroiled in a multibillion-dollar scandal that has affected dozens of major banks. The announcement comes as a cache of leaked documents shows Macquarie Bank's board in 2010 approved a plan to lend about (EURO)3.3 billion to hedge funds that were planning to use a controversial strategy to exploit a quirk in German tax law, despite warnings of reputation and tax risks.</p><p>[...]</p><p>As part of a long-running investigation, the Cologne Prosecutor's Office (CPO) is investigating Macquarie for \"assistance to tax fraud\" over a 2011 transaction in which Macquarie lent money to Irish hedge funds seeking to take advantage of complex German tax rules. A separate civil action has alleged that parties involved in the specific plan which Macquarie helped to facilitate stood to make a combined \"(EURO)462 million\" in \"unjustified tax benefits.\" After detailed questions about the trades on Thursday night, Macquarie told the ASX yesterday the CPO would want to interview up to 30 Macquarie staff involved in the transaction. <b>At the time of the deal Mr Moore was the chief executive of Macquarie Group and Ms Wikramanayake was in charge of Macquarie Funds Group, the division behind the transaction. Both are expected to be interviewed.</b> \"In order to interview all these individuals, they are likely to be formally classified under German law as persons of interest or suspects,\" the bank said in a statement. Macquarie said the amount of money involved with the CPO investigation was \"not material.\" It previously set aside about (EURO)100 million to repay profits from earlier \"cum-ex\" trading.</p>", "original_content": "<entry xmlns=\"http://www.w3.org/2005/Atom\"><id>urn:contentItem:5TC6-VTV1-JD34-V21R-00000-00</id><title>Macquarie CEO a 'person of interest';TAX SCANDAL | EXCLUSIVE</title><published>2018-09-29T00:00:00Z</published><updated>2020-11-15T21:49:44Z</updated><author><name>LexisNexis</name></author><content type=\"application/xml\"><!--Transformation version 1.23--><articleDoc xmlns=\"\" xmlns:xsi=\"http://www.w3.org/2001/XMLSchema-instance\" xsi:noNamespaceSchemaLocation=\"http://www.lexisnexis.com/xmlschemas/content/public/articledoc/1/\" schemaVersion=\"1.8\" xml:lang=\"en\"><articleDocHead><itemInfo><sourceSectionInfo><positionSection>NEWS</positionSection><positionSequence>Pg. 16</positionSequence></sourceSectionInfo></itemInfo></articleDocHead><nitf:body xmlns:nitf=\"http://iptc.org/std/NITF/2006-10-18/\"><nitf:body.head><nitf:hedline><nitf:hl1>Macquarie CEO a 'person of interest'</nitf:hl1><nitf:hl2>TAX SCANDAL | EXCLUSIVE</nitf:hl2></nitf:hedline><nitf:byline><author><person><nameText>Clancy Yeates, Volker Votsmeier, Soenke Iwersen</nameText></person></author></nitf:byline></nitf:body.head><nitf:body.content><bodyText><p nitf:lede=\"true\">Macquarie Group chief executive Nicholas Moore and his successor, Shemara Wikramanayake, were involved in approving deals that are now at the centre of an investigation by German prosecutors into alleged tax fraud.</p><p nitf:lede=\"true\">Mr Moore and Ms Wikramanayake are likely to be classified as \"persons of interest\" or \"suspects\" under German law, and interviewed by prosecutors over 2011 deals, making them the latest senior bankers to be embroiled in a multibillion-dollar scandal that has affected dozens of major banks.</p><p nitf:lede=\"true\">The announcement comes as a cache of leaked documents shows Macquarie Bank's board in 2010 approved a plan to lend about (EURO)3.3 billion to hedge funds that were planning to use a controversial strategy to exploit a quirk in German tax law, despite warnings of reputation and tax risks.</p><p>The documents leaked to German newspaper Handelsblatt, and shared with the Herald, show top Macquarie executives, including Mr Moore and Ms Wikramanayake, were briefed on the plans in 2010.</p><p>As part of a long-running investigation, the Cologne Prosecutor's Office (CPO) is investigating Macquarie for \"assistance to tax fraud\" over a 2011 transaction in which Macquarie lent money to Irish hedge funds seeking to take advantage of complex German tax rules. A separate civil action has alleged that parties involved in the specific plan which Macquarie helped to facilitate stood to make a combined \"(EURO)462 million\" in \"unjustified tax benefits.\"</p><p>After detailed questions about the trades on Thursday night, Macquarie told the ASX yesterday the CPO would want to interview up to 30 Macquarie staff involved in the transaction.</p><p>At the time of the deal Mr Moore was the chief executive of Macquarie Group and Ms Wikramanayake was in charge of Macquarie Funds Group, the division behind the transaction. Both are expected to be interviewed.</p><p>\"In order to interview all these individuals, they are likely to be formally classified under German law as persons of interest or suspects,\" the bank said in a statement.</p><p>Macquarie said the amount of money involved with the CPO investigation was \"not material.\" It previously set aside about (EURO)100 million to repay profits from earlier \"cum-ex\" trading.</p><p>German prosecutors have for years been investigating banks, investors and brokers over a strategy known as \"cum-ex\" trading - a reference to the Latin phrase \"with-without\" - which effectively allowed multiple investors to simultaneously claim a tax credit off a single dividend.</p><p>The leaked documents reveal how Macquarie's lending to funds using the controversial \"cum-ex\" trading strategy was approved by the highest rungs of the Sydney investment bank. Macquarie's plan was devised by bankers in Europe including former head in Munich Axel von Rosen, working with legal advisers including Dr Hanno Berger, and Macquarie executive Peter Lucas. Mr von Rosen no longer works at Macquarie, while Mr Lucas is a senior executive in asset management.</p><p>In late 2010, some of Macquarie's legal advisers were telling the bank the German government was seeking to crack down on this type of trading, and financing the deals came with significant risks. But Macquarie financed the proposed trades in 2011 anyway, based on advice from other firms.</p><p>In one leaked email from October 2010, Mr von Rosen wrote in German to Dr Berger. \"I've passed on your concerns to our Group Head, also to ramp up pressure internally. He just wrote me the below lines. Nicholas Moore, our CEO wants the transaction and that's why it will happen,\" a translation of the email says.</p><p>The transaction being probed by the prosecutor took place in April 2011 and was the subject of different legal advice, which Macquarie says indicated the tactic was legal.</p><p>A separate memo on the practice in September 2010 was written by Peter Lucas and addressed to Mr Moore, who will retire at the end of November, to be replaced by Ms Wikramanayake. The briefing, titled \"dividend arbitrage opportunities,\" sets out the mechanics of the trades, noting they have a \"high level of tax sensitivity\".</p><p>In response to one internal paper, the head of Macquarie Securities Group, Roy Laidlaw, raised concerns about the fact Macquarie was prepared to lend to finance the trades rather than conduct them with its own money and also that the proposition had been brought to them by former staff.</p><p>\"Its [sic] clearly your call but it is a bit strange that we are financing trades that we cannot get comfortable with to do ourselves,\" he wrote on October 7.</p><p>\"Dealing with ex employees who we don't trust and lost us over 100m.\"</p><p>Later that month, in 2010, a joint memo from Ms Wikramanayake, Mr Lucas and Mr von Rosen and another executive was circulated to the Macquarie Bank board seeking approval to lend (EURO)3.3 billion to German dividend trading funds.</p><p>The memo said although the bank was advised its strategy was legal, there was a risk Macquarie was seen to participate \"in a transaction that generates benefits due to tax attributes of dividends\".</p><p>The same memo estimated Macquarie's \"base case\" was that the deals would generate \"net return on economic capital\" of 304.7 per cent.</p><p>Board papers show Macquarie Bank's board approved the proposal on October 28, at a meeting that was also attended by Ms Wikramanayake, Mr Lucas, and executives Stephen Allen and Peter Holloway.</p><p>\"The board asked that management obtain an independent view of the reputation and political risks for Macquarie of entering into the transactions, from a respected German person/authority,\" the board papers say.</p><p>By December, staff in Macquarie had formed the view that planned deals with German funds were no longer viable after a proposed law change. Instead, bankers worked up a plan to finance Irish hedge funds using the same strategy. It lent the money in 2011, but the Irish funds were not able to claim the tax credits as planned due to a crackdown by German authorities.</p><p>Macquarie said yesterday it was one of more than 100 financial institutions involved in the market, and it believed it was acting lawfully.</p></bodyText></nitf:body.content></nitf:body><metadata><dc:metadata xmlns:dc=\"http://purl.org/dc/elements/1.1/\"><dc:identifier identifierScheme=\"DOC-ID\">SMHRLD-doc7239duaufe9dnorqhhq</dc:identifier><dc:source sourceScheme=\"royaltyReportingKey\">SMHRLD2018</dc:source><dc:identifier identifierScheme=\"PGUID\">urn:contentItem:5TC6-VTV1-JD34-V21R-00000-00</dc:identifier><dc:source sourceScheme=\"productContentSetIdentifier\">314237</dc:source><dc:date dateType=\"last-updated\">2019-10-01</dc:date></dc:metadata><wordCount number=\"1001\"/><publicationInfo><copyright>Copyright 2018 John Fairfax Publications Pty Ltd All Rights Reserved</copyright><publicationName>Sydney Morning Herald (Australia)</publicationName><edition>Print &amp; First Editions</edition><publicationDate day=\"29\" month=\"09\" year=\"2018\"><dateText>September 29, 2018 Saturday</dateText></publicationDate><classification classificationScheme=\"publicationtype\"><classificationItem><className>Newspaper</className></classificationItem></classification><classification classificationScheme=\"publicationtype\"><classificationItem><className>Newspapers</className></classificationItem></classification></publicationInfo><classification classificationScheme=\"language\"><classificationItem classificationScheme=\"lang.english\"><className>ENGLISH</className></classificationItem></classification><classificationGroup classificationScheme=\"indexing-terms\"><classification classificationScheme=\"company\"><classificationItem score=\"91\"><classCode>CC000A36L</classCode><className>MACQUARIE GROUP LTD</className></classificationItem><classificationItem score=\"57\"><classCode>CC0002HYD</classCode><className>MACQUARIE BANK LTD</className></classificationItem></classification><classification classificationScheme=\"industry\"><classificationItem score=\"91\"><className>NAICS523110 INVESTMENT BANKING &amp; SECURITIES DEALING</className></classificationItem><classificationItem score=\"57\"><className>NAICS523920 PORTFOLIO MANAGEMENT</className></classificationItem><classificationItem score=\"57\"><className>NAICS522110 COMMERCIAL BANKING</className></classificationItem><classificationItem score=\"57\"><className>SIC6282 INVESTMENT ADVICE</className></classificationItem><classificationItem score=\"57\"><className>SIC6029 COMMERCIAL BANKS, NEC</className></classificationItem></classification><classification classificationScheme=\"ticker\"><classificationItem score=\"91\"><className>MQG (ASX)</className></classificationItem><classificationItem score=\"57\"><className>MBL (ASX)</className></classificationItem></classification></classificationGroup><classificationGroup classificationScheme=\"indexing-terms\"><classification classificationScheme=\"subject\"><classificationItem score=\"93\"><classCode>STX001678</classCode><className>TAX FRAUD</className><classCode>Z3VpZD11cm46dG9waWM6QUQ3NTEzQ0ZENTYxNEY1MDgwREQ3OTcwNUIyRjczNDY7cGFyZW50Z3VpZD11cm46dG9waWM6QjUxMzkyMTA2MTNDNDhDOUJDMkY5MkRGRDY1NjZBQjg</classCode><className>Tax Fraud</className></classificationItem><classificationItem score=\"91\"><classCode>ST000D1BY</classCode><className>EXECUTIVES</className><classCode/><className/></classificationItem><classificationItem score=\"91\"><classCode>ST0009FJK</classCode><className>NEGATIVE PERSONAL NEWS</className><classCode/><className/></classificationItem><classificationItem score=\"91\"><classCode>STX001976</classCode><className>SECURITIES &amp; OTHER INVESTMENTS</className><classCode/><className/></classificationItem><classificationItem score=\"90\"><classCode>ST000D4JV</classCode><className>CRIMINAL INVESTIGATIONS</className><classCode/><className/></classificationItem><classificationItem score=\"90\"><classCode>STX000759</classCode><className>FRAUD &amp; FINANCIAL CRIME</className><classCode/><className/></classificationItem><classificationItem score=\"90\"><classCode>STX000969</classCode><className>INVESTIGATIONS</className><classCode/><className/></classificationItem><classificationItem score=\"90\"><classCode>N523930MC</classCode><className>INVESTMENT ADVISERS</className><classCode>Z3VpZD11cm46dG9waWM6ODQ2M0Q5NUExRUZENEY2NDkzMzlDMDVFNjFCNTY3MTQ7cGFyZW50Z3VpZD11cm46dG9waWM6RkFFMTQ3ODhCRDYyNDkyN0IwQkEyQzRCRDlFMEM5ODc</classCode><className>Investment Advisers</className></classificationItem><classificationItem score=\"90\"><classCode>N922130TM</classCode><className>PUBLIC PROSECUTORS</className><classCode/><className/></classificationItem><classificationItem score=\"90\"><classCode>ST000CTIZ</classCode><className>SCANDALS</className><classCode/><className/></classificationItem><classificationItem score=\"90\"><classCode>STX001676</classCode><className>TAX ENFORCEMENT</className><classCode/><className/></classificationItem><classificationItem score=\"90\"><classCode>STX001688</classCode><className>TAXES &amp; TAXATION</className><classCode/><className/></classificationItem><classificationItem score=\"89\"><classCode>STX000108</classCode><className>APPROVALS</className><classCode/><className/></classificationItem><classificationItem score=\"89\"><classCode>ST0008ZF6</classCode><className>INTERVIEWS</className><classCode/><className/></classificationItem><classificationItem score=\"78\"><classCode>STX001648</classCode><className>SUITS &amp; CLAIMS</className><classCode/><className/></classificationItem><classificationItem score=\"77\"><classCode>STX000719</classCode><className>FINANCIAL RISK MANAGEMENT</className><classCode/><className/></classificationItem><classificationItem score=\"77\"><classCode>N523920MM</classCode><className>INVESTMENT MANAGEMENT</className><classCode/><className/></classificationItem><classificationItem score=\"77\"><classCode>ST0008XMR</classCode><className>LAW &amp; LEGAL SYSTEM</className><classCode/><className/></classificationItem><classificationItem score=\"77\"><classCode>STX001040</classCode><className>LITIGATION</className><classCode/><className/></classificationItem><classificationItem score=\"74\"><classCode>N525910EE</classCode><className>HEDGE FUNDS</className><classCode>Z3VpZD11cm46dG9waWM6QkY2N0Y5NDExMUY3NEE0NEJERkNDM0ZCNzIxRUU3OTg7cGFyZW50Z3VpZD11cm46dG9waWM6NEZBNjUwRkEwQjJGNDgzQzlEMzMyNEE1RDAyOTY4RkE</classCode><className>Hedge Funds</className></classificationItem></classification><classification classificationScheme=\"industry\"><classificationItem score=\"92\"><classCode>N520000CC</classCode><className>BANKING &amp; FINANCE</className><classCode/><className/></classificationItem><classificationItem score=\"92\"><classCode>ST0009RX6</classCode><classCode/><className/></classificationItem><classificationItem score=\"91\"><classCode>STX001976</classCode><className>SECURITIES &amp; OTHER INVESTMENTS</className><classCode/><className/></classificationItem><classificationItem score=\"90\"><classCode>N523930MC</classCode><className>INVESTMENT ADVISERS</className><classCode>Z3VpZD11cm46dG9waWM6ODQ2M0Q5NUExRUZENEY2NDkzMzlDMDVFNjFCNTY3MTQ7cGFyZW50Z3VpZD11cm46dG9waWM6RkFFMTQ3ODhCRDYyNDkyN0IwQkEyQzRCRDlFMEM5ODc</classCode><className>Investment Advisers</className></classificationItem><classificationItem score=\"77\"><classCode>STX000719</classCode><className>FINANCIAL RISK MANAGEMENT</className><classCode/><className/></classificationItem><classificationItem score=\"77\"><classCode>N523920MM</classCode><className>INVESTMENT MANAGEMENT</className><classCode/><className/></classificationItem><classificationItem score=\"74\"><classCode>N525910EE</classCode><className>HEDGE FUNDS</className><classCode>Z3VpZD11cm46dG9waWM6QkY2N0Y5NDExMUY3NEE0NEJERkNDM0ZCNzIxRUU3OTg7cGFyZW50Z3VpZD11cm46dG9waWM6NEZBNjUwRkEwQjJGNDgzQzlEMzMyNEE1RDAyOTY4RkE</classCode><className>Hedge Funds</className></classificationItem></classification><classification classificationScheme=\"person\"><classificationItem score=\"79\"><classCode>PE000DNZT</classCode><className>SHEMARA WIKRAMANAYAKE</className><classCode/><className/></classificationItem></classification><classification classificationScheme=\"city\"><classificationItem score=\"89\"><classCode>GX014</classCode><className>SYDNEY, AUSTRALIA</className><classCode/><className/></classificationItem></classification><classification classificationScheme=\"country\"><classificationItem score=\"93\"><classCode>GC318</classCode><className>GERMANY</className><classCode/><className/></classificationItem><classificationItem score=\"92\"><classCode>GC301</classCode><className>AUSTRALIA</className><classCode/><className/></classificationItem><classificationItem score=\"57\"><classCode>GT115</classCode><className>EUROPE</className><classCode/><className/></classificationItem></classification></classificationGroup></metadata></articleDoc></content></entry>"}