{"prediction_class": "Regulatory Breaches Tax Evasion Smuggling of goods", "prediction_score": "0.99", "name": "Macquarie Group", "title": "BSE Hands Over Sun Pharma Dec Trade Details to Mumbai Police", "published": "2019-03-23T00:00:00Z", "updated": "2020-11-15T22:05:40Z", "cleaned_article": "[TITLE] BSE Hands Over Sun Pharma Dec Trade Details to Mumbai Police [TITLE] \n\nExchange\u2019s response comes after the Economic Offences Wing of Mumbai Police launched a preliminary enquiry against Macquarie following a complaint by Sudhir Valia & Associates The Bombay Stock Exchange (BSE) has given Mumbai police the derivative trading details on Sun Pharma for the December contract, with law enforcement seeking to ascertain whether some traders had conspired with an equity research team to hammer the stock of India's biggest drug-maker. The BSE response comes after the police's Economic Offences Wing (EOW), taking forward a complaint by Sudhir Valia & Associates, had begun a preliminary enquiry (PE) against Macquarie Group, which circulated an investment note that raised alleged corporate governance concerns at Sun Pharma. The National Stock Exchange, the competing bourse also based in Mumbai, is yet to provide the police Sun Pharma's trading details on its platform. ET was the first to have reported on the Macquarie note in its edition dated November 29, 2018, explaining the fall in the stock that had declined then to a six-month low.Valia, linked to the Sun Pharma promoter family, had complained that \u201c...a note prepared and circulated by Macquarie Group pulled down the share price from ?510 to ?410 ...eroding market capitalisation by ?20,000 crore in December.\u201d Valia alleged that \u201cthe note, titled 'The murky waters of Sun Pharma & Co', \u2026.. (was) issued to investors to unduly benefit select clients by maliciously defaming Sun\u2026 Incidentally, this note was leaked at the same time as the month-end settlement cycle\u2026 drew near. This gave a massive advantage to short sellers. Apparently, people involved in drafting and circulating the note were successful in their objective to substantially pull down (the) share price,\u201d said the complaint, which was seen by ET. The Macquarie note had raised questions about alleged inadequate disclosures regarding the role of promoter Dilip Shanghvi's brother-in-law Sudhir Valia, Sun's past links with banned traders Ketan Parekh and Dharmesh Doshi, and related party transactions.", "raw_cleaned_article": "<h2>BSE Hands Over Sun Pharma Dec Trade Details to Mumbai Police</h2><p>Exchange\u2019s response comes after the Economic Offences Wing of Mumbai Police launched a preliminary enquiry against Macquarie following a complaint by Sudhir Valia & Associates The Bombay Stock Exchange (BSE) has given Mumbai police the derivative trading details on Sun Pharma for the December contract, with law enforcement seeking to ascertain whether some traders had conspired with an equity research team to hammer the stock of India's biggest drug-maker. <b>The BSE response comes after the police's Economic Offences Wing (EOW), taking forward a complaint by Sudhir Valia & Associates, had begun a preliminary enquiry (PE) against Macquarie Group, which circulated an investment note that raised alleged corporate governance concerns at Sun Pharma. The National Stock Exchange, the competing bourse also based in Mumbai, is yet to provide the police Sun Pharma's trading details on its platform.</b> ET was the first to have reported on the Macquarie note in its edition dated November 29, 2018, explaining the fall in the stock that had declined then to a six-month low.</p><p>[...]</p><p>Exchange\u2019s response comes after the Economic Offences Wing of Mumbai Police launched a preliminary enquiry against Macquarie following a complaint by Sudhir Valia & Associates <b>Valia, linked to the Sun Pharma promoter family, had complained that \u201c...a note prepared and circulated by Macquarie Group pulled down the share price from ?510 to ?410 ...eroding market capitalisation by ?20,000 crore in December.\u201d</b> Valia alleged that \u201cthe note, titled 'The murky waters of Sun Pharma & Co', \u2026.. (was) issued to investors to unduly benefit select clients by maliciously defaming Sun\u2026 Incidentally, this note was leaked at the same time as the month-end settlement cycle\u2026 drew near. This gave a massive advantage to short sellers. Apparently, people involved in drafting and circulating the note were successful in their objective to substantially pull down (the) share price,\u201d said the complaint, which was seen by ET. The Macquarie note had raised questions about alleged inadequate disclosures regarding the role of promoter Dilip Shanghvi's brother-in-law Sudhir Valia, Sun's past links with banned traders Ketan Parekh and Dharmesh Doshi, and related party transactions.</p>", "original_content": "<entry xmlns=\"http://www.w3.org/2005/Atom\"><id>urn:contentItem:5VPP-3SM1-DXJR-H4CP-00000-00</id><title>BSE Hands Over Sun Pharma Dec Trade Details to Mumbai Police</title><published>2019-03-23T00:00:00Z</published><updated>2020-11-15T22:05:40Z</updated><author><name>LexisNexis</name></author><content type=\"application/xml\"><!--Transformation version 1.23--><articleDoc xmlns=\"\" xmlns:xsi=\"http://www.w3.org/2001/XMLSchema-instance\" xsi:noNamespaceSchemaLocation=\"http://www.lexisnexis.com/xmlschemas/content/public/articledoc/1/\" schemaVersion=\"1.8\" xml:lang=\"en\"><articleDocHead><itemInfo><sourceSectionInfo><positionSection>COMPANIES &amp; ECONOMY</positionSection></sourceSectionInfo></itemInfo></articleDocHead><nitf:body xmlns:nitf=\"http://iptc.org/std/NITF/2006-10-18/\"><nitf:body.head><nitf:hedline><nitf:hl1>BSE Hands Over Sun Pharma Dec Trade Details to Mumbai Police</nitf:hl1></nitf:hedline><nitf:byline><email normalizedValue=\"mailto:Rashmi.Rajput@timesgroup.com\">Rashmi.Rajput@timesgroup.com</email></nitf:byline><highlight><bodyText><p>Exchange\u2019s response comes after the Economic Offences Wing of Mumbai Police launched a preliminary enquiry against Macquarie following a complaint by Sudhir Valia &amp; Associates</p></bodyText></highlight></nitf:body.head><nitf:body.content><bodyText><p nitf:lede=\"true\">The Bombay Stock Exchange (BSE) has given Mumbai police the derivative trading details on Sun Pharma for the December contract, with law enforcement seeking to ascertain whether some traders had conspired with an equity research team to hammer the stock of India's biggest drug-maker.</p><p nitf:lede=\"true\">The BSE response comes after the police's Economic Offences Wing (EOW), taking forward a complaint by Sudhir Valia &amp; Associates, had begun a preliminary enquiry (PE) against Macquarie Group, which circulated an investment note that raised alleged corporate governance concerns at Sun Pharma. The National Stock Exchange, the competing bourse also based in Mumbai, is yet to provide the police Sun Pharma's trading details on its platform.</p><p>ET was the first to have reported on the Macquarie note in its edition dated November 29, 2018, explaining the fall in the stock that had declined then to a six-month low.</p><p>Valia, linked to the Sun Pharma promoter family, had complained that \u201c...a note prepared and circulated by Macquarie Group pulled down the share price from ?510 to ?410 ...eroding market capitalisation by ?20,000 crore in December.\u201d</p><p>Valia alleged that \u201cthe note, titled 'The murky waters of Sun Pharma &amp; Co', \u2026.. (was) issued to investors to unduly benefit select clients by maliciously defaming Sun\u2026 Incidentally, this note was leaked at the same time as the month-end settlement cycle\u2026 drew near. This gave a massive advantage to short sellers. Apparently, people involved in drafting and circulating the note were successful in their objective to substantially pull down (the) share price,\u201d said the complaint, which was seen by ET.</p><p>The Macquarie note had raised questions about alleged inadequate disclosures regarding the role of promoter Dilip Shanghvi's brother-in-law Sudhir Valia, Sun's past links with banned traders Ketan Parekh and Dharmesh Doshi, and related party transactions.</p><p>The police probe is focused on whether investment firms or traders colluded with the Australian multinational independent investment bank that had written the research note. Sleuths have also written to market regulator SEBI, seeking details whether the note, the fall in share prices and potential beneficiaries are linked. SEBI's reply is awaited.</p><p>\u201cWe are probing whether the note was factually correct on all counts, how it got leaked on social media and then made it to the mainstream media,\u201d a Mumbai police official told ET. \u201cThe other important point is to probe if there was any collusion\u2026 with the intention to manipulate share prices by circulating the note. There was a remarkable drop in the shares after this note went viral, and this is going to be our focal point.\u201d</p><p>An email sent to Macquarie didn't elicit a response.</p><p>To be sure, only a preliminary enquiry is underway so far. The police would convert this into a first information report (FIR) if the initial probe unearths a conspiracy that requires criminal investigation. \u201cThe PE is probing if there was any cheating, conspiracy, misrepresentation and fraud committed by the firm named by the complainant,\u201d said another official aware of the line of investigation.</p><p>Valia has highlighted two instances of factual inaccuracy in the Macquarie note. One pertains to alleged conflict of interest involving Valia and his audit or oversight roles, suggesting corporate governance lapses at Sun Pharma, the complaint said.</p><p>The second refers to SEBI restrictions later set aside by the tribunal, something that didn't find mention in the Macquarie note. \u201c... Andrew (the author), however, circulated only partial information relating merely to SEBI's order and did not mention anything about the SEBI Appellate Tribunal (SAT) relief. This was done to create in the minds of investors (an impression) that I have a fraudulent intent\u2026This article seemed to be published with the intent to pull down the share price of Sun Pharma. It was planned in a manner to\u2026 provide cover to the short sellers,\u201d the complaint said.</p><p>The police recorded the statement of the author, who has defended the note, claiming it was based on open source information.</p><p>\u201cHe claims that the entire note is based on open source information, which we are probing. On the allegation by the complainant on Andrew's failure to mention the tribunal order that set aside the SEBI ban, the author said that he had provided the link to the SAT order. But he was not able to give a satisfactory explanation for his failure to mention in his note the tribunal order,\u201d a police official cited above said.</p></bodyText></nitf:body.content></nitf:body><metadata><dc:metadata xmlns:dc=\"http://purl.org/dc/elements/1.1/\"><dc:identifier identifierScheme=\"DOC-ID\">ECOTEP-0_45_23032019005003</dc:identifier><dc:source sourceScheme=\"royaltyReportingKey\">ECOTEP2019</dc:source><dc:identifier identifierScheme=\"PGUID\">urn:contentItem:5VPP-3SM1-DXJR-H4CP-00000-00</dc:identifier><dc:source sourceScheme=\"productContentSetIdentifier\">382887</dc:source><dc:date dateType=\"last-updated\">2019-03-23</dc:date></dc:metadata><wordCount number=\"749\"/><publicationInfo><copyright>Copyright 2019 Bennett Coleman &amp; Co. Ltd. All Rights Reserved</copyright><publicationName>Economic Times (E-Paper Edition)</publicationName><edition>Mumbai Edition</edition><publicationDate day=\"23\" month=\"03\" year=\"2019\"><dateText>March 23, 2019 Saturday</dateText></publicationDate><classification classificationScheme=\"publicationtype\"><classificationItem><className>Newspaper</className></classificationItem></classification><classification classificationScheme=\"publicationtype\"><classificationItem><className>Web-based Publications</className></classificationItem></classification></publicationInfo><classification classificationScheme=\"language\"><classificationItem classificationScheme=\"lang.english\"><className>ENGLISH</className></classificationItem></classification><classificationGroup classificationScheme=\"indexing-terms\"><classification classificationScheme=\"company\"><classificationItem score=\"72\"><classCode>CC000A36L</classCode><className>MACQUARIE GROUP LTD</className></classificationItem></classification><classification classificationScheme=\"industry\"><classificationItem score=\"72\"><className>NAICS523110 INVESTMENT BANKING &amp; SECURITIES DEALING</className></classificationItem></classification><classification classificationScheme=\"ticker\"><classificationItem score=\"72\"><className>MQG (ASX)</className></classificationItem></classification></classificationGroup><classificationGroup classificationScheme=\"indexing-terms\"><classification classificationScheme=\"legal\"/><classification classificationScheme=\"subject\"><classificationItem score=\"91\"><classCode>STX001932</classCode><className>CRIME, LAW ENFORCEMENT &amp; CORRECTIONS</className><classCode/><className/></classificationItem><classificationItem score=\"91\"><classCode>STX001976</classCode><className>SECURITIES &amp; OTHER INVESTMENTS</className><classCode/><className/></classificationItem><classificationItem score=\"91\"><classCode>N523210MM</classCode><className>STOCK EXCHANGES</className><classCode>Z3VpZD11cm46dG9waWM6M0ZDMDg5MEQ3OTlGNEJCMkI0M0EyM0MwN0E1Njk1MEQ7cGFyZW50Z3VpZD11cm46dG9waWM6NDBGREFBMDgyNTQ0NERFRUI3MEUwNDBFOTM5NDExREI</classCode><className>Stock Exchanges</className></classificationItem><classificationItem score=\"90\"><classCode>STX000369</classCode><className>CONSPIRACY</className><classCode>Z3VpZD11cm46dG9waWM6Q0FGMDkyQTE0NTI1NEUyNkE0NjUxM0E2OTBDQjQ0NUU7cGFyZW50Z3VpZD11cm46dG9waWM6NzZBMzM3QjFDOTcxNENCNzhBNTE0MzVGMzBBMzdERUY</classCode><className>Conspiracy</className></classificationItem><classificationItem score=\"90\"><classCode>N523930DM</classCode><className>EQUITY RESEARCH</className><classCode/><className/></classificationItem><classificationItem score=\"90\"><classCode>N922120CC</classCode><className>LAW ENFORCEMENT</className><classCode/><className/></classificationItem><classificationItem score=\"90\"><classCode>ST0009FJK</classCode><className>NEGATIVE PERSONAL NEWS</className><classCode/><className/></classificationItem><classificationItem score=\"89\"><classCode>ST0008X6T</classCode><className>DERIVATIVE INSTRUMENTS</className><classCode/><className/></classificationItem><classificationItem score=\"89\"><classCode>STX000969</classCode><className>INVESTIGATIONS</className><classCode/><className/></classificationItem><classificationItem score=\"89\"><classCode>ST000DIJW</classCode><className>PRICES</className><classCode/><className/></classificationItem><classificationItem score=\"89\"><classCode>ST000CZTI</classCode><className>STOCK PRICES</className><classCode/><className/></classificationItem><classificationItem score=\"79\"><classCode>ST000DM8Y</classCode><className>BUSINESS NEWS</className><classCode/><className/></classificationItem><classificationItem score=\"78\"><classCode>STX000404</classCode><className>CORPORATE GOVERNANCE</className><classCode>Z3VpZD11cm46dG9waWM6MDQ3M0RFODczN0I4NDg2RjlFRDNFMUNBODRDQTU0Q0E7cGFyZW50Z3VpZD11cm46dG9waWM6RTJGRkVBNjc4MzI3NDA5MTlEMDI1NjU2NzMyNkYzNTc</classCode><className>Corporate Governance</className></classificationItem><classificationItem score=\"78\"><classCode>ST000D4JV</classCode><className>CRIMINAL INVESTIGATIONS</className><classCode/><className/></classificationItem><classificationItem score=\"78\"><classCode>STX000713</classCode><className>FINANCIAL CRIME COUNTERMEASURES</className><classCode/><className/></classificationItem><classificationItem score=\"78\"><classCode>STX001076</classCode><className>MARKET CAPITALIZATION</className><classCode/><className/></classificationItem><classificationItem score=\"75\"><classCode>STLL00093AD</classCode><className>DEFAMATION</className><classCode/><className/></classificationItem><classificationItem score=\"75\"><classCode>STX001027</classCode><className>LIBEL &amp; SLANDER</className><classCode/><className/></classificationItem><classificationItem score=\"73\"><classCode>N922120QM</classCode><className>POLICE FORCES</className><classCode/><className/></classificationItem><classificationItem score=\"73\"><classCode>N926150GM</classCode><className>SECURITIES LAW</className><classCode>Z3VpZD11cm46dG9waWM6RkFFMTQ3ODhCRDYyNDkyN0IwQkEyQzRCRDlFMEM5ODc7cGFyZW50Z3VpZD11cm46dG9waWM6MUFEMUQ2QTA1OUZCNEE5RjkzNTA2RERFMUNEOTk1RTI</classCode><className>Securities</className></classificationItem></classification><classification classificationScheme=\"industry\"><classificationItem score=\"91\"><classCode>STX001976</classCode><className>SECURITIES &amp; OTHER INVESTMENTS</className><classCode/><className/></classificationItem><classificationItem score=\"91\"><classCode>N523210MM</classCode><className>STOCK EXCHANGES</className><classCode>Z3VpZD11cm46dG9waWM6M0ZDMDg5MEQ3OTlGNEJCMkI0M0EyM0MwN0E1Njk1MEQ7cGFyZW50Z3VpZD11cm46dG9waWM6NDBGREFBMDgyNTQ0NERFRUI3MEUwNDBFOTM5NDExREI</classCode><className>Stock Exchanges</className></classificationItem><classificationItem score=\"90\"><classCode>N523930DM</classCode><className>EQUITY RESEARCH</className><classCode/><className/></classificationItem><classificationItem score=\"90\"><classCode>STX001911</classCode><className>PHARMACEUTICALS &amp; BIOTECHNOLOGY</className><classCode/><className/></classificationItem><classificationItem score=\"90\"><classCode>STX001323</classCode><className>PHARMACEUTICALS INDUSTRY</className><classCode/><className/></classificationItem><classificationItem score=\"89\"><classCode>N520000CC</classCode><className>BANKING &amp; FINANCE</className><classCode/><className/></classificationItem><classificationItem score=\"89\"><classCode>ST0008X6T</classCode><className>DERIVATIVE INSTRUMENTS</className><classCode/><className/></classificationItem><classificationItem score=\"89\"><classCode>N523110EC</classCode><className>INVESTMENT BANKING</className><classCode/><className/></classificationItem><classificationItem score=\"89\"><classCode>ST000CZTI</classCode><className>STOCK PRICES</className><classCode/><className/></classificationItem><classificationItem score=\"89\"><classCode>ST0009RX6</classCode><classCode/><className/></classificationItem><classificationItem score=\"73\"><classCode>N926150GM</classCode><className>SECURITIES LAW</className><classCode>Z3VpZD11cm46dG9waWM6RkFFMTQ3ODhCRDYyNDkyN0IwQkEyQzRCRDlFMEM5ODc7cGFyZW50Z3VpZD11cm46dG9waWM6MUFEMUQ2QTA1OUZCNEE5RjkzNTA2RERFMUNEOTk1RTI</classCode><className>Securities</className></classificationItem></classification><classification classificationScheme=\"person\"><classificationItem score=\"79\"><classCode>PE000DM1V</classCode><className>DILIP SHANGHVI</className><classCode/><className/></classificationItem></classification><classification classificationScheme=\"city\"><classificationItem score=\"93\"><classCode>GX143</classCode><className>MUMBAI, MAHARASHTRA, INDIA</className><classCode/><className/></classificationItem></classification><classification classificationScheme=\"country\"><classificationItem score=\"92\"><classCode>GC304</classCode><className>INDIA</className><classCode/><className/></classificationItem></classification></classificationGroup></metadata></articleDoc></content></entry>"}