{"prediction_class": "Regulatory Breaches Tax Evasion Smuggling of goods", "prediction_score": "0.91", "name": "Macquarie Group", "title": "Macquarie wealth advisers take legal action over pay", "published": "2018-06-08T00:00:00Z", "updated": "2020-11-15T21:42:31Z", "cleaned_article": "[TITLE] Macquarie wealth advisers take legal action over pay [TITLE] \n\nMacquarie Group will be forced to defend the structure of employment contracts in its private wealth unit for the second time in as many years.Macquarie Group will be forced to defend the structure of employment contracts in its private wealth unit for the second time in as many years, after a group of 15 former advisers hit the bank with legal action. A statement of claim, obtained by AFR Weekend and lodged with the Federal Circuit Court of Australia this week, alleges a string of breaches of the Fair Work Act by Macquarie's banking division. The potential breaches relate to claims of underpaying advisers' entitlements spanning their annual leave, public holidays, leave loading and compassionate and carer's leave.", "raw_cleaned_article": "<h2>Macquarie wealth advisers take legal action over pay</h2><p><b>Macquarie Group will be forced to defend the structure of employment contracts in its private wealth unit for the second time in as many years.</b><b>Macquarie Group will be forced to defend the structure of employment contracts in its private wealth unit for the second time in as many years, after a group of 15 former advisers hit the bank with legal action.</b> A statement of claim, obtained by AFR Weekend and lodged with the Federal Circuit Court of Australia this week, alleges a string of breaches of the Fair Work Act by Macquarie's banking division. The potential breaches relate to claims of underpaying advisers' entitlements spanning their annual leave, public holidays, leave loading and compassionate and carer's leave.</p>", "original_content": "<entry xmlns=\"http://www.w3.org/2005/Atom\"><id>urn:contentItem:5SH9-YCF1-JBJ7-N3G4-00000-00</id><title>Macquarie wealth advisers take legal action over pay</title><published>2018-06-08T00:00:00Z</published><updated>2020-11-15T21:42:31Z</updated><author><name>LexisNexis</name></author><content type=\"application/xml\"><!--Transformation version 1.23--><articleDoc xmlns=\"\" xmlns:xsi=\"http://www.w3.org/2001/XMLSchema-instance\" xsi:noNamespaceSchemaLocation=\"http://www.lexisnexis.com/xmlschemas/content/public/articledoc/1/\" schemaVersion=\"1.8\" xml:lang=\"en\"><articleDocHead><itemInfo/></articleDocHead><nitf:body xmlns:nitf=\"http://iptc.org/std/NITF/2006-10-18/\"><nitf:body.head><nitf:hedline><nitf:hl1>Macquarie wealth advisers take legal action over pay</nitf:hl1></nitf:hedline><nitf:byline><author><person><nameText>Joyce Moullakis and Sarah Thompson</nameText></person></author></nitf:byline><highlight><bodyText><p>Macquarie Group will be forced to defend the structure of employment contracts in its private wealth unit for the second time in as many years.</p></bodyText></highlight></nitf:body.head><nitf:body.content><bodyText><p nitf:lede=\"true\">Macquarie Group will be forced to defend the structure of employment contracts in its private wealth unit for the second time in as many years, after a group of 15 former advisers hit the bank with legal action.</p><p nitf:lede=\"true\">A statement of claim, obtained by AFR Weekend and lodged with the Federal Circuit Court of Australia this week, alleges a string of breaches of the Fair Work Act by Macquarie's banking division.</p><p nitf:lede=\"true\">The potential breaches relate to claims of underpaying advisers' entitlements spanning their annual leave, public holidays, leave loading and compassionate and carer's leave.</p><p>The group of former private client advisers claims Macquarie failed to comply with National Employment Standards and the modern award covering the banking, finance and insurance industry. </p><p>The John Wardman-led group is seeking to be reimbursed for total underpayments of $2.6 million plus interest, penalties and legal costs and also wants Macquarie to be issued with pecuniary fines.</p><p>The action comes amid heightened scrutiny of the financial services sector as <url normalizedValue=\"https://www.afr.com/opinion/columnists/banking-royal-commission-hurricane-haynes-trail-of-devastation-20180427-h0zbt3\">explosive claims of poor advice and misdeeds were raised at the Hayne royal commission</url> and as the competition regulator pursues a group of bankers and their employers for      \u00a0    <url normalizedValue=\"https://www.afr.com/business/banking-and-finance/financial-services/anz-criminal-cartel-case-unsettles-financial-community-20180603-h10wq1\"> alleged criminal cartel conduct</url> in court.</p><p>The underpayment case may also have wider ramifications for Macquarie <url normalizedValue=\"https://www.afr.com/business/banking-and-finance/macquarie-group-confirms-staff-shakeout-part-of-private-bank-wealth-merger-20180517-h106pv\">which instigated a sweeping redundancy round in its private wealth unit last month</url> . At least 55 jobs - including support staff - were said to be cut as Macquarie sought to refocus the stockbroking and advice business on wealthier customers.</p><p>A Macquarie spokeswoman on Friday said the bank \"will be defending these proceedings\", without commenting further.</p><p>The Federal Circuit Court has scheduled a directions hearing for June 22.</p><p>While Macquarie's advisers are employees, their pay is largely commission-based and linked to a percentage of the revenue they bring in. The court action claims Macquarie remunerated them through the commission structure, which sees employees paid a recoverable advance which did not satisfy Macquarie's obligations to pay their award and statutory entitlements.</p><p>Last year, Macquarie is believed to have settled a similar legal matter brought by a separate group of eight former directors and advisers. </p><p><url normalizedValue=\"https://www.afr.com/news/policy/industrial-relations/macquarie-bank-subject-to-milliondollar-test-case-over-underpayments-20170426-gvt3zf\">It alleged the bank had underpaid annual leave and long service leave entitlements</url> to the tune of more than $838,000. The matter was lodged with the Federal Circuit Court ahead of a settlement being reached.</p><p>In the current action, Macquarie has 28 days to lodge a response with the court. </p><p>The adviser group is seeking orders that would impose penalties on Macquarie for the alleged employer contraventions. If the court sides with them, Macquarie could incur civil fines of up to $63,000 per contravention in some instances.</p><p>The advisers in the action are now at a range of rival firms including Shaw and Partners, Ord Minnett and Bell Financial Group, or have retired from the industry.</p><p>Mr Wardman, who was employed at Macquarie for 13 years until late 2016, is now a senior adviser at Shaw and Partners, according to LinkedIn.</p><p>Also among those involved in the action are advisers Anthony Doyle and Darrell Seeto, now at Shaw and Partners, and Murray Hewitt and former AFL player Jason Ball who are now employed by Ord Minnett.</p><p>The individual adviser underpayments range from $75,271 up to $290,209, according to the statement of claim.</p><p>The group is being represented by WilliamsonBarwick special counsel Adrian Barwick, who is the grandson of the late Sir Garfield Barwick, a former chief justice of the High Court of Australia.</p><p>The claimants and Mr Barwick declined to comment on the case.</p><p>Macquarie's private wealth division has endured a number of issues in the past five years. </p><p><url normalizedValue=\"http://www.afr.com/business/banking-and-finance/financial-services/asic-raps-macquarie-over-compliance-20130129-j178u\">A two-year enforceable undertaking</url> came to an end in 2015, although the corporate regulator put Macquarie on probation for another year. </p><p>The EU followed accusations of misclassification of clients, sloppy paperwork and rampant cheating on development exams. </p></bodyText></nitf:body.content></nitf:body><metadata><dc:metadata xmlns:dc=\"http://purl.org/dc/elements/1.1/\"><dc:identifier identifierScheme=\"DOC-ID\">AFRONL-1029658402</dc:identifier><dc:source sourceScheme=\"royaltyReportingKey\">AFRONL2018</dc:source><dc:identifier identifierScheme=\"PGUID\">urn:contentItem:5SH9-YCF1-JBJ7-N3G4-00000-00</dc:identifier><dc:source sourceScheme=\"productContentSetIdentifier\">429670</dc:source><dc:date dateType=\"last-updated\">2018-06-09</dc:date></dc:metadata><wordCount number=\"664\"/><timeReceived>06:50 PM GMT</timeReceived><publicationInfo><copyright>Copyright 2018 Fairfax Media Publications Pty. Limited All Rights Reserved</copyright><publicationName>AFR Online</publicationName><publicationDate day=\"08\" month=\"06\" year=\"2018\"><dateText>June 8, 2018 Friday</dateText></publicationDate><classification classificationScheme=\"publicationtype\"><classificationItem><className>Web Publication</className></classificationItem></classification><classification classificationScheme=\"publicationtype\"><classificationItem><className>Industry Trade Press</className></classificationItem></classification></publicationInfo><classification classificationScheme=\"language\"><classificationItem classificationScheme=\"lang.english\"><className>ENGLISH</className></classificationItem></classification><classificationGroup classificationScheme=\"indexing-terms\"><classification classificationScheme=\"company\"><classificationItem score=\"91\"><classCode>CC000A36L</classCode><className>MACQUARIE GROUP LTD</className></classificationItem><classificationItem score=\"58\"><classCode>CC000A2GL</classCode><className>BELL FINANCIAL GROUP LTD</className></classificationItem></classification><classification classificationScheme=\"ticker\"><classificationItem score=\"91\"><className>MQG (ASX)</className></classificationItem><classificationItem score=\"58\"><className>BFG (ASX)</className></classificationItem></classification></classificationGroup><classificationGroup classificationScheme=\"licensor.indexing-terms\"><classification classificationScheme=\"licensor.subject\"><classificationItem><className>Legal</className></classificationItem><classificationItem><className>Banking &amp; Finance</className></classificationItem></classification></classificationGroup><classificationGroup classificationScheme=\"indexing-terms\"><classification classificationScheme=\"subject\"><classificationItem score=\"90\"><classCode>ST00098PP</classCode><className>EMPLOYEE LEAVE</className><classCode>Z3VpZD11cm46dG9waWM6ODk4RDlEN0JDMjUxNDUyN0E2OTkxOTkwOTdBOUI0MzQ7cGFyZW50Z3VpZD11cm46dG9waWM6MTE3QUQwOTA0MUYzNDlCMEFFMjUwRUNDM0RDRkM5QzM</classCode><className>Leaves of Absence</className></classificationItem><classificationItem score=\"89\"><classCode>N922110CC</classCode><className>LAW COURTS &amp; TRIBUNALS</className><classCode/><className/></classificationItem><classificationItem score=\"89\"><classCode>ST00097WY</classCode><className>EMPLOYMENT CONTRACTS</className><classCode>Z3VpZD11cm46dG9waWM6NUFCRjQ1NzlGRERGNDg0QkI4MDY2MzNFMkFCMkQ4RUQ7cGFyZW50Z3VpZD11cm46dG9waWM6QjdBMEI3Mzc0MDA3NDVFNTlDQzRGM0MxRDE4MjI2MTc</classCode><className>Employment Contracts</className></classificationItem><classificationItem score=\"89\"><classCode>ST000A1RP</classCode><className>HOLIDAY &amp; VACATION LEAVE</className><classCode/><className/></classificationItem><classificationItem score=\"89\"><classCode>STX000722</classCode><className>FINES &amp; PENALTIES</className><classCode/><className/></classificationItem><classificationItem score=\"78\"><classCode>STX000261</classCode><className>CARTELS</className><classCode/><className/></classificationItem><classificationItem score=\"77\"><classCode>STX000127</classCode><className>COSTS &amp; ATTORNEY FEES</className><classCode>Z3VpZD11cm46dG9waWM6NTA1NjlERkNBMUNENEM4MTg1ODc4MzU4NUMyNTQ3NEQ7cGFyZW50Z3VpZD11cm46dG9waWM6RTk1Njk5OUM0RTQ0NDQ0NzhGQTc3RDlBQjlGQjhFQzg</classCode><className>Attorney Fees &amp; Expenses</className></classificationItem><classificationItem score=\"77\"><classCode>ST0009SVL</classCode><className>BANKING &amp; FINANCE SECTOR PERFORMANCE</className><classCode/><className/></classificationItem><classificationItem score=\"77\"><classCode>STX001648</classCode><className>SUITS &amp; CLAIMS</className><classCode/><className/></classificationItem><classificationItem score=\"77\"><classCode>STX001040</classCode><className>LITIGATION</className><classCode/><className/></classificationItem><classificationItem score=\"75\"><classCode>ST000A63N</classCode><className>HOLIDAY &amp; VACATION PAY</className><classCode/><className/></classificationItem><classificationItem score=\"55\"><classCode>STX000855</classCode><className>HOLIDAYS &amp; OBSERVANCES</className><classCode/><className/></classificationItem></classification><classification classificationScheme=\"industry\"><classificationItem score=\"91\"><classCode>N520000CC</classCode><className>BANKING &amp; FINANCE</className><classCode/><className/></classificationItem><classificationItem score=\"90\"><classCode>ST0009RX6</classCode><classCode/><className/></classificationItem><classificationItem score=\"78\"><classCode>STX001821</classCode><className>WEALTH MANAGEMENT</className><classCode/><className/></classificationItem><classificationItem score=\"78\"><classCode>STX000034</classCode><className>AFFLUENT MARKET</className><classCode/><className/></classificationItem><classificationItem score=\"77\"><classCode>ST0009SVL</classCode><className>BANKING &amp; FINANCE SECTOR PERFORMANCE</className><classCode/><className/></classificationItem><classificationItem score=\"69\"><classCode>ST000A2VZ</classCode><classCode/><className/></classificationItem><classificationItem score=\"69\"><classCode>N524000CC</classCode><className>INSURANCE</className><classCode/><className/></classificationItem></classification></classificationGroup></metadata></articleDoc></content></entry>"}