{"prediction_class": "Fraud Embezzlement Misappropriation", "prediction_score": "0.89", "name": "Macquarie Group", "title": "CBA director endorses Narev over planning scandal", "published": "2015-05-05T00:00:00Z", "updated": "2020-11-15T21:42:38Z", "cleaned_article": "[TITLE] CBA director endorses Narev over planning scandal [TITLE] \n\nAt a more recent senate hearing, Mr Narev admitted the open advice scheme had only compensated three people since it was established with offers made to about 200. ANZ Banking Group chairman David Gonski said the leaders of Australia's biggest banks had all \"stood up\" at the recent Senate hearings into financial misconduct.  Macquarie Group chairman Kevin McCann too defended his board's oversight of governance and praised his chief executive Nicholas Moore's response to customer grievances.  In February, the regulator extended Macquarie Private Wealth's probation for another year as it continues to investigate current and former advisers over misconduct. Macquarie has also been embarrassed by revelations of a so-called \"Penske???\" file its advisers had used to cheat on exams. \"We believe we have acknowledged our shortcomings and fixed the problem,\" Mr McCann said.", "raw_cleaned_article": "<h2>CBA director endorses Narev over planning scandal</h2><p>At a more recent senate hearing, Mr Narev admitted the open advice scheme had only compensated three people since it was established with offers made to about 200. ANZ Banking Group chairman David Gonski said the leaders of Australia's biggest banks had all \"stood up\" at the recent Senate hearings into financial misconduct.  <b>Macquarie Group chairman Kevin McCann too defended his board's oversight of governance and praised his chief executive Nicholas Moore's response to customer grievances. </b> In February, the regulator extended Macquarie Private Wealth's probation for another year as it continues to investigate current and former advisers over misconduct. Macquarie has also been embarrassed by revelations of a so-called \"Penske???\" file its advisers had used to cheat on exams. \"We believe we have acknowledged our shortcomings and fixed the problem,\" Mr McCann said.</p>", "original_content": "<entry xmlns=\"http://www.w3.org/2005/Atom\"><id>urn:contentItem:5FXD-C1M1-JB5F-9552-00000-00</id><title>CBA director endorses Narev over planning scandal</title><published>2015-05-05T00:00:00Z</published><updated>2020-11-15T21:42:38Z</updated><author><name>LexisNexis</name></author><content type=\"application/xml\"><!--Transformation version 1.23--><articleDoc xmlns=\"\" xmlns:xsi=\"http://www.w3.org/2001/XMLSchema-instance\" xsi:noNamespaceSchemaLocation=\"http://www.lexisnexis.com/xmlschemas/content/public/articledoc/1/\" schemaVersion=\"1.8\" xml:lang=\"en\"><articleDocHead><itemInfo/></articleDocHead><nitf:body xmlns:nitf=\"http://iptc.org/std/NITF/2006-10-18/\"><nitf:body.head><nitf:hedline><nitf:hl1>CBA director endorses Narev over planning scandal</nitf:hl1></nitf:hedline><nitf:byline><author><person><nameText>Sally Rose</nameText></person></author></nitf:byline></nitf:body.head><nitf:body.content><bodyText><p nitf:lede=\"true\">A long-serving director of the Commonwealth Bank of Australiahas strongly backed the bank's management in its handling of the financial advice scandal that spread to engulf the entire industry.</p><p nitf:lede=\"true\">CBA director Jane Hemstritch said evidence of misconduct in CBA's financial planning arm, which was highlighted by Fairfax Media and the ABC's Four Corners program last year and led to a bipartisan recommendation for a royal commission, \"came to light in stages and was therefore dealt with in stages\".</p><p nitf:lede=\"true\">\"I can't commend [CBA chief executive] Ian Narev and his team more warmly. The bank's current open advice review is huge and management is committed to getting through the grit and grunge,\" she told an Australian Council of Superannuation Investors conference on Tuesday.</p><p>The comments represent the strongest endorsement yet from the board over management's handling of the scandal.</p><p>At a more recent senate hearing, Mr Narev admitted the open advice scheme had only compensated three people since it was established with offers made to about 200.</p><p>ANZ Banking Group chairman David Gonski said the leaders of Australia's biggest banks had all \"stood up\" at the recent Senate hearings into financial misconduct. </p><p>Macquarie Group chairman Kevin McCann too defended his board's oversight of governance and praised his chief executive Nicholas Moore's response to customer grievances. </p><p>In February, the regulator extended Macquarie Private Wealth's probation for another year as it continues to investigate current and former advisers over misconduct. Macquarie has also been embarrassed by revelations of a so-called \"Penske???\" file its advisers had used to cheat on exams.</p><p>\"We believe we have acknowledged our shortcomings and fixed the problem,\" Mr McCann said.</p><p>However he also acknowledged the investment banking group remains under pressure to show it has a good governance culture. </p><p>\"At Macquarie we need to meet the expectations of regulators and the community. We need to be seen behaving in a way that is to the benefit of our clients,\" Mr McCann said. </p><p>In the wake of a slew of scandals to hit the industry and the recent Senate hearing into financial misconduct, the directors all defended the dominant \"vertically integrated\" business model - whereby the biggest manufacturers of financial products also own the greatest slice of the distribution network. David Murray also raised concerns over the model in his review of the financial system.</p><p>\"I believe vertical integration is a good model but accept it can be done better. We should all be working on making sure our own reputations and records are unsullied,\" Mr Gonski said. </p><p>AMP Ltd chairman Simon McKeon lamented that amid the current focus on misconduct within the big vertically integrated financial institutions it was often forgotten that the biggest failures in recent years had come from independent advisers, such as Banksia, that \"blew up\". </p><p>Mr Gonski??? called on Australians to \"stop bashing the banks\" for being large and profitable, as ANZ reported its latest $3.68 billion interim profit.</p><p>\"The banks are big and I think that's wonderful, they are strong. Australians bash the banks but we haven't had any taxpayer funded bailouts here,\" Mr Gonski??? said.</p><p>Mr Gonski??? also flagged his concerns about the mounting pressure on bank boards to keep delivering potentially unsustainable dividend increases.</p><p>\"I am very concerned that with this great hunger in the market for yield that we are closer than we have ever been to a tipping point in terms of how we consider the interests of long term versus short term investors, Mr Gonski??? said. </p><p>Mr Gonski??? urged long term investors, such as super funds, to be more vocal. </p><p>\"One of the defining features of short term investors is that they talk all the time, through selling and talking and writing to us. Long term investors are also entitled to speak to and guide us and I would encourage them to speak up,\" Mr Gonski??? said.</p></bodyText></nitf:body.content></nitf:body><metadata><dc:metadata xmlns:dc=\"http://purl.org/dc/elements/1.1/\"><dc:identifier identifierScheme=\"DOC-ID\">SYMRLD-995736895</dc:identifier><dc:source sourceScheme=\"royaltyReportingKey\">SYMRLD2015</dc:source><dc:identifier identifierScheme=\"PGUID\">urn:contentItem:5FXD-C1M1-JB5F-9552-00000-00</dc:identifier><dc:source sourceScheme=\"productContentSetIdentifier\">404053</dc:source><dc:date dateType=\"last-updated\">2019-02-09</dc:date></dc:metadata><wordCount number=\"655\"/><timeReceived>07:22 PM GMT</timeReceived><publicationInfo><copyright>Copyright 2015 Fairfax Media Publications Pty. Limited All Rights Reserved</copyright><publicationName>The Sydney Morning Herald (Australia) - Online</publicationName><publicationDate day=\"05\" month=\"05\" year=\"2015\"><dateText>May 5, 2015 Tuesday</dateText></publicationDate><classification classificationScheme=\"publicationtype\"><classificationItem><className>Web Publication</className></classificationItem></classification><classification classificationScheme=\"publicationtype\"><classificationItem><className>Newspapers</className></classificationItem></classification></publicationInfo><classification classificationScheme=\"language\"><classificationItem classificationScheme=\"lang.english\"><className>ENGLISH</className></classificationItem></classification><classificationGroup classificationScheme=\"indexing-terms\"><classification classificationScheme=\"company\"><classificationItem score=\"91\"><classCode>CC0002GHH</classCode><className>COMMONWEALTH BANK OF AUSTRALIA LTD</className></classificationItem><classificationItem score=\"71\"><classCode>CC000A36L</classCode><className>MACQUARIE GROUP LTD</className></classificationItem><classificationItem score=\"69\"><classCode>CC00091HS</classCode><className>AUSTRALIA &amp; NEW ZEALAND BANKING GROUP LTD</className></classificationItem><classificationItem score=\"60\"><classCode>CC0006FP4</classCode><className>AMP LTD</className></classificationItem><classificationItem score=\"58\"><classCode>CC000264I</classCode><className>FAIRFAX MEDIA LTD</className></classificationItem></classification><classification classificationScheme=\"industry\"><classificationItem score=\"91\"><className>NAICS524113 DIRECT LIFE INSURANCE CARRIERS</className></classificationItem><classificationItem score=\"91\"><className>NAICS523110 INVESTMENT BANKING &amp; SECURITIES DEALING</className></classificationItem><classificationItem score=\"91\"><className>NAICS522110 COMMERCIAL BANKING</className></classificationItem><classificationItem score=\"91\"><className>SIC6311 LIFE INSURANCE</className></classificationItem><classificationItem score=\"91\"><className>SIC6211 SECURITY BROKERS, DEALERS, &amp; FLOTATION COMPANIES</className></classificationItem><classificationItem score=\"91\"><className>SIC6021 NATIONAL COMMERCIAL BANKS</className></classificationItem><classificationItem score=\"69\"><className>NAICS523920 PORTFOLIO MANAGEMENT</className></classificationItem><classificationItem score=\"69\"><className>SIC6282 INVESTMENT ADVICE</className></classificationItem><classificationItem score=\"69\"><className>NAICS524210 INSURANCE AGENCIES &amp; BROKERAGES</className></classificationItem><classificationItem score=\"69\"><className>SIC6411 INSURANCE AGENTS, BROKERS, &amp; SERVICE</className></classificationItem><classificationItem score=\"58\"><className>NAICS511120 PERIODICAL PUBLISHERS</className></classificationItem><classificationItem score=\"58\"><className>NAICS511110 NEWSPAPER PUBLISHERS</className></classificationItem><classificationItem score=\"58\"><className>SIC8999 SERVICES, NEC</className></classificationItem><classificationItem score=\"58\"><className>SIC2721 PERIODICALS: PUBLISHING, OR PUBLISHING &amp; PRINTING</className></classificationItem><classificationItem score=\"58\"><className>SIC2711 NEWSPAPERS: PUBLISHING, OR PUBLISHING &amp; PRINTING</className></classificationItem></classification><classification classificationScheme=\"ticker\"><classificationItem score=\"91\"><className>CBA (ASX)</className></classificationItem><classificationItem score=\"71\"><className>MQG (ASX)</className></classificationItem><classificationItem score=\"69\"><className>ANZ (NZX)</className></classificationItem><classificationItem score=\"69\"><className>ANZ (ASX)</className></classificationItem><classificationItem score=\"60\"><className>AMP (NZX)</className></classificationItem><classificationItem score=\"60\"><className>AMP (ASX)</className></classificationItem><classificationItem score=\"58\"><className>FXJ (ASX)</className></classificationItem></classification></classificationGroup><classificationGroup classificationScheme=\"licensor.indexing-terms\"><classification classificationScheme=\"licensor.subject\"><classificationItem><className>Banking and Finance</className></classificationItem></classification></classificationGroup><classificationGroup classificationScheme=\"indexing-terms\"><classification classificationScheme=\"subject\"><classificationItem score=\"92\"><classCode>ST0009FJK</classCode><className>NEGATIVE PERSONAL NEWS</className><classCode/><className/></classificationItem><classificationItem score=\"90\"><classCode>ST000D1BY</classCode><className>EXECUTIVES</className><classCode/><className/></classificationItem><classificationItem score=\"90\"><classCode>N523930MC</classCode><className>INVESTMENT ADVISERS</className><classCode>Z3VpZD11cm46dG9waWM6ODQ2M0Q5NUExRUZENEY2NDkzMzlDMDVFNjFCNTY3MTQ7cGFyZW50Z3VpZD11cm46dG9waWM6RkFFMTQ3ODhCRDYyNDkyN0IwQkEyQzRCRDlFMEM5ODc</classCode><className>Investment Advisers</className></classificationItem><classificationItem score=\"90\"><classCode>N523920MM</classCode><className>INVESTMENT MANAGEMENT</className><classCode/><className/></classificationItem><classificationItem score=\"90\"><classCode>N921120CC</classCode><className>LEGISLATIVE BODIES</className><classCode/><className/></classificationItem><classificationItem score=\"90\"><classCode>STX001149</classCode><className>MISCONDUCT</className><classCode/><className/></classificationItem><classificationItem score=\"90\"><classCode>STX001209</classCode><className>NEW ISSUES</className><classCode/><className/></classificationItem><classificationItem score=\"90\"><classCode>STX001976</classCode><className>SECURITIES &amp; OTHER INVESTMENTS</className><classCode/><className/></classificationItem><classificationItem score=\"89\"><classCode>ST000CTIZ</classCode><className>SCANDALS</className><classCode/><className/></classificationItem><classificationItem score=\"86\"><classCode>STX000100</classCode><className>ANTITRUST &amp; TRADE LAW</className><classCode>Z3VpZD11cm46dG9waWM6REEyRTNDM0JGQzYyNEMyOEFGNTAwNUJEOUU1MDg4NjU7cGFyZW50Z3VpZD0</classCode><className>Antitrust &amp; Trade Law</className></classificationItem><classificationItem score=\"78\"><classCode>STX001928</classCode><className>COMPANY ACTIVITIES &amp; MANAGEMENT</className><classCode/><className/></classificationItem><classificationItem score=\"78\"><classCode>STX000969</classCode><className>INVESTIGATIONS</className><classCode/><className/></classificationItem></classification><classification classificationScheme=\"industry\"><classificationItem score=\"93\"><classCode>N520000CC</classCode><className>BANKING &amp; FINANCE</className><classCode/><className/></classificationItem><classificationItem score=\"93\"><classCode>N524000CC</classCode><className>INSURANCE</className><classCode/><className/></classificationItem><classificationItem score=\"93\"><classCode>N524200CC</classCode><className>INSURANCE AGENCIES &amp; BROKERAGES</className><classCode/><className/></classificationItem><classificationItem score=\"93\"><classCode>ST000A2VZ</classCode><classCode/><className/></classificationItem><classificationItem score=\"93\"><classCode>ST0009RX6</classCode><classCode/><className/></classificationItem><classificationItem score=\"90\"><classCode>N523930MC</classCode><className>INVESTMENT ADVISERS</className><classCode>Z3VpZD11cm46dG9waWM6ODQ2M0Q5NUExRUZENEY2NDkzMzlDMDVFNjFCNTY3MTQ7cGFyZW50Z3VpZD11cm46dG9waWM6RkFFMTQ3ODhCRDYyNDkyN0IwQkEyQzRCRDlFMEM5ODc</classCode><className>Investment Advisers</className></classificationItem><classificationItem score=\"90\"><classCode>N523920MM</classCode><className>INVESTMENT MANAGEMENT</className><classCode/><className/></classificationItem><classificationItem score=\"90\"><classCode>STX001209</classCode><className>NEW ISSUES</className><classCode/><className/></classificationItem><classificationItem score=\"90\"><classCode>N511110MM</classCode><className>NEWSPAPER PUBLISHING</className><classCode/><className/></classificationItem><classificationItem score=\"90\"><classCode>N511120MM</classCode><className>PERIODICAL PUBLISHING</className><classCode/><className/></classificationItem><classificationItem score=\"90\"><classCode>N511000CC</classCode><className>PUBLISHING</className><classCode/><className/></classificationItem><classificationItem score=\"90\"><classCode>STX001976</classCode><className>SECURITIES &amp; OTHER INVESTMENTS</className><classCode/><className/></classificationItem><classificationItem score=\"78\"><classCode>ST00093QP</classCode><className>FINANCIAL PLANNING</className><classCode/><className/></classificationItem><classificationItem score=\"78\"><classCode>STX001313</classCode><className>PERSONAL FINANCE</className><classCode/><className/></classificationItem><classificationItem score=\"77\"><classCode>STX002014</classCode><className>MANUFACTURING</className><classCode/><className/></classificationItem></classification><classification classificationScheme=\"city\"><classificationItem score=\"90\"><classCode>GX014</classCode><className>SYDNEY, AUSTRALIA</className><classCode/><className/></classificationItem></classification><classification classificationScheme=\"country\"><classificationItem score=\"96\"><classCode>GC301</classCode><className>AUSTRALIA</className><classCode/><className/></classificationItem><classificationItem score=\"79\"><classCode>GC351</classCode><className>NEW ZEALAND</className><classCode/><className/></classificationItem><classificationItem score=\"73\"><classCode>GR156</classCode><className>AUSTRALIA &amp; NEW ZEALAND</className><classCode/><className/></classificationItem></classification></classificationGroup></metadata></articleDoc></content></entry>"}