{"prediction_class": "Offensive Social Behaviour", "prediction_score": "0.53", "name": "Macquarie Group", "title": "Court grants woman anonymity in suit alleging sexual assault", "published": "2019-12-19T00:00:00Z", "updated": "2020-11-15T22:04:06Z", "cleaned_article": "[TITLE] Court grants woman anonymity in suit alleging sexual assault [TITLE] \n\nThe judge has been accused of sexism in the past. Last year, the 5th Circuit criticized Hughes for allegedly attributing errors made by a female prosecutor to her sex. George said the case will be sent back to Hughes' court to consider the woman's arbitration claims. The woman's federal petition, filed on Oct. 21, stems from an arbitration dispute she has with her ex-employer, a financial firm that's a subsidiary of Australia-based investment bank Macquarie Group Limited. The woman's lawsuit doesn't give details about the sexual assault allegation but describes an attempted sexual assault by a different co-worker. She says it happened after a supervisor took workers to a strip club during a business trip to New Orleans. She alleges Macquarie promoted the co-worker who tried to assault her and that she was punished with a lack of promotion and a threat of being fired.", "raw_cleaned_article": "<h2>Court grants woman anonymity in suit alleging sexual assault</h2><p>The judge has been accused of sexism in the past. Last year, the 5th Circuit criticized Hughes for allegedly attributing errors made by a female prosecutor to her sex. George said the case will be sent back to Hughes' court to consider the woman's arbitration claims. <b>The woman's federal petition, filed on Oct. 21, stems from an arbitration dispute she has with her ex-employer, a financial firm that's a subsidiary of Australia-based investment bank Macquarie Group Limited.</b> The woman's lawsuit doesn't give details about the sexual assault allegation but describes an attempted sexual assault by a different co-worker. She says it happened after a supervisor took workers to a strip club during a business trip to New Orleans. She alleges Macquarie promoted the co-worker who tried to assault her and that she was punished with a lack of promotion and a threat of being fired.</p>", "original_content": "<entry xmlns=\"http://www.w3.org/2005/Atom\"><id>urn:contentItem:5XSG-7XP1-JC65-51JG-00000-00</id><title>Court grants woman anonymity in suit alleging sexual assault</title><published>2019-12-19T00:00:00Z</published><updated>2020-11-15T22:04:06Z</updated><author><name>LexisNexis</name></author><content type=\"application/xml\"><!--Transformation version 1.23--><articleDoc xmlns=\"\" xmlns:xsi=\"http://www.w3.org/2001/XMLSchema-instance\" xsi:noNamespaceSchemaLocation=\"http://www.lexisnexis.com/xmlschemas/content/public/articledoc/1/\" schemaVersion=\"1.8\" xml:lang=\"en\"><articleDocHead><itemInfo><sourceSectionInfo><positionSection>DOMESTIC NEWS</positionSection></sourceSectionInfo></itemInfo></articleDocHead><nitf:body xmlns:nitf=\"http://iptc.org/std/NITF/2006-10-18/\"><nitf:body.head><nitf:hedline><nitf:hl1>Court grants woman anonymity in suit alleging sexual assault</nitf:hl1></nitf:hedline><nitf:byline><author><person><nameText>By JUAN A. LOZANO</nameText></person></author><nitf:byttl>Associated Press</nitf:byttl></nitf:byline><nitf:dateline><location>HOUSTON</location></nitf:dateline></nitf:body.head><nitf:body.content><bodyText><p nitf:lede=\"true\">HOUSTON (AP) - A federal appeals court on Wednesday stopped a judge from forcing a Texas woman to make her name public in a lawsuit alleging she was sexually assaulted by a co-worker.</p><p nitf:lede=\"true\">The woman identified herself only as \"Jane Doe\" in a lawsuit she filed in Houston federal court over an arbitration dispute she has with her former employer, Macquarie Investment Management Advisers.</p><p nitf:lede=\"true\">Last month, U.S. District Judge Lynn Hughes said in a court order that he was planning to dismiss her lawsuit and wanted the woman to reveal her identity because she had given \"no responsible reason\" to keep her name secret. If she refused, Hughes' order called on her employer to identify her, even though the company had not made such a request.</p><p>Advocates for sexual assault survivors were critical of Hughes' order, saying such actions can prevent sexual assault victims from coming forward.</p><p>The 5th U.S. Circuit Court of Appeals in New Orleans ordered Hughes to remove all paragraphs in his order that called for the woman to reveal her name. The appeals court had previously delayed the order while it considered a final ruling.</p><p>The appeals court said Hughes did not analyze three factors common to anonymous-party suits that the 5th Circuit has previously said \"deserve considerable weight,\" including whether a suit will require a plaintiff \"to disclose information of the utmost intimacy.\"</p><p>David George, one of the woman's attorneys, called the appeals court's ruling a \"complete victory.\"</p><p>George said if Hughes' order had been \"followed by other judges, it would put sexual assault survivors at risk and lead many of them to not want to pursue justice because of the fear of public disclosure.\"</p><p>Courts and many media organizations - including The Associated Press - generally don't name people who say they have been sexually assaulted.</p><p>\"The 5th Circuit specifically notes we never objected to Doe's use of a pseudonym. Our position on this has not changed, and we reiterate that we have a very different view of the underlying events in this matter,\" Macquarie said in a statement.</p><p>Hughes' office has said he can't comment on a pending case.</p><p>The judge has been accused of sexism in the past. Last year, the 5th Circuit criticized Hughes for allegedly attributing errors made by a female prosecutor to her sex.</p><p>George said the case will be sent back to Hughes' court to consider the woman's arbitration claims.</p><p>The woman's federal petition, filed on Oct. 21, stems from an arbitration dispute she has with her ex-employer, a financial firm that's a subsidiary of Australia-based investment bank Macquarie Group Limited.</p><p>The woman's lawsuit doesn't give details about the sexual assault allegation but describes an attempted sexual assault by a different co-worker. She says it happened after a supervisor took workers to a strip club during a business trip to New Orleans.</p><p>She alleges Macquarie promoted the co-worker who tried to assault her and that she was punished with a lack of promotion and a threat of being fired.</p><p>In court filings, the company has said it \"vigorously disputes\" the woman's claims.</p><p>Legal experts say Hughes' order is not unprecedented as judges have wide discretion in deciding whether to reveal a plaintiff's identity.</p><p>In 2016, a Los Angeles judge ruled that a woman who accused NBA star Derrick Rose of rape couldn't remain anonymous at her civil trial. In 2017, a Connecticut judge rejected the use of pseudonyms by two college students in a civil court case over an alleged rape.</p><p>___</p><p>Follow Juan A. Lozano on Twitter: <url normalizedValue=\"https://twitter.com/juanlozano70\">https://twitter.com/juanlozano70</url></p></bodyText></nitf:body.content></nitf:body><metadata><dc:metadata xmlns:dc=\"http://purl.org/dc/elements/1.1/\"><dc:identifier identifierScheme=\"DOC-ID\">APINTL-46e080866bcde0808d1a2a6b1c82c0f1</dc:identifier><dc:source sourceScheme=\"royaltyReportingKey\">APINTL2019</dc:source><dc:identifier identifierScheme=\"PGUID\">urn:contentItem:5XSG-7XP1-JC65-51JG-00000-00</dc:identifier><dc:source sourceScheme=\"productContentSetIdentifier\">138211</dc:source><dc:date dateType=\"last-updated\">2020-03-09</dc:date></dc:metadata><wordCount number=\"592\"/><timeReceived>2:07 AM GMT</timeReceived><publicationInfo><copyright>Copyright 2019 Associated Press All Rights Reserved</copyright><publicationName>Associated Press International</publicationName><publicationDate day=\"19\" month=\"12\" year=\"2019\"><dateText>December 19, 2019 Thursday</dateText></publicationDate><classification classificationScheme=\"publicationtype\"><classificationItem><className>Newswire</className></classificationItem></classification><classification classificationScheme=\"publicationtype\"><classificationItem><className>Newswires &amp; Press Releases</className></classificationItem></classification></publicationInfo><classification classificationScheme=\"language\"><classificationItem classificationScheme=\"lang.english\"><className>ENGLISH</className></classificationItem></classification><classification classificationScheme=\"typeofdoc\"><classificationItem><className>Spot Development</className></classificationItem></classification><classificationGroup classificationScheme=\"indexing-terms\"><classification classificationScheme=\"company\"><classificationItem score=\"84\"><classCode>CC000A36L</classCode><className>MACQUARIE GROUP LTD</className></classificationItem><classificationItem score=\"53\"><classCode>CC000262S</classCode><className>ASSOCIATED PRESS</className></classificationItem></classification><classification classificationScheme=\"industry\"><classificationItem score=\"84\"><className>NAICS523110 INVESTMENT BANKING &amp; SECURITIES DEALING</className></classificationItem><classificationItem score=\"53\"><className>SIC7383 NEWS SYNDICATES</className></classificationItem></classification><classification classificationScheme=\"ticker\"><classificationItem score=\"84\"><className>MQG (ASX)</className></classificationItem></classification></classificationGroup><classificationGroup classificationScheme=\"licensor.indexing-terms\"><classification classificationScheme=\"licensor.company\"><classificationItem><className>Macquarie Group Ltd</className></classificationItem></classification><classification classificationScheme=\"licensor.industry\"><classificationItem><className>Stock exchanges</className></classificationItem><classificationItem><className>Stock and commodity exchanges</className></classificationItem><classificationItem><className>Financial services</className></classificationItem></classification><classification classificationScheme=\"licensor.region\"><classificationItem><className>Houston</className></classificationItem><classificationItem><className>Texas</className></classificationItem><classificationItem><className>United States</className></classificationItem><classificationItem><className>North America</className></classificationItem></classification><classification classificationScheme=\"licensor.subject\"><classificationItem><className>Rape-Accuser's Name</className></classificationItem><classificationItem><className>General news</className></classificationItem><classificationItem><className>Corporate legal affairs</className></classificationItem><classificationItem><className>Corporate news</className></classificationItem><classificationItem><className>Business</className></classificationItem><classificationItem><className>National courts</className></classificationItem><classificationItem><className>Courts</className></classificationItem><classificationItem><className>Judiciary</className></classificationItem><classificationItem><className>Government and politics</className></classificationItem><classificationItem><className>National governments</className></classificationItem><classificationItem><className>Court decisions</className></classificationItem><classificationItem><className>Legal proceedings</className></classificationItem><classificationItem><className>Law and order</className></classificationItem><classificationItem><className>Sexual assault</className></classificationItem><classificationItem><className>Violent crime</className></classificationItem><classificationItem><className>Crime</className></classificationItem><classificationItem><className>Lawsuits</className></classificationItem></classification><classification classificationScheme=\"licensor.ticker\"><classificationItem><className>MQG</className><className>(ASX)</className></classificationItem><classificationItem><className>MQBKY</className><className>(OTCP)</className></classificationItem></classification></classificationGroup><classificationGroup classificationScheme=\"indexing-terms\"><classification classificationScheme=\"subject\"><classificationItem score=\"94\"><classCode>STX001040</classCode><className>LITIGATION</className><classCode/><className/></classificationItem><classificationItem score=\"93\"><classCode>STX001648</classCode><className>SUITS &amp; CLAIMS</className><classCode/><className/></classificationItem><classificationItem score=\"92\"><classCode>ST0009FJK</classCode><className>NEGATIVE PERSONAL NEWS</className><classCode/><className/></classificationItem><classificationItem score=\"91\"><classCode>N922110GJ</classCode><className>APPEALS COURTS</className><classCode/><className/></classificationItem><classificationItem score=\"91\"><classCode>N922110CC</classCode><className>LAW COURTS &amp; TRIBUNALS</className><classCode/><className/></classificationItem><classificationItem score=\"91\"><classCode>STX001976</classCode><className>SECURITIES &amp; OTHER INVESTMENTS</className><classCode/><className/></classificationItem><classificationItem score=\"90\"><classCode>STX000104</classCode><className>APPEALS</className><classCode/><className/></classificationItem><classificationItem score=\"90\"><classCode>STX000105</classCode><className>APPELLATE DECISIONS</className><classCode/><className/></classificationItem><classificationItem score=\"90\"><classCode>STX001932</classCode><className>CRIME, LAW ENFORCEMENT &amp; CORRECTIONS</className><classCode/><className/></classificationItem><classificationItem score=\"90\"><classCode>STX001883</classCode><className>DECISIONS &amp; RULINGS</className><classCode/><className/></classificationItem><classificationItem score=\"90\"><classCode>STX000984</classCode><className>JUDGES</className><classCode>Z3VpZD11cm46dG9waWM6OTg1QUIzNkIwNzk5NDQ4NzhGMDdDQjVGNEYyRjY5OTI7cGFyZW50Z3VpZD11cm46dG9waWM6NURENzJGNTEyQzM0NEREQUI2RkVCRTM4RTc1RTZBREU</classCode><className>Judges</className></classificationItem><classificationItem score=\"90\"><classCode>ST0008XMR</classCode><className>LAW &amp; LEGAL SYSTEM</className><classCode/><className/></classificationItem><classificationItem score=\"90\"><classCode>ST000DMT1</classCode><className>PATENT COURTS</className><classCode/><className/></classificationItem><classificationItem score=\"90\"><classCode>STX001555</classCode><className>SEX OFFENSES</className><classCode>Z3VpZD11cm46dG9waWM6RkQwRTk5MUFBNjMxNDJGQUJGMDJBNjIzOTZEMUZBQTc7cGFyZW50Z3VpZD11cm46dG9waWM6RjgwNUY4MjJCMTg5NDgzRUJBMDQwNkM4NkUyNTJBMEY</classCode><className>Sex Crimes</className></classificationItem><classificationItem score=\"89\"><classCode>ST00093QH</classCode><className>SEXUAL ASSAULT</className><classCode>Z3VpZD11cm46dG9waWM6NzFENzYyRUI3RjFENEUwOEIyN0U0NEZBQjE5RjExMzk7cGFyZW50Z3VpZD11cm46dG9waWM6RkQwRTk5MUFBNjMxNDJGQUJGMDJBNjIzOTZEMUZBQTc</classCode><className>Sexual Assault</className></classificationItem><classificationItem score=\"78\"><classCode>ST000DM8Y</classCode><className>BUSINESS NEWS</className><classCode/><className/></classificationItem><classificationItem score=\"78\"><classCode>STX001317</classCode><className>PETITIONS</className><classCode/><className/></classificationItem><classificationItem score=\"78\"><classCode>N922130TM</classCode><className>PUBLIC PROSECUTORS</className><classCode/><className/></classificationItem><classificationItem score=\"78\"><classCode>ST00098X6</classCode><className>SEX &amp; GENDER ISSUES</className><classCode/><className/></classificationItem><classificationItem score=\"78\"><classCode>N523210MM</classCode><className>STOCK EXCHANGES</className><classCode>Z3VpZD11cm46dG9waWM6M0ZDMDg5MEQ3OTlGNEJCMkI0M0EyM0MwN0E1Njk1MEQ7cGFyZW50Z3VpZD11cm46dG9waWM6NDBGREFBMDgyNTQ0NERFRUI3MEUwNDBFOTM5NDExREI</classCode><className>Stock Exchanges</className></classificationItem><classificationItem score=\"78\"><classCode>STX001806</classCode><className>VIOLENT CRIME</className><classCode/><className/></classificationItem><classificationItem score=\"78\"><classCode>ST000CFCB</classCode><className>WORKPLACE VIOLENCE</className><classCode>Z3VpZD11cm46dG9waWM6MTJEOEQzNjc1RDk4NEMzODk1NjA3REVCMDA1NDg5MDA7cGFyZW50Z3VpZD11cm46dG9waWM6NDU0RjU2RkU2RUQ2NEM0M0FGMEE0QzMyMDVDNzdCOTE</classCode><className>Workplace Violence</className></classificationItem><classificationItem score=\"77\"><classCode>N920000CC</classCode><className>GOVERNMENT &amp; PUBLIC ADMINISTRATION</className><classCode>Z3VpZD11cm46dG9waWM6MjdEQjE4OUJDMzQxNDNEMEI0RTI1QUFCMzJENjEwRTA7cGFyZW50Z3VpZD11cm46dG9waWM6MUFEMUQ2QTA1OUZCNEE5RjkzNTA2RERFMUNEOTk1RTI</classCode><className>Governments</className></classificationItem><classificationItem score=\"76\"><classCode>ST000959S</classCode><className>CRIMINAL OFFENSES</className><classCode>Z3VpZD11cm46dG9waWM6REE3RUI5RUNDMTgyNDU3Rjk2QUMwOTVBOUI1NDNFOTY7cGFyZW50Z3VpZD11cm46dG9waWM6NEU0RkE1OUQwNUQwNDgxODhEODZCMjkzOTg3NThBNzk</classCode><className>Criminal Offenses</className></classificationItem><classificationItem score=\"73\"><classCode>ST000A7IS</classCode><className>ASSOCIATIONS &amp; ORGANIZATIONS</className><classCode/><className/></classificationItem><classificationItem score=\"73\"><classCode>N523210GM</classCode><className>COMMODITIES EXCHANGES</className><classCode/><className/></classificationItem><classificationItem score=\"73\"><classCode>N523130EM</classCode><className>COMMODITIES TRADING</className><classCode/><className/></classificationItem><classificationItem score=\"73\"><classCode>N523920MM</classCode><className>INVESTMENT MANAGEMENT</className><classCode/><className/></classificationItem><classificationItem score=\"72\"><classCode>ST000DIEG</classCode><className>GENDER &amp; SEX DISCRIMINATION</className><classCode/><className/></classificationItem></classification><classification classificationScheme=\"industry\"><classificationItem score=\"91\"><classCode>STX001976</classCode><className>SECURITIES &amp; OTHER INVESTMENTS</className><classCode/><className/></classificationItem><classificationItem score=\"90\"><classCode>N520000CC</classCode><className>BANKING &amp; FINANCE</className><classCode/><className/></classificationItem><classificationItem score=\"89\"><classCode>N523110EC</classCode><className>INVESTMENT BANKING</className><classCode/><className/></classificationItem><classificationItem score=\"89\"><classCode>ST0009RX6</classCode><classCode/><className/></classificationItem><classificationItem score=\"78\"><classCode>N523210MM</classCode><className>STOCK EXCHANGES</className><classCode>Z3VpZD11cm46dG9waWM6M0ZDMDg5MEQ3OTlGNEJCMkI0M0EyM0MwN0E1Njk1MEQ7cGFyZW50Z3VpZD11cm46dG9waWM6NDBGREFBMDgyNTQ0NERFRUI3MEUwNDBFOTM5NDExREI</classCode><className>Stock Exchanges</className></classificationItem><classificationItem score=\"73\"><classCode>N523210GM</classCode><className>COMMODITIES EXCHANGES</className><classCode/><className/></classificationItem><classificationItem score=\"73\"><classCode>N523130EM</classCode><className>COMMODITIES TRADING</className><classCode/><className/></classificationItem><classificationItem score=\"73\"><classCode>N523920MM</classCode><className>INVESTMENT MANAGEMENT</className><classCode/><className/></classificationItem><classificationItem score=\"72\"><classCode>N510000CC</classCode><className>MEDIA &amp; TELECOMMUNICATIONS</className><classCode/><className/></classificationItem></classification><classification classificationScheme=\"city\"><classificationItem score=\"94\"><classCode>GX591</classCode><className>HOUSTON, TX, USA</className><classCode/><className/></classificationItem><classificationItem score=\"79\"><classCode>GX608</classCode><className>NEW ORLEANS, LA, USA</className><classCode/><className/></classificationItem></classification><classification classificationScheme=\"state\"><classificationItem score=\"92\"><classCode>GS159</classCode><className>TEXAS, USA</className><classCode/><className/></classificationItem><classificationItem score=\"79\"><classCode>GS134</classCode><className>LOUISIANA, USA</className><classCode/><className/></classificationItem></classification><classification classificationScheme=\"country\"><classificationItem score=\"93\"><classCode>GC343</classCode><className>UNITED STATES</className><classCode/><className/></classificationItem><classificationItem score=\"79\"><classCode>GC301</classCode><className>AUSTRALIA</className><classCode/><className/></classificationItem><classificationItem score=\"79\"><classCode>GR120</classCode><className>NORTH AMERICA</className><classCode/><className/></classificationItem></classification></classificationGroup></metadata></articleDoc></content></entry>"}