{"prediction_class": "Fraud Embezzlement Misappropriation", "prediction_score": "0.93", "name": "Macquarie Group", "title": "ASIC will keep a watchful eye on financial advice from six biggest planners", "published": "2014-10-20T00:00:00Z", "updated": "2020-11-15T22:15:15Z", "cleaned_article": "[TITLE] ASIC will keep a watchful eye on financial advice from six biggest planners [TITLE] \n\nVertical integration means that an adviser can be employed by the same company that owns the products he or she is advising clients to buy. The banks and\u00a0AMP\u00a0own or control up to\u00a080\u00a0per\u00a0cent\u00a0of the financial planning industry. ASIC was criticised over its handling of scandals at the financial planning arms of Commonwealth Bank and Macquarie Group in a Senate inquiry last month. The focus of its surveillance program is outlined in a new strategic outlook for the 2014-15 financial year, released on Monday. The outlook also includes a continued focus on insider trading, market manipulation, disclosure issues and poor governance practices.", "raw_cleaned_article": "<h2>ASIC will keep a watchful eye on financial advice from six biggest planners</h2><p>Vertical integration means that an adviser can be employed by the same company that owns the products he or she is advising clients to buy. The banks and\u00a0AMP\u00a0own or control up to\u00a080\u00a0per\u00a0cent\u00a0of the financial planning industry. <b>ASIC was criticised over its handling of scandals at the financial planning arms of Commonwealth Bank and Macquarie Group in a Senate inquiry last month.</b> The focus of its surveillance program is outlined in a new strategic outlook for the 2014-15 financial year, released on Monday. The outlook also includes a continued focus on insider trading, market manipulation, disclosure issues and poor governance practices.</p>", "original_content": "<entry xmlns=\"http://www.w3.org/2005/Atom\"><id>urn:contentItem:5DDD-3HR1-DXMH-12WG-00000-00</id><title>ASIC will keep a watchful eye on financial advice from six biggest planners</title><published>2014-10-20T00:00:00Z</published><updated>2020-11-15T22:15:15Z</updated><author><name>LexisNexis</name></author><content type=\"application/xml\"><!--Transformation version 1.23--><articleDoc xmlns=\"\" xmlns:xsi=\"http://www.w3.org/2001/XMLSchema-instance\" xsi:noNamespaceSchemaLocation=\"http://www.lexisnexis.com/xmlschemas/content/public/articledoc/1/\" schemaVersion=\"1.8\" xml:lang=\"en\"><articleDocHead><itemInfo/></articleDocHead><nitf:body xmlns:nitf=\"http://iptc.org/std/NITF/2006-10-18/\"><nitf:body.head><nitf:hedline><nitf:hl1>ASIC will keep a watchful eye on financial advice from six biggest planners</nitf:hl1></nitf:hedline><nitf:byline><author><person><nameText>Georgia Wilkins</nameText></person></author></nitf:byline></nitf:body.head><nitf:body.content><bodyText><p nitf:lede=\"true\">The corporate watchdog will target the financial planning arms of the big four banks plus Macquarie and AMP as part of future surveillance of financial advice laws.</p><p nitf:lede=\"true\">The Australian Securities and Investments Commission did not name the firms but said the six largest financial advice institutions would receive special attention as part of its 2014-15 surveillance program due to their dominance in the market.</p><p>\"We intend to focus on aspects of the advice practices within large licensees, which we think are most problematic,\" an ASIC spokesman told Fairfax Media.</p><p>\"This will improve the advice outcomes for many consumers.\"</p><p>The financial advice industry is under pressure to lift its standards following a series of scandals revealed by Fairfax Media in which thousands of customers lost their money because of bad or conflicted advice.</p><p>Further revelations of lax education standards and exam cheating has lead to a parliamentary joint inquiry into professional advice standards.</p><p>ASIC said it would be looking at the quality of advice given at the big firms, as well as the \"extent to which ownership conflicts of interest affect that advice\".</p><p>It said it would also be looking at breach reporting and mis-selling of products.</p><p>\"Past ASIC action against financial advice firms have brought about changes in the way institutions run their advice businesses, and have led to more compliant businesses and better advice for consumers,\" the spokesman said.</p><p>\"However, there is still work to be done in the industry, and we want to influence changes that will further improve consumer outcomes.</p><p>\"The planning sector is facing calls from consumer groups to prevent conflicts occurring within the bank-owned advice arms through their vertical-integration model.\"</p><p>Vertical integration means that an adviser can be employed by the same company that owns the products he or she is advising clients to buy.</p><p>The banks and\u00a0AMP\u00a0own or control up to\u00a080\u00a0per\u00a0cent\u00a0of the financial planning industry.</p><p>ASIC was criticised over its handling of scandals at the financial planning arms of Commonwealth Bank and Macquarie Group in a Senate inquiry last month.</p><p>The focus of its surveillance program is outlined in a new strategic outlook for the 2014-15 financial year, released on Monday.</p><p>The outlook also includes a continued focus on insider trading, market manipulation, disclosure issues and poor governance practices.</p><p>The Financial Services Council, which represents the major financial institutions, was unavailable for comment.</p><p>Dante de Gori, policy and conduct manager at the Financial Planners Association of Australia, which represents individual planners, said he welcomed the focus on conflict of interest and vertical integration.</p><p>\"History shows us that there are more of those conflicts in the larger, integrated model,\" he said.</p><p>\"There is a natural conflict there. The real question is how that is separated, managed and controlled.</p><p>\"It's very important that ASIC as the regulator is confident that those measures and controls are in place.\"</p></bodyText></nitf:body.content></nitf:body><metadata><dc:metadata xmlns:dc=\"http://purl.org/dc/elements/1.1/\"><dc:identifier identifierScheme=\"DOC-ID\">AGEAUS-62553688</dc:identifier><dc:source sourceScheme=\"royaltyReportingKey\">AGEAUS2014</dc:source><dc:identifier identifierScheme=\"PGUID\">urn:contentItem:5DDD-3HR1-DXMH-12WG-00000-00</dc:identifier><dc:source sourceScheme=\"productContentSetIdentifier\">404060</dc:source><dc:date dateType=\"last-updated\">2016-04-20</dc:date></dc:metadata><wordCount number=\"501\"/><timeReceived>06:01 PM GMT</timeReceived><publicationInfo><copyright>Copyright 2014 Fairfax Media Publications Pty. Limited All Rights Reserved</copyright><publicationName>The Age (Melbourne, Australia) - Online</publicationName><publicationDate day=\"20\" month=\"10\" year=\"2014\"><dateText>October 20, 2014 Monday</dateText></publicationDate><classification classificationScheme=\"publicationtype\"><classificationItem><className>Web Publication</className></classificationItem></classification><classification classificationScheme=\"publicationtype\"><classificationItem><className>Web-based Publications</className></classificationItem></classification></publicationInfo><classification classificationScheme=\"language\"><classificationItem classificationScheme=\"lang.english\"><className>ENGLISH</className></classificationItem></classification><classificationGroup classificationScheme=\"indexing-terms\"><classification classificationScheme=\"company\"><classificationItem score=\"74\"><classCode>CC000A36L</classCode><className>MACQUARIE GROUP LTD</className></classificationItem><classificationItem score=\"58\"><classCode>CC000264I</classCode><className>FAIRFAX MEDIA LTD</className></classificationItem></classification><classification classificationScheme=\"ticker\"><classificationItem score=\"74\"><className>MQG (ASX)</className></classificationItem><classificationItem score=\"58\"><className>FXJ (ASX)</className></classificationItem></classification></classificationGroup><classificationGroup classificationScheme=\"licensor.indexing-terms\"><classification classificationScheme=\"licensor.subject\"><classificationItem><className>Banking and Finance</className></classificationItem></classification></classificationGroup><classificationGroup classificationScheme=\"indexing-terms\"><classification classificationScheme=\"subject\"><classificationItem score=\"90\"><classCode>ST000DJQC</classCode><className>CONSUMERS</className><classCode/><className/></classificationItem><classificationItem score=\"90\"><classCode>STX000969</classCode><className>INVESTIGATIONS</className><classCode/><className/></classificationItem><classificationItem score=\"88\"><classCode>ST000CTIZ</classCode><className>SCANDALS</className><classCode/><className/></classificationItem><classificationItem score=\"78\"><classCode>STX000404</classCode><className>CORPORATE GOVERNANCE</className><classCode>Z3VpZD11cm46dG9waWM6MDQ3M0RFODczN0I4NDg2RjlFRDNFMUNBODRDQTU0Q0E7cGFyZW50Z3VpZD11cm46dG9waWM6RTJGRkVBNjc4MzI3NDA5MTlEMDI1NjU2NzMyNkYzNTc</classCode><className>Corporate Governance</className></classificationItem><classificationItem score=\"78\"><classCode>N926150GC</classCode><className>BANKING &amp; FINANCE REGULATION</className><classCode/><className/></classificationItem><classificationItem score=\"78\"><classCode>ST000DKTF</classCode><className>SURVEILLANCE</className><classCode/><className/></classificationItem><classificationItem score=\"78\"><classCode>N926110GJ</classCode><className>CONSUMER PROTECTION</className><classCode/><className/></classificationItem><classificationItem score=\"78\"><classCode>ST000DDG6</classCode><className>CONSUMER WATCHDOGS</className><classCode/><className/></classificationItem><classificationItem score=\"77\"><classCode>STX000924</classCode><className>INSIDER TRADING</className><classCode>Z3VpZD11cm46dG9waWM6OEI5MDhDNzIzREUxNDczRjkyNDlDQUQ0NTY4REJBNzU7cGFyZW50Z3VpZD11cm46dG9waWM6QzI0MUY3RDMxMTg0NDQxNzlGRTk4NTEzM0IyNDhFODQ</classCode><className>Insider Trading</className></classificationItem><classificationItem score=\"74\"><classCode>ST000D28L</classCode><className>SCHOOL CHEATING</className><classCode/><className/></classificationItem><classificationItem score=\"69\"><classCode>ST0009ER8</classCode><className>ACADEMIC STANDARDS</className><classCode/><className/></classificationItem><classificationItem score=\"63\"><classCode>ST000A7IS</classCode><className>ASSOCIATIONS &amp; ORGANIZATIONS</className><classCode/><className/></classificationItem></classification><classification classificationScheme=\"industry\"><classificationItem score=\"89\"><classCode>ST00093QP</classCode><className>FINANCIAL PLANNING</className><classCode/><className/></classificationItem><classificationItem score=\"89\"><classCode>N520000CC</classCode><className>BANKING &amp; FINANCE</className><classCode/><className/></classificationItem><classificationItem score=\"89\"><classCode>STX001313</classCode><className>PERSONAL FINANCE</className><classCode/><className/></classificationItem><classificationItem score=\"78\"><classCode>N926150GC</classCode><className>BANKING &amp; FINANCE REGULATION</className><classCode/><className/></classificationItem><classificationItem score=\"77\"><classCode>STX000924</classCode><className>INSIDER TRADING</className><classCode>Z3VpZD11cm46dG9waWM6OEI5MDhDNzIzREUxNDczRjkyNDlDQUQ0NTY4REJBNzU7cGFyZW50Z3VpZD11cm46dG9waWM6QzI0MUY3RDMxMTg0NDQxNzlGRTk4NTEzM0IyNDhFODQ</classCode><className>Insider Trading</className></classificationItem></classification></classificationGroup></metadata></articleDoc></content></entry>"}