{"prediction_class": "Fraud Embezzlement Misappropriation", "prediction_score": "0.88", "name": "Macquarie Group", "title": "Trifecta of reforms on right track", "published": "2015-06-29T00:00:00Z", "updated": "2020-11-15T22:22:14Z", "cleaned_article": "[TITLE] Trifecta of reforms on right track [TITLE] \n\nIn the case of IOOF, documents show that Hilton was given a final warning last March and had his responsible manager status revoked. The issue of institutionalised cheating is important as it goes to the heart of an adviser's integrity, the culture of the organisation and the attitude to customers. The education, ethics and professionalism reforms are designed as a circuit breaker to help restore confidence after it took a hit following a series of scandals in the past two years including Commonwealth Bank, National Australia Bank, Macquarie Group and more recently IOOF Group. It comes as the future of financial advice reforms are set to take effect on July 1, which will ban commissions on all financial products excluding life insurance and impose a best interests test on financial advisers. Last week the Assistant Treasurer released the first of his trifecta of reforms to the industry. They were changes to life insurance and industry funds.", "raw_cleaned_article": "<h2>Trifecta of reforms on right track</h2><p>In the case of IOOF, documents show that Hilton was given a final warning last March and had his responsible manager status revoked. The issue of institutionalised cheating is important as it goes to the heart of an adviser's integrity, the culture of the organisation and the attitude to customers. <b>The education, ethics and professionalism reforms are designed as a circuit breaker to help restore confidence after it took a hit following a series of scandals in the past two years including Commonwealth Bank, National Australia Bank, Macquarie Group and more recently IOOF Group.</b> It comes as the future of financial advice reforms are set to take effect on July 1, which will ban commissions on all financial products excluding life insurance and impose a best interests test on financial advisers. Last week the Assistant Treasurer released the first of his trifecta of reforms to the industry. They were changes to life insurance and industry funds.</p>", "original_content": "<entry xmlns=\"http://www.w3.org/2005/Atom\"><id>urn:contentItem:5G9W-D4H1-JD34-V1PN-00000-00</id><title>Trifecta of reforms on right track</title><published>2015-06-29T00:00:00Z</published><updated>2020-11-15T22:22:14Z</updated><author><name>LexisNexis</name></author><content type=\"application/xml\"><!--Transformation version 1.23--><articleDoc xmlns=\"\" xmlns:xsi=\"http://www.w3.org/2001/XMLSchema-instance\" xsi:noNamespaceSchemaLocation=\"http://www.lexisnexis.com/xmlschemas/content/public/articledoc/1/\" schemaVersion=\"1.8\" xml:lang=\"en\"><articleDocHead><itemInfo><sourceSectionInfo><positionSection>NEWS</positionSection><positionSequence>Pg. 40</positionSequence></sourceSectionInfo></itemInfo></articleDocHead><nitf:body xmlns:nitf=\"http://iptc.org/std/NITF/2006-10-18/\"><nitf:body.head><nitf:hedline><nitf:hl1>Trifecta of reforms on right track</nitf:hl1></nitf:hedline></nitf:body.head><nitf:body.content><bodyText><p nitf:lede=\"true\">Assistant Treasurer Josh Frydenberg will wait until August to release the final in a trifecta of reforms to restore confidence in the scandal-ridden financial planning industry. The Australian Financial Review understands the Abbott government's response to a parliamentary inquiry into ethics, education and professionalism in financial planning will be delayed until August.</p><p nitf:lede=\"true\">It is understood that various professional and industry associations, including the Australian Bankers Association, have reached common ground on how to lift ethics, education and professionalism in the sector - no easy feat given their different vested interests.</p><p>The plan is to incorporate these reforms, similar to recommendations outlined in David Fawcett's parliamentary joint committee inquiry, into a response to David Murray's financial system inquiry.</p><p>It is understood the reforms will include lifting financial planners' educational qualifications to university standard and establishing an independent body to oversee the sector.</p><p>The basic RG146 regulation required to qualify as a financial planner can take less than eight days to complete in an open-book, non-supervised environment.</p><p>The body would oversee a governance structure for the industry, education and focus on integrity and independent standards to help the financial advice industry transform into a profession as soon as possible.</p><p>Former Financial Planning Association chairman Matthew Rowe quite rightly says professional bodies must be allowed to play a vital role in shaping the behaviour, ethics and culture of financial planners. \"The culture within a corporation is determined by the quality of its leadership. The culture of a profession is determined by your peers, codes of ethics, education requirements, practice standards and a collective want to act in the public interest.\"</p><p>The FPA has offered to give its intellectual property on education to the new body.</p><p>The government is expected to recommend a mandatory national exam for new and existing advisers set at degree standard.</p><p>To avoid gaming the system, including cheating on exams, the government is expected to outsource the marking of the national exam. This should be broadened to include continuous professional development exams.</p><p>Cheating on exams has been common practice in the industry. Some Macquarie financial advisers circulated a \"Penske file\" which included cheat sheets and at Commonwealth Bank of Australia's West Australian division, two experienced planners were sacked last year for getting their junior staff to sit mandatory tests for them.</p><p>More recently, an investigation into IOOF revealed that the advice research head Peter Hilton had junior staff complete Kaplan training modules on his behalf as well as compliance training. It also found members of the research team were not RG146 compliant, even though they have contact with financial planners, in some cases had direct contact with clients through presentations or dealing with them on the phone.</p><p>In the case of IOOF, documents show that Hilton was given a final warning last March and had his responsible manager status revoked.</p><p>The issue of institutionalised cheating is important as it goes to the heart of an adviser's integrity, the culture of the organisation and the attitude to customers.</p><p>The education, ethics and professionalism reforms are designed as a circuit breaker to help restore confidence after it took a hit following a series of scandals in the past two years including Commonwealth Bank, National Australia Bank, Macquarie Group and more recently IOOF Group.</p><p>It comes as the future of financial advice reforms are set to take effect on July 1, which will ban commissions on all financial products excluding life insurance and impose a best interests test on financial advisers.</p><p>Last week the Assistant Treasurer released the first of his trifecta of reforms to the industry. They were changes to life insurance and industry funds.</p><p>Life insurance reforms include capping upfront commissions at 60 per cent of a policy's premium by 2018, a cap on trailing commissions at 20 per cent, a ban on volume-based commissions (wholesale commissions) and the development of a code of conduct.</p><p>Given life insurance was carved out of the FOFA reforms, this is a good start but the clock needs to be set on when to phase out commissions, which are known to drive conflicted behaviour that can lead to inappropriate advice to clients.</p><p>The other key reform addressed the governance of superannuation funds. An exposure draft included changes to the composition of boards with more independent directors and better transparency of director fees. The draft also requires super funds to maintain a register of all relevant interests of directors, including previous roles and other board positions.</p><p>Industry funds generally have a board composed of 50 per cent union and 50 per cent employer representatives. The reforms, to be phased in over three years, include a mandate for super funds to have one-third independent directors and an independent chairperson on the board.</p><p>In 2012, Jeremy Cooper conducted a review into super which called for such changes. David Murray in his review of the financial system went even further and called for a majority of independent directors.</p><p>Industry funds have outperformed retail funds over long periods of time, but the superannuation system is far from perfect.</p><p>One of the key concerns from a corporate governance aspect is the lack of transparency which has resulted in perceptual issues of financial links between industry super funds and unions.</p><p>The Royal Commission into Trade Union Governance and Corruption looked into these perceptual issues when it drilled into the relationship between the Transport Workers Union and TWU Super, a fund that was set up in the 1980s and has more than 140,000 members and billions of dollars of assets.</p><p>The royal commission was told up to $1 million flowed from TWU Super into TWU in 2013. This included $200,000 to directors nominated by TWU, $500,000 in reimbursements for salaries and expenses of a number of superannuation liaison officers and sponsorship. Given TWU Super is a public offer fund, which means it is open to the public and therefore not everyone is a member of the TWU, such questions about the flow of money from the super fund to the union become even more relevant.</p><p>After a series of financial scandals in the past two years, it is imperative that Australians trust the system of superannuation. It is where their hard-earned retirement savings are parked.</p><p>That means creating transparency about director fees, who sits on the board and any conflicts.</p><p>The Greens lodged a motion in the Senate for a royal commission into financial services. The Greens were supported in their motion by Nationals senator John Williams, who crossed the floor. However, it didn't get support from Labor senators, and so failed, 39 to 14.</p><p>But the clock is ticking. As more and more scandals emerge, revealing misconduct and management cover-ups, pressure will mount.</p><p>The various reforms to the sector are all good, but when a sector carries a privileged place in the lives of Australians, it needs to be above reproach. It seems every time a financial institution rock is turned over, too many cockroaches crawl out.</p></bodyText></nitf:body.content></nitf:body><metadata><dc:metadata xmlns:dc=\"http://purl.org/dc/elements/1.1/\"><dc:identifier identifierScheme=\"DOC-ID\">AFREVW-6l4try5efc0sqxu1luw</dc:identifier><dc:source sourceScheme=\"royaltyReportingKey\">AFREVW2015</dc:source><dc:identifier identifierScheme=\"PGUID\">urn:contentItem:5G9W-D4H1-JD34-V1PN-00000-00</dc:identifier><dc:source sourceScheme=\"productContentSetIdentifier\">390780</dc:source><dc:date dateType=\"last-updated\">2019-07-15</dc:date></dc:metadata><wordCount number=\"1212\"/><publicationInfo><copyright>Copyright 2015 Fairfax Media Publications Pty. Limited All Rights Reserved</copyright><publicationName>Australian Financial Review</publicationName><edition>First Edition</edition><publicationDate day=\"29\" month=\"06\" year=\"2015\"><dateText>June 29, 2015 Monday</dateText></publicationDate><classification classificationScheme=\"publicationtype\"><classificationItem><className>Newspaper</className></classificationItem></classification><classification classificationScheme=\"publicationtype\"><classificationItem><className>Newspapers</className></classificationItem></classification></publicationInfo><classification classificationScheme=\"language\"><classificationItem classificationScheme=\"lang.english\"><className>ENGLISH</className></classificationItem></classification><classificationGroup classificationScheme=\"indexing-terms\"><classification classificationScheme=\"company\"><classificationItem score=\"63\"><classCode>CC0002GHH</classCode><className>COMMONWEALTH BANK OF AUSTRALIA LTD</className></classificationItem><classificationItem score=\"52\"><classCode>CC0009AXT</classCode><className>MACQUARIE FINANCIAL LTD</className></classificationItem></classification><classification classificationScheme=\"industry\"><classificationItem score=\"63\"><className>NAICS524113 DIRECT LIFE INSURANCE CARRIERS</className></classificationItem><classificationItem score=\"63\"><className>NAICS523110 INVESTMENT BANKING &amp; SECURITIES DEALING</className></classificationItem><classificationItem score=\"63\"><className>NAICS522110 COMMERCIAL BANKING</className></classificationItem><classificationItem score=\"63\"><className>SIC6311 LIFE INSURANCE</className></classificationItem><classificationItem score=\"63\"><className>SIC6211 SECURITY BROKERS, DEALERS, &amp; FLOTATION COMPANIES</className></classificationItem><classificationItem score=\"63\"><className>SIC6021 NATIONAL COMMERCIAL BANKS</className></classificationItem></classification><classification classificationScheme=\"ticker\"><classificationItem score=\"63\"><className>CBA (ASX)</className></classificationItem></classification></classificationGroup><classificationGroup classificationScheme=\"licensor.indexing-terms\"><classification classificationScheme=\"licensor.subject\"><classificationItem><className>Industry/Financial Services</className></classificationItem></classification></classificationGroup><classificationGroup classificationScheme=\"indexing-terms\"><classification classificationScheme=\"subject\"><classificationItem score=\"90\"><classCode>ST000A7IS</classCode><className>ASSOCIATIONS &amp; ORGANIZATIONS</className><classCode/><className/></classificationItem><classificationItem score=\"90\"><classCode>STX000165</classCode><className>BANKING &amp; FINANCE ASSOCIATIONS</className><classCode/><className/></classificationItem><classificationItem score=\"90\"><classCode>N813910MM</classCode><className>BUSINESS &amp; PROFESSIONAL ASSOCIATIONS</className><classCode/><className/></classificationItem><classificationItem score=\"90\"><classCode>STX000654</classCode><className>ETHICS</className><classCode/><className/></classificationItem><classificationItem score=\"90\"><classCode>STX000969</classCode><className>INVESTIGATIONS</className><classCode/><className/></classificationItem><classificationItem score=\"90\"><classCode>STX001209</classCode><className>NEW ISSUES</className><classCode/><className/></classificationItem><classificationItem score=\"90\"><classCode>ST000CTIZ</classCode><className>SCANDALS</className><classCode/><className/></classificationItem><classificationItem score=\"90\"><classCode>STX001976</classCode><className>SECURITIES &amp; OTHER INVESTMENTS</className><classCode/><className/></classificationItem><classificationItem score=\"89\"><classCode>ST0009FJK</classCode><className>NEGATIVE PERSONAL NEWS</className><classCode/><className/></classificationItem><classificationItem score=\"89\"><classCode>ST000D28L</classCode><className>SCHOOL CHEATING</className><classCode/><className/></classificationItem><classificationItem score=\"79\"><classCode>ST000A2A8</classCode><className>INTELLECTUAL PROPERTY</className><classCode/><className/></classificationItem><classificationItem score=\"78\"><classCode>STX000404</classCode><className>CORPORATE GOVERNANCE</className><classCode>Z3VpZD11cm46dG9waWM6MDQ3M0RFODczN0I4NDg2RjlFRDNFMUNBODRDQTU0Q0E7cGFyZW50Z3VpZD11cm46dG9waWM6RTJGRkVBNjc4MzI3NDA5MTlEMDI1NjU2NzMyNkYzNTc</classCode><className>Corporate Governance</className></classificationItem><classificationItem score=\"78\"><classCode>STX000466</classCode><className>DELAYS &amp; POSTPONEMENTS</className><classCode/><className/></classificationItem><classificationItem score=\"77\"><classCode>STX001948</classCode><className>LABOR &amp; EMPLOYMENT</className><classCode/><className/></classificationItem><classificationItem score=\"76\"><classCode>STX000601</classCode><className>EMPLOYEE TRAINING</className><classCode/><className/></classificationItem><classificationItem score=\"74\"><classCode>STX001066</classCode><className>MANAGERS &amp; SUPERVISORS</className><classCode/><className/></classificationItem></classification><classification classificationScheme=\"industry\"><classificationItem score=\"92\"><classCode>N520000CC</classCode><className>BANKING &amp; FINANCE</className><classCode/><className/></classificationItem><classificationItem score=\"92\"><classCode>ST00093QP</classCode><className>FINANCIAL PLANNING</className><classCode/><className/></classificationItem><classificationItem score=\"92\"><classCode>ST0009RX6</classCode><classCode/><className/></classificationItem><classificationItem score=\"90\"><classCode>STX000165</classCode><className>BANKING &amp; FINANCE ASSOCIATIONS</className><classCode/><className/></classificationItem><classificationItem score=\"90\"><classCode>N524000CC</classCode><className>INSURANCE</className><classCode/><className/></classificationItem><classificationItem score=\"90\"><classCode>STX001209</classCode><className>NEW ISSUES</className><classCode/><className/></classificationItem><classificationItem score=\"90\"><classCode>STX001313</classCode><className>PERSONAL FINANCE</className><classCode/><className/></classificationItem><classificationItem score=\"90\"><classCode>STX001976</classCode><className>SECURITIES &amp; OTHER INVESTMENTS</className><classCode/><className/></classificationItem><classificationItem score=\"90\"><classCode>ST000A2VZ</classCode><classCode/><className/></classificationItem></classification><classification classificationScheme=\"state\"><classificationItem score=\"79\"><classCode>GS004</classCode><className>WESTERN AUSTRALIA, AUSTRALIA</className><classCode/><className/></classificationItem></classification><classification classificationScheme=\"country\"><classificationItem score=\"96\"><classCode>GC301</classCode><className>AUSTRALIA</className><classCode/><className/></classificationItem></classification></classificationGroup></metadata></articleDoc></content></entry>"}