{"prediction_class": "Money laundering", "prediction_score": "0.9", "name": "Macquarie Group", "title": "APRA to probe Westpac 'whistleblower' removal", "published": "2019-12-02T00:00:00Z", "updated": "2020-11-15T22:04:06Z", "cleaned_article": "[TITLE] APRA to probe Westpac 'whistleblower' removal [TITLE] \n\n\"Case studies are very powerful tools ??? clearly we would look at whether this issue has been handled appropriately,\" Mr Byres said. Ms Wood led the bank's response to the AUSTRAC investigation over 10 months and was one of the first employees to inform the bank's senior leadership it had failed to report millions of transactions with foreign banks, in breach of anti money laundering and counter-terrorism financing laws. After the bank was informed by AUSTRAC in May that it considered the breaches to be very serious, Ms Wood was reportedly offered a different position with less pay and chose to accept a redundancy, replaced by former Macquarie Group compliance manager T. Scott Saunders. Labor MP Ann Aly said the parliament was eager for APRA to investigate a failure within Westpac whereby \"people who raise that things are going wrong ... get stood down and moved aside and not listened to\". Remuneration and remediation", "raw_cleaned_article": "<h2>APRA to probe Westpac 'whistleblower' removal</h2><p>\"Case studies are very powerful tools ??? clearly we would look at whether this issue has been handled appropriately,\" Mr Byres said. Ms Wood led the bank's response to the AUSTRAC investigation over 10 months and was one of the first employees to inform the bank's senior leadership it had failed to report millions of transactions with foreign banks, in breach of anti money laundering and counter-terrorism financing laws. <b>After the bank was informed by AUSTRAC in May that it considered the breaches to be very serious, Ms Wood was reportedly offered a different position with less pay and chose to accept a redundancy, replaced by former Macquarie Group compliance manager T. Scott Saunders.</b> Labor MP Ann Aly said the parliament was eager for APRA to investigate a failure within Westpac whereby \"people who raise that things are going wrong ... get stood down and moved aside and not listened to\". Remuneration and remediation</p>", "original_content": "<entry xmlns=\"http://www.w3.org/2005/Atom\"><id>urn:contentItem:5XMR-V7P1-DY19-C160-00000-00</id><title>APRA to probe Westpac 'whistleblower' removal</title><published>2019-12-02T00:00:00Z</published><updated>2020-11-15T22:04:06Z</updated><author><name>LexisNexis</name></author><content type=\"application/xml\"><!--Transformation version 1.23--><articleDoc xmlns=\"\" xmlns:xsi=\"http://www.w3.org/2001/XMLSchema-instance\" xsi:noNamespaceSchemaLocation=\"http://www.lexisnexis.com/xmlschemas/content/public/articledoc/1/\" schemaVersion=\"1.8\" xml:lang=\"en\"><articleDocHead><itemInfo/></articleDocHead><nitf:body xmlns:nitf=\"http://iptc.org/std/NITF/2006-10-18/\"><nitf:body.head><nitf:hedline><nitf:hl1>APRA to probe Westpac 'whistleblower' removal</nitf:hl1></nitf:hedline><nitf:byline><author><person><nameText>Aleks Vickovich</nameText></person></author></nitf:byline><highlight><bodyText><p>The prudential regulator will examine the departure of former Westpac compliance officer Amanda Wood, who was reportedly demoted after flagging breaches at the heart of the scandal engulfing the bank.</p></bodyText></highlight></nitf:body.head><nitf:body.content><bodyText><p nitf:lede=\"true\">The prudential regulator will examine the <url normalizedValue=\"https://www.afr.com/companies/financial-services/westpac-removed-compliance-officer-who-reported-breach-20191125-p53dqd\">departure of former Westpac compliance officer Amanda Wood</url>, who was reportedly demoted after flagging breaches at the heart of the scandal engulfing the bank.</p><p nitf:lede=\"true\">Australian Prudential Regulation Authority chairman Wayne Byres told a parliamentary hearing on Monday that its <url normalizedValue=\"https://www.afr.com/companies/financial-services/westpac-case-is-off-the-charts-porter-20191121-p53coz\">investigation into Westpac over the 23 million money laundering breaches</url> will focus on culture and governance failures, including whether internal red flags were ignored.</p><p nitf:lede=\"true\">Labor's Andrew Leigh asked Mr Byres to comment on the revelation that Ms Wood, who he described as a \"whistleblower\", was overlooked for a senior position and took a redundancy payment after informing leadership that the bank faced the prospect of the largest corporate fine in Australian history, as first reported by The Australian Financial Review.</p><p>\"I think we'd certainly be interested in looking at issues like that,\" Mr Byres said. \"Where warnings were not listened to, it would be of interest to us.\"</p><p>The regulator said he was \"wary\" on commenting further on newspaper reports, since he did not have additional information about the case, but confirmed that APRA's investigation into Westpac will examine Ms Wood's departure from the bank.</p><p>\"Case studies are very powerful tools ??? clearly we would look at whether this issue has been handled appropriately,\" Mr Byres said.</p><p>Ms Wood led the bank's response to the AUSTRAC investigation over 10 months and was one of the first employees to inform the bank's senior leadership it had failed to report millions of transactions with foreign banks, in breach of anti money laundering and counter-terrorism financing laws.</p><p>After the bank was informed by AUSTRAC in May that it considered the breaches to be very serious, Ms Wood was reportedly offered a different position with less pay and chose to accept a redundancy, replaced by former Macquarie Group compliance manager T. Scott Saunders.</p><p>Labor MP Ann Aly said the parliament was eager for APRA to investigate a failure within Westpac whereby \"people who raise that things are going wrong ... get stood down and moved aside and not listened to\".</p><p>Remuneration and remediation</p><p>APRA revealed that its investigation into Westpac will be examining the implications of the AUSTRAC legal action and any penalty emanating from it for the bank's customer remediation programs, as well as the role played by bonuses and pay structures in leading to the breaches.</p><p>In response to a question about whether its probe will look at executive remuneration structures at the bank, Mr Byres said: \"That is definitely one of the things we are looking at\".</p><p>Deputy chairman John Lonsdale said the investigation will also examine the bank's approach to non-financial metrics of performance remuneration, in line with its controversial edict that profitability and financial metrics account for no more than 50 per cent of bonuses.</p><p>\"If you can get better alignments in institutions in terms of incentives you will get better outcomes for communities,\" Mr Lonsdale said.</p><p>\"We've had a lot of interest [in the draft prudential regulation] to say the least,\" he said, adding that APRA has received 70 submissions on its non-financial metrics proposal, a relatively high level of engagement.</p><p>The comments come as Westpac's remuneration report, which received a <url normalizedValue=\"https://www.afr.com/companies/financial-services/westpac-gets-a-first-strike-at-agm-20181212-h190vn\">historic first strike</url> at the bank's annual general meeting in 2018, is likely to be a       \u00a0    <url normalizedValue=\"https://www.afr.com/companies/financial-services/industry-funds-want-more-westpac-heads-on-sticks-20191129-p53fg5\">contentious issue at the 2019 AGM on 12 December</url>.</p><p>'Blurring of activities'</p><p>Reflecting on the Westpac money laundering matter, Mr Byres said APRA is concerned that there are multiple regulatory investigations underway, and each agency needs to ensure it doesn't inadvertently disrupt the activities of another.</p><p>\"We are not anti money laundering [AML] experts, we don't pretend to be AML experts, thats not our bailiwick,\" Mr Byres said. \"We don't want to wade in and cut across [AUSTRAC].\"</p><p>Mr Lonsdale said that regulator forums with fellow regulators, and its newly updated memorandum of understanding with the Australian Securities and Investments Commission, would help ensure items such as Mr Wood's departure did not \"fall through the cracks\".</p><p>The <url normalizedValue=\"https://www.afr.com/companies/financial-services/westpac-case-is-off-the-charts-porter-20191121-p53coz\">Financial Review previously reported APRA</url> was investigating whether AUSTRAC's allegations might trigger contraventions of the Bank Executive Accountability Regime at Westpac.</p><p>My Byres confirmed to the parliamentary hearing that the probe will consider potential BEAR breaches, including by Westpac as a corporate entity, as well as individual executives, who could face disqualification from the financial services industry.</p></bodyText></nitf:body.content></nitf:body><metadata><dc:metadata xmlns:dc=\"http://purl.org/dc/elements/1.1/\"><dc:identifier identifierScheme=\"DOC-ID\">AFRONL-1520213057</dc:identifier><dc:source sourceScheme=\"royaltyReportingKey\">AFRONL2019</dc:source><dc:identifier identifierScheme=\"PGUID\">urn:contentItem:5XMR-V7P1-DY19-C160-00000-00</dc:identifier><dc:source sourceScheme=\"productContentSetIdentifier\">429670</dc:source><dc:date dateType=\"last-updated\">2019-12-02</dc:date></dc:metadata><wordCount number=\"762\"/><timeReceived>10:19 AM GMT</timeReceived><publicationInfo><copyright>Copyright 2019 Fairfax Media Publications Pty. Limited All Rights Reserved</copyright><publicationName>AFR Online</publicationName><publicationDate day=\"02\" month=\"12\" year=\"2019\"><dateText>December 2, 2019 Monday</dateText></publicationDate><classification classificationScheme=\"publicationtype\"><classificationItem><className>Web Publication</className></classificationItem></classification><classification classificationScheme=\"publicationtype\"><classificationItem><className>Industry Trade Press</className></classificationItem></classification></publicationInfo><classification classificationScheme=\"language\"><classificationItem classificationScheme=\"lang.english\"><className>ENGLISH</className></classificationItem></classification><classificationGroup classificationScheme=\"indexing-terms\"><classification classificationScheme=\"company\"><classificationItem score=\"58\"><classCode>CC000A36L</classCode><className>MACQUARIE GROUP LTD</className></classificationItem></classification><classification classificationScheme=\"industry\"><classificationItem score=\"58\"><className>NAICS523110 INVESTMENT BANKING &amp; SECURITIES DEALING</className></classificationItem></classification><classification classificationScheme=\"ticker\"><classificationItem score=\"58\"><className>MQG (ASX)</className></classificationItem></classification></classificationGroup><classificationGroup classificationScheme=\"licensor.indexing-terms\"><classification classificationScheme=\"licensor.subject\"><classificationItem><className>National</className></classificationItem></classification></classificationGroup><classificationGroup classificationScheme=\"indexing-terms\"><classification classificationScheme=\"legal\"><classificationItem><className>Criminal Law &amp; Procedure</className><classCode>Z3VpZD11cm46dG9waWM6NEU0RkE1OUQwNUQwNDgxODhEODZCMjkzOTg3NThBNzk7cGFyZW50Z3VpZD0</classCode><classificationItem score=\"92\"><className>General Overview</className><classCode>Z3VpZD11cm46dG9waWM6MUM4RjZFOEE4MDc3NDE4QjhCMkQwNzc2QTM0OUQ5NjI7cGFyZW50Z3VpZD11cm46dG9waWM6QzBDQzA4NEVCN0Q0NEZCRkEwNjY3Qzk3MDA3NzlCMjU</classCode></classificationItem></classificationItem></classification><classification classificationScheme=\"subject\"><classificationItem score=\"91\"><classCode>STX000969</classCode><className>INVESTIGATIONS</className><classCode/><className/></classificationItem><classificationItem score=\"90\"><classCode>ST000A4CY</classCode><className>BANKING &amp; FINANCE REGULATORY COMPLIANCE</className><classCode/><className/></classificationItem><classificationItem score=\"90\"><classCode>ST0009FJK</classCode><className>NEGATIVE PERSONAL NEWS</className><classCode/><className/></classificationItem><classificationItem score=\"90\"><classCode>STX001462</classCode><className>REGULATORY COMPLIANCE</className><classCode/><className/></classificationItem><classificationItem score=\"90\"><classCode>STX001976</classCode><className>SECURITIES &amp; OTHER INVESTMENTS</className><classCode/><className/></classificationItem><classificationItem score=\"90\"><classCode>ST000D1CF</classCode><className>WHISTLEBLOWERS</className><classCode/><className/></classificationItem><classificationItem score=\"89\"><classCode>STX000667</classCode><className>EXECUTIVE COMPENSATION</className><classCode/><className/></classificationItem><classificationItem score=\"89\"><classCode>STX001813</classCode><className>WAGES &amp; SALARIES</className><classCode/><className/></classificationItem><classificationItem score=\"78\"><classCode>STX000713</classCode><className>FINANCIAL CRIME COUNTERMEASURES</className><classCode/><className/></classificationItem><classificationItem score=\"78\"><classCode>STX000722</classCode><className>FINES &amp; PENALTIES</className><classCode/><className/></classificationItem><classificationItem score=\"77\"><classCode>ST000D9TJ</classCode><className>EXECUTIVE BONUSES</className><classCode/><className/></classificationItem><classificationItem score=\"77\"><classCode>N921120CC</classCode><className>LEGISLATIVE BODIES</className><classCode/><className/></classificationItem><classificationItem score=\"77\"><classCode>STX001159</classCode><className>MONEY LAUNDERING</className><classCode>Z3VpZD11cm46dG9waWM6QzBDQzA4NEVCN0Q0NEZCRkEwNjY3Qzk3MDA3NzlCMjU7cGFyZW50Z3VpZD11cm46dG9waWM6NkUzNTQ1QUZBM0Y5NDcyQjk4N0I5Mjg0QzU3NDk0MDI</classCode><className>Money Laundering</className></classificationItem><classificationItem score=\"75\"><classCode>ST00090TR</classCode><className>SEVERANCE PAY</className><classCode/><className/></classificationItem><classificationItem score=\"74\"><classCode>ST000DMT2</classCode><className>BUSINESS METRICS</className><classCode/><className/></classificationItem><classificationItem score=\"73\"><classCode>ST000DN6S</classCode><className>COUNTERTERRORISM LAWS</className><classCode/><className/></classificationItem><classificationItem score=\"73\"><classCode>ST0008XMR</classCode><className>LAW &amp; LEGAL SYSTEM</className><classCode/><className/></classificationItem><classificationItem score=\"72\"><classCode>STX000417</classCode><className>COUNTERTERRORISM</className><classCode/><className/></classificationItem><classificationItem score=\"66\"><classCode>ST0009S59</classCode><className>CASE STUDIES</className><classCode/><className/></classificationItem><classificationItem score=\"50\"><classCode>STX001710</classCode><className>TERRORISM</className><classCode>Z3VpZD11cm46dG9waWM6ODg4MDhDQ0I2QkY5NDU2Rjg1RDNEREFBODk1Nzg1QTY7cGFyZW50Z3VpZD11cm46dG9waWM6RjgwNUY4MjJCMTg5NDgzRUJBMDQwNkM4NkUyNTJBMEY</classCode><className>Terrorism</className></classificationItem></classification><classification classificationScheme=\"industry\"><classificationItem score=\"90\"><classCode>N520000CC</classCode><className>BANKING &amp; FINANCE</className><classCode/><className/></classificationItem><classificationItem score=\"90\"><classCode>ST000A4CY</classCode><className>BANKING &amp; FINANCE REGULATORY COMPLIANCE</className><classCode/><className/></classificationItem><classificationItem score=\"90\"><classCode>N523110EC</classCode><className>INVESTMENT BANKING</className><classCode/><className/></classificationItem><classificationItem score=\"90\"><classCode>STX001976</classCode><className>SECURITIES &amp; OTHER INVESTMENTS</className><classCode/><className/></classificationItem><classificationItem score=\"90\"><classCode>ST0009RX6</classCode><classCode/><className/></classificationItem><classificationItem score=\"78\"><classCode>ST0008WTK</classCode><className>INSURANCE REGULATORY BODIES</className><classCode>Z3VpZD11cm46dG9waWM6NTk2QzZCOTc1QzgxNEI0REFDNjYwM0UxMzNDOEEwQUE7cGFyZW50Z3VpZD11cm46dG9waWM6MDM4MzQ2QUYzMTY0NDQzQTkxRDQwRUUzRUM5RDg0OEM</classCode><className>Regulators</className></classificationItem></classification></classificationGroup></metadata></articleDoc></content></entry>"}