{"prediction_class": "Regulatory Breaches Tax Evasion Smuggling of goods", "prediction_score": "0.99", "name": "Macquarie Group", "title": "US hedge funds going after big five;Rigging accusations - Banks under fire", "published": "2016-08-19T00:00:00Z", "updated": "2020-11-15T21:35:55Z", "cleaned_article": "[TITLE] US hedge funds going after big five;Rigging accusations - Banks under fire [TITLE] \n\n\"Rare smoking gun evidence\" has led to two US hedge funds and a derivative trader suing the big four banks and Macquarie Group in New York over the alleged rigging of the bank bill swap rate - a case that could end up costing the Australian banks billions of dollars. Several international banks are also being sued as part of the action filed in the US District Court for the Southern District of New York this week. The complaint accuses the five-strong cohort of Australia's financial institutions of racketeering, wire fraud and collusion under America's Racketeer Influenced and Corrupt Organisations Act (or the RICO Act) and notes the alleged rigging had a \"reasonably foreseeable effect on United States' domestic commerce\".", "raw_cleaned_article": "<h2>US hedge funds going after big five;Rigging accusations - Banks under fire</h2><p><b>\"Rare smoking gun evidence\" has led to two US hedge funds and a derivative trader suing the big four banks and Macquarie Group in New York over the alleged rigging of the bank bill swap rate - a case that could end up costing the Australian banks billions of dollars.</b> Several international banks are also being sued as part of the action filed in the US District Court for the Southern District of New York this week. The complaint accuses the five-strong cohort of Australia's financial institutions of racketeering, wire fraud and collusion under America's Racketeer Influenced and Corrupt Organisations Act (or the RICO Act) and notes the alleged rigging had a \"reasonably foreseeable effect on United States' domestic commerce\".</p>", "original_content": "<entry xmlns=\"http://www.w3.org/2005/Atom\"><id>urn:contentItem:5KGT-52R1-JD34-V2XR-00000-00</id><title>US hedge funds going after big five;Rigging accusations - Banks under fire</title><published>2016-08-19T00:00:00Z</published><updated>2020-11-15T21:35:55Z</updated><author><name>LexisNexis</name></author><content type=\"application/xml\"><!--Transformation version 1.23--><articleDoc xmlns=\"\" xmlns:xsi=\"http://www.w3.org/2001/XMLSchema-instance\" xsi:noNamespaceSchemaLocation=\"http://www.lexisnexis.com/xmlschemas/content/public/articledoc/1/\" schemaVersion=\"1.8\" xml:lang=\"en\"><articleDocHead><itemInfo><sourceSectionInfo><positionSection>BUSINESS</positionSection><positionSequence>Pg. 18</positionSequence></sourceSectionInfo></itemInfo></articleDocHead><nitf:body xmlns:nitf=\"http://iptc.org/std/NITF/2006-10-18/\"><nitf:body.head><nitf:hedline><nitf:hl1>US hedge funds going after big five</nitf:hl1><nitf:hl2>Rigging accusations - Banks under fire</nitf:hl2></nitf:hedline><nitf:byline><author><person><nameText>Sarah Danckert</nameText></person></author></nitf:byline></nitf:body.head><nitf:body.content><bodyText><p nitf:lede=\"true\">\"Rare smoking gun evidence\" has led to two US hedge funds and a derivative trader suing the big four banks and Macquarie Group in New York over the alleged rigging of the bank bill swap rate - a case that could end up costing the Australian banks billions of dollars.</p><p>Several international banks are also being sued as part of the action filed in the US District Court for the Southern District of New York this week.</p><p>The complaint accuses the five-strong cohort of Australia's financial institutions of racketeering, wire fraud and collusion under America's Racketeer Influenced and Corrupt Organisations Act (or the RICO Act) and notes the alleged rigging had a \"reasonably foreseeable effect on United States' domestic commerce\".</p><p>Florida-based derivative trader Richard Dennis - who is speculated to be the famed trader known as the \"prince of the pit\" - and hedge fund Sonterra Capital Master Fund and Frontpoint Financial Services filed the claim.</p><p>Sonterra alleges it had $490 million in trades affected by the alleged rigging, while Frontpoint alleges $100 million of its money was affected.</p><p>The class action is the first time a victim of the alleged rigging of the bank bill swap rate in Australia has come forward to say they have suffered a loss and it opens the door for other aggrieved traders to join the suit.</p><p>\"This blows a hole in the argument put by the banks this was a victimless act,\" senator Sam Dastyari said.</p><p>The applicants are demanding a jury trial in an explosive complaint that is piggybacked off the Australian Securities and Investments Commission's actions against ANZ Bank, Westpac and National Australia Bank.</p><p>The claim does not say how much in damages and lost income the applicants are seeking.</p><p>Other rigging cases have been settled for as little $US100 million, while a case brought by regulators in Britain and the US over the rigging of the LIBOR rate saw another group of banks slugged with $US6 billion in fines.</p><p>ASIC is not involved in the US filing. ASIC has not launched action against Commonwealth Bank or Macquarie though it is expected to file against the CBA in coming weeks.</p><p>ANZ, NAB and Westpac will vigorously defend the claim. Macquarie and CBA are also expected to defend the claim. However, there is also a strong possibility some or all of the banks will move separately to have the matter dismissed.</p><p>\"The common purpose of the enterprise was simple: profiteering,\" according to the complaint.</p><p>The complaint said the ASIC action had revealed \"rare 'smoking gun' evidence, including emails, phone calls, and electronic chats, demonstrating a conspiracy among BBSW panel banks and inter-dealer brokers to fix the prices of BBSW-based derivatives\".</p></bodyText></nitf:body.content></nitf:body><metadata><dc:metadata xmlns:dc=\"http://purl.org/dc/elements/1.1/\"><dc:identifier identifierScheme=\"DOC-ID\">SMHRLD-6r347mcf8iw1nar6g4yy</dc:identifier><dc:source sourceScheme=\"royaltyReportingKey\">SMHRLD2016</dc:source><dc:identifier identifierScheme=\"PGUID\">urn:contentItem:5KGT-52R1-JD34-V2XR-00000-00</dc:identifier><dc:source sourceScheme=\"productContentSetIdentifier\">314237</dc:source><dc:date dateType=\"last-updated\">2019-10-01</dc:date></dc:metadata><wordCount number=\"447\"/><publicationInfo><copyright>Copyright 2016 John Fairfax Publications Pty Ltd All Rights Reserved</copyright><publicationName>Sydney Morning Herald (Australia)</publicationName><edition>First Edition</edition><publicationDate day=\"19\" month=\"08\" year=\"2016\"><dateText>August 19, 2016 Friday</dateText></publicationDate><classification classificationScheme=\"publicationtype\"><classificationItem><className>Newspaper</className></classificationItem></classification><classification classificationScheme=\"publicationtype\"><classificationItem><className>Newspapers</className></classificationItem></classification></publicationInfo><classification classificationScheme=\"language\"><classificationItem classificationScheme=\"lang.english\"><className>ENGLISH</className></classificationItem></classification><classificationGroup classificationScheme=\"indexing-terms\"><classification classificationScheme=\"company\"><classificationItem score=\"91\"><classCode>CC0001V19</classCode><className>NATIONAL AUSTRALIA BANK LTD</className></classificationItem><classificationItem score=\"81\"><classCode>CC00091HS</classCode><className>AUSTRALIA &amp; NEW ZEALAND BANKING GROUP LTD</className></classificationItem><classificationItem score=\"74\"><classCode>CC000A36L</classCode><className>MACQUARIE GROUP LTD</className></classificationItem></classification><classification classificationScheme=\"industry\"><classificationItem score=\"91\"><className>NAICS522293 INTERNATIONAL TRADE FINANCING</className></classificationItem><classificationItem score=\"91\"><className>NAICS522120 SAVINGS INSTITUTIONS</className></classificationItem><classificationItem score=\"91\"><className>NAICS522110 COMMERCIAL BANKING</className></classificationItem><classificationItem score=\"91\"><className>SIC6082 FOREIGN TRADE &amp; INTERNATIONAL BANKING INSTITUTIONS</className></classificationItem><classificationItem score=\"91\"><className>SIC6081 BRANCHES &amp; AGENCIES OF FOREIGN BANKS</className></classificationItem><classificationItem score=\"81\"><className>NAICS524210 INSURANCE AGENCIES &amp; BROKERAGES</className></classificationItem><classificationItem score=\"81\"><className>NAICS523920 PORTFOLIO MANAGEMENT</className></classificationItem><classificationItem score=\"81\"><className>SIC6411 INSURANCE AGENTS, BROKERS, &amp; SERVICE</className></classificationItem><classificationItem score=\"81\"><className>SIC6282 INVESTMENT ADVICE</className></classificationItem><classificationItem score=\"74\"><className>NAICS523110 INVESTMENT BANKING &amp; SECURITIES DEALING</className></classificationItem></classification><classification classificationScheme=\"ticker\"><classificationItem score=\"91\"><className>NAB (ASX)</className></classificationItem><classificationItem score=\"81\"><className>ANZ (NZX)</className></classificationItem><classificationItem score=\"81\"><className>ANZ (ASX)</className></classificationItem><classificationItem score=\"74\"><className>MQG (ASX)</className></classificationItem></classification></classificationGroup><classificationGroup classificationScheme=\"licensor.indexing-terms\"><classification classificationScheme=\"licensor.region\"><classificationItem><className>USA</className></classificationItem><classificationItem><className>Australia</className></classificationItem></classification><classification classificationScheme=\"licensor.subject\"><classificationItem><className>Law/Cases</className></classificationItem><classificationItem><className>Industry/Banking</className></classificationItem><classificationItem><className>Crime/Corporate</className></classificationItem></classification></classificationGroup><classificationGroup classificationScheme=\"indexing-terms\"><classification classificationScheme=\"subject\"><classificationItem score=\"92\"><classCode>N525910EE</classCode><className>HEDGE FUNDS</className><classCode>Z3VpZD11cm46dG9waWM6QkY2N0Y5NDExMUY3NEE0NEJERkNDM0ZCNzIxRUU3OTg7cGFyZW50Z3VpZD11cm46dG9waWM6NEZBNjUwRkEwQjJGNDgzQzlEMzMyNEE1RDAyOTY4RkE</classCode><className>Hedge Funds</className></classificationItem><classificationItem score=\"91\"><classCode>STX001976</classCode><className>SECURITIES &amp; OTHER INVESTMENTS</className><classCode/><className/></classificationItem><classificationItem score=\"91\"><classCode>STX001648</classCode><className>SUITS &amp; CLAIMS</className><classCode/><className/></classificationItem><classificationItem score=\"90\"><classCode>ST0008X6T</classCode><className>DERIVATIVE INSTRUMENTS</className><classCode/><className/></classificationItem><classificationItem score=\"90\"><classCode>STX000951</classCode><className>INTERNATIONAL TRADE</className><classCode/><className/></classificationItem><classificationItem score=\"90\"><classCode>N522293CC</classCode><className>INTERNATIONAL TRADE FINANCING</className><classCode/><className/></classificationItem><classificationItem score=\"90\"><classCode>N523930MC</classCode><className>INVESTMENT ADVISERS</className><classCode>Z3VpZD11cm46dG9waWM6ODQ2M0Q5NUExRUZENEY2NDkzMzlDMDVFNjFCNTY3MTQ7cGFyZW50Z3VpZD11cm46dG9waWM6RkFFMTQ3ODhCRDYyNDkyN0IwQkEyQzRCRDlFMEM5ODc</classCode><className>Investment Advisers</className></classificationItem><classificationItem score=\"90\"><classCode>ST0009FJK</classCode><className>NEGATIVE PERSONAL NEWS</className><classCode/><className/></classificationItem><classificationItem score=\"90\"><classCode>STX001661</classCode><className>SWAP TRANSACTIONS</className><classCode/><className/></classificationItem><classificationItem score=\"89\"><classCode>STX000759</classCode><className>FRAUD &amp; FINANCIAL CRIME</className><classCode/><className/></classificationItem><classificationItem score=\"89\"><classCode>STX000943</classCode><className>INTEREST RATES</className><classCode/><className/></classificationItem><classificationItem score=\"78\"><classCode>N926150GC</classCode><className>BANKING &amp; FINANCE REGULATION</className><classCode/><className/></classificationItem><classificationItem score=\"78\"><classCode>STX000369</classCode><className>CONSPIRACY</className><classCode>Z3VpZD11cm46dG9waWM6Q0FGMDkyQTE0NTI1NEUyNkE0NjUxM0E2OTBDQjQ0NUU7cGFyZW50Z3VpZD11cm46dG9waWM6NzZBMzM3QjFDOTcxNENCNzhBNTE0MzVGMzBBMzdERUY</classCode><className>Conspiracy</className></classificationItem><classificationItem score=\"78\"><classCode>ST000D5SG</classCode><className>CORRUPTION</className><classCode/><className/></classificationItem><classificationItem score=\"78\"><classCode>STX001932</classCode><className>CRIME, LAW ENFORCEMENT &amp; CORRECTIONS</className><classCode/><className/></classificationItem><classificationItem score=\"78\"><classCode>STX000442</classCode><className>DAMAGES</className><classCode>Z3VpZD11cm46dG9waWM6QzQyQ0JFRkFDNDIzNDU3RjhFMkE1N0JEOTFGNzIwQzE7cGFyZW50Z3VpZD11cm46dG9waWM6NEY5RDZFNTJBQzJGNERFQjg0MEIyMEVBRUU4NjI0RjU</classCode><className>Damages</className></classificationItem><classificationItem score=\"78\"><classCode>N523920MM</classCode><className>INVESTMENT MANAGEMENT</className><classCode/><className/></classificationItem><classificationItem score=\"78\"><classCode>STX000989</classCode><className>JURY TRIALS</className><classCode/><className/></classificationItem><classificationItem score=\"78\"><classCode>STX001040</classCode><className>LITIGATION</className><classCode/><className/></classificationItem><classificationItem score=\"78\"><classCode>ST0009UQC</classCode><className>LONDON INTERBANK OFFERED RATES</className><classCode/><className/></classificationItem><classificationItem score=\"78\"><classCode>ST000DLZ7</classCode><className>MARKET MANIPULATION</className><classCode/><className/></classificationItem><classificationItem score=\"78\"><classCode>ST0009QD4</classCode><className>NEGATIVE BUSINESS NEWS</className><classCode/><className/></classificationItem><classificationItem score=\"78\"><classCode>STX001266</classCode><className>ORGANIZED CRIME</className><classCode/><className/></classificationItem><classificationItem score=\"78\"><classCode>ST000DIJW</classCode><className>PRICES</className><classCode/><className/></classificationItem><classificationItem score=\"77\"><classCode>STX001375</classCode><className>PRICE FIXING</className><classCode/><className/></classificationItem><classificationItem score=\"76\"><classCode>N922110CC</classCode><className>LAW COURTS &amp; TRIBUNALS</className><classCode/><className/></classificationItem><classificationItem score=\"73\"><classCode>ST000A7IS</classCode><className>ASSOCIATIONS &amp; ORGANIZATIONS</className><classCode/><className/></classificationItem><classificationItem score=\"73\"><classCode>ST000DB0R</classCode><className>WIRE FRAUD</className><classCode>Z3VpZD11cm46dG9waWM6RTlCRDk0QTA4RjgzNDVBN0I4RjI0RTVGQjNDMkZBOEQ7cGFyZW50Z3VpZD11cm46dG9waWM6NjY5RDJFRkEwRDgwNEFCOEIzQ0Y5RTUzQ0Y4MDZENzg</classCode><className>Wire Fraud</className></classificationItem><classificationItem score=\"66\"><classCode>STX000722</classCode><className>FINES &amp; PENALTIES</className><classCode/><className/></classificationItem></classification><classification classificationScheme=\"industry\"><classificationItem score=\"92\"><classCode>N520000CC</classCode><className>BANKING &amp; FINANCE</className><classCode/><className/></classificationItem><classificationItem score=\"92\"><classCode>N525910EE</classCode><className>HEDGE FUNDS</className><classCode>Z3VpZD11cm46dG9waWM6QkY2N0Y5NDExMUY3NEE0NEJERkNDM0ZCNzIxRUU3OTg7cGFyZW50Z3VpZD11cm46dG9waWM6NEZBNjUwRkEwQjJGNDgzQzlEMzMyNEE1RDAyOTY4RkE</classCode><className>Hedge Funds</className></classificationItem><classificationItem score=\"92\"><classCode>N524200CC</classCode><className>INSURANCE AGENCIES &amp; BROKERAGES</className><classCode/><className/></classificationItem><classificationItem score=\"92\"><classCode>ST0009RX6</classCode><classCode/><className/></classificationItem><classificationItem score=\"91\"><classCode>STX001976</classCode><className>SECURITIES &amp; OTHER INVESTMENTS</className><classCode/><className/></classificationItem><classificationItem score=\"90\"><classCode>ST0008X6T</classCode><className>DERIVATIVE INSTRUMENTS</className><classCode/><className/></classificationItem><classificationItem score=\"90\"><classCode>N524000CC</classCode><className>INSURANCE</className><classCode/><className/></classificationItem><classificationItem score=\"90\"><classCode>N522293CC</classCode><className>INTERNATIONAL TRADE FINANCING</className><classCode/><className/></classificationItem><classificationItem score=\"90\"><classCode>N523930MC</classCode><className>INVESTMENT ADVISERS</className><classCode>Z3VpZD11cm46dG9waWM6ODQ2M0Q5NUExRUZENEY2NDkzMzlDMDVFNjFCNTY3MTQ7cGFyZW50Z3VpZD11cm46dG9waWM6RkFFMTQ3ODhCRDYyNDkyN0IwQkEyQzRCRDlFMEM5ODc</classCode><className>Investment Advisers</className></classificationItem><classificationItem score=\"90\"><classCode>N522120FM</classCode><className>SAVINGS &amp; LOANS</className><classCode/><className/></classificationItem><classificationItem score=\"90\"><classCode>STX001661</classCode><className>SWAP TRANSACTIONS</className><classCode/><className/></classificationItem><classificationItem score=\"90\"><classCode>ST000A2VZ</classCode><classCode/><className/></classificationItem><classificationItem score=\"89\"><classCode>STX000943</classCode><className>INTEREST RATES</className><classCode/><className/></classificationItem><classificationItem score=\"78\"><classCode>N926150GC</classCode><className>BANKING &amp; FINANCE REGULATION</className><classCode/><className/></classificationItem><classificationItem score=\"78\"><classCode>N523920MM</classCode><className>INVESTMENT MANAGEMENT</className><classCode/><className/></classificationItem><classificationItem score=\"78\"><classCode>ST0009UQC</classCode><className>LONDON INTERBANK OFFERED RATES</className><classCode/><className/></classificationItem><classificationItem score=\"78\"><classCode>ST000DLZ7</classCode><className>MARKET MANIPULATION</className><classCode/><className/></classificationItem><classificationItem score=\"77\"><classCode>STX001375</classCode><className>PRICE FIXING</className><classCode/><className/></classificationItem><classificationItem score=\"73\"><classCode>ST000DB0R</classCode><className>WIRE FRAUD</className><classCode>Z3VpZD11cm46dG9waWM6RTlCRDk0QTA4RjgzNDVBN0I4RjI0RTVGQjNDMkZBOEQ7cGFyZW50Z3VpZD11cm46dG9waWM6NjY5RDJFRkEwRDgwNEFCOEIzQ0Y5RTUzQ0Y4MDZENzg</classCode><className>Wire Fraud</className></classificationItem></classification><classification classificationScheme=\"city\"><classificationItem score=\"89\"><classCode>GX014</classCode><className>SYDNEY, AUSTRALIA</className><classCode/><className/></classificationItem></classification><classification classificationScheme=\"state\"><classificationItem score=\"92\"><classCode>GS148</classCode><className>NEW YORK, USA</className><classCode/><className/></classificationItem><classificationItem score=\"79\"><classCode>GS125</classCode><className>FLORIDA, USA</className><classCode/><className/></classificationItem></classification><classification classificationScheme=\"country\"><classificationItem score=\"99\"><classCode>GC301</classCode><className>AUSTRALIA</className><classCode/><className/></classificationItem><classificationItem score=\"95\"><classCode>GC343</classCode><className>UNITED STATES</className><classCode/><className/></classificationItem><classificationItem score=\"79\"><classCode>GR156</classCode><className>AUSTRALIA &amp; NEW ZEALAND</className><classCode/><className/></classificationItem><classificationItem score=\"79\"><classCode>GC351</classCode><className>NEW ZEALAND</className><classCode/><className/></classificationItem></classification></classificationGroup></metadata></articleDoc></content></entry>"}