{"prediction_class": "Regulatory Breaches Tax Evasion Smuggling of goods", "prediction_score": "0.99", "name": "Macquarie Group", "title": "Greater willingness to prosecute is key;ANALYSIS - THE DOWNTURN", "published": "2009-02-11T00:00:00Z", "updated": "2020-11-15T21:42:33Z", "cleaned_article": "[TITLE] Greater willingness to prosecute is key;ANALYSIS - THE DOWNTURN [TITLE] \n\nFund managers say they are being approached and interviewed more than before by the Australian Securities and Investments Commission as it investigates big moves in company share prices. ASIC has acknowledged it has sought thousands of emails and messages sent by major stockbrokers, as part of its investigation into why Macquarie Group's share price was wiped out over four days in September last year. Unofficially, there are many more cases under review and ASIC has also begun to sit in on company profit briefings. But though the Australian Securities Exchange has referred 28 possible breaches of market manipulation over the past 18 months, ASIC has yet to secure a conviction.", "raw_cleaned_article": "<h2>Greater willingness to prosecute is key;ANALYSIS - THE DOWNTURN</h2><p>Fund managers say they are being approached and interviewed more than before by the Australian Securities and Investments Commission as it investigates big moves in company share prices. <b>ASIC has acknowledged it has sought thousands of emails and messages sent by major stockbrokers, as part of its investigation into why Macquarie Group's share price was wiped out over four days in September last year.</b> Unofficially, there are many more cases under review and ASIC has also begun to sit in on company profit briefings. But though the Australian Securities Exchange has referred 28 possible breaches of market manipulation over the past 18 months, ASIC has yet to secure a conviction.</p>", "original_content": "<entry xmlns=\"http://www.w3.org/2005/Atom\"><id>urn:contentItem:55BV-3SB1-JD34-V288-00000-00</id><title>Greater willingness to prosecute is key;ANALYSIS - THE DOWNTURN</title><published>2009-02-11T00:00:00Z</published><updated>2020-11-15T21:42:33Z</updated><author><name>LexisNexis</name></author><content type=\"application/xml\"><!--Transformation version 1.23--><articleDoc xmlns=\"\" xmlns:xsi=\"http://www.w3.org/2001/XMLSchema-instance\" xsi:noNamespaceSchemaLocation=\"http://www.lexisnexis.com/xmlschemas/content/public/articledoc/1/\" schemaVersion=\"1.8\" xml:lang=\"en\"><articleDocHead><itemInfo><sourceSectionInfo><positionSection>NEWS</positionSection><positionSequence>Pg. 8</positionSequence></sourceSectionInfo></itemInfo></articleDocHead><nitf:body xmlns:nitf=\"http://iptc.org/std/NITF/2006-10-18/\"><nitf:body.head><nitf:hedline><nitf:hl1>Greater willingness to prosecute is key</nitf:hl1><nitf:hl2>ANALYSIS - THE DOWNTURN</nitf:hl2></nitf:hedline><nitf:byline><author><person><nameText>Patrick Durkin</nameText></person></author></nitf:byline></nitf:body.head><nitf:body.content><bodyText><p nitf:lede=\"true\">Fund managers say they are being approached and interviewed more than before by the Australian Securities and Investments Commission as it investigates big moves in company share prices.</p><p nitf:lede=\"true\">ASIC has acknowledged it has sought thousands of emails and messages sent by major stockbrokers, as part of its investigation into why Macquarie Group's share price was wiped out over four days in September last year.</p><p>Unofficially, there are many more cases under review and ASIC has also begun to sit in on company profit briefings.</p><p>But though the Australian Securities Exchange has referred 28 possible breaches of market manipulation over the past 18 months, ASIC has yet to secure a conviction.</p><p>There has been only one conviction around the world in recent times, leaving precious little guidance for regulators.</p><p>The problem is that under the law, ASIC needs to show the rumour has had a \"material\" effect on the share price and, because the laws are criminal, the bar is set extremely high.</p><p>ASIC commissioner Belinda Gibson said recently that criminal prosecutions made the cases extremely problematic.</p><p>\"These sections don't have the civil penalty provisions that attach to offences [such as] insider trading and continuous disclosure. We are also looking much more at our power to ban brokers. I think you will see us using that more.\"</p><p>But critics say ASIC has been unwilling to bring any cases in which the evidence is circumstantial.</p><p>And though the introduction of civil penalties is likely to increase the number of ASIC's scalps, it is unlikely to deal with the underlining cause or existence of the rumours, experts say.</p><p>More likely to assist ASIC in tracking the rumours would be the proposal for stockbrokers to record telephone conversations. \"Very few brokers record telephone conversations any more in the cash equities market and there is no obligation to do so,\" Gibson says.</p><p>The objection to that proposal is the oppressive cost and regulatory burden.</p><p>Britain estimates that its new laws will cost \u00c2\u00a314 million ($31 million) to set up and between \u00c2\u00a36 million and \u00c2\u00a311 million to administer each year after that.</p><p>Experts say that, regardless of law reforms proposed, the greatest steps can be achieved by a regulator that is more willing to enforce the law and bring cases to flush out culprits.</p><p>Fund managers suggest that ASIC has already begun to show a renewed appetite through its investigations but must now follow through with prosecutions, even when they result in losses.</p></bodyText></nitf:body.content></nitf:body><metadata><dc:metadata xmlns:dc=\"http://purl.org/dc/elements/1.1/\"><dc:identifier identifierScheme=\"DOC-ID\">AFREVW-5nw6erizuac1b1w55jit</dc:identifier><dc:source sourceScheme=\"royaltyReportingKey\">AFREVW2009</dc:source><dc:identifier identifierScheme=\"PGUID\">urn:contentItem:55BV-3SB1-JD34-V288-00000-00</dc:identifier><dc:source sourceScheme=\"productContentSetIdentifier\">390780</dc:source><dc:date dateType=\"last-updated\">2019-07-15</dc:date></dc:metadata><wordCount number=\"411\"/><publicationInfo><copyright>Copyright 2009 Fairfax Media Publications Pty. Limited All Rights Reserved</copyright><publicationName>Australian Financial Review</publicationName><edition>First Edition</edition><publicationDate day=\"11\" month=\"02\" year=\"2009\"><dateText>February 11, 2009 Wednesday</dateText></publicationDate><classification classificationScheme=\"publicationtype\"><classificationItem><className>Newspaper</className></classificationItem></classification><classification classificationScheme=\"publicationtype\"><classificationItem><className>Newspapers</className></classificationItem></classification></publicationInfo><classification classificationScheme=\"language\"><classificationItem classificationScheme=\"lang.english\"><className>ENGLISH</className></classificationItem></classification><classificationGroup classificationScheme=\"indexing-terms\"><classification classificationScheme=\"company\"><classificationItem score=\"58\"><classCode>CC000A36L</classCode><className>MACQUARIE GROUP LTD</className></classificationItem><classificationItem score=\"58\"><classCode>CC000A3M3</classCode><className>ASX LTD</className></classificationItem></classification><classification classificationScheme=\"industry\"><classificationItem score=\"58\"><className>NAICS523110 INVESTMENT BANKING &amp; SECURITIES DEALING</className></classificationItem><classificationItem score=\"58\"><className>NAICS523210 SECURITIES &amp; COMMODITY EXCHANGES</className></classificationItem><classificationItem score=\"58\"><className>SIC6231 SECURITIES &amp; COMMODITY EXCHANGES</className></classificationItem></classification><classification classificationScheme=\"ticker\"><classificationItem score=\"58\"><className>MQG (ASX)</className></classificationItem><classificationItem score=\"58\"><className>ASX (ASX)</className></classificationItem></classification></classificationGroup><classificationGroup classificationScheme=\"licensor.indexing-terms\"><classification classificationScheme=\"licensor.region\"><classificationItem><className>Australia</className></classificationItem></classification><classification classificationScheme=\"licensor.subject\"><classificationItem><className>Economy/Trusts</className></classificationItem><classificationItem><className>Company/Australian Securities and Investment Commission/ASIC</className></classificationItem></classification></classificationGroup><classificationGroup classificationScheme=\"indexing-terms\"><classification classificationScheme=\"subject\"><classificationItem score=\"93\"><classCode>STX001976</classCode><className>SECURITIES &amp; OTHER INVESTMENTS</className><classCode/><className/></classificationItem><classificationItem score=\"91\"><classCode>ST000CZTI</classCode><className>STOCK PRICES</className><classCode/><className/></classificationItem><classificationItem score=\"90\"><classCode>STX000542</classCode><className>ANNUAL FINANCIAL RESULTS</className><classCode/><className/></classificationItem><classificationItem score=\"90\"><classCode>N926150GC</classCode><className>BANKING &amp; FINANCE REGULATION</className><classCode/><className/></classificationItem><classificationItem score=\"90\"><classCode>N523210GM</classCode><className>COMMODITIES EXCHANGES</className><classCode/><className/></classificationItem><classificationItem score=\"90\"><classCode>N523130EM</classCode><className>COMMODITIES TRADING</className><classCode/><className/></classificationItem><classificationItem score=\"90\"><classCode>STX001932</classCode><className>CRIME, LAW ENFORCEMENT &amp; CORRECTIONS</className><classCode/><className/></classificationItem><classificationItem score=\"90\"><classCode>ST000A4JU</classCode><className>CRIMINAL CONVICTIONS</className><classCode/><className/></classificationItem><classificationItem score=\"90\"><classCode>STX000969</classCode><className>INVESTIGATIONS</className><classCode/><className/></classificationItem><classificationItem score=\"90\"><classCode>ST0009FJK</classCode><className>NEGATIVE PERSONAL NEWS</className><classCode/><className/></classificationItem><classificationItem score=\"90\"><classCode>ST000DIJW</classCode><className>PRICES</className><classCode/><className/></classificationItem><classificationItem score=\"89\"><classCode>STX000722</classCode><className>FINES &amp; PENALTIES</className><classCode/><className/></classificationItem><classificationItem score=\"89\"><classCode>N525910GG</classCode><className>MUTUAL FUNDS</className><classCode/><className/></classificationItem><classificationItem score=\"78\"><classCode>ST000DLZ7</classCode><className>MARKET MANIPULATION</className><classCode/><className/></classificationItem><classificationItem score=\"78\"><classCode>ST0009QD4</classCode><className>NEGATIVE BUSINESS NEWS</className><classCode/><className/></classificationItem><classificationItem score=\"77\"><classCode>N922120CC</classCode><className>LAW ENFORCEMENT</className><classCode/><className/></classificationItem><classificationItem score=\"75\"><classCode>N523120MC</classCode><className>SECURITIES BROKERS</className><classCode/><className/></classificationItem><classificationItem score=\"73\"><classCode>STX001020</classCode><className>LEGISLATION</className><classCode/><className/></classificationItem></classification><classification classificationScheme=\"industry\"><classificationItem score=\"93\"><classCode>STX001976</classCode><className>SECURITIES &amp; OTHER INVESTMENTS</className><classCode/><className/></classificationItem><classificationItem score=\"91\"><classCode>ST000CZTI</classCode><className>STOCK PRICES</className><classCode/><className/></classificationItem><classificationItem score=\"90\"><classCode>N926150GC</classCode><className>BANKING &amp; FINANCE REGULATION</className><classCode/><className/></classificationItem><classificationItem score=\"90\"><classCode>N523210GM</classCode><className>COMMODITIES EXCHANGES</className><classCode/><className/></classificationItem><classificationItem score=\"90\"><classCode>N523130EM</classCode><className>COMMODITIES TRADING</className><classCode/><className/></classificationItem><classificationItem score=\"89\"><classCode>N525910GG</classCode><className>MUTUAL FUNDS</className><classCode/><className/></classificationItem><classificationItem score=\"79\"><classCode>N520000CC</classCode><className>BANKING &amp; FINANCE</className><classCode/><className/></classificationItem><classificationItem score=\"79\"><classCode>ST0009RX6</classCode><classCode/><className/></classificationItem><classificationItem score=\"78\"><classCode>ST000DLZ7</classCode><className>MARKET MANIPULATION</className><classCode/><className/></classificationItem><classificationItem score=\"77\"><classCode>STX000568</classCode><className>ELECTRONIC MAIL</className><classCode/><className/></classificationItem><classificationItem score=\"75\"><classCode>N523120MC</classCode><className>SECURITIES BROKERS</className><classCode/><className/></classificationItem></classification></classificationGroup></metadata></articleDoc></content></entry>"}