{"prediction_class": "Regulatory Breaches Tax Evasion Smuggling of goods", "prediction_score": "0.86", "name": "Macquarie Group", "title": "Macphillamy had links to Macquarie", "published": "2009-03-25T00:00:00Z", "updated": "2020-11-15T22:22:14Z", "cleaned_article": "[TITLE] Macphillamy had links to Macquarie [TITLE] \n\nThe share trader who became the first public scalp for the corporate regulator's investigation into the spreading of false rumours about Macquarie Group used to work at the investment bank. Richard Macphillamy had several roles in Macquarie Equities' back office, but spent most of his five years at the bank as a SEATS operator punching in broking orders into the ASX trading platform. He left in or around 2002 when he finished university and ended up as a trader at Linwar Securities. The Australian Securities and Investments Commission banned the 32-year-old from providing financial services advice for 18 months on Monday for spreading misleading information about Macquarie.", "raw_cleaned_article": "<h2>Macphillamy had links to Macquarie</h2><p><b>The share trader who became the first public scalp for the corporate regulator's investigation into the spreading of false rumours about Macquarie Group used to work at the investment bank.</b> Richard Macphillamy had several roles in Macquarie Equities' back office, but spent most of his five years at the bank as a SEATS operator punching in broking orders into the ASX trading platform. He left in or around 2002 when he finished university and ended up as a trader at Linwar Securities. The Australian Securities and Investments Commission banned the 32-year-old from providing financial services advice for 18 months on Monday for spreading misleading information about Macquarie.</p>", "original_content": "<entry xmlns=\"http://www.w3.org/2005/Atom\"><id>urn:contentItem:55BV-3R01-JD34-V0CN-00000-00</id><title>Macphillamy had links to Macquarie</title><published>2009-03-25T00:00:00Z</published><updated>2020-11-15T22:22:14Z</updated><author><name>LexisNexis</name></author><content type=\"application/xml\"><!--Transformation version 1.23--><articleDoc xmlns=\"\" xmlns:xsi=\"http://www.w3.org/2001/XMLSchema-instance\" xsi:noNamespaceSchemaLocation=\"http://www.lexisnexis.com/xmlschemas/content/public/articledoc/1/\" schemaVersion=\"1.8\" xml:lang=\"en\"><articleDocHead><itemInfo><sourceSectionInfo><positionSection>FINANCIAL SERVICES</positionSection><positionSequence>Pg. 54</positionSequence></sourceSectionInfo></itemInfo></articleDocHead><nitf:body xmlns:nitf=\"http://iptc.org/std/NITF/2006-10-18/\"><nitf:body.head><nitf:hedline><nitf:hl1>Macphillamy had links to Macquarie</nitf:hl1></nitf:hedline><nitf:byline><author><person><nameText>Matthew Drummond</nameText></person></author></nitf:byline></nitf:body.head><nitf:body.content><bodyText><p nitf:lede=\"true\">The share trader who became the first public scalp for the corporate regulator's investigation into the spreading of false rumours about Macquarie Group used to work at the investment bank.</p><p>Richard Macphillamy had several roles in Macquarie Equities' back office, but spent most of his five years at the bank as a SEATS operator punching in broking orders into the ASX trading platform. He left in or around 2002 when he finished university and ended up as a trader at Linwar Securities.</p><p>The Australian Securities and Investments Commission banned the 32-year-old from providing financial services advice for 18 months on Monday for spreading misleading information about Macquarie.</p><p>Associates expressed surprise yesterday that he was the first one named in the crackdown on rumourtrage, known as Project Mint. The regulator said his conduct had been rash and ill-judged but there was no evidence of dishonest purpose or manipulative behaviour.</p><p>\"I was not happy with the decision and I intend to appeal the ban in the [Administrative Appeals Tribunal],\" he told The Australian Financial Review yesterday. His appeal papers were lodged within hours of ASIC informing him of the ban.</p><p>The regulator said he had composed and sent the email of false information, breaching the anti-market manipulation provisions of the Corporations Act. The email said Macquarie was struggling to meet withdrawals from its cash management trust and when this became publicly known its share price would likely halve.</p><p>The email was sent on September 17 last year, during a week when Macquarie's share price plunged 33 per cent. It was sent to 32 traders, one of whom forwarded it to Macquarie, from where it was sent to ASIC. Mr Macphillamy was interviewed by ASIC the next day.</p><p>The market was awash with rumours of a run on Macquaries cash management trust on September 17. The following day Macquarie held a briefing for financial advisers aimed at allaying fears about the trusts safety.</p><p>ASIC is preparing an update on its rumourtrage investigation later this week.</p></bodyText></nitf:body.content></nitf:body><metadata><dc:metadata xmlns:dc=\"http://purl.org/dc/elements/1.1/\"><dc:identifier identifierScheme=\"DOC-ID\">AFREVW-5ohr5omphm01mrair566</dc:identifier><dc:source sourceScheme=\"royaltyReportingKey\">AFREVW2009</dc:source><dc:identifier identifierScheme=\"PGUID\">urn:contentItem:55BV-3R01-JD34-V0CN-00000-00</dc:identifier><dc:source sourceScheme=\"productContentSetIdentifier\">390780</dc:source><dc:date dateType=\"last-updated\">2019-07-15</dc:date></dc:metadata><wordCount number=\"339\"/><publicationInfo><copyright>Copyright 2009 Fairfax Media Publications Pty. Limited All Rights Reserved</copyright><publicationName>Australian Financial Review</publicationName><edition>First Edition</edition><publicationDate day=\"25\" month=\"03\" year=\"2009\"><dateText>March 25, 2009 Wednesday</dateText></publicationDate><classification classificationScheme=\"publicationtype\"><classificationItem><className>Newspaper</className></classificationItem></classification><classification classificationScheme=\"publicationtype\"><classificationItem><className>Newspapers</className></classificationItem></classification></publicationInfo><classification classificationScheme=\"language\"><classificationItem classificationScheme=\"lang.english\"><className>ENGLISH</className></classificationItem></classification><classificationGroup classificationScheme=\"indexing-terms\"><classification classificationScheme=\"company\"><classificationItem score=\"91\"><classCode>CC000A36L</classCode><className>MACQUARIE GROUP LTD</className></classificationItem></classification><classification classificationScheme=\"industry\"><classificationItem score=\"91\"><className>NAICS523110 INVESTMENT BANKING &amp; SECURITIES DEALING</className></classificationItem></classification><classification classificationScheme=\"ticker\"><classificationItem score=\"91\"><className>MQG (ASX)</className></classificationItem></classification></classificationGroup><classificationGroup classificationScheme=\"licensor.indexing-terms\"><classification classificationScheme=\"licensor.region\"><classificationItem><className>Australia</className></classificationItem></classification><classification classificationScheme=\"licensor.subject\"><classificationItem><className>Industry/Financial Services</className></classificationItem><classificationItem><className>Company/Macquarie Bank Ltd/Macquarie Group</className></classificationItem><classificationItem><className>Company/Australian Securities and Investment Commission/ASIC</className></classificationItem></classification></classificationGroup><classificationGroup classificationScheme=\"indexing-terms\"><classification classificationScheme=\"legal\"><classificationItem><className>Business &amp; Corporate Compliance</className><classCode>Z3VpZD11cm46dG9waWM6MUFEMUQ2QTA1OUZCNEE5RjkzNTA2RERFMUNEOTk1RTI7cGFyZW50Z3VpZD0</classCode><classificationItem score=\"52\"><className>Spam Email</className><classCode>Z3VpZD11cm46dG9waWM6NEFCNUI2MTNCMEIyNDFFOTk1OTg0MjQ5M0ZDQ0VFRkY7cGFyZW50Z3VpZD11cm46dG9waWM6OUNENDE1REM4NDk5NEI3Qjg1QUJBRkQ0ODU0NjZBMDQ</classCode></classificationItem></classificationItem><classificationItem><className>Computer &amp; Internet Law</className><classCode>Z3VpZD11cm46dG9waWM6Qzk0QUJBRENDQzhBNDc2MDk5OTAyQzI3QkRFMkU0OUU7cGFyZW50Z3VpZD0</classCode><classificationItem score=\"52\"><className>Spam Email</className><classCode>Z3VpZD11cm46dG9waWM6NEFCNUI2MTNCMEIyNDFFOTk1OTg0MjQ5M0ZDQ0VFRkY7cGFyZW50Z3VpZD11cm46dG9waWM6OUNENDE1REM4NDk5NEI3Qjg1QUJBRkQ0ODU0NjZBMDQ</classCode></classificationItem></classificationItem><classificationItem><className>Criminal Law &amp; Procedure</className><classCode>Z3VpZD11cm46dG9waWM6NEU0RkE1OUQwNUQwNDgxODhEODZCMjkzOTg3NThBNzk7cGFyZW50Z3VpZD0</classCode><classificationItem score=\"50\"><className>Penalties</className><classCode>Z3VpZD11cm46dG9waWM6MUJDN0E4OThENTQ2NDVFREJDNkVCQzIwRDQwMzNCQzQ7cGFyZW50Z3VpZD11cm46dG9waWM6QkEyMkY0M0Y2NTA3NDE5QjkxMzg2Njk2RjAyMTNGNEQ</classCode></classificationItem></classificationItem></classification><classification classificationScheme=\"subject\"><classificationItem score=\"92\"><classCode>STX001976</classCode><className>SECURITIES &amp; OTHER INVESTMENTS</className><classCode/><className/></classificationItem><classificationItem score=\"90\"><classCode>ST000DLX8</classCode><className>BUSINESS INVESTIGATIONS</className><classCode/><className/></classificationItem><classificationItem score=\"90\"><classCode>ST000DANR</classCode><className>FALSE STATEMENTS</className><classCode/><className/></classificationItem><classificationItem score=\"90\"><classCode>ST0009FJK</classCode><className>NEGATIVE PERSONAL NEWS</className><classCode/><className/></classificationItem><classificationItem score=\"89\"><classCode>STX000542</classCode><className>ANNUAL FINANCIAL RESULTS</className><classCode/><className/></classificationItem><classificationItem score=\"89\"><classCode>STX000969</classCode><className>INVESTIGATIONS</className><classCode/><className/></classificationItem><classificationItem score=\"78\"><classCode>N926150GC</classCode><className>BANKING &amp; FINANCE REGULATION</className><classCode/><className/></classificationItem><classificationItem score=\"78\"><classCode>ST000DLZ7</classCode><className>MARKET MANIPULATION</className><classCode/><className/></classificationItem><classificationItem score=\"78\"><classCode>N523110GM</classCode><className>SECURITIES TRADING</className><classCode/><className/></classificationItem><classificationItem score=\"78\"><classCode>ST000CZTI</classCode><className>STOCK PRICES</className><classCode/><className/></classificationItem><classificationItem score=\"77\"><classCode>STX000155</classCode><className>BACK OFFICE OPERATIONS</className><classCode/><className/></classificationItem><classificationItem score=\"73\"><classCode>STX000020</classCode><className>ADMINISTRATIVE PROCEDURE</className><classCode/><className/></classificationItem></classification><classification classificationScheme=\"industry\"><classificationItem score=\"92\"><classCode>N520000CC</classCode><className>BANKING &amp; FINANCE</className><classCode/><className/></classificationItem><classificationItem score=\"92\"><classCode>STX001976</classCode><className>SECURITIES &amp; OTHER INVESTMENTS</className><classCode/><className/></classificationItem><classificationItem score=\"91\"><classCode>ST0009RX6</classCode><classCode/><className/></classificationItem><classificationItem score=\"78\"><classCode>N926150GC</classCode><className>BANKING &amp; FINANCE REGULATION</className><classCode/><className/></classificationItem><classificationItem score=\"78\"><classCode>ST000DLZ7</classCode><className>MARKET MANIPULATION</className><classCode/><className/></classificationItem><classificationItem score=\"78\"><classCode>N523110GM</classCode><className>SECURITIES TRADING</className><classCode/><className/></classificationItem><classificationItem score=\"78\"><classCode>ST000CZTI</classCode><className>STOCK PRICES</className><classCode/><className/></classificationItem></classification></classificationGroup></metadata></articleDoc></content></entry>"}