{"prediction_class": "Fraud Embezzlement Misappropriation", "prediction_score": "0.51", "name": "Macquarie Group", "title": "ASIC puts Macquarie Private Wealth on probation for another year", "published": "2015-02-13T00:00:00Z", "updated": "2020-11-15T21:38:23Z", "cleaned_article": "[TITLE] ASIC puts Macquarie Private Wealth on probation for another year [TITLE] \n\nThe corporate regulator has put Macquarie Group's private wealth division on probation for another year as it seeks further compliance assurances, investigates current and former advisers and navigates a vast remediation program for aggrieved customers.   The Australian Securities and Investments Commission said on Friday it would not continue a two-year enforceable undertaking at Macquarie Private Wealth. But at the same time, the regulator acknowledged more needed to be done by Macquarie to ensure changes in systems and processes were sustainable and that clients were receiving appropriate advice. While it not pursuing action against those that cheated on adviser exams with the help of the so-called Penski file, ASIC will keep probing a group of current and former advisers that provided deficient advice or failed to meet compliance standards. ", "raw_cleaned_article": "<h2>ASIC puts Macquarie Private Wealth on probation for another year</h2><p><b>The corporate regulator has put Macquarie Group's private wealth division on probation for another year as it seeks further compliance assurances, investigates current and former advisers and navigates a vast remediation program for aggrieved customers.  </b> The Australian Securities and Investments Commission said on Friday it would not continue a two-year enforceable undertaking at Macquarie Private Wealth. But at the same time, the regulator acknowledged more needed to be done by Macquarie to ensure changes in systems and processes were sustainable and that clients were receiving appropriate advice. While it not pursuing action against those that cheated on adviser exams with the help of the so-called Penski file, ASIC will keep probing a group of current and former advisers that provided deficient advice or failed to meet compliance standards. </p>", "original_content": "<entry xmlns=\"http://www.w3.org/2005/Atom\"><id>urn:contentItem:5F94-WM81-DXMH-148M-00000-00</id><title>ASIC puts Macquarie Private Wealth on probation for another year</title><published>2015-02-13T00:00:00Z</published><updated>2020-11-15T21:38:23Z</updated><author><name>LexisNexis</name></author><content type=\"application/xml\"><!--Transformation version 1.23--><articleDoc xmlns=\"\" xmlns:xsi=\"http://www.w3.org/2001/XMLSchema-instance\" xsi:noNamespaceSchemaLocation=\"http://www.lexisnexis.com/xmlschemas/content/public/articledoc/1/\" schemaVersion=\"1.8\" xml:lang=\"en\"><articleDocHead><itemInfo/></articleDocHead><nitf:body xmlns:nitf=\"http://iptc.org/std/NITF/2006-10-18/\"><nitf:body.head><nitf:hedline><nitf:hl1>ASIC puts Macquarie Private Wealth on probation for another year</nitf:hl1></nitf:hedline><nitf:byline><author><person><nameText>Joyce Moullakis</nameText></person></author></nitf:byline></nitf:body.head><nitf:body.content><bodyText><p nitf:lede=\"true\">The corporate regulator has put Macquarie Group's private wealth division on probation for another year as it seeks further compliance assurances, investigates current and former advisers and navigates a vast remediation program for aggrieved customers.  </p><p nitf:lede=\"true\">The Australian Securities and Investments Commission said on Friday it would not continue a two-year enforceable undertaking at Macquarie Private Wealth. But at the same time, the regulator acknowledged more needed to be done by Macquarie to ensure changes in systems and processes were sustainable and that clients were receiving appropriate advice.</p><p nitf:lede=\"true\">While it not pursuing action against those that cheated on adviser exams with the help of the so-called Penski file, ASIC will keep probing a group of current and former advisers that provided deficient advice or failed to meet compliance standards. </p><p>ASIC ordered Macquarie to do further work and continue reporting regularly, via KPMG, on how it is fixing compliance shortcomings and managing future risks. </p><p>The regulator slapped an enforceable undertaking on Macquarie in 2013. The group faced accusations of misclassification of clients, sloppy paperwork and rampant cheating on continuous professional development exams.</p><p>ASIC said Macquarie had now met the EU requirements although would need to conduct a \"program of further work\" over the next 12 months, to ensure the changes put in place under the undertaking were sustainable.</p><p>The regulator's deputy chairman, Peter Kell, said while Macquarie would continue reporting to ASIC in the same way as required by the undertaking, he didn't believe extending the EU was necessary.</p><p>\"We are certainly satisfied that there has been significant improvement,\" Mr Kell said of Macquarie. \"There are still areas where further improvement is required ... What we want to see is further evidence that their changes are sustainable.\"</p><p>ASIC said KPMG would test whether Macquarie advisers were appropriately recording the advice they provided, had given enough information as to why they recommended particular strategies and products and gave consideration to other products beyond those recommended.</p><p>Mr Kell said the quality of advice was a top priority for ASIC and the option of a further enforceable undertaking for Macquarie was also possible if progress wasn't made or additional deficiencies were uncovered during the 12 months.</p><p>\"We have all the regulatory options open to us if we don't see the improvements,\" he said. \"The whole sector remains an area where ASIC wants to see improvement and better outcomes for consumers overall.\"</p><p>But despite saying Macquarie should continue work to compensate clients who were affected by compliance failings, shortcomings in record-keeping or poor advice, the ASIC's statement provided little detail on the steps Macquarie was taking to remediate clients. Mr Kell did say Macquarie was firstly assessing remediation for clients of advisers deemed \"higher-risk\". In the latter half of 2014, Macquarie sent about 189,000 letters to clients dating back to 2004 to inform them of a remediation process.</p><p>However, Maurice Blackburn Lawyers principal John Berrill was critical of Macquarie's process, questioning why the company took 18 months to set up a formal mechanism for client redress. </p><p>He said the lion's share of the 150 Macquarie clients in contact with his firm had faced delays of up to six months for responses and had difficulties in gaining access to their files. Mr Berrill also noted a narrow definition by Macquarie for participation in the remediation process. </p><p>\"This Macquarie scheme is very similar to the Commonwealth Bank of Australia mark-one scheme which the Senate committee canned,\" he said. </p><p>CBA was pressured last year to establish an independent panel to oversee remediation following a high-profile financial planning scandal. Macquarie also came under fire when a Senate committee report called for  ASIC to be \"far more intrusive and less trusting\" and recommended a royal commission on conflicted financial advice.</p><p>Asked about concerns former Macquarie advisers who were being investigated by ASIC may have been hired by other firms, Mr Kell said the regulator would often speak to the new employer to alert them of the matter.</p><p>\"It's something that licensees also need to consider carefully,\" he said. However, Mr Kell was mindful the slated introduction of a financial adviser register would help in tracking movements between firms. </p><p>The adviser register and debate around a national competency exam for individuals operating in the industry are part of considerations of a Senate Economics committee's inquiry into the scrutiny of financial advice. </p><p>Macquarie Private Wealth's adviser numbers had dropped by 25 per per cent during the two-year period, but additional staff had been recruited to support advisers complying with their obligations, ASIC said. </p><p>Macquarie outlined last year it had spent $49 million on systems upgrades and improving processes. \"Macquarie notes comments made in ASIC's media release, in particular that all of the deliverables outlined in the EU implementation plan have been completed and there have been significant improvements in Macquarie's retail financial advice business,\" a spokeswoman said.</p><p>Macquarie's head of banking and financial services, Greg Ward, will update investors and analysts on Tuesday on measures being taken after the undertaking.</p><p>Mr Kell said the latest testing by KPMG showed no evidence of inappropriate advice by Macquarie advisers and improved in record keeping.  But when asked about allegations by current and former Macquarie employees about favourable treatment of some clients in the disastrous float of BrisConnections in 2008, Mr Kell said that matter was not part of the EU imposed by ASIC. He declined to comment further on the BrisConnections float. </p><p>Mr Kell did admit the existence of a Penski file, which provided answers to advisers ahead of exams and was widely circulated, and conceded there was overwhelming evidence of cheating in exams and a blatant manipulation of adviser training regimes.</p><p>\"Macquarie Equities was significantly deficient in this area,\" Mr Kell added. \"There will be no Penski files in the future.\" </p><p>Despite his comments, Mr Kell said an investigation of individual advisers who had cheated would not lead to further action agains those involved, due to difficulties in pursuing penalties within the regulatory framework. \"The priority is on advisers that have caused detriment, put clients in the wrong products and caused loss.\" </p></bodyText></nitf:body.content></nitf:body><metadata><dc:metadata xmlns:dc=\"http://purl.org/dc/elements/1.1/\"><dc:identifier identifierScheme=\"DOC-ID\">SYMRLD-66141190</dc:identifier><dc:source sourceScheme=\"royaltyReportingKey\">SYMRLD2015</dc:source><dc:identifier identifierScheme=\"PGUID\">urn:contentItem:5F94-WM81-DXMH-148M-00000-00</dc:identifier><dc:source sourceScheme=\"productContentSetIdentifier\">404053</dc:source><dc:date dateType=\"last-updated\">2019-02-09</dc:date></dc:metadata><wordCount number=\"1087\"/><timeReceived>06:18 PM GMT</timeReceived><publicationInfo><copyright>Copyright 2015 Fairfax Media Publications Pty. Limited All Rights Reserved</copyright><publicationName>The Sydney Morning Herald (Australia) - Online</publicationName><publicationDate day=\"13\" month=\"02\" year=\"2015\"><dateText>February 13, 2015 Friday</dateText></publicationDate><classification classificationScheme=\"publicationtype\"><classificationItem><className>Web Publication</className></classificationItem></classification><classification classificationScheme=\"publicationtype\"><classificationItem><className>Newspapers</className></classificationItem></classification></publicationInfo><classification classificationScheme=\"language\"><classificationItem classificationScheme=\"lang.english\"><className>ENGLISH</className></classificationItem></classification><classificationGroup classificationScheme=\"indexing-terms\"><classification classificationScheme=\"company\"><classificationItem score=\"91\"><classCode>CC000A36L</classCode><className>MACQUARIE GROUP LTD</className></classificationItem></classification><classification classificationScheme=\"industry\"><classificationItem score=\"91\"><className>NAICS523110 INVESTMENT BANKING &amp; SECURITIES DEALING</className></classificationItem></classification><classification classificationScheme=\"ticker\"><classificationItem score=\"91\"><className>MQG (ASX)</className></classificationItem></classification></classificationGroup><classificationGroup classificationScheme=\"licensor.indexing-terms\"><classification classificationScheme=\"licensor.subject\"><classificationItem><className>Business</className></classificationItem><classificationItem><className>Banking and Finance</className></classificationItem><classificationItem><className>Financial Services</className></classificationItem></classification></classificationGroup><classificationGroup classificationScheme=\"indexing-terms\"><classification classificationScheme=\"subject\"><classificationItem score=\"91\"><classCode>STX001976</classCode><className>SECURITIES &amp; OTHER INVESTMENTS</className><classCode/><className/></classificationItem><classificationItem score=\"90\"><classCode>STX000969</classCode><className>INVESTIGATIONS</className><classCode/><className/></classificationItem><classificationItem score=\"90\"><classCode>ST0009FJK</classCode><className>NEGATIVE PERSONAL NEWS</className><classCode/><className/></classificationItem><classificationItem score=\"78\"><classCode>N926150GC</classCode><className>BANKING &amp; FINANCE REGULATION</className><classCode/><className/></classificationItem><classificationItem score=\"78\"><classCode>ST000DJQC</classCode><className>CONSUMERS</className><classCode/><className/></classificationItem><classificationItem score=\"73\"><classCode>STX001948</classCode><className>LABOR &amp; EMPLOYMENT</className><classCode/><className/></classificationItem></classification><classification classificationScheme=\"industry\"><classificationItem score=\"91\"><classCode>STX001976</classCode><className>SECURITIES &amp; OTHER INVESTMENTS</className><classCode/><className/></classificationItem><classificationItem score=\"90\"><classCode>N520000CC</classCode><className>BANKING &amp; FINANCE</className><classCode/><className/></classificationItem><classificationItem score=\"90\"><classCode>ST0009RX6</classCode><classCode/><className/></classificationItem><classificationItem score=\"89\"><classCode>N541211MM</classCode><className>ACCOUNTING &amp; AUDITING FIRMS</className><classCode/><className/></classificationItem><classificationItem score=\"78\"><classCode>N926150GC</classCode><className>BANKING &amp; FINANCE REGULATION</className><classCode/><className/></classificationItem></classification><classification classificationScheme=\"city\"><classificationItem score=\"73\"><classCode>GX014</classCode><className>SYDNEY, AUSTRALIA</className><classCode/><className/></classificationItem></classification><classification classificationScheme=\"country\"><classificationItem score=\"91\"><classCode>GC301</classCode><className>AUSTRALIA</className><classCode/><className/></classificationItem></classification></classificationGroup></metadata></articleDoc></content></entry>"}