{"prediction_class": "Regulatory Breaches Tax Evasion Smuggling of goods", "prediction_score": "0.61", "name": "Macquarie Group", "title": "Macquarie may face class action over van Eyk Blueprint funds", "published": "2014-09-25T00:00:00Z", "updated": "2020-11-15T21:42:31Z", "cleaned_article": "[TITLE] Macquarie may face class action over van Eyk Blueprint funds [TITLE] \n\nA law firm alleges that the bank engaged in \"misleading and deceptive conduct\" as the responsible entity for the funds, The Australian Financial Review reported. Macquarie Group Ltd. may face a class-action lawsuit for alleged misconduct related to the failed van Eyk Blueprint funds, The Australian Financial Review reported Sept. 23. The bank allegedly engaged in \"misleading and deceptive conduct\" as the responsible entity for the funds, according to Ben Whitwell, who heads an investigation of the case at class-action law firm Slater & Gordon. The law firm is focusing on finding out why Macquarie failed to discover an illiquid investment made by U.K. hedge fund Artefact, the publication reported. Potentially inaccurate details in product disclosure statements for the funds are also being reviewed.", "raw_cleaned_article": "<h2>Macquarie may face class action over van Eyk Blueprint funds</h2><p>A law firm alleges that the bank engaged in \"misleading and deceptive conduct\" as the responsible entity for the funds, The Australian Financial Review reported. <b>Macquarie Group Ltd. may face a class-action lawsuit for alleged misconduct related to the failed van Eyk Blueprint funds, The Australian Financial Review reported Sept. 23.</b> The bank allegedly engaged in \"misleading and deceptive conduct\" as the responsible entity for the funds, according to Ben Whitwell, who heads an investigation of the case at class-action law firm Slater & Gordon. The law firm is focusing on finding out why Macquarie failed to discover an illiquid investment made by U.K. hedge fund Artefact, the publication reported. Potentially inaccurate details in product disclosure statements for the funds are also being reviewed.</p>", "original_content": "<entry xmlns=\"http://www.w3.org/2005/Atom\"><id>urn:contentItem:5GSW-TV91-F19Y-C0S2-00000-00</id><title>Macquarie may face class action over van Eyk Blueprint funds</title><published>2014-09-25T00:00:00Z</published><updated>2020-11-15T21:42:31Z</updated><author><name>LexisNexis</name></author><content type=\"application/xml\"><!--Transformation version 1.23--><articleDoc xmlns=\"\" xmlns:xsi=\"http://www.w3.org/2001/XMLSchema-instance\" xsi:noNamespaceSchemaLocation=\"http://www.lexisnexis.com/xmlschemas/content/public/articledoc/1/\" schemaVersion=\"1.8\" xml:lang=\"en\"><articleDocHead><itemInfo/></articleDocHead><nitf:body xmlns:nitf=\"http://iptc.org/std/NITF/2006-10-18/\"><nitf:body.head><nitf:hedline><nitf:hl1>Macquarie may face class action over van Eyk Blueprint funds</nitf:hl1></nitf:hedline><nitf:byline><author><person><nameText>Ranina Sanglap</nameText></person></author></nitf:byline><highlight><bodyText><p>A law firm alleges that the bank engaged in \"misleading and deceptive conduct\" as the responsible entity for the funds, The Australian Financial Review reported.</p></bodyText></highlight></nitf:body.head><nitf:body.content><bodyText><p nitf:lede=\"true\">Macquarie Group Ltd. may face a class-action lawsuit for alleged misconduct related to the failed van Eyk Blueprint funds, The Australian Financial Review reported Sept. 23.</p><p>The bank allegedly engaged in \"misleading and deceptive conduct\" as the responsible entity for the funds, according to Ben Whitwell, who heads an investigation of the case at class-action law firm Slater &amp; Gordon.</p><p>The law firm is focusing on finding out why Macquarie failed to discover an illiquid investment made by U.K. hedge fund Artefact, the publication reported. Potentially inaccurate details in product disclosure statements for the funds are also being reviewed.</p><p>Slater &amp; Gordon is still studying the case and has not decided to pursue a class-action suit, Whitwell said. Another class-action law firm, Piper Alderman, is also considering similar litigation.</p><p>Macquarie suspended the redemption of four of the Blueprint funds in August due to a breach of investment mandates. The AFR previously reported about documents that showed Macquarie sign an undisclosed deal with van Eyk Research Pty. Ltd. to receive 40% of proceeds from the sale of the investment research firm's fund business.</p><p>Macquarie has denied that it violated any disclosure rules.</p></bodyText></nitf:body.content></nitf:body><metadata><dc:metadata xmlns:dc=\"http://purl.org/dc/elements/1.1/\"><dc:identifier identifierScheme=\"DOC-ID\">SNLAFD-29303441</dc:identifier><dc:source sourceScheme=\"royaltyReportingKey\">SNLAFD2014</dc:source><dc:identifier identifierScheme=\"PGUID\">urn:contentItem:5GSW-TV91-F19Y-C0S2-00000-00</dc:identifier><dc:source sourceScheme=\"productContentSetIdentifier\">427785</dc:source><dc:date dateType=\"last-updated\">1901-11-11</dc:date></dc:metadata><wordCount number=\"204\"/><publicationInfo><copyright>Copyright 2014 SNL Financial LC All Rights Reserved</copyright><publicationName>SNL Asia-Pacific Financials Daily</publicationName><publicationDate day=\"25\" month=\"09\" year=\"2014\"><dateText>September 25, 2014 Thursday</dateText></publicationDate><classification classificationScheme=\"publicationtype\"><classificationItem><className>Newsletter</className></classificationItem></classification><classification classificationScheme=\"publicationtype\"><classificationItem><className>Newsletters</className></classificationItem></classification></publicationInfo><classification classificationScheme=\"language\"><classificationItem classificationScheme=\"lang.english\"><className>ENGLISH</className></classificationItem></classification><classificationGroup classificationScheme=\"indexing-terms\"><classification classificationScheme=\"company\"><classificationItem score=\"97\"><classCode>CC000A36L</classCode><className>MACQUARIE GROUP LTD</className></classificationItem><classificationItem score=\"92\"><classCode>CC000A09I</classCode><className>SLATER &amp; GORDON LTD</className></classificationItem></classification><classification classificationScheme=\"industry\"><classificationItem score=\"97\"><className>NAICS523110 INVESTMENT BANKING &amp; SECURITIES DEALING</className></classificationItem><classificationItem score=\"92\"><className>NAICS541199 ALL OTHER LEGAL SERVICES</className></classificationItem><classificationItem score=\"92\"><className>SIC8111 LEGAL SERVICES</className></classificationItem><classificationItem score=\"92\"><className>SIC7389 BUSINESS SERVICES</className></classificationItem></classification><classification classificationScheme=\"ticker\"><classificationItem score=\"97\"><className>MQG (ASX)</className></classificationItem><classificationItem score=\"92\"><className>SGH (ASX)</className></classificationItem></classification></classificationGroup><classificationGroup classificationScheme=\"licensor.indexing-terms\"><classification classificationScheme=\"licensor.subject\"><classificationItem><className>Civil/ Criminal Legal Action</className></classificationItem></classification></classificationGroup><classificationGroup classificationScheme=\"indexing-terms\"><classification classificationScheme=\"legal\"><classificationItem><className>Civil Procedure</className><classCode>Z3VpZD11cm46dG9waWM6MzUxNjJDMEQ5N0YwNDMzM0JDMjEzM0UzOTYzMzI3OTU7cGFyZW50Z3VpZD0</classCode><classificationItem score=\"90\"><className>General Overview</className><classCode>Z3VpZD11cm46dG9waWM6QkRGMkRCQTZFNDMyNDg2RUE4QjNGMDA2M0JDOTdDQTM7cGFyZW50Z3VpZD11cm46dG9waWM6Mjk5M0Q3OEY2NkE3NDIwQzg4MDk1NUUxQUI5Nzc5NTU</classCode></classificationItem></classificationItem></classification><classification classificationScheme=\"subject\"><classificationItem score=\"93\"><classCode>STX000304</classCode><className>CLASS ACTIONS</className><classCode>Z3VpZD11cm46dG9waWM6Mjk5M0Q3OEY2NkE3NDIwQzg4MDk1NUUxQUI5Nzc5NTU7cGFyZW50Z3VpZD11cm46dG9waWM6MDc3RDI0Njg5OEU2NEM5NzkxRUU2MjBEMDMyRkQ3Mzk</classCode><className>Class Actions</className></classificationItem><classificationItem score=\"92\"><classCode>N541110GM</classCode><className>LAWYERS</className><classCode/><className/></classificationItem><classificationItem score=\"91\"><classCode>STX001040</classCode><className>LITIGATION</className><classCode/><className/></classificationItem><classificationItem score=\"91\"><classCode>ST0009FJK</classCode><className>NEGATIVE PERSONAL NEWS</className><classCode/><className/></classificationItem><classificationItem score=\"91\"><classCode>STX001976</classCode><className>SECURITIES &amp; OTHER INVESTMENTS</className><classCode/><className/></classificationItem><classificationItem score=\"90\"><classCode>STX000969</classCode><className>INVESTIGATIONS</className><classCode/><className/></classificationItem><classificationItem score=\"90\"><classCode>ST0008XMR</classCode><className>LAW &amp; LEGAL SYSTEM</className><classCode/><className/></classificationItem><classificationItem score=\"90\"><classCode>N541100CC</classCode><className>LEGAL SERVICES</className><classCode/><className/></classificationItem><classificationItem score=\"90\"><classCode>STX001149</classCode><className>MISCONDUCT</className><classCode/><className/></classificationItem><classificationItem score=\"90\"><classCode>ST0009QD4</classCode><className>NEGATIVE BUSINESS NEWS</className><classCode/><className/></classificationItem><classificationItem score=\"90\"><classCode>STX001648</classCode><className>SUITS &amp; CLAIMS</className><classCode/><className/></classificationItem><classificationItem score=\"78\"><classCode>STX001462</classCode><className>REGULATORY COMPLIANCE</className><classCode/><className/></classificationItem><classificationItem score=\"73\"><classCode>N525910EE</classCode><className>HEDGE FUNDS</className><classCode>Z3VpZD11cm46dG9waWM6QkY2N0Y5NDExMUY3NEE0NEJERkNDM0ZCNzIxRUU3OTg7cGFyZW50Z3VpZD11cm46dG9waWM6NEZBNjUwRkEwQjJGNDgzQzlEMzMyNEE1RDAyOTY4RkE</classCode><className>Hedge Funds</className></classificationItem></classification><classification classificationScheme=\"industry\"><classificationItem score=\"92\"><classCode>N541110GM</classCode><className>LAWYERS</className><classCode/><className/></classificationItem><classificationItem score=\"91\"><classCode>STX001976</classCode><className>SECURITIES &amp; OTHER INVESTMENTS</className><classCode/><className/></classificationItem><classificationItem score=\"90\"><classCode>N520000CC</classCode><className>BANKING &amp; FINANCE</className><classCode/><className/></classificationItem><classificationItem score=\"90\"><classCode>N523110EC</classCode><className>INVESTMENT BANKING</className><classCode/><className/></classificationItem><classificationItem score=\"90\"><classCode>N541100CC</classCode><className>LEGAL SERVICES</className><classCode/><className/></classificationItem><classificationItem score=\"90\"><classCode>N540000CC</classCode><className>PROFESSIONAL SERVICES</className><classCode/><className/></classificationItem><classificationItem score=\"90\"><classCode>ST0009RX6</classCode><classCode/><className/></classificationItem><classificationItem score=\"73\"><classCode>N525910EE</classCode><className>HEDGE FUNDS</className><classCode>Z3VpZD11cm46dG9waWM6QkY2N0Y5NDExMUY3NEE0NEJERkNDM0ZCNzIxRUU3OTg7cGFyZW50Z3VpZD11cm46dG9waWM6NEZBNjUwRkEwQjJGNDgzQzlEMzMyNEE1RDAyOTY4RkE</classCode><className>Hedge Funds</className></classificationItem></classification></classificationGroup></metadata></articleDoc></content></entry>"}