{"prediction_class": "Regulatory Breaches Tax Evasion Smuggling of goods", "prediction_score": "0.98", "name": "Macquarie Group", "title": "Macquarie broker admitted trading 'illegally', probe told", "published": "2018-02-23T00:00:00Z", "updated": "2020-11-15T21:35:36Z", "cleaned_article": "[TITLE] Macquarie broker admitted trading 'illegally', probe told [TITLE] \n\nMacquarie Group deputy managing director Greg Ward told the hearing that an internal review had found no evidence of market manipulation or inside trading. \"Having investigated the allegations, we are satisfied they are unsubstantiated.\" Mr Ward also denied there was anything improper about the involvement of former investment adviser Stefan Whiting in the acquisition of a Brazilian iron-ore project that had a potential value of $34 billion but turned out to be a worthless patch of jungle.", "raw_cleaned_article": "<h2>Macquarie broker admitted trading 'illegally', probe told</h2><p><b>Macquarie Group deputy managing director Greg Ward told the hearing that an internal review had found no evidence of market manipulation or inside trading.</b> \"Having investigated the allegations, we are satisfied they are unsubstantiated.\" Mr Ward also denied there was anything improper about the involvement of former investment adviser Stefan Whiting in the acquisition of a Brazilian iron-ore project that had a potential value of $34 billion but turned out to be a worthless patch of jungle.</p>", "original_content": "<entry xmlns=\"http://www.w3.org/2005/Atom\"><id>urn:contentItem:5RPP-YY11-F0J6-J2HK-00000-00</id><title>Macquarie broker admitted trading 'illegally', probe told</title><published>2018-02-23T00:00:00Z</published><updated>2020-11-15T21:35:36Z</updated><author><name>LexisNexis</name></author><content type=\"application/xml\"><!--Transformation version 1.23--><articleDoc xmlns=\"\" xmlns:xsi=\"http://www.w3.org/2001/XMLSchema-instance\" xsi:noNamespaceSchemaLocation=\"http://www.lexisnexis.com/xmlschemas/content/public/articledoc/1/\" schemaVersion=\"1.8\" xml:lang=\"en\"><articleDocHead><itemInfo><sourceSectionInfo><positionSection>NEWS</positionSection><positionSequence>Pg. 5</positionSequence></sourceSectionInfo></itemInfo></articleDocHead><nitf:body xmlns:nitf=\"http://iptc.org/std/NITF/2006-10-18/\"><nitf:body.head><nitf:hedline><nitf:hl1>Macquarie broker admitted trading 'illegally', probe told</nitf:hl1></nitf:hedline><nitf:byline><author><person><nameText>Cameron Houston, Chris Vedelago</nameText></person></author></nitf:byline></nitf:body.head><nitf:body.content><bodyText><p nitf:lede=\"true\">A Ballarat businessman who lost millions of dollars investing with Macquarie Group has told a senate committee that his broker admitted to ramping stocks and illegally trading through his father's account.</p><p>Disgruntled investor Brendan James told members of the Senate's Economics Reference Committee yesterday that former Macquarie divisional director Michael Rosenbaum had made an \"unbelievable\" string of admissions during a phone call on August 3 last year.</p><p>The committee was sitting in Melbourne to hear evidence about claims that several Macquarie advisors had artificially inflated the share price of Cleveland Mining Group between 2011 and 2013 before a sudden collapse wiped out hundreds of investors.</p><p>Three Macquarie executives denied any unlawful share trading in Cleveland shares, other than one client who had received incorrect advice based on their risk profile.</p><p>Macquarie Group deputy managing director Greg Ward told the hearing that an internal review had found no evidence of market manipulation or inside trading.</p><p>\"Having investigated the allegations, we are satisfied they are unsubstantiated.\"</p><p>Mr Ward also denied there was anything improper about the involvement of former investment adviser Stefan Whiting in the acquisition of a Brazilian iron-ore project that had a potential value of $34 billion but turned out to be a worthless patch of jungle.</p><p>Mr James testified he lost $4 million on Cleveland stock after following advice from Mr Whiting. The loss sparked a multi-year investigation by Mr James' solicitors into Macquarie's involvement with Cleveland Mining, ultimately leading to an \"unbelievable\" phone call where Mr Rosenbaum allegedly admitted to widespread corporate and professional malfeasance.</p><p>Mr James said he called Mr Rosenbaum on August 3 last year.</p><p>\"I said, 'look I've got to get to the bottom of what happened'. (Mr Rosenbaum) said, 'yeah I know I've done the wrong thing and I know ASIC are going to come after me. I've been doing it all my life. Trading off my father's account illegally. I've been running stocks',\" Mr James said in his recollection of the call to the committee. The committee was told that Mr Rosenbaum dumped stock held by relatives and friends when he found out \"Cleveland was a worthless piece of shit\".</p><p>Mr James said an attempt the next day to continue the discussion was frustrated when Mr Rosenbaum said he had legal advice that they should no longer communicate.</p><p>\"Yes, I traded stocks and ran stocks but that's showbiz,\" Mr Rosenbaum allegedly said in an affidavit sworn by Mr James, tendered to the committee yesterday.</p><p>A Macquarie spokeswoman issued a statement following the hearing. \"Macquarie has consistently stated that the allegations, which appear to be an attempt to solicit clients, lack any credible evidence.\"</p><p>The Age revealed last June that disgruntled investors had launched legal action against Macquarie, amid claims its brokers had deliberately \"ramped\" Cleveland stock by orchestrating the acquisition of a Brazilian iron-ore mine project with a potential value of $34 billion. The mine, in the northern Brazilian state of Amapa, turned out to be worthless, but helped propel the share price to 95 cents.</p></bodyText></nitf:body.content></nitf:body><metadata><dc:metadata xmlns:dc=\"http://purl.org/dc/elements/1.1/\"><dc:identifier identifierScheme=\"DOC-ID\">AGEMLB-doc6yz94amga8k1b0myr7m6</dc:identifier><dc:source sourceScheme=\"royaltyReportingKey\">AGEMLB2018</dc:source><dc:identifier identifierScheme=\"PGUID\">urn:contentItem:5RPP-YY11-F0J6-J2HK-00000-00</dc:identifier><dc:source sourceScheme=\"productContentSetIdentifier\">314239</dc:source><dc:date dateType=\"last-updated\">2018-02-22</dc:date></dc:metadata><wordCount number=\"530\"/><publicationInfo><copyright>Copyright 2018 The Age Company Limited All Rights Reserved</copyright><publicationName>The Age (Melbourne, Australia)</publicationName><edition>Print &amp; First Editions</edition><publicationDate day=\"23\" month=\"02\" year=\"2018\"><dateText>February 23, 2018 Friday</dateText></publicationDate><classification classificationScheme=\"publicationtype\"><classificationItem><className>Newspaper</className></classificationItem></classification><classification classificationScheme=\"publicationtype\"><classificationItem><className>Newspapers</className></classificationItem></classification></publicationInfo><classification classificationScheme=\"language\"><classificationItem classificationScheme=\"lang.english\"><className>ENGLISH</className></classificationItem></classification><classificationGroup classificationScheme=\"indexing-terms\"><classification classificationScheme=\"company\"><classificationItem score=\"92\"><classCode>CC0009AXT</classCode><className>MACQUARIE FINANCIAL LTD</className></classificationItem><classificationItem score=\"90\"><classCode>CC000A36L</classCode><className>MACQUARIE GROUP LTD</className></classificationItem></classification><classification classificationScheme=\"ticker\"><classificationItem score=\"90\"><className>MQG (ASX)</className></classificationItem></classification></classificationGroup><classificationGroup classificationScheme=\"indexing-terms\"><classification classificationScheme=\"subject\"><classificationItem score=\"90\"><classCode>STX000969</classCode><className>INVESTIGATIONS</className><classCode/><className/></classificationItem><classificationItem score=\"78\"><classCode>STX001500</classCode><className>RISK MANAGEMENT</className><classCode/><className/></classificationItem><classificationItem score=\"78\"><classCode>STX001648</classCode><className>SUITS &amp; CLAIMS</className><classCode/><className/></classificationItem><classificationItem score=\"78\"><classCode>STX001040</classCode><className>LITIGATION</className><classCode/><className/></classificationItem><classificationItem score=\"77\"><classCode>ST000D1BY</classCode><className>EXECUTIVES</className><classCode/><className/></classificationItem><classificationItem score=\"73\"><classCode>ST000DB1X</classCode><className>INTERNAL INVESTIGATIONS</className><classCode/><className/></classificationItem><classificationItem score=\"73\"><classCode>STX000924</classCode><className>INSIDER TRADING</className><classCode>Z3VpZD11cm46dG9waWM6OEI5MDhDNzIzREUxNDczRjkyNDlDQUQ0NTY4REJBNzU7cGFyZW50Z3VpZD11cm46dG9waWM6QzI0MUY3RDMxMTg0NDQxNzlGRTk4NTEzM0IyNDhFODQ</classCode><className>Insider Trading</className></classificationItem><classificationItem score=\"72\"><classCode>ST000D4JV</classCode><className>CRIMINAL INVESTIGATIONS</className><classCode/><className/></classificationItem><classificationItem score=\"72\"><classCode>STX001066</classCode><className>MANAGERS &amp; SUPERVISORS</className><classCode/><className/></classificationItem><classificationItem score=\"70\"><classCode>STX001149</classCode><className>MISCONDUCT</className><classCode/><className/></classificationItem></classification><classification classificationScheme=\"industry\"><classificationItem score=\"89\"><classCode>N523110GM</classCode><className>SECURITIES TRADING</className><classCode/><className/></classificationItem><classificationItem score=\"78\"><classCode>STX001500</classCode><className>RISK MANAGEMENT</className><classCode/><className/></classificationItem><classificationItem score=\"78\"><classCode>N523930MC</classCode><className>INVESTMENT ADVISERS</className><classCode>Z3VpZD11cm46dG9waWM6ODQ2M0Q5NUExRUZENEY2NDkzMzlDMDVFNjFCNTY3MTQ7cGFyZW50Z3VpZD11cm46dG9waWM6RkFFMTQ3ODhCRDYyNDkyN0IwQkEyQzRCRDlFMEM5ODc</classCode><className>Investment Advisers</className></classificationItem><classificationItem score=\"75\"><classCode>ST0008X7V</classCode><className>MINES &amp; MINING</className><classCode/><className/></classificationItem><classificationItem score=\"73\"><classCode>ST000CZTI</classCode><className>STOCK PRICES</className><classCode/><className/></classificationItem><classificationItem score=\"73\"><classCode>STX000924</classCode><className>INSIDER TRADING</className><classCode>Z3VpZD11cm46dG9waWM6OEI5MDhDNzIzREUxNDczRjkyNDlDQUQ0NTY4REJBNzU7cGFyZW50Z3VpZD11cm46dG9waWM6QzI0MUY3RDMxMTg0NDQxNzlGRTk4NTEzM0IyNDhFODQ</classCode><className>Insider Trading</className></classificationItem></classification><classification classificationScheme=\"country\"><classificationItem score=\"78\"><classCode>GC301</classCode><className>AUSTRALIA</className><classCode/><className/></classificationItem></classification></classificationGroup></metadata></articleDoc></content></entry>"}