{"prediction_class": "Fraud Embezzlement Misappropriation", "prediction_score": "0.98", "name": "Macquarie Group", "title": "AMP and big banks rush to lift planners' qualifications", "published": "2014-08-22T00:00:00Z", "updated": "2020-11-15T22:27:14Z", "cleaned_article": "[TITLE] AMP and big banks rush to lift planners' qualifications [TITLE] \n\nCBA was the first to lift educational standards, announcing in July that all new advisers at its Commonwealth Financial Planning arm would be required to have a degree and senior planners would be required to hold CFP certification. This followed a scathing Senate inquiry report in June that included allegations of fraud, forgery and a management cover-up within CBA's advice division. Macquarie Group, which was also slammed in the Senate report and last week was forced by the corporate regulator to write to all 160,000 customers it has ever had because they may have received sub-standard advice, also signalled it would move on standards. \"Of [Macquarie Private Wealth's] 300 advisers, the majority are stockbrokers.\u00a0 Of those who are planners, the vast majority are\u00a0already\u00a0CFPs.\u00a0 Those who are not CFPs will be moving to CFP accreditation,\" a spokeswoman said. The moves also come amid a parliamentary joint committee inquiry into financial advice standards, which is currently receiving submissions.", "raw_cleaned_article": "<h2>AMP and big banks rush to lift planners' qualifications</h2><p>CBA was the first to lift educational standards, announcing in July that all new advisers at its Commonwealth Financial Planning arm would be required to have a degree and senior planners would be required to hold CFP certification. This followed a scathing Senate inquiry report in June that included allegations of fraud, forgery and a management cover-up within CBA's advice division. <b>Macquarie Group, which was also slammed in the Senate report and last week was forced by the corporate regulator to write to all 160,000 customers it has ever had because they may have received sub-standard advice, also signalled it would move on standards.</b> \"Of [Macquarie Private Wealth's] 300 advisers, the majority are stockbrokers.\u00a0 Of those who are planners, the vast majority are\u00a0already\u00a0CFPs.\u00a0 Those who are not CFPs will be moving to CFP accreditation,\" a spokeswoman said. The moves also come amid a parliamentary joint committee inquiry into financial advice standards, which is currently receiving submissions.</p>", "original_content": "<entry xmlns=\"http://www.w3.org/2005/Atom\"><id>urn:contentItem:5CYK-VCC1-JB5F-92FC-00000-00</id><title>AMP and big banks rush to lift planners' qualifications</title><published>2014-08-22T00:00:00Z</published><updated>2020-11-15T22:27:14Z</updated><author><name>LexisNexis</name></author><content type=\"application/xml\"><!--Transformation version 1.23--><articleDoc xmlns=\"\" xmlns:xsi=\"http://www.w3.org/2001/XMLSchema-instance\" xsi:noNamespaceSchemaLocation=\"http://www.lexisnexis.com/xmlschemas/content/public/articledoc/1/\" schemaVersion=\"1.8\" xml:lang=\"en\"><articleDocHead><itemInfo/></articleDocHead><nitf:body xmlns:nitf=\"http://iptc.org/std/NITF/2006-10-18/\"><nitf:body.head><nitf:hedline><nitf:hl1>AMP and big banks rush to lift planners' qualifications</nitf:hl1></nitf:hedline><nitf:byline><author><person><nameText>Adele Ferguson, Ben Butler</nameText></person></author></nitf:byline></nitf:body.head><nitf:body.content><bodyText><p nitf:lede=\"true\">Australia's big four banks and AMP have moved to beef up educational standards for financial planners as they struggle to stem a crisis of confidence in the advice industry.</p><p nitf:lede=\"true\">AMP triggered the stampede on Thursday morning when it became the second of the major advice networks to unveil an upgrade to educational standards, which are currently less demanding  than those required to be a hairdresser, along with a new complaints process.</p><p nitf:lede=\"true\">By the end of the day, NAB, which owns advice group MLC, emerged as the institution setting the highest bar, saying its financial planners will be required to have a university degree and hold Certified Financial Planner (CFP) accreditation by 2017.</p><p>Westpac has also brought forward plans to lift education among its planners and embrace the CFP standard, a process that the bank said had been in train for several weeks.</p><p>And an ANZ spokeswoman said that while the bank did not currently require CFP accreditation, \"we are moving to mandate this and are looking at how we will transition to this standard\".</p><p>The contest for the educational high ground follows scandals at CBA and Macquarie and came on the day the head of the financial system inquiry, David Murray, turned up the heat on the sector, saying the industry needed to \"build trust with their own customers\".</p><p>Mr Murray, himself a former chief executive of CBA, has also criticised the \"vertical integration\" model in the industry, where advisers largely recommend the investment products of their own organisation.</p><p>CBA was the first to lift educational standards, announcing in July that all new advisers at its Commonwealth Financial Planning arm would be required to have a degree and senior planners would be required to hold CFP certification.</p><p>This followed a scathing Senate inquiry report in June that included allegations of fraud, forgery and a management cover-up within CBA's advice division.</p><p>Macquarie Group, which was also slammed in the Senate report and last week was forced by the corporate regulator to write to all 160,000 customers it has ever had because they may have received sub-standard advice, also signalled it would move on standards.</p><p>\"Of [Macquarie Private Wealth's] 300 advisers, the majority are stockbrokers.\u00a0 Of those who are planners, the vast majority are\u00a0already\u00a0CFPs.\u00a0 Those who are not CFPs will be moving to CFP accreditation,\" a spokeswoman said.</p><p>The moves also come amid a parliamentary joint committee inquiry into financial advice standards, which is currently receiving submissions.</p><p>Of Australia's approximately 18,000 planners, only about 5500 currently hold the CFP accreditation, which is run by professional association Financial Planning Australia.</p><p>\"We welcome the announcements being made by the major financial planning institutions in Australia in recognising CFP certification as being the gold standard in Australia and also globally,\" FPA chairman Matthew Rowe said.</p><p>NAB head of wealth Andrew Hagger, who is also chief executive of MLC, said: \"MLC supports increasing education standards for advisers and we have recently set new education and qualification standards for NAB financial planners to ensure we continue to grow professionalism and trust in the industry.\"</p><p>New NAB planners will be required to hold a degree and complete an advanced diploma of financial planning within three years of starting at the company.</p><p>Senior planners must also hold CFP certification. Existing planners will have until 2017 to become CFP-accredited if they already have a degree or until 2019 to complete both CFP and a masters if they do not.</p><p>Brad Cooper, the chief executive of Westpac's financial advice arm, BT, said all Westpac's existing financial advisers would be required to have a CFP qualification, the rival Fellow Chartered Financial Practitioner qualification or a masters in financial planning by the end of 2019. New advisers will have up to five years to meet the standard.</p><p>In a letter to AMP's 3800 advisers, AMP's head of advice and banking Rob Caprioli said that during the \"past couple of months\" staff had asked him \"whether AMP is prepared to take a stand as a result of the negative attention our industry has been receiving\".</p><p>\"You've made it clear you want to know what we plan to do to improve perceptions of the financial planning profession and restore consumer confidence in our industry.\"</p><p>He said AMP would progressively upgrade all its advisers to meet professional standards set by financial adviser bodies and create a new panel, headed by an independent chairman, to deal with customers left unsatisfied by the existing complaints process.</p><p>Within five years all AMP advisers must either hold CFP accreditation, Fellow Chartered Financial Practitioner accreditation or a masters in financial planning.</p><p>Mr Caprioli said the new customer advice review panel would be up and running by the end of the year.</p><p>\"If the panel finds the personal advice was not appropriate when it was given, the customer will be restored to the position he or she would have been in if the appropriate advice had been given,\" he told staff.</p><p>Speaking after AMP announced its profit results on Thursday, he said AMP had improved since 2006, when it was forced to sign an enforceable undertaking with ASIC after the regulator found that in 45 per cent of customer files no reasonable basis was recorded for the financial advice given.</p><p>ASIC also found that AMP failed to tell customers about fees it would receive and its internal compliance procedures were \"not sufficiently robust\".</p><p>Mr Caprioli said all of AMP's advisers were now paid on a fee-for-service basis, except for insurance, where commissions are still paid.</p><p>\"We absolutely have quite a robust complaints management system in place today,\" Mr Caprioli said.</p><p>\"We're not seeing any issues in our complaints management system and being able to respond to customers.\"</p><p>He said about a third of AMP's advisers already met the new training standard.</p></bodyText></nitf:body.content></nitf:body><metadata><dc:metadata xmlns:dc=\"http://purl.org/dc/elements/1.1/\"><dc:identifier identifierScheme=\"DOC-ID\">AGEAUS-60785495</dc:identifier><dc:source sourceScheme=\"royaltyReportingKey\">AGEAUS2014</dc:source><dc:identifier identifierScheme=\"PGUID\">urn:contentItem:5CYK-VCC1-JB5F-92FC-00000-00</dc:identifier><dc:source sourceScheme=\"productContentSetIdentifier\">404060</dc:source><dc:date dateType=\"last-updated\">2016-04-20</dc:date></dc:metadata><wordCount number=\"986\"/><timeReceived>06:51 AM GMT</timeReceived><publicationInfo><copyright>Copyright 2014 Fairfax Media Publications Pty. Limited All Rights Reserved</copyright><publicationName>The Age (Melbourne, Australia) - Online</publicationName><publicationDate day=\"22\" month=\"08\" year=\"2014\"><dateText>August 22, 2014 Friday</dateText></publicationDate><classification classificationScheme=\"publicationtype\"><classificationItem><className>Web Publication</className></classificationItem></classification><classification classificationScheme=\"publicationtype\"><classificationItem><className>Web-based Publications</className></classificationItem></classification></publicationInfo><classification classificationScheme=\"language\"><classificationItem classificationScheme=\"lang.english\"><className>ENGLISH</className></classificationItem></classification><classificationGroup classificationScheme=\"indexing-terms\"><classification classificationScheme=\"company\"><classificationItem score=\"75\"><classCode>CC000A36L</classCode><className>MACQUARIE GROUP LTD</className></classificationItem></classification><classification classificationScheme=\"ticker\"><classificationItem score=\"75\"><className>MQG (ASX)</className></classificationItem></classification></classificationGroup><classificationGroup classificationScheme=\"licensor.indexing-terms\"><classification classificationScheme=\"licensor.subject\"><classificationItem><className>Banking and Finance</className></classificationItem><classificationItem><className>Personal finance</className></classificationItem><classificationItem><className>Business</className></classificationItem></classification></classificationGroup><classificationGroup classificationScheme=\"indexing-terms\"><classification classificationScheme=\"subject\"><classificationItem score=\"90\"><classCode>ST0009ER8</classCode><className>ACADEMIC STANDARDS</className><classCode/><className/></classificationItem><classificationItem score=\"90\"><classCode>STX000013</classCode><className>ACCREDITATION</className><classCode/><className/></classificationItem><classificationItem score=\"89\"><classCode>STX000969</classCode><className>INVESTIGATIONS</className><classCode/><className/></classificationItem><classificationItem score=\"77\"><classCode>N813910MM</classCode><className>BUSINESS &amp; PROFESSIONAL ASSOCIATIONS</className><classCode/><className/></classificationItem><classificationItem score=\"75\"><classCode>ST000A7IS</classCode><className>ASSOCIATIONS &amp; ORGANIZATIONS</className><classCode/><className/></classificationItem><classificationItem score=\"71\"><classCode>STX000759</classCode><className>FRAUD &amp; FINANCIAL CRIME</className><classCode/><className/></classificationItem><classificationItem score=\"70\"><classCode>ST000D1BY</classCode><className>EXECUTIVES</className><classCode/><className/></classificationItem><classificationItem score=\"62\"><classCode>STX000416</classCode><className>COUNTERFEITING</className><classCode>Z3VpZD11cm46dG9waWM6NENCREQ3Mjk1QUQ2NEM1OUE2QUE0NjkzNTczM0U2MUQ7cGFyZW50Z3VpZD11cm46dG9waWM6OTdGN0NBMjhBN0VBNDYzOEFCRkQyNDc2RDJDMzc3Mjg</classCode><className>Counterfeiting</className></classificationItem></classification><classification classificationScheme=\"industry\"><classificationItem score=\"90\"><classCode>ST00093QP</classCode><className>FINANCIAL PLANNING</className><classCode/><className/></classificationItem><classificationItem score=\"89\"><classCode>STX001821</classCode><className>WEALTH MANAGEMENT</className><classCode/><className/></classificationItem><classificationItem score=\"70\"><classCode>N523120MC</classCode><className>SECURITIES BROKERS</className><classCode/><className/></classificationItem></classification><classification classificationScheme=\"country\"><classificationItem score=\"92\"><classCode>GC301</classCode><className>AUSTRALIA</className><classCode/><className/></classificationItem></classification></classificationGroup></metadata></articleDoc></content></entry>"}