{"prediction_class": "Regulatory Breaches Tax Evasion Smuggling of goods", "prediction_score": "0.89", "name": "Magna International", "title": "Rigrodsky & Long, P.A. Announces A Securities Fraud Class Action Lawsuit Has Been Filed Against Magna International Inc.", "published": "2012-05-08T00:00:00Z", "updated": "2020-11-16T02:13:22Z", "cleaned_article": "[TITLE] Rigrodsky & Long, P.A. Announces A Securities Fraud Class Action Lawsuit Has Been Filed Against Magna International Inc. [TITLE] \n\nByline: Benzinga Staff WILMINGTON, Del.--(BUSINESS WIRE)-- Rigrodsky & Long, P.A.announces that a complaint has been filed in the United States District Court for the Southern District of New York on behalf of all persons or entities that purchased the securities of Magna International Inc.(\"Magna International\" or the \"Company\") (NYSE:MGA) between January 12, 2011 and August 5, 2011 (the \"Class Period\"), alleging violations of the Securities Exchange Act of 1934 against the Company and certain of its officers and directors (the \"Complaint\"). If you purchased shares of Magna Internationalduring the Class Period, or purchased shares prior to the Class Period and still hold Magna Internationalstock, and wish to discuss this action or have any questions concerning this notice or your rights or interests, please contact Scott J. Farrell, Esquire or Peter Allocco of Rigrodsky & Long, P.A., 825 East Gate Boulevard, Suite 300, Garden City, NY at (888)969-4242, by e-mail to info@rigrodskylong.com, or at: http://www.rigrodskylong.com/investigations/magna-international-inc-mga.Magna International, a Canadian corporation headquartered in Aurora, Ontario, is a diversified global automotive supplier. The Company designs, develops and manufactures technologically advanced automotive systems, assemblies, modules and components, and engineers and assembles complete vehicles, primarily for sale to original equipment manufacturers of cars and light trucks. The Complaint alleges that throughout the Class Period, defendantsmade materially false and misleading statements regarding the Company's business operations, financial condition and prospects. Specifically, the Complaint alleges that: (i) the Company had entered into long-term European customer contracts at steeply discounted prices; (ii)the Company was experiencing ongoing undisclosed quality control issues at its European facilities that were resulting in higher production costs; (iii) the Company was experiencing a significant decline its European margins as a result of the foregoing; (iv) defendants' misrepresentations about the Company's disclosure controls were materially false and misleading; and (v) defendants lacked a reasonable basisfor their positive statements about the Company's European operations and business prospects during the Class Period. According to the Complaint, on August 5, 2011, the Company announced its financial results for the second quarter of fiscal 2011, in particular, net income of $282 million, or $1.15 per diluted common share - well below analysts' estimates. On that same day, a conference call between the Company and analysts and investors revealed that weaker than expected results were primarily caused by long standing, under-priced European customer contracts and quality control issues in Europe. In response to this news about the Company's European operations, the price of the Company's common stock closed at $39.42 per shareon August 5, 2011, compared to a close of $44.24 per share on August4, 2011.", "raw_cleaned_article": "<h2>Rigrodsky & Long, P.A. Announces A Securities Fraud Class Action Lawsuit Has Been Filed Against Magna International Inc.</h2><p>Byline: Benzinga Staff WILMINGTON, Del.--(BUSINESS WIRE)-- <b>Rigrodsky & Long, P.A.announces that a complaint has been filed in the United States District Court for the Southern District of New York on behalf of all persons or entities that purchased the securities of Magna International Inc.(\"Magna International\" or the \"Company\") (NYSE:MGA) between January 12, 2011 and August 5, 2011 (the \"Class Period\"), alleging violations of the Securities Exchange Act of 1934 against the Company and certain of its officers and directors (the \"Complaint\").</b> If you purchased shares of Magna Internationalduring the Class Period, or purchased shares prior to the Class Period and still hold Magna Internationalstock, and wish to discuss this action or have any questions concerning this notice or your rights or interests, please contact Scott J. Farrell, Esquire or Peter Allocco of Rigrodsky & Long, P.A., 825 East Gate Boulevard, Suite 300, Garden City, NY at (888)969-4242, by e-mail to info@rigrodskylong.com, or at: http://www.rigrodskylong.com/investigations/magna-international-inc-mga.</p><p>[...]</p><p>Byline: Benzinga Staff <b>Magna International, a Canadian corporation headquartered in Aurora, Ontario, is a diversified global automotive supplier. The Company designs, develops and manufactures technologically advanced automotive systems, assemblies, modules and components, and engineers and assembles complete vehicles, primarily for sale to original equipment manufacturers of cars and light trucks.</b> The Complaint alleges that throughout the Class Period, defendantsmade materially false and misleading statements regarding the Company's business operations, financial condition and prospects. Specifically, the Complaint alleges that: (i) the Company had entered into long-term European customer contracts at steeply discounted prices; (ii)the Company was experiencing ongoing undisclosed quality control issues at its European facilities that were resulting in higher production costs; (iii) the Company was experiencing a significant decline its European margins as a result of the foregoing; (iv) defendants' misrepresentations about the Company's disclosure controls were materially false and misleading; and (v) defendants lacked a reasonable basisfor their positive statements about the Company's European operations and business prospects during the Class Period. According to the Complaint, on August 5, 2011, the Company announced its financial results for the second quarter of fiscal 2011, in particular, net income of $282 million, or $1.15 per diluted common share - well below analysts' estimates. On that same day, a conference call between the Company and analysts and investors revealed that weaker than expected results were primarily caused by long standing, under-priced European customer contracts and quality control issues in Europe. In response to this news about the Company's European operations, the price of the Company's common stock closed at $39.42 per shareon August 5, 2011, compared to a close of $44.24 per share on August4, 2011.</p>", "original_content": "<entry xmlns=\"http://www.w3.org/2005/Atom\"><id>urn:contentItem:55M4-D571-DYTM-913G-00000-00</id><title>Rigrodsky &amp; Long, P.A. Announces A Securities Fraud Class Action Lawsuit Has Been Filed Against Magna International Inc.</title><published>2012-05-08T00:00:00Z</published><updated>2020-11-16T02:13:22Z</updated><author><name>LexisNexis</name></author><content type=\"application/xml\"><!--Transformation version 1.23--><articleDoc xmlns=\"\" xmlns:xsi=\"http://www.w3.org/2001/XMLSchema-instance\" xsi:noNamespaceSchemaLocation=\"http://www.lexisnexis.com/xmlschemas/content/public/articledoc/1/\" schemaVersion=\"1.8\" xml:lang=\"en\"><articleDocHead><itemInfo/></articleDocHead><nitf:body xmlns:nitf=\"http://iptc.org/std/NITF/2006-10-18/\"><nitf:body.head><nitf:hedline><nitf:hl1>Rigrodsky &amp; Long, P.A.Announces A Securities Fraud Class Action Lawsuit Has Been Filed Against Magna International Inc.</nitf:hl1></nitf:hedline></nitf:body.head><nitf:body.content><bodyText><p nitf:lede=\"true\">Byline: Benzinga Staff</p><p nitf:lede=\"true\">WILMINGTON, Del.--(BUSINESS WIRE)--</p><p nitf:lede=\"true\">Rigrodsky &amp; Long, P.A.announces that a complaint has been filed in the United States District Court for the Southern District of New York on behalf of all persons or entities that purchased the securities of Magna International Inc.(\"Magna International\" or the \"Company\") (NYSE:MGA) between January 12, 2011 and August 5, 2011 (the \"Class Period\"), alleging violations of the Securities Exchange Act of 1934 against the Company and certain of its officers and directors (the \"Complaint\").</p><p nitf:lede=\"true\">If you purchased shares of Magna Internationalduring the Class Period, or purchased shares prior to the Class Period and still hold Magna Internationalstock, and wish to discuss this action or have any questions concerning this notice or your rights or interests, please contact Scott J. Farrell, Esquire or Peter Allocco of Rigrodsky &amp; Long, P.A., 825 East Gate Boulevard, Suite 300, Garden City, NY at (888)969-4242, by e-mail to <email normalizedValue=\"mailto:info@rigrodskylong.com\">info@rigrodskylong.com</email>, or at: <url normalizedValue=\"http://www.rigrodskylong.com/investigations/magna-international-inc-mga\">http://www.rigrodskylong.com/investigations/magna-international-inc-mga</url>.</p><p>Magna International, a Canadian corporation headquartered in Aurora, Ontario, is a diversified global automotive supplier. The Company designs, develops and manufactures technologically advanced automotive systems, assemblies, modules and components, and engineers and assembles complete vehicles, primarily for sale to original equipment manufacturers of cars and light trucks.</p><p>The Complaint alleges that throughout the Class Period, defendantsmade materially false and misleading statements regarding the Company's business operations, financial condition and prospects. Specifically, the Complaint alleges that: (i) the Company had entered into long-term European customer contracts at steeply discounted prices; (ii)the Company was experiencing ongoing undisclosed quality control issues at its European facilities that were resulting in higher production costs; (iii) the Company was experiencing a significant decline its European margins as a result of the foregoing; (iv) defendants' misrepresentations about the Company's disclosure controls were materially false and misleading; and (v) defendants lacked a reasonable basisfor their positive statements about the Company's European operations and business prospects during the Class Period.</p><p>According to the Complaint, on August 5, 2011, the Company announced its financial results for the second quarter of fiscal 2011, in particular, net income of $282 million, or $1.15 per diluted common share - well below analysts' estimates. On that same day, a conference call between the Company and analysts and investors revealed that weaker than expected results were primarily caused by long standing, under-priced European customer contracts and quality control issues in Europe. In response to this news about the Company's European operations, the price of the Company's common stock closed at $39.42 per shareon August 5, 2011, compared to a close of $44.24 per share on August4, 2011.</p><p>If you wish to serve as lead plaintiff, you must move the Court nolater than July 3, 2012. A lead plaintiff is a representative party acting on behalf of other class members in directing the litigation. In order to be appointed lead plaintiff, the Court must determine that the class member's claim is typical of the claims of other class members, and that the class member will adequately represent the class.Your ability to share in any recovery is not, however, affected by the decision whether or not to serve as a lead plaintiff. Any member of the proposed class may move the court to serve as lead plaintiff through counsel of their choice, or may choose to do nothing and remainan absent class member.</p><p>While Rigrodsky &amp; Long, P.A.did not file the Complaint in this matter, the firm, with offices in Wilmington, Delaware and Garden City,New York, regularly litigates securities class, derivative and direct actions, shareholder rights litigation and corporate governance litigation, including claims for breach of fiduciary duty and proxy violations in the Delaware Court of Chancery and in state and federal courts throughout the United States.</p><p>Attorney advertising. Prior results do not guarantee a similar outcome.</p><p>Rigrodsky &amp; Long, P.A.</p><p>Scott J. Farrell, Esquire</p><p>Peter Allocco</p><p>888-969-4242</p><p>516-683-3516</p><p>Fax: 302-654-9430</p><p><email normalizedValue=\"mailto:info@rigrodskylong.com\">info@rigrodskylong.com</email></p><p><url normalizedValue=\"http://www.rigrodskylong.com\">http://www.rigrodskylong.com</url></p></bodyText></nitf:body.content></nitf:body><metadata><dc:metadata xmlns:dc=\"http://purl.org/dc/elements/1.1/\"><dc:identifier identifierScheme=\"DOC-ID\">ASAPII-</dc:identifier><dc:source sourceScheme=\"royaltyReportingKey\">ASAP 288999422</dc:source><dc:identifier identifierScheme=\"PGUID\">urn:contentItem:55M4-D571-DYTM-913G-00000-00</dc:identifier><dc:source sourceScheme=\"productContentSetIdentifier\">140610</dc:source><dc:date dateType=\"last-updated\">2020-04-02</dc:date></dc:metadata><wordCount number=\"733\"/><publicationInfo><copyright>Copyright 2012 Gale Group, Inc.<br/>All Rights Reserved</copyright><copyright>Copyright 2012 Accretive Capital LLC dba Benzinga.com</copyright><publicationName>Benzinga.com</publicationName><aggregationName>ASAP</aggregationName><publicationDate day=\"08\" month=\"05\" year=\"2012\"><dateText>May 8, 2012</dateText></publicationDate><classification classificationScheme=\"publicationtype\"><classificationItem><className>Newswire</className></classificationItem></classification><classification classificationScheme=\"publicationtype\"><classificationItem><className>Aggregate News Sources</className></classificationItem></classification></publicationInfo><classification classificationScheme=\"language\"><classificationItem classificationScheme=\"lang.english\"><className>ENGLISH</className></classificationItem></classification><classificationGroup classificationScheme=\"indexing-terms\"><classification classificationScheme=\"company\"><classificationItem score=\"95\"><classCode>CC000267G</classCode><className>MAGNA INTERNATIONAL INC</className></classificationItem><classificationItem score=\"94\"><classCode>CC000D2AD</classCode><className>RIGRODSKY &amp; LONG PA</className></classificationItem></classification><classification classificationScheme=\"industry\"><classificationItem score=\"95\"><className>NAICS336360 MOTOR VEHICLE SEATING &amp; INTERIOR TRIM MANUFACTURING</className></classificationItem><classificationItem score=\"95\"><className>NAICS336320 MOTOR VEHICLE ELECTRICAL &amp; ELECTRONIC EQUIPMENT MANUFACTURING</className></classificationItem><classificationItem score=\"95\"><className>NAICS336211 MOTOR VEHICLE BODY MANUFACTURING</className></classificationItem><classificationItem score=\"94\"><className>NAICS541110 OFFICES OF LAWYERS</className></classificationItem><classificationItem score=\"94\"><className>SIC8111 LEGAL SERVICES</className></classificationItem></classification><classification classificationScheme=\"ticker\"><classificationItem score=\"95\"><className>MGA (NYSE)</className></classificationItem><classificationItem score=\"95\"><className>MG (TSX)</className></classificationItem></classification></classificationGroup><classificationGroup classificationScheme=\"licensor.indexing-terms\"><classification classificationScheme=\"licensor.company\"><classificationItem><className>Magna International Inc.</className></classificationItem></classification><classification classificationScheme=\"licensor.country\"><classificationItem><className>Canada</className></classificationItem><classificationItem><className>New York</className></classificationItem></classification><classification classificationScheme=\"licensor.industry\"><classificationItem><className>BUS Business, general</className></classificationItem><classificationItem><className>SIC: 3714 Motor vehicle parts and accessories</className></classificationItem><classificationItem><className>NAICS: 3363 Motor Vehicle Parts Manufacturing</className></classificationItem><classificationItem><className>NAICS: 92212 Police Protection</className></classificationItem></classification><classification classificationScheme=\"licensor.product\"><classificationItem><className>(Motor Vehicle Parts)</className></classificationItem><classificationItem><className>(Fraud)</className></classificationItem></classification><classification classificationScheme=\"licensor.subject\"><classificationItem><className>Trade</className></classificationItem><classificationItem><className>Automotive parts industry</className></classificationItem><classificationItem><className>Class action lawsuits</className></classificationItem><classificationItem><className>Securities fraud</className></classificationItem><classificationItem><className>Fraud</className></classificationItem></classification></classificationGroup><classificationGroup classificationScheme=\"indexing-terms\"><classification classificationScheme=\"legal\"><classificationItem><className>Securities Law</className><classCode>Z3VpZD11cm46dG9waWM6RkFFMTQ3ODhCRDYyNDkyN0IwQkEyQzRCRDlFMEM5ODc7cGFyZW50Z3VpZD0</classCode><classificationItem score=\"50\"><className>Directors &amp; Officers</className><classCode>Z3VpZD11cm46dG9waWM6M0U3NzMxNDg3REE5NDFGQkJFMUM2MUFENDcwQzlDRUE7cGFyZW50Z3VpZD11cm46dG9waWM6NjUxQTc4OEJBM0M1NENBMzlCNkFFRUQ3N0ZBRUYwMTQ</classCode></classificationItem><classificationItem score=\"50\"><className>General Overview</className><classCode>Z3VpZD11cm46dG9waWM6Q0QyMUU5RUQ3QjRENEJEMDgxQjY4MTZFOEM5NTU4Qzg7cGFyZW50Z3VpZD11cm46dG9waWM6RUIzQjA3MTA3NDFENDVGNkIzNjVEM0IwNDNDMTkxOEQ</classCode></classificationItem><classificationItem score=\"50\"><className>Statutory Application &amp; Interpretation</className><classCode>Z3VpZD11cm46dG9waWM6NkRFN0VDMUU2REE3NDJBRUE3Rjk2MDk1RjM5RjVFOTc7cGFyZW50Z3VpZD11cm46dG9waWM6RDE4RDg3MEU3MzRGNEIyMkE5NkI5OEI3QzlBMDEwNjY</classCode></classificationItem></classificationItem></classification><classification classificationScheme=\"subject\"><classificationItem score=\"93\"><classCode>STX001648</classCode><className>SUITS &amp; CLAIMS</className><classCode/><className/></classificationItem><classificationItem score=\"91\"><classCode>STX000759</classCode><className>FRAUD &amp; FINANCIAL CRIME</className><classCode/><className/></classificationItem><classificationItem score=\"91\"><classCode>N541110GM</classCode><className>LAWYERS</className><classCode/><className/></classificationItem><classificationItem score=\"90\"><classCode>STX000304</classCode><className>CLASS ACTIONS</className><classCode>Z3VpZD11cm46dG9waWM6Mjk5M0Q3OEY2NkE3NDIwQzg4MDk1NUUxQUI5Nzc5NTU7cGFyZW50Z3VpZD11cm46dG9waWM6MDc3RDI0Njg5OEU2NEM5NzkxRUU2MjBEMDMyRkQ3Mzk</classCode><className>Class Actions</className></classificationItem><classificationItem score=\"90\"><classCode>ST0008XMR</classCode><className>LAW &amp; LEGAL SYSTEM</className><classCode/><className/></classificationItem><classificationItem score=\"90\"><classCode>STX001040</classCode><className>LITIGATION</className><classCode/><className/></classificationItem><classificationItem score=\"90\"><classCode>ST0009QD4</classCode><className>NEGATIVE BUSINESS NEWS</className><classCode/><className/></classificationItem><classificationItem score=\"90\"><classCode>ST0009FJK</classCode><className>NEGATIVE PERSONAL NEWS</className><classCode/><className/></classificationItem><classificationItem score=\"90\"><classCode>STX001976</classCode><className>SECURITIES &amp; OTHER INVESTMENTS</className><classCode/><className/></classificationItem><classificationItem score=\"89\"><classCode>STX001925</classCode><className>BUSINESS OPERATIONS</className><classCode/><className/></classificationItem><classificationItem score=\"89\"><classCode>STX000336</classCode><className>COMMON STOCK</className><classCode/><className/></classificationItem><classificationItem score=\"89\"><classCode>ST000DANR</classCode><className>FALSE STATEMENTS</className><classCode/><className/></classificationItem><classificationItem score=\"85\"><classCode>STX000340</classCode><className>COMPANY EARNINGS</className><classCode/><className/></classificationItem><classificationItem score=\"78\"><classCode>STX001928</classCode><className>COMPANY ACTIVITIES &amp; MANAGEMENT</className><classCode/><className/></classificationItem><classificationItem score=\"78\"><classCode>STX000969</classCode><className>INVESTIGATIONS</className><classCode/><className/></classificationItem><classificationItem score=\"78\"><classCode>ST000DIJW</classCode><className>PRICES</className><classCode/><className/></classificationItem><classificationItem score=\"77\"><classCode>N926150GC</classCode><className>BANKING &amp; FINANCE REGULATION</className><classCode/><className/></classificationItem><classificationItem score=\"77\"><classCode>STX001932</classCode><className>CRIME, LAW ENFORCEMENT &amp; CORRECTIONS</className><classCode/><className/></classificationItem><classificationItem score=\"72\"><classCode>N926150GM</classCode><className>SECURITIES LAW</className><classCode>Z3VpZD11cm46dG9waWM6RkFFMTQ3ODhCRDYyNDkyN0IwQkEyQzRCRDlFMEM5ODc7cGFyZW50Z3VpZD11cm46dG9waWM6MUFEMUQ2QTA1OUZCNEE5RjkzNTA2RERFMUNEOTk1RTI</classCode><className>Securities</className></classificationItem><classificationItem score=\"72\"><classCode>ST0009SMZ</classCode><className>US SECURITIES EXCHANGE ACT OF 1934</className><classCode>Z3VpZD11cm46dG9waWM6RUIzQjA3MTA3NDFENDVGNkIzNjVEM0IwNDNDMTkxOEQ7cGFyZW50Z3VpZD11cm46dG9waWM6RkFFMTQ3ODhCRDYyNDkyN0IwQkEyQzRCRDlFMEM5ODc</classCode><className>Postoffering &amp; Secondary Distributions</className></classificationItem><classificationItem score=\"68\"><classCode>STX000944</classCode><className>INTERIM FINANCIAL RESULTS</className><classCode/><className/></classificationItem><classificationItem score=\"67\"><classCode>ST0008X9K</classCode><className>INDUSTRY ANALYSTS</className><classCode/><className/></classificationItem><classificationItem score=\"66\"><classCode>STX001943</classCode><className>FINANCIAL PERFORMANCE &amp; REPORTS</className><classCode/><className/></classificationItem><classificationItem score=\"66\"><classCode>STX000718</classCode><className>FINANCIAL RESULTS</className><classCode/><className/></classificationItem></classification><classification classificationScheme=\"industry\"><classificationItem score=\"91\"><classCode>N541110GM</classCode><className>LAWYERS</className><classCode/><className/></classificationItem><classificationItem score=\"91\"><classCode>STX000138</classCode><classCode/><className/></classificationItem><classificationItem score=\"90\"><classCode>N336100CC</classCode><className>AUTOMOTIVE MFG</className><classCode/><className/></classificationItem><classificationItem score=\"90\"><classCode>STX000143</classCode><className>AUTOMOTIVE SUPPLIERS</className><classCode/><className/></classificationItem><classificationItem score=\"90\"><classCode>STX002014</classCode><className>MANUFACTURING</className><classCode/><className/></classificationItem><classificationItem score=\"90\"><classCode>N336360MM</classCode><className>MOTOR VEHICLE INTERIORS MFG</className><classCode/><className/></classificationItem><classificationItem score=\"90\"><classCode>N540000CC</classCode><className>PROFESSIONAL SERVICES</className><classCode/><className/></classificationItem><classificationItem score=\"90\"><classCode>STX001976</classCode><className>SECURITIES &amp; OTHER INVESTMENTS</className><classCode/><className/></classificationItem><classificationItem score=\"89\"><classCode>STX000336</classCode><className>COMMON STOCK</className><classCode/><className/></classificationItem><classificationItem score=\"77\"><classCode>N926150GC</classCode><className>BANKING &amp; FINANCE REGULATION</className><classCode/><className/></classificationItem><classificationItem score=\"77\"><classCode>N336300CC</classCode><className>MOTOR VEHICLE PARTS MFG</className><classCode/><className/></classificationItem><classificationItem score=\"77\"><classCode>STX001174</classCode><className>MOTOR VEHICLES</className><classCode/><className/></classificationItem><classificationItem score=\"76\"><classCode>STX000136</classCode><className>AUTOMOTIVE ELECTRONICS</className><classCode/><className/></classificationItem><classificationItem score=\"72\"><classCode>N336111MM</classCode><className>AUTOMOBILE MFG</className><classCode/><className/></classificationItem><classificationItem score=\"72\"><classCode>N926150GM</classCode><className>SECURITIES LAW</className><classCode>Z3VpZD11cm46dG9waWM6RkFFMTQ3ODhCRDYyNDkyN0IwQkEyQzRCRDlFMEM5ODc7cGFyZW50Z3VpZD11cm46dG9waWM6MUFEMUQ2QTA1OUZCNEE5RjkzNTA2RERFMUNEOTk1RTI</classCode><className>Securities</className></classificationItem><classificationItem score=\"72\"><classCode>ST0009SMZ</classCode><className>US SECURITIES EXCHANGE ACT OF 1934</className><classCode>Z3VpZD11cm46dG9waWM6RUIzQjA3MTA3NDFENDVGNkIzNjVEM0IwNDNDMTkxOEQ7cGFyZW50Z3VpZD11cm46dG9waWM6RkFFMTQ3ODhCRDYyNDkyN0IwQkEyQzRCRDlFMEM5ODc</classCode><className>Postoffering &amp; Secondary Distributions</className></classificationItem><classificationItem score=\"67\"><classCode>ST0008X9K</classCode><className>INDUSTRY ANALYSTS</className><classCode/><className/></classificationItem><classificationItem score=\"65\"><classCode>ST0008WT9</classCode><className>AUTOMAKERS</className><classCode/><className/></classificationItem><classificationItem score=\"50\"><classCode>ST000CP14</classCode><className>CONFERENCE CALLS</className><classCode/><className/></classificationItem></classification><classification classificationScheme=\"city\"><classificationItem score=\"58\"><classCode>ST000D276</classCode><className>WILMINGTON, DE, USA</className><classCode/><className/></classificationItem></classification><classification classificationScheme=\"state\"><classificationItem score=\"92\"><classCode>GS148</classCode><className>NEW YORK, USA</className><classCode/><className/></classificationItem><classificationItem score=\"79\"><classCode>GS123</classCode><className>DELAWARE, USA</className><classCode/><className/></classificationItem><classificationItem score=\"58\"><classCode>GS174</classCode><className>ONTARIO, CANADA</className><classCode/><className/></classificationItem></classification><classification classificationScheme=\"country\"><classificationItem score=\"92\"><classCode>GC339</classCode><className>CANADA</className><classCode/><className/></classificationItem><classificationItem score=\"79\"><classCode>GC343</classCode><className>UNITED STATES</className><classCode/><className/></classificationItem><classificationItem score=\"78\"><classCode>GT115</classCode><className>EUROPE</className><classCode/><className/></classificationItem><classificationItem score=\"68\"><classCode>GR169</classCode><className>SOUTHERN EUROPE</className><classCode/><className/></classificationItem></classification></classificationGroup></metadata></articleDoc></content></entry>"}