{"prediction_class": "Regulatory Breaches Tax Evasion Smuggling of goods", "prediction_score": "0.99", "name": "Magna International", "title": "Securities Lawyers Seek to Improve Shareholder Value of Magna International, Inc. by Potential Shareholder Claim, Announces Goldfarb LLP", "published": "2012-07-09T00:00:00Z", "updated": "2020-11-16T02:24:28Z", "cleaned_article": "[TITLE] Securities Lawyers Seek to Improve Shareholder Value of Magna International, Inc. by Potential Shareholder Claim, Announces Goldfarb LLP [TITLE] \n\nGoldfarb LLP is investigating whether the board of directors of Magna International, Inc.(NYSE: MGA) violated shareholder protection laws for issuing materially false and misleading statements to investors that artificially inflated the company's stock price. Concerned Magna Internationalinvestors who held shares before January 12, 2011 are encouraged to contact attorney Hamilton Lindley at 877-583-2855 or hlindley@goldfarbllp.com about their rights and remedies. \"The company is accused of misrepresenting facts about entering into long-term European customer contracts at steeply discounted prices, resulting in a significant decline in its European margins,\" securities lawyer Hamilton Lindley said. \"Our proposed shareholder lawsuit will seek to ensure that proper controls are placed to correct any improper behavior, and to improve the company's value for investors.\"", "raw_cleaned_article": "<h2>Securities Lawyers Seek to Improve Shareholder Value of Magna International, Inc. by Potential Shareholder Claim, Announces Goldfarb LLP</h2><p><b>Goldfarb LLP is investigating whether the board of directors of Magna International, Inc.(NYSE: MGA) violated shareholder protection laws for issuing materially false and misleading statements to investors that artificially inflated the company's stock price. Concerned Magna Internationalinvestors who held shares before January 12, 2011 are encouraged to contact attorney Hamilton Lindley at 877-583-2855 or hlindley@goldfarbllp.com about their rights and remedies.</b> \"The company is accused of misrepresenting facts about entering into long-term European customer contracts at steeply discounted prices, resulting in a significant decline in its European margins,\" securities lawyer Hamilton Lindley said. \"Our proposed shareholder lawsuit will seek to ensure that proper controls are placed to correct any improper behavior, and to improve the company's value for investors.\"</p>", "original_content": "<entry xmlns=\"http://www.w3.org/2005/Atom\"><id>urn:contentItem:562W-BKK1-F18Y-Y4GR-00000-00</id><title>Securities Lawyers Seek to Improve Shareholder Value of Magna International, Inc. by Potential Shareholder Claim, Announces Goldfarb LLP</title><published>2012-07-09T00:00:00Z</published><updated>2020-11-16T02:24:28Z</updated><author><name>LexisNexis</name></author><content type=\"application/xml\"><!--Transformation version 1.23--><articleDoc xmlns=\"\" xmlns:xsi=\"http://www.w3.org/2001/XMLSchema-instance\" xsi:noNamespaceSchemaLocation=\"http://www.lexisnexis.com/xmlschemas/content/public/articledoc/1/\" schemaVersion=\"1.8\" xml:lang=\"en\"><articleDocHead><itemInfo/></articleDocHead><nitf:body xmlns:nitf=\"http://iptc.org/std/NITF/2006-10-18/\"><nitf:body.head><nitf:hedline><nitf:hl1>Securities Lawyers Seek to Improve Shareholder Value of Magna International, Inc.by Potential Shareholder Claim, Announces Goldfarb LLP</nitf:hl1></nitf:hedline><nitf:dateline><location>DALLAS, July 9, 2012</location></nitf:dateline></nitf:body.head><nitf:body.content><bodyText><p nitf:lede=\"true\">Goldfarb LLP is investigating whether the board of directors of Magna International, Inc.(NYSE: MGA) violated shareholder protection laws for issuing materially false and misleading statements to investors that artificially inflated the company's stock price. Concerned Magna Internationalinvestors who held shares before January 12, 2011 are encouraged to contact attorney Hamilton Lindley at 877-583-2855 or <email normalizedValue=\"mailto:hlindley@goldfarbllp.com\">hlindley@goldfarbllp.com</email> about their rights and remedies.</p><p>\"The company is accused of misrepresenting facts about entering into long-term European customer contracts at steeply discounted prices, resulting in a significant decline in its European margins,\" securities lawyer Hamilton Lindley said. \"Our proposed shareholder lawsuit will seek to ensure that proper controls are placed to correct any improper behavior, and to improve the company's value for investors.\"</p><p>Goldfarb LLP lawyers have significant experience representing shareholders and whistleblowers in securities lawsuits nationwide. Magna International, Inc.shareholders - or anyone with knowledge about this situation - should contact lawyer Hamilton Lindley at <email normalizedValue=\"mailto:hlindley@goldfarbllp.com\">hlindley@goldfarbllp.com</email> or 877-583-2855.</p><p>Hamilton LindleyGoldfarb LLP2501 N. Harwood, Ste. 1801Dallas, TX 75201(877) 583-2855 Toll Free Telephone (214) 583-2233 Local Phone Number (214) 583-2234 Fax Number <email normalizedValue=\"mailto:hlindley@goldfarbllp.com\">hlindley@goldfarbllp.com</email><url normalizedValue=\"http://www.goldfarbllp.com\">www.goldfarbllp.com</url></p><p>SOURCE Goldfarb LLP</p></bodyText></nitf:body.content></nitf:body><metadata><dc:metadata xmlns:dc=\"http://purl.org/dc/elements/1.1/\"><dc:identifier identifierScheme=\"DOC-ID\">PRNEWS-DA36871</dc:identifier><dc:source sourceScheme=\"royaltyReportingKey\">PRNEWS2012</dc:source><dc:identifier identifierScheme=\"PGUID\">urn:contentItem:562W-BKK1-F18Y-Y4GR-00000-00</dc:identifier><dc:source sourceScheme=\"productContentSetIdentifier\">8054</dc:source><dc:date dateType=\"last-updated\">2020-03-17</dc:date></dc:metadata><wordCount number=\"234\"/><timeReceived>12:52 PM EST</timeReceived><publicationInfo><copyright>Copyright 2012 PR Newswire Association LLC All Rights Reserved</copyright><publicationName>PR Newswire</publicationName><url normalizedValue=\"http://www.prnewswire.com\">http://www.prnewswire.com</url><publicationDate day=\"09\" month=\"07\" year=\"2012\"><dateText>July 9, 2012 Monday</dateText></publicationDate><classification classificationScheme=\"publicationtype\"><classificationItem><className>Newswire</className></classificationItem></classification><classification classificationScheme=\"publicationtype\"><classificationItem><className>Newswires &amp; Press Releases</className></classificationItem></classification></publicationInfo><classification classificationScheme=\"language\"><classificationItem classificationScheme=\"lang.english\"><className>ENGLISH</className></classificationItem></classification><classificationGroup classificationScheme=\"indexing-terms\"><classification classificationScheme=\"company\"><classificationItem score=\"95\"><classCode>CC000267G</classCode><className>MAGNA INTERNATIONAL INC</className></classificationItem><classificationItem score=\"94\"><classCode>CC000CU15</classCode><className>GOLDFARB LLP</className></classificationItem></classification><classification classificationScheme=\"industry\"><classificationItem score=\"95\"><className>NAICS336360 MOTOR VEHICLE SEATING &amp; INTERIOR TRIM MANUFACTURING</className></classificationItem><classificationItem score=\"95\"><className>NAICS336320 MOTOR VEHICLE ELECTRICAL &amp; ELECTRONIC EQUIPMENT MANUFACTURING</className></classificationItem><classificationItem score=\"95\"><className>NAICS336211 MOTOR VEHICLE BODY MANUFACTURING</className></classificationItem><classificationItem score=\"94\"><className>NAICS541110 OFFICES OF LAWYERS</className></classificationItem><classificationItem score=\"94\"><className>SIC8111 LEGAL SERVICES</className></classificationItem></classification><classification classificationScheme=\"ticker\"><classificationItem score=\"95\"><className>MGA (NYSE)</className></classificationItem><classificationItem score=\"95\"><className>MG (TSX)</className></classificationItem></classification></classificationGroup><classificationGroup classificationScheme=\"licensor.indexing-terms\"><classification classificationScheme=\"licensor.company\"><classificationItem><className>Goldfarb LLP</className></classificationItem></classification><classification classificationScheme=\"licensor.industry\"><classificationItem><className>Banking; Financial Services</className></classificationItem></classification><classification classificationScheme=\"licensor.region\"><classificationItem><className>Texas</className></classificationItem></classification><classification classificationScheme=\"licensor.subject\"><classificationItem><className>TX-Goldfarb-LLP</className></classificationItem><classificationItem><className>Legal Issues</className></classificationItem></classification><classification classificationScheme=\"licensor.ticker\"><classificationItem><className>MGA</className><className>(NYSE)</className></classificationItem></classification></classificationGroup><classificationGroup classificationScheme=\"indexing-terms\"><classification classificationScheme=\"legal\"><classificationItem><className>Securities Law</className><classCode>Z3VpZD11cm46dG9waWM6RkFFMTQ3ODhCRDYyNDkyN0IwQkEyQzRCRDlFMEM5ODc7cGFyZW50Z3VpZD0</classCode><classificationItem score=\"50\"><className>Composition</className><classCode>Z3VpZD11cm46dG9waWM6QTk0QUUzRDU3N0Q4NEYyMEEwMjQ5MkNCMUM4ODc2MUY7cGFyZW50Z3VpZD11cm46dG9waWM6MTA5NzZFOEE4NUFGNDk0NjgzQzhEMEExMjU2RUNDMjc</classCode></classificationItem></classificationItem></classification><classification classificationScheme=\"subject\"><classificationItem score=\"93\"><classCode>N541110GM</classCode><className>LAWYERS</className><classCode/><className/></classificationItem><classificationItem score=\"91\"><classCode>STX001561</classCode><className>SHAREHOLDERS</className><classCode>Z3VpZD11cm46dG9waWM6NEI2QjYxNjkwMTkzNDhFRUExNjlFRjVFRUU3NDhBQkE7cGFyZW50Z3VpZD11cm46dG9waWM6MDQ3M0RFODczN0I4NDg2RjlFRDNFMUNBODRDQTU0Q0E</classCode><className>Shareholders</className></classificationItem><classificationItem score=\"90\"><classCode>ST000DLX8</classCode><className>BUSINESS INVESTIGATIONS</className><classCode/><className/></classificationItem><classificationItem score=\"90\"><classCode>ST000DANR</classCode><className>FALSE STATEMENTS</className><classCode/><className/></classificationItem><classificationItem score=\"90\"><classCode>ST0008XMR</classCode><className>LAW &amp; LEGAL SYSTEM</className><classCode/><className/></classificationItem><classificationItem score=\"90\"><classCode>STX001040</classCode><className>LITIGATION</className><classCode/><className/></classificationItem><classificationItem score=\"90\"><classCode>ST0009QD4</classCode><className>NEGATIVE BUSINESS NEWS</className><classCode/><className/></classificationItem><classificationItem score=\"90\"><classCode>STX001372</classCode><className>PRESS RELEASES</className><classCode/><className/></classificationItem><classificationItem score=\"90\"><classCode>STX001976</classCode><className>SECURITIES &amp; OTHER INVESTMENTS</className><classCode/><className/></classificationItem><classificationItem score=\"90\"><classCode>STX001559</classCode><className>SHAREHOLDER LAWSUITS</className><classCode/><className/></classificationItem><classificationItem score=\"90\"><classCode>STX001560</classCode><className>SHAREHOLDER RIGHTS</className><classCode/><className/></classificationItem><classificationItem score=\"90\"><classCode>ST000CZTI</classCode><className>STOCK PRICES</className><classCode/><className/></classificationItem><classificationItem score=\"90\"><classCode>STX001648</classCode><className>SUITS &amp; CLAIMS</className><classCode/><className/></classificationItem><classificationItem score=\"78\"><classCode>STX000194</classCode><className>BOARDS OF DIRECTORS</className><classCode/><className/></classificationItem><classificationItem score=\"78\"><classCode>STX000969</classCode><className>INVESTIGATIONS</className><classCode/><className/></classificationItem><classificationItem score=\"78\"><classCode>ST000DIJW</classCode><className>PRICES</className><classCode/><className/></classificationItem><classificationItem score=\"77\"><classCode>STX000408</classCode><className>CORPORATE WRONGDOING</className><classCode/><className/></classificationItem><classificationItem score=\"71\"><classCode>ST000D1CF</classCode><className>WHISTLEBLOWERS</className><classCode/><className/></classificationItem></classification><classification classificationScheme=\"industry\"><classificationItem score=\"93\"><classCode>N541110GM</classCode><className>LAWYERS</className><classCode/><className/></classificationItem><classificationItem score=\"90\"><classCode>N336360MM</classCode><className>MOTOR VEHICLE INTERIORS MFG</className><classCode/><className/></classificationItem><classificationItem score=\"90\"><classCode>N540000CC</classCode><className>PROFESSIONAL SERVICES</className><classCode/><className/></classificationItem><classificationItem score=\"90\"><classCode>STX001976</classCode><className>SECURITIES &amp; OTHER INVESTMENTS</className><classCode/><className/></classificationItem><classificationItem score=\"90\"><classCode>ST000CZTI</classCode><className>STOCK PRICES</className><classCode/><className/></classificationItem><classificationItem score=\"78\"><classCode>N520000CC</classCode><className>BANKING &amp; FINANCE</className><classCode/><className/></classificationItem></classification><classification classificationScheme=\"city\"><classificationItem score=\"74\"><classCode>GX592</classCode><className>DALLAS, TX, USA</className><classCode/><className/></classificationItem></classification><classification classificationScheme=\"state\"><classificationItem score=\"90\"><classCode>GS159</classCode><className>TEXAS, USA</className><classCode/><className/></classificationItem></classification></classificationGroup></metadata></articleDoc></content></entry>"}