{"prediction_class": "Regulatory Breaches Tax Evasion Smuggling of goods", "prediction_score": "0.99", "name": "Magna International", "title": "The Law Firm of Levi & Korsinsky Notifies Investors With Losses on Their Investment in Magna International Inc. of Class Action Lawsuit and the Deadline of July 3, 2012 to Seek a Lead Plaintiff Position", "published": "2012-05-07T00:00:00Z", "updated": "2020-11-16T02:16:35Z", "cleaned_article": "[TITLE] The Law Firm of Levi & Korsinsky Notifies Investors With Losses on Their Investment in Magna International Inc. of Class Action Lawsuit and the Deadline of July 3, 2012 to Seek a Lead Plaintiff Position [TITLE] \n\nLevi & Korsinsky announces that a class action lawsuit has commenced in the United States District Court for the Southern District of New York on behalf of investors who purchased Magna International Inc.(\"Magna\" or the \"Company\") (NYSE: MGA) securities between January 12, 2011 and August 5, 2011.  For more information, click here: http://zlk.9nl.com/magna-international-mga. There is no cost or obligation to you. The complaint alleges that during the Class Period Magna and certain of its executives issued materially false and misleading statements regarding the Company's business and financial results. In particular, the complaint alleges that the Company (i) entered into long-term European customer contracts at steeply discounted prices; (ii) was experiencing ongoing undisclosed quality control issues at its European facilities that resulted in higher production costs; (iii) that Magna was experiencing a significant decline in its European margins; (iv) that defendants' representations about the Company's disclosure controls were materially false and misleading; and (v) that defendants lacked a reasonable basis for their positive statements about the Company's European operations and business prospects. In response to the news about the Company's European operations, the price of Magna common stock dropped from $44.24 per share on August 4, 2011 to $39.42 on August 5, 2011.", "raw_cleaned_article": "<h2>The Law Firm of Levi & Korsinsky Notifies Investors With Losses on Their Investment in Magna International Inc. of Class Action Lawsuit and the Deadline of July 3, 2012 to Seek a Lead Plaintiff Position</h2><p><b>Levi & Korsinsky announces that a class action lawsuit has commenced in the United States District Court for the Southern District of New York on behalf of investors who purchased Magna International Inc.(\"Magna\" or the \"Company\") (NYSE: MGA) securities between January 12, 2011 and August 5, 2011. </b> For more information, click here: http://zlk.9nl.com/magna-international-mga. There is no cost or obligation to you. The complaint alleges that during the Class Period Magna and certain of its executives issued materially false and misleading statements regarding the Company's business and financial results. In particular, the complaint alleges that the Company (i) entered into long-term European customer contracts at steeply discounted prices; (ii) was experiencing ongoing undisclosed quality control issues at its European facilities that resulted in higher production costs; (iii) that Magna was experiencing a significant decline in its European margins; (iv) that defendants' representations about the Company's disclosure controls were materially false and misleading; and (v) that defendants lacked a reasonable basis for their positive statements about the Company's European operations and business prospects. In response to the news about the Company's European operations, the price of Magna common stock dropped from $44.24 per share on August 4, 2011 to $39.42 on August 5, 2011.</p>", "original_content": "<entry xmlns=\"http://www.w3.org/2005/Atom\"><id>urn:contentItem:55KF-5N31-DYR7-T211-00000-00</id><title>The Law Firm of Levi &amp; Korsinsky Notifies Investors With Losses on Their Investment in Magna International Inc. of Class Action Lawsuit and the Deadline of July 3, 2012 to Seek a Lead Plaintiff Position</title><published>2012-05-07T00:00:00Z</published><updated>2020-11-16T02:16:35Z</updated><author><name>LexisNexis</name></author><content type=\"application/xml\"><!--Transformation version 1.23--><articleDoc xmlns=\"\" xmlns:xsi=\"http://www.w3.org/2001/XMLSchema-instance\" xsi:noNamespaceSchemaLocation=\"http://www.lexisnexis.com/xmlschemas/content/public/articledoc/1/\" schemaVersion=\"1.8\" xml:lang=\"en\"><articleDocHead><itemInfo/></articleDocHead><nitf:body xmlns:nitf=\"http://iptc.org/std/NITF/2006-10-18/\"><nitf:body.head><nitf:hedline><nitf:hl1>The Law Firm of Levi &amp; Korsinsky Notifies Investors With Losses on Their Investment in Magna International Inc.of Class Action Lawsuit and the Deadline of July 3, 2012 to Seek a Lead Plaintiff Position</nitf:hl1></nitf:hedline><nitf:dateline><location>NEW YORK, NY;</location> May 07, 2012</nitf:dateline></nitf:body.head><nitf:body.content><bodyText><p nitf:lede=\"true\">Levi &amp; Korsinsky announces that a class action lawsuit has commenced in the United States District Court for the Southern District of New York on behalf of investors who purchased Magna International Inc.(\"Magna\" or the \"Company\") (NYSE: MGA) securities between January 12, 2011 and August 5, 2011. </p><p>For more information, click here: <url normalizedValue=\"http://zlk.9nl.com/magna-international-mga\">http://zlk.9nl.com/magna-international-mga</url>. There is no cost or obligation to you.</p><p>The complaint alleges that during the Class Period Magna and certain of its executives issued materially false and misleading statements regarding the Company's business and financial results. In particular, the complaint alleges that the Company (i) entered into long-term European customer contracts at steeply discounted prices; (ii) was experiencing ongoing undisclosed quality control issues at its European facilities that resulted in higher production costs; (iii) that Magna was experiencing a significant decline in its European margins; (iv) that defendants' representations about the Company's disclosure controls were materially false and misleading; and (v) that defendants lacked a reasonable basis for their positive statements about the Company's European operations and business prospects. In response to the news about the Company's European operations, the price of Magna common stock dropped from $44.24 per share on August 4, 2011 to $39.42 on August 5, 2011.</p><p>If you suffered a loss in Magna you have until July 3, 2012 to request that the Court appoint you as lead plaintiff. Your ability to share in any recovery doesn't require that you serve as a lead plaintiff. To obtain additional information, contact Joseph E. Levi, Esq. either via email at <email normalizedValue=\"mailto:jlevi@zlk.com\">jlevi@zlk.com</email> or by telephone at (877) 363-5972, or visit <url normalizedValue=\"http://zlk.9nl.com/magna-international-mga\">http://zlk.9nl.com/magna-international-mga</url>.</p><p>Levi &amp; Korsinsky is a national firm with offices in New York and Washington D.C. The firm has extensive expertise in prosecuting securities litigation involving financial fraud, representing investors throughout the nation in securities and shareholder lawsuits. For more information, please feel free to contact any of the attorneys listed below. Attorney advertising. Prior results do not guarantee similar outcomes.</p><p><pre xml:space=\"preserve\"><br/> CONTACT: <br/> Levi &amp; Korsinsky, LLP<br/> Joseph Levi, Esq.<br/> Eduard Korsinsky, Esq.<br/> 30 Broad Street - 24th Floor <br/> New York, NY 10004 <br/> Tel: (212) 363-7500<br/> Toll Free: (877) 363-5972<br/> Fax: (212) 363-7171<br/><url normalizedValue=\"http://www.zlk.com\">www.zlk.com</url> <br/><br/></pre></p><p>SOURCE: Levi &amp; Korsinsky, LLP</p></bodyText></nitf:body.content></nitf:body><metadata><dc:metadata xmlns:dc=\"http://purl.org/dc/elements/1.1/\"><dc:identifier identifierScheme=\"DOC-ID\">MKTWRE-12884226</dc:identifier><dc:source sourceScheme=\"royaltyReportingKey\">MKTWRE2012</dc:source><dc:identifier identifierScheme=\"PGUID\">urn:contentItem:55KF-5N31-DYR7-T211-00000-00</dc:identifier><dc:source sourceScheme=\"productContentSetIdentifier\">242824</dc:source><dc:date dateType=\"last-updated\">2018-01-06</dc:date></dc:metadata><wordCount number=\"406\"/><timeReceived>11:50 AM GMT</timeReceived><publicationInfo><copyright>Copyright 2012 Marketwire, Inc. All Rights Reserved</copyright><publicationName>Marketwire</publicationName><publicationDate day=\"07\" month=\"05\" year=\"2012\"><dateText>May 7, 2012 Monday</dateText></publicationDate><classification classificationScheme=\"publicationtype\"><classificationItem><className>Newswire</className></classificationItem></classification><classification classificationScheme=\"publicationtype\"><classificationItem><className>Newswires &amp; Press Releases</className></classificationItem></classification></publicationInfo><classification classificationScheme=\"language\"><classificationItem classificationScheme=\"lang.english\"><className>ENGLISH</className></classificationItem></classification><classificationGroup classificationScheme=\"indexing-terms\"><classification classificationScheme=\"company\"><classificationItem score=\"94\"><classCode>CC000267G</classCode><className>MAGNA INTERNATIONAL INC</className></classificationItem><classificationItem score=\"94\"><classCode>CC000CJXX</classCode><className>LEVI &amp; KORSINSKY LLP</className></classificationItem><classificationItem score=\"58\"><classCode>CC000CKXS</classCode><className>THE LAW FIRM OF RAMSEY SKILES &amp; STREVA</className></classificationItem></classification><classification classificationScheme=\"ticker\"><classificationItem score=\"94\"><className>MGA (NYSE)</className></classificationItem><classificationItem score=\"94\"><className>MG (TSX)</className></classificationItem></classification></classificationGroup><classificationGroup classificationScheme=\"licensor.indexing-terms\"><classification classificationScheme=\"licensor.company\"><classificationItem><className>Levi &amp; Korsinsky, LLP</className></classificationItem></classification><classification classificationScheme=\"licensor.subject\"><classificationItem><className>Professional Services</className></classificationItem><classificationItem><className>Legal</className></classificationItem></classification><classification classificationScheme=\"licensor.ticker\"><classificationItem><className>MGA</className><className>NYSE</className></classificationItem></classification></classificationGroup><classificationGroup classificationScheme=\"indexing-terms\"><classification classificationScheme=\"legal\"><classificationItem><className>Securities Law</className><classCode>Z3VpZD11cm46dG9waWM6RkFFMTQ3ODhCRDYyNDkyN0IwQkEyQzRCRDlFMEM5ODc7cGFyZW50Z3VpZD0</classCode><classificationItem score=\"50\"><className>Class Actions</className><classCode>Z3VpZD11cm46dG9waWM6MTE2NjQ1MkIzOEJENDI5RDg5RUExRjY2Mjc5NUQyMDY7cGFyZW50Z3VpZD11cm46dG9waWM6QjMxRDFBMTgwMDFFNEFBQTlCNTgzMTY0MzY4QkU4QUQ</classCode></classificationItem></classificationItem></classification><classification classificationScheme=\"subject\"><classificationItem score=\"91\"><classCode>STX001648</classCode><className>SUITS &amp; CLAIMS</className><classCode/><className/></classificationItem><classificationItem score=\"90\"><classCode>STX001040</classCode><className>LITIGATION</className><classCode/><className/></classificationItem><classificationItem score=\"89\"><classCode>N541110GM</classCode><className>LAWYERS</className><classCode/><className/></classificationItem><classificationItem score=\"89\"><classCode>ST000DANR</classCode><className>FALSE STATEMENTS</className><classCode/><className/></classificationItem><classificationItem score=\"88\"><classCode>N541100CC</classCode><className>LEGAL SERVICES</className><classCode/><className/></classificationItem><classificationItem score=\"78\"><classCode>N922110CC</classCode><className>LAW COURTS &amp; TRIBUNALS</className><classCode/><className/></classificationItem><classificationItem score=\"78\"><classCode>STX000106</classCode><className>APPOINTMENTS</className><classCode/><className/></classificationItem><classificationItem score=\"78\"><classCode>ST000DIJW</classCode><className>PRICES</className><classCode/><className/></classificationItem><classificationItem score=\"77\"><classCode>STX001561</classCode><className>SHAREHOLDERS</className><classCode>Z3VpZD11cm46dG9waWM6NEI2QjYxNjkwMTkzNDhFRUExNjlFRjVFRUU3NDhBQkE7cGFyZW50Z3VpZD11cm46dG9waWM6MDQ3M0RFODczN0I4NDg2RjlFRDNFMUNBODRDQTU0Q0E</classCode><className>Shareholders</className></classificationItem><classificationItem score=\"75\"><classCode>STX001008</classCode><className>LAW PRACTICE</className><classCode/><className/></classificationItem><classificationItem score=\"75\"><classCode>STX000718</classCode><className>FINANCIAL RESULTS</className><classCode/><className/></classificationItem><classificationItem score=\"73\"><classCode>STX001559</classCode><className>SHAREHOLDER LAWSUITS</className><classCode/><className/></classificationItem><classificationItem score=\"70\"><classCode>STX001943</classCode><className>FINANCIAL PERFORMANCE &amp; REPORTS</className><classCode/><className/></classificationItem></classification><classification classificationScheme=\"industry\"><classificationItem score=\"89\"><classCode>N541110GM</classCode><className>LAWYERS</className><classCode/><className/></classificationItem><classificationItem score=\"88\"><classCode>N541100CC</classCode><className>LEGAL SERVICES</className><classCode/><className/></classificationItem><classificationItem score=\"77\"><classCode>STX000336</classCode><className>COMMON STOCK</className><classCode/><className/></classificationItem><classificationItem score=\"77\"><classCode>ST000CZTI</classCode><className>STOCK PRICES</className><classCode/><className/></classificationItem><classificationItem score=\"75\"><classCode>STX001008</classCode><className>LAW PRACTICE</className><classCode/><className/></classificationItem></classification><classification classificationScheme=\"city\"><classificationItem score=\"79\"><classCode>GX601</classCode><className>NEW YORK, NY, USA</className><classCode/><className/></classificationItem></classification><classification classificationScheme=\"state\"><classificationItem score=\"90\"><classCode>GS148</classCode><className>NEW YORK, USA</className><classCode/><className/></classificationItem><classificationItem score=\"78\"><classCode>GS124</classCode><className>DISTRICT OF COLUMBIA, USA</className><classCode/><className/></classificationItem></classification><classification classificationScheme=\"country\"><classificationItem score=\"92\"><classCode>GC343</classCode><className>UNITED STATES</className><classCode/><className/></classificationItem><classificationItem score=\"87\"><classCode>GR169</classCode><className>SOUTHERN EUROPE</className><classCode/><className/></classificationItem></classification></classificationGroup></metadata></articleDoc></content></entry>"}