{"prediction_class": "Offensive Social Behaviour", "prediction_score": "0.81", "name": "Magna International", "title": "Strip Clubs Under Siege as Salesman's Haven", "published": "1997-09-20T00:00:00Z", "updated": "2020-11-16T02:28:31Z", "cleaned_article": "[TITLE] Strip Clubs Under Siege as Salesman's Haven [TITLE] \n\nThe phenomenon is not limited to Detroit, of course; every major American city has its share of topless clubs that cater to business crowds. And a 1995 survey by Sales & Marketing Management magazine -- though limited to a small sampling of 228 people nationwide -- found that 49 percent of the men polled had entertained clients in topless bars, but only 5 percent of the 66 saleswomen had. Still, many women and men disapprove of strip bars as a place to do business, and not just because they think it demeans women. They say corporate tolerance of a male ritual in which suppliers and buyers whoop it up in a sexually charged atmosphere discriminates against women and can encourage lewd behavior in the workplace after the alcohol-lubricated festivities end. Both of the lawsuits were filed in Wayne County Circuit Court in Detroit by women who had been dismissed from their jobs at Magna International Inc., the fifth-biggest auto-parts supplier in North America last year. Both suits contend that the plaintiffs and their fellow female workers faced discrimination and harassment in part because their male counterparts routinely entertained auto executives at strip clubs to help the company win contracts. Law professors and women's rights advocates said they knew of no other court cases making arguments similar to those put forward in Detroit. In the more recent complaint, filed in June, Judith M. Copeland, who worked in the accounting office of a branch of Magna called Atoma International of America Inc., accused the company of sexual harassment, retaliation, age discrimination and other charges. [...] \n\nIn her lawsuit, Ms. Beno complained that her \"male co-workers were reimbursed in excess of $40,000 annually for meals and entertainment of customers,\" but that she was allotted a budget of just $6,000. And while the men spent thousands of dollars in strip bars, the company refused to reimburse her for $200 she spent taking her customers to an ice-skating show, the complaint contends. She is seeking $23.25 million in damages. The stakes could go higher. Ms. Beno's lawyer, Wendy K. Turner, said in court earlier this month that she anticipated naming General Motors and Chrysler in the suit because their employees asked to be taken to lunch at strip clubs, and therefore \"aided, abetted, incited, coerced and I'm saying compelled\" the harassment. Magna, a $4.2 billion Canadian company that makes everything from seats and mirrors for Chrysler mini-vans to running boards for the Ford Explorer, declined to comment on the specific accusations or say why they dismissed the women but said it would defend itself vigorously in court. \"With regards to allegations of improper entertainment policies, Magna International supports and abides by our customers' policies,\" the company said in a statement. Magna's lawyer, Timothy H. Howlett, did not return repeated phone calls seeking comment. But in a court appearance earlier this month, he said, \"It's undisputed that employees of defendant and customers went to topless establishments.\" Expense account records and charge card receipts filed in the case make that abundantly clear. They show that four Magna salesmen made repeated visits to topless bars -- sometimes several a week -- and they list guests from the Big Three auto makers. One salesman, David Wojie, listed a $310 lunch at Trumpps, a Detroit strip club, for three G.M. managers when Magna was trying to win work on G.M.'s 1999 full-sized pickup truck. Another salesman, David L. Bitondo, had a $255 tab at Trumpps for entertaining Ford Motor managers as part of his work on the 1998 Ranger pickup truck account. Scott J. Priest spent $317.50 at Trumpps with three G.M. employees working on the 1999 truck, according to his expense account. And Ray Iavasile, a salesman, listed a $645 tab for entertaining Chrysler managers at Trumpps while he worked on a contract for mini-van seats.", "raw_cleaned_article": "<h2>Strip Clubs Under Siege as Salesman's Haven</h2><p>The phenomenon is not limited to Detroit, of course; every major American city has its share of topless clubs that cater to business crowds. And a 1995 survey by Sales & Marketing Management magazine -- though limited to a small sampling of 228 people nationwide -- found that 49 percent of the men polled had entertained clients in topless bars, but only 5 percent of the 66 saleswomen had. Still, many women and men disapprove of strip bars as a place to do business, and not just because they think it demeans women. They say corporate tolerance of a male ritual in which suppliers and buyers whoop it up in a sexually charged atmosphere discriminates against women and can encourage lewd behavior in the workplace after the alcohol-lubricated festivities end. <b>Both of the lawsuits were filed in Wayne County Circuit Court in Detroit by women who had been dismissed from their jobs at Magna International Inc., the fifth-biggest auto-parts supplier in North America last year. Both suits contend that the plaintiffs and their fellow female workers faced discrimination and harassment in part because their male counterparts routinely entertained auto executives at strip clubs to help the company win contracts.</b> Law professors and women's rights advocates said they knew of no other court cases making arguments similar to those put forward in Detroit. In the more recent complaint, filed in June, Judith M. Copeland, who worked in the accounting office of a branch of Magna called Atoma International of America Inc., accused the company of sexual harassment, retaliation, age discrimination and other charges.</p><p>[...]</p><p>In her lawsuit, Ms. Beno complained that her \"male co-workers were reimbursed in excess of $40,000 annually for meals and entertainment of customers,\" but that she was allotted a budget of just $6,000. And while the men spent thousands of dollars in strip bars, the company refused to reimburse her for $200 she spent taking her customers to an ice-skating show, the complaint contends. She is seeking $23.25 million in damages. The stakes could go higher. Ms. Beno's lawyer, Wendy K. Turner, said in court earlier this month that she anticipated naming General Motors and Chrysler in the suit because their employees asked to be taken to lunch at strip clubs, and therefore \"aided, abetted, incited, coerced and I'm saying compelled\" the harassment. <b>Magna, a $4.2 billion Canadian company that makes everything from seats and mirrors for Chrysler mini-vans to running boards for the Ford Explorer, declined to comment on the specific accusations or say why they dismissed the women but said it would defend itself vigorously in court. \"With regards to allegations of improper entertainment policies, Magna International supports and abides by our customers' policies,\" the company said in a statement.</b> Magna's lawyer, Timothy H. Howlett, did not return repeated phone calls seeking comment. But in a court appearance earlier this month, he said, \"It's undisputed that employees of defendant and customers went to topless establishments.\" Expense account records and charge card receipts filed in the case make that abundantly clear. They show that four Magna salesmen made repeated visits to topless bars -- sometimes several a week -- and they list guests from the Big Three auto makers. One salesman, David Wojie, listed a $310 lunch at Trumpps, a Detroit strip club, for three G.M. managers when Magna was trying to win work on G.M.'s 1999 full-sized pickup truck. Another salesman, David L. Bitondo, had a $255 tab at Trumpps for entertaining Ford Motor managers as part of his work on the 1998 Ranger pickup truck account. Scott J. Priest spent $317.50 at Trumpps with three G.M. employees working on the 1999 truck, according to his expense account. And Ray Iavasile, a salesman, listed a $645 tab for entertaining Chrysler managers at Trumpps while he worked on a contract for mini-van seats.</p>", "original_content": "<entry xmlns=\"http://www.w3.org/2005/Atom\"><id>urn:contentItem:3SP8-4NV0-000P-N2BN-00000-00</id><title>Strip Clubs Under Siege as Salesman's Haven</title><published>1997-09-20T00:00:00Z</published><updated>2020-11-16T02:28:31Z</updated><author><name>LexisNexis</name></author><content type=\"application/xml\"><!--Transformation version 1.23--><articleDoc xmlns=\"\" xmlns:xsi=\"http://www.w3.org/2001/XMLSchema-instance\" xsi:noNamespaceSchemaLocation=\"http://www.lexisnexis.com/xmlschemas/content/public/articledoc/1/\" schemaVersion=\"1.8\" xml:lang=\"en\"><articleDocHead><itemInfo><sourceSectionInfo><positionSection>Section A;\u00a0</positionSection></sourceSectionInfo><sourceSectionInfo><positionSection>Section A;\u00a0Page 1;\u00a0Column 2;\u00a0Business/Financial Desk\u00a0</positionSection></sourceSectionInfo><nitf:fixture xmlns:nitf=\"http://iptc.org/std/NITF/2006-10-18/\">Column 2;\u00a0</nitf:fixture><distribution>Business/Financial Desk\u00a0</distribution></itemInfo></articleDocHead><nitf:body xmlns:nitf=\"http://iptc.org/std/NITF/2006-10-18/\"><nitf:body.head><nitf:hedline><nitf:hl1>Strip Clubs Under Siege as Salesman's Haven</nitf:hl1></nitf:hedline><nitf:byline>By ROBYN MEREDITH\u00a0</nitf:byline><nitf:byline>By ROBYN MEREDITH\u00a0</nitf:byline><nitf:dateline>DETROIT, Sept. 19</nitf:dateline></nitf:body.head><nitf:body.content><bodyText><p nitf:lede=\"true\">In recent years, women have fought their way into male enclaves like private clubs and golf courses where business is discussed. But most still steer clear of another male bastion of business wheeling and dealing: the bars and restaurants where topless dancers gyrate across stages, swing around poles and cozy up to customers.</p><p nitf:lede=\"true\">Now, as more women enter industries and professions that were once mostly male preserves, the practice of wining and dining business customers in topless bars is coming under assault in two unusual lawsuits here, to the discomfort of the Big Three auto makers and their giant suppliers.</p><p>Visiting the clubs has always been a popular pastime in Detroit, the heart of America's historically macho automobile industry and the home of about 75 strip joints, most a short drive away from the offices of auto makers or their suppliers.</p><p>Many salesmen love these strip clubs because they speed up the male bonding that can lead to lucrative contracts. And many of their guests love them, too. \"You get a bunch of guys in a room who don't know each other, you get drunk and look at naked women and the next day you're great friends,\" said Dave M. Kirchoff, who works at Capitol Design Inc. in Warren, Mich., and helped design the assembly lines for car doors at the Saturn division of the General Motors Corporation. Mr. Kirchoff, nursing a beer at Jon-Jon's, a local strip club, says he has entertained auto executives at topless bars.</p><p>The phenomenon is not limited to Detroit, of course; every major American city has its share of topless clubs that cater to business crowds. And a 1995 survey by Sales &amp; Marketing Management magazine -- though limited to a small sampling of 228 people nationwide -- found that 49 percent of the men polled had entertained clients in topless bars, but only 5 percent of the 66 saleswomen had.</p><p>Still, many women and men disapprove of strip bars as a place to do business, and not just because they think it demeans women. They say corporate tolerance of a male ritual in which suppliers and buyers whoop it up in a sexually charged atmosphere discriminates against women and can encourage lewd behavior in the workplace after the alcohol-lubricated festivities end.</p><p>Both of the lawsuits were filed in Wayne County Circuit Court in Detroit by women who had been dismissed from their jobs at Magna International Inc., the fifth-biggest auto-parts supplier in North America last year. Both suits contend that the plaintiffs and their fellow female workers faced discrimination and harassment in part because their male counterparts routinely entertained auto executives at strip clubs to help the company win contracts.</p><p>Law professors and women's rights advocates said they knew of no other court cases making arguments similar to those put forward in Detroit.</p><p>In the more recent complaint, filed in June, Judith M. Copeland, who worked in the accounting office of a branch of Magna called Atoma International of America Inc., accused the company of sexual harassment, retaliation, age discrimination and other charges.</p><p>In a brief filed last week, Mrs. Copeland's lawyer, James C. Curtiss, said Magna's employees \"interjected sex into their sales activities with the major automobile companies, regularly entertaining employees of the Big Three at strip bars, and paying for food, beverages and sexual favors for themselves and their customers and deducting the cost as business expenses.\" After heavy drinking, he added, Magna's salesmen would \"return to the workplace and sexually harass the female employees.\"</p><p>In the earlier lawsuit, filed last October, Lorrie Beno, a Magna saleswoman, said that she had faced sexual discrimination and sexual harassment in her work at the office of Atoma International in Livonia, Mich., and that she had been retaliated against after she complained. Ms. Beno sued Atoma, Magna and its sales division, Mimco Inc., after she was suspended in March 1996.</p><p>In her lawsuit, Ms. Beno complained that her \"male co-workers were reimbursed in excess of $40,000 annually for meals and entertainment of customers,\" but that she was allotted a budget of just $6,000. And while the men spent thousands of dollars in strip bars, the company refused to reimburse her for $200 she spent taking her customers to an ice-skating show, the complaint contends. She is seeking $23.25 million in damages.</p><p>The stakes could go higher. Ms. Beno's lawyer, Wendy K. Turner, said in court earlier this month that she anticipated naming General Motors and Chrysler in the suit because their employees asked to be taken to lunch at strip clubs, and therefore \"aided, abetted, incited, coerced and I'm saying compelled\" the harassment.</p><p>Magna, a $4.2 billion Canadian company that makes everything from seats and mirrors for Chrysler mini-vans to running boards for the Ford Explorer, declined to comment on the specific accusations or say why they dismissed the women but said it would defend itself vigorously in court. \"With regards to allegations of improper entertainment policies, Magna International supports and abides by our customers' policies,\" the company said in a statement.</p><p>Magna's lawyer, Timothy H. Howlett, did not return repeated phone calls seeking comment. But in a court appearance earlier this month, he said, \"It's undisputed that employees of defendant and customers went to topless establishments.\"</p><p>Expense account records and charge card receipts filed in the case make that abundantly clear. They show that four Magna salesmen made repeated visits to topless bars -- sometimes several a week -- and they list guests from the Big Three auto makers. One salesman, David Wojie, listed a $310 lunch at Trumpps, a Detroit strip club, for three G.M. managers when Magna was trying to win work on G.M.'s 1999 full-sized pickup truck. Another salesman, David L. Bitondo, had a $255 tab at Trumpps for entertaining Ford Motor managers as part of his work on the 1998 Ranger pickup truck account. Scott J. Priest spent $317.50 at Trumpps with three G.M. employees working on the 1999 truck, according to his expense account. And Ray Iavasile, a salesman, listed a $645 tab for entertaining Chrysler managers at Trumpps while he worked on a contract for mini-van seats.</p><p>Mr. Iavasile said in a July deposition that he entertained customers at topless bars \"as often as they wanted to go,\" which was typically weekly, and paid for lap dances for the customers.</p><p>Spokesmen for all three auto makers said that it was inappropriate for their workers to do business at strip bars and that they were investigating the accusations raised in the lawsuit. Robert J. Eaton, the chief executive of Chrysler, said business lunches at strip clubs were prohibited. \"We would actively discipline anyone involved in that, including, if necessary, dismissal,\" Mr. Eaton told reporters in Frankfurt last week.</p><p>Mr. Eaton and other auto executives might have to sacrifice a lot of bodies if they start dismissing employees for ogling women at topless bars, though. Strip club managers and topless dancers say the sight of suppliers hoisting mugs with auto executives is a common one at lunchtime. Robert M. Katzman, owner of the Wild Mustang Bar and Grille two miles northwest of Ford's headquarters in the Detroit suburb of Dearborn, estimated that 20 percent of his business came from the auto industry. On a recent workday, businessmen gulped down lunch as topless women sashayed back and forth on a yard-high stage.</p><p>A visit to Jon-Jon's, a mile from a G.M. complex for 20,000 engineers, midlevel managers and other white-collar employees in Warren, Mich., provides ample evidence of the wheeling and dealing that is common in such establishments. The lunch crowd is mostly businessmen who gawk at topless women dancing on a raised stage or pay them $10 to slip off their dresses as they dance tableside. Behind the bar, business news slides by on an electronic ticker -- \"Retail sales up,\" one headline reads.</p><p>One auto supplier, who declined to give his name, said he entertained auto industry clients at Jon-Jon's as often as twice a week. Were he assigning sales staff members to woo clients, he said, he might think twice. \"If I have a certain amount of my client base that likes to come here, which is mostly male, would it be a smart business decision on my part to assign that account to a woman salesperson?\" he asked.</p><p>Judging by expense account records, the practice seems most prevalent among midlevel managers, engineers and executives in charge of purchasing for the auto industry. There is no evidence that senior executives take part.</p><p>While no one disputes that men have the right to frequent strip clubs on their own time -- and dime -- sexual-discrimination experts said the practice created problems when it was mixed with work. Elizabeth M. Schneider, a visiting professor at Harvard Law School who specializes in sex-discrimination law, said \"it both disadvantages women in their ability to compete with male salespeople and it also perhaps exacerbates sexual harassment on the job.\"</p><p>And Robert A. Sedler, a law professor at Wayne State University in Detroit, said companies were vulnerable to sexual-discrimination suits if they permitted entertainment at overwhelmingly male domains -- even if what kept women away was their own sense of discomfort, rather than a formal ban. \"It would be the same thing if it were an athletic club or any private club that didn't admit women,\" Mr. Sedler said.</p><p>Some women disagree. Colleen M. Bullinger, a wine and liquor seller for the J. Lewis Cooper Company in Detroit, said she had entertained clients at strip clubs several times. \"I'm a believer that women can do anything that men can do,\" Ms. Bullinger said.</p><p>The strip-bar business meetings are perhaps an extreme example of the obstacles women face working in an industry struggling to shake its old-boys'-club ways. Even so, the male culture that has so long dominated Detroit may be under strain as more women join the ranks.</p><p>Johnnie Cordell Breed, the chief executive of Breed Technologies Inc., which makes steering wheels, air bags, seat belts and other parts, said she had seen more and more women coming into the industry in recent years. \"This may be one of the last frontiers for women,\" said Mrs. Breed, the only female chief executive of a large company in the auto industry. \"It is just a matter of time.\"</p><p>Mrs. Breed said she \"would not participate in anything like that or allow it,\" but stopped short of saying other companies should not entertain clients at strip clubs. What is important, she said, is the creation of a level playing field. \"I want the equal opportunity to compete as a supplier,\" she said.</p></bodyText></nitf:body.content><nitf:body.end><graphic><nitf:media><caption><p>Photo: Jon-Jon's is one of about 75 strip clubs in the Detroit area where businessmen entertain clients. Some say the practice discriminates against women and can encourage lewd behavior in the workplace. (Peter Yates for The New York Times)(pg. D3)</p></caption></nitf:media></graphic><correction><correctionDescription><bodyText><p><br/>A front-page article last Saturday about the entertaining of business clients at strip clubs referred incompletely to an employee of Capitol Design Inc., who said he had done such entertaining. The entertaining occurred before he joined Capitol Design; the company says it prohibits such practices.</p><p><br/></p></bodyText></correctionDescription><correctionDate day=\"27\" month=\"09\" year=\"1997\">September 27, 1997, Saturday</correctionDate><correctionStatusText>Correction Appended</correctionStatusText></correction></nitf:body.end></nitf:body><metadata><dc:metadata xmlns:dc=\"http://purl.org/dc/elements/1.1/\"><dc:source sourceScheme=\"royaltyReportingKey\">NYT1997</dc:source><dc:identifier identifierScheme=\"PGUID\">urn:contentItem:3SP8-4NV0-000P-N2BN-00000-00</dc:identifier><dc:source sourceScheme=\"productContentSetIdentifier\">6742</dc:source><dc:date dateType=\"last-updated\">2019-10-28</dc:date></dc:metadata><pagination><pageSequence><page/></pageSequence></pagination><wordCount number=\"1777\"/><publicationInfo><publicationName>The New York Times</publicationName><copyright>Copyright 1997 The New York Times Company</copyright><publicationDate day=\"20\" month=\"09\" year=\"1997\">September 20, 1997, Saturday, Late Edition - Final</publicationDate><classification classificationScheme=\"publicationtype\"><classificationItem><className>Newspapers</className></classificationItem></classification></publicationInfo><classification classificationScheme=\"language\"><classificationItem><className>ENGLISH</className></classificationItem></classification><classificationGroup classificationScheme=\"indexing-terms\"><classification classificationScheme=\"company\"><classificationItem score=\"67\"><className>MOTORS LIQUIDATION CO\u00a0</className></classificationItem><classificationItem score=\"62\"><className>\u00a0MAGNA INTERNATIONAL INC\u00a0</className></classificationItem><classificationItem score=\"84\"><className>\u00a0\u00a0\u00a0GENERAL MOTORS CO\u00a0</className></classificationItem></classification></classificationGroup><classificationGroup classificationScheme=\"indexing-terms\"><classification classificationScheme=\"ticker\"><classificationItem score=\"62\"><className>MGA (NYSE)\u00a0</className></classificationItem><classificationItem score=\"62\"><className>\u00a0MG (TSX)\u00a0</className></classificationItem><classificationItem score=\"84\"><className>\u00a0\u00a0\u00a0GM (NYSE)\u00a0</className></classificationItem></classification><classification classificationScheme=\"industry\"><classificationItem score=\"84\"><className>NAICS336112 LIGHT TRUCK &amp; UTILITY VEHICLE MANUFACTURING\u00a0</className></classificationItem><classificationItem score=\"84\"><className>\u00a0NAICS336111 AUTOMOBILE MANUFACTURING\u00a0</className></classificationItem><classificationItem score=\"62\"><className>\u00a0NAICS336360 MOTOR VEHICLE SEATING &amp; INTERIOR TRIM MANUFACTURING\u00a0</className></classificationItem><classificationItem score=\"62\"><className>\u00a0NAICS336320 MOTOR VEHICLE ELECTRICAL &amp; ELECTRONIC EQUIPMENT MANUFACTURING\u00a0</className></classificationItem><classificationItem score=\"62\"><className>\u00a0NAICS336211 MOTOR VEHICLE BODY MANUFACTURING\u00a0</className></classificationItem><classificationItem score=\"84\"><className>\u00a0\u00a0\u00a0SIC3714 MOTOR VEHICLE PARTS &amp; ACCESSORIES\u00a0</className></classificationItem><classificationItem score=\"84\"><className>\u00a0SIC3711 MOTOR VEHICLES &amp; PASSENGER CAR BODIES\u00a0</className></classificationItem></classification><classification classificationScheme=\"company\"><classificationItem score=\"67\"><className>MAGNA INTERNATIONAL INC \u00a0MOTORS LIQUIDATION CO\u00a0</className></classificationItem><classificationItem score=\"62\"><className>\u00a0MAGNA INTERNATIONAL INC\u00a0</className></classificationItem><classificationItem score=\"84\"><className>\u00a0\u00a0\u00a0GENERAL MOTORS CO\u00a0</className></classificationItem></classification><classification classificationScheme=\"organization\"><classificationItem><className>MAGNA INTERNATIONAL INC</className></classificationItem></classification></classificationGroup><classificationGroup classificationScheme=\"indexing-terms\"><classification classificationScheme=\"legal\"><classificationItem><className>Labor &amp; Employment Law</className><classCode>Z3VpZD11cm46dG9waWM6MTE3QUQwOTA0MUYzNDlCMEFFMjUwRUNDM0RDRkM5QzM7cGFyZW50Z3VpZD0</classCode><classificationItem score=\"96\"><className>Actionable Discrimination</className><classCode>Z3VpZD11cm46dG9waWM6MTVFREQ1RjhGQkU3NDg2MkE2MzM1RTUzQkREMTMzNkM7cGFyZW50Z3VpZD11cm46dG9waWM6Mjc5OTVCOEUxNzU4NDdDNDhCMjBGNkE0REQ1MEFGQjA</classCode></classificationItem><classificationItem score=\"89\"><className>General Overview</className><classCode>Z3VpZD11cm46dG9waWM6NDdFQjI1REQ1M0M5NEIzREEzQkYwQThFOUE0QjI1MTU7cGFyZW50Z3VpZD11cm46dG9waWM6RUUwOEFFQTAzQkQxNDEzM0JCNTNDNDEyMjgyNDlERkI</classCode></classificationItem><classificationItem score=\"86\"><className>Sexual Harassment</className><classCode>Z3VpZD11cm46dG9waWM6OERBMzkyRTA3MTZCNDNDQThDQjZFMENGODE3MTE4NDM7cGFyZW50Z3VpZD11cm46dG9waWM6NUEwQzhBOUMxMkVENEMwRDhBRjY1ODUzQTNBMzgxMkQ</classCode></classificationItem></classificationItem></classification><classification classificationScheme=\"subject\"><classificationItem score=\"90\"><classCode>ST0009QD4</classCode><className>NEGATIVE BUSINESS NEWS</className><classCode/><className/></classificationItem><classificationItem score=\"89\"><classCode>ST000CYDJ</classCode><className>DISCRIMINATION</className><classCode/><className/></classificationItem><classificationItem score=\"89\"><classCode>ST00097Z3</classCode><className>GENDER &amp; SEX DISCRIMINATION IN EMPLOYMENT</className><classCode/><className/></classificationItem><classificationItem score=\"89\"><classCode>N713910MM</classCode><className>GOLF &amp; COUNTRY CLUBS</className><classCode/><className/></classificationItem><classificationItem score=\"89\"><classCode>STX001040</classCode><className>LITIGATION</className><classCode/><className/></classificationItem><classificationItem score=\"89\"><classCode>ST0008X90</classCode><className>MANUFACTURING OUTPUT</className><classCode/><className/></classificationItem><classificationItem score=\"89\"><classCode>STX001648</classCode><className>SUITS &amp; CLAIMS</className><classCode/><className/></classificationItem><classificationItem score=\"89\"><classCode>STX001851</classCode><className>WOMEN</className><classCode/><className/></classificationItem><classificationItem score=\"78\"><classCode>ST000D7R3</classCode><className>GENDER EQUALITY</className><classCode/><className/></classificationItem><classificationItem score=\"78\"><classCode>STX000800</classCode><className>GOLF</className><classCode/><className/></classificationItem><classificationItem score=\"78\"><classCode>STX001110</classCode><className>MEN</className><classCode/><className/></classificationItem><classificationItem score=\"78\"><classCode>ST00097FI</classCode><className>WOMEN WORKERS</className><classCode/><className/></classificationItem><classificationItem score=\"77\"><classCode>ST00092SR</classCode><className>AUTOMOTIVE SECTOR PERFORMANCE</className><classCode/><className/></classificationItem><classificationItem score=\"76\"><classCode>ST0008X7D</classCode><className>MANUFACTURING FACILITIES</className><classCode/><className/></classificationItem><classificationItem score=\"73\"><classCode>ST000D89F</classCode><className>FEMINISM &amp; WOMEN'S RIGHTS</className><classCode/><className/></classificationItem><classificationItem score=\"72\"><classCode>ST000D8ZU</classCode><className>DANCERS</className><classCode/><className/></classificationItem><classificationItem score=\"71\"><classCode>ST0009FJK</classCode><className>NEGATIVE PERSONAL NEWS</className><classCode/><className/></classificationItem><classificationItem score=\"71\"><classCode>STX001347</classCode><className>POLLS &amp; SURVEYS</className><classCode/><className/></classificationItem><classificationItem score=\"68\"><classCode>N921100QG</classCode><className>COUNTY GOVERNMENT</className><classCode/><className/></classificationItem><classificationItem score=\"64\"><classCode>STX000512</classCode><className>DISMISSALS</className><classCode/><className/></classificationItem><classificationItem score=\"64\"><classCode>ST000DIEG</classCode><className>GENDER &amp; SEX DISCRIMINATION</className><classCode/><className/></classificationItem><classificationItem score=\"64\"><classCode>STX001556</classCode><className>SEXUAL HARASSMENT</className><classCode/><className/></classificationItem><classificationItem score=\"60\"><classCode>N922110CC</classCode><className>LAW COURTS &amp; TRIBUNALS</className><classCode/><className/></classificationItem></classification><classification classificationScheme=\"industry\"><classificationItem score=\"97\"><classCode>STX000138</classCode><classCode/><className/></classificationItem><classificationItem score=\"93\"><classCode>N336100CC</classCode><className>AUTOMOTIVE MFG</className><classCode/><className/></classificationItem><classificationItem score=\"93\"><classCode>STX001174</classCode><className>MOTOR VEHICLES</className><classCode/><className/></classificationItem><classificationItem score=\"92\"><classCode>ST000DLIY</classCode><className>STRIP CLUBS</className><classCode/><className/></classificationItem><classificationItem score=\"91\"><classCode>N722400CC</classCode><className>DRINKING PLACES</className><classCode/><className/></classificationItem><classificationItem score=\"90\"><classCode>ST0008WT9</classCode><className>AUTOMAKERS</className><classCode/><className/></classificationItem><classificationItem score=\"90\"><classCode>N336111MM</classCode><className>AUTOMOBILE MFG</className><classCode/><className/></classificationItem><classificationItem score=\"90\"><classCode>STX002014</classCode><className>MANUFACTURING</className><classCode/><className/></classificationItem><classificationItem score=\"90\"><classCode>N336211MM</classCode><className>MOTOR VEHICLE BODY MFG</className><classCode/><className/></classificationItem><classificationItem score=\"90\"><classCode>N336360MM</classCode><className>MOTOR VEHICLE INTERIORS MFG</className><classCode/><className/></classificationItem><classificationItem score=\"90\"><classCode>N336112MM</classCode><className>UTILITY VEHICLE MFG</className><classCode/><className/></classificationItem><classificationItem score=\"89\"><classCode>STX000143</classCode><className>AUTOMOTIVE SUPPLIERS</className><classCode/><className/></classificationItem><classificationItem score=\"89\"><classCode>N713910MM</classCode><className>GOLF &amp; COUNTRY CLUBS</className><classCode/><className/></classificationItem><classificationItem score=\"89\"><classCode>ST0008X90</classCode><className>MANUFACTURING OUTPUT</className><classCode/><className/></classificationItem><classificationItem score=\"77\"><classCode>ST00092SR</classCode><className>AUTOMOTIVE SECTOR PERFORMANCE</className><classCode/><className/></classificationItem><classificationItem score=\"77\"><classCode>ST00097F5</classCode><className>BEER &amp; ALE</className><classCode/><className/></classificationItem><classificationItem score=\"77\"><classCode>STX001482</classCode><className>RESTAURANTS</className><classCode/><className/></classificationItem><classificationItem score=\"76\"><classCode>ST0008X7D</classCode><className>MANUFACTURING FACILITIES</className><classCode/><className/></classificationItem><classificationItem score=\"76\"><classCode>N336300CC</classCode><className>MOTOR VEHICLE PARTS MFG</className><classCode/><className/></classificationItem><classificationItem score=\"72\"><classCode>ST000D8ZU</classCode><className>DANCERS</className><classCode/><className/></classificationItem></classification><classification classificationScheme=\"city\"><classificationItem score=\"94\"><classCode>GX569</classCode><className>DETROIT, MI, USA</className><classCode/><className/></classificationItem></classification><classification classificationScheme=\"state\"><classificationItem score=\"79\"><classCode>GS138</classCode><className>MICHIGAN, USA</className><classCode/><className/></classificationItem></classification><classification classificationScheme=\"country\"><classificationItem score=\"92\"><classCode>GC343</classCode><className>UNITED STATES</className><classCode/><className/></classificationItem><classificationItem score=\"79\"><classCode>GR120</classCode><className>NORTH AMERICA</className><classCode/><className/></classificationItem></classification></classificationGroup></metadata></articleDoc></content></entry>"}