{"prediction_class": "Regulatory Breaches Tax Evasion Smuggling of goods", "prediction_score": "0.97", "name": "Magna International", "title": "UPCOMING DEADLINE: The Law Firm of Levi & Korsinsky Notifies Investors with Losses on Their Investment in Magna International Inc. of Class Action Lawsuit and the Deadline of July 3, 2012 to Seek a Lead Plaintiff Position.", "published": "2012-06-28T00:00:00Z", "updated": "2020-11-16T02:16:34Z", "cleaned_article": "[TITLE] UPCOMING DEADLINE: The Law Firm of Levi & Korsinsky Notifies Investors with Losses on Their Investment in Magna International Inc. of Class Action Lawsuit and the Deadline of July 3, 2012 to Seek a Lead Plaintiff Position. [TITLE] \n\nByline: Benzinga Staff UPCOMING DEADLINE: The Law Firm of Levi & Korsinsky Notifies Investors with Losses on Their Investment in Magna International Inc.of Class Action Lawsuit and the Deadline of July 3, 2012 to Seek a Lead Plaintiff Position PR Newswire NEW YORK, June 28, 2012NEW YORK, June 28, 2012 /PRNewswire/ -- Levi & Korsinsky announcesthat a class action lawsuit has commenced in the United States District Court for the Southern District of New York on behalf of investors who purchased Magna International Inc.(\"Magna\" or the \"Company\") (NYSE:MGA) securities between January 12, 2011 and August 5, 2011. For more information, click here: http://zlk.9nl.com/magnainternational-mga. There is no cost or obligation to you. The complaint alleges that certain of its executives issued materially false and misleading statements regarding the Company's businessand financial results. In particular, the complaint alleges that theCompany (i) entered into long-term European customer contracts at steeply discounted prices; (ii) was experiencing ongoing undisclosed quality control issues at its European facilities that resulted in higher production costs; (iii) that Magna was experiencing a significant decline in its European margins; (iv) that defendants' representations about the Company's disclosure controls were materially false and misleading; and (v) that defendants lacked a reasonable basis for their positive statements about the Company's European operations and business prospects. In response to the news about the Company's Europeanoperations, the price of Magna common stock dropped from $44.24 per share on August 4, 2011 to $39.42 on August 5, 2011.", "raw_cleaned_article": "<h2>UPCOMING DEADLINE: The Law Firm of Levi & Korsinsky Notifies Investors with Losses on Their Investment in Magna International Inc. of Class Action Lawsuit and the Deadline of July 3, 2012 to Seek a Lead Plaintiff Position.</h2><p>Byline: Benzinga Staff <b>UPCOMING DEADLINE: The Law Firm of Levi & Korsinsky Notifies Investors with Losses on Their Investment in Magna International Inc.of Class Action Lawsuit and the Deadline of July 3, 2012 to Seek a Lead Plaintiff Position</b> PR Newswire NEW YORK, June 28, 2012</p><p>[...]</p><p>Byline: Benzinga Staff <b>NEW YORK, June 28, 2012 /PRNewswire/ -- Levi & Korsinsky announcesthat a class action lawsuit has commenced in the United States District Court for the Southern District of New York on behalf of investors who purchased Magna International Inc.(\"Magna\" or the \"Company\") (NYSE:MGA) securities between January 12, 2011 and August 5, 2011.</b> For more information, click here: http://zlk.9nl.com/magnainternational-mga. There is no cost or obligation to you. The complaint alleges that certain of its executives issued materially false and misleading statements regarding the Company's businessand financial results. In particular, the complaint alleges that theCompany (i) entered into long-term European customer contracts at steeply discounted prices; (ii) was experiencing ongoing undisclosed quality control issues at its European facilities that resulted in higher production costs; (iii) that Magna was experiencing a significant decline in its European margins; (iv) that defendants' representations about the Company's disclosure controls were materially false and misleading; and (v) that defendants lacked a reasonable basis for their positive statements about the Company's European operations and business prospects. In response to the news about the Company's Europeanoperations, the price of Magna common stock dropped from $44.24 per share on August 4, 2011 to $39.42 on August 5, 2011.</p>", "original_content": "<entry xmlns=\"http://www.w3.org/2005/Atom\"><id>urn:contentItem:561D-WBF1-DYTM-922F-00000-00</id><title>UPCOMING DEADLINE: The Law Firm of Levi &amp; Korsinsky Notifies Investors with Losses on Their Investment in Magna International Inc. of Class Action Lawsuit and the Deadline of July 3, 2012 to Seek a Lead Plaintiff Position.</title><published>2012-06-28T00:00:00Z</published><updated>2020-11-16T02:16:34Z</updated><author><name>LexisNexis</name></author><content type=\"application/xml\"><!--Transformation version 1.23--><articleDoc xmlns=\"\" xmlns:xsi=\"http://www.w3.org/2001/XMLSchema-instance\" xsi:noNamespaceSchemaLocation=\"http://www.lexisnexis.com/xmlschemas/content/public/articledoc/1/\" schemaVersion=\"1.8\" xml:lang=\"en\"><articleDocHead><itemInfo/></articleDocHead><nitf:body xmlns:nitf=\"http://iptc.org/std/NITF/2006-10-18/\"><nitf:body.head><nitf:hedline><nitf:hl1>UPCOMING DEADLINE: The Law Firm of Levi &amp; Korsinsky Notifies Investors with Losses on Their Investment in Magna International Inc.of Class Action Lawsuit and the Deadline of July 3, 2012 to Seek a Lead Plaintiff Position.</nitf:hl1></nitf:hedline></nitf:body.head><nitf:body.content><bodyText><p nitf:lede=\"true\">Byline: Benzinga Staff</p><p nitf:lede=\"true\">UPCOMING DEADLINE: The Law Firm of Levi &amp; Korsinsky Notifies Investors with Losses on Their Investment in Magna International Inc.of Class Action Lawsuit and the Deadline of July 3, 2012 to Seek a Lead Plaintiff Position</p><p>PR Newswire</p><p>NEW YORK, June 28, 2012</p><p>NEW YORK, June 28, 2012 /PRNewswire/ -- Levi &amp; Korsinsky announcesthat a class action lawsuit has commenced in the United States District Court for the Southern District of New York on behalf of investors who purchased Magna International Inc.(\"Magna\" or the \"Company\") (NYSE:MGA) securities between January 12, 2011 and August 5, 2011.</p><p>For more information, click here: <url normalizedValue=\"http://zlk.9nl.com/magnainternational-mga\">http://zlk.9nl.com/magnainternational-mga</url>. There is no cost or obligation to you.</p><p>The complaint alleges that certain of its executives issued materially false and misleading statements regarding the Company's businessand financial results. In particular, the complaint alleges that theCompany (i) entered into long-term European customer contracts at steeply discounted prices; (ii) was experiencing ongoing undisclosed quality control issues at its European facilities that resulted in higher production costs; (iii) that Magna was experiencing a significant decline in its European margins; (iv) that defendants' representations about the Company's disclosure controls were materially false and misleading; and (v) that defendants lacked a reasonable basis for their positive statements about the Company's European operations and business prospects. In response to the news about the Company's Europeanoperations, the price of Magna common stock dropped from $44.24 per share on August 4, 2011 to $39.42 on August 5, 2011.</p><p>If you suffered a loss in Magna you have until July 3, 2012to request that the Court appoint you as lead plaintiff. Your ability to share in any recovery doesn't require that you serve as a lead plaintiff. To obtain additional information, contact Joseph E. Levi, Esq. either via email at <email normalizedValue=\"mailto:jlevi@zlk.com\">jlevi@zlk.com</email> or by telephone at (877) 363-5972, or visit <url normalizedValue=\"http://zlk.9nl.com/magnainternational-mga\">http://zlk.9nl.com/magnainternational-mga</url>.</p><p>Levi &amp; Korsinsky is a national firm with offices in New York and Washington D.C. The firm has extensive expertise in prosecuting securities litigation involving financial fraud, representing investors throughout the nation in securities and shareholder lawsuits. For more information, please feel free to contact any of the attorneys listed below. Attorney advertising. Prior results do not guarantee similar outcomes.</p><p>CONTACT:</p><p>Levi &amp; Korsinsky, LLP</p><p>Joseph Levi, Esq.</p><p>Eduard Korsinsky, Esq.</p><p>30 Broad Street - 24th Floor</p><p>New York, NY 10004</p><p>Tel: (212) 363-7500</p><p>Toll Free: (877) 363-5972</p><p>Fax: (212) 363-7171</p><p><url normalizedValue=\"http://www.zlk.com\">www.zlk.com</url></p><p>SOURCE Levi &amp; Korsinsky</p><p>[Graphic omitted]</p></bodyText></nitf:body.content></nitf:body><metadata><dc:metadata xmlns:dc=\"http://purl.org/dc/elements/1.1/\"><dc:identifier identifierScheme=\"DOC-ID\">ASAPII-</dc:identifier><dc:source sourceScheme=\"royaltyReportingKey\">ASAP 294741269</dc:source><dc:identifier identifierScheme=\"PGUID\">urn:contentItem:561D-WBF1-DYTM-922F-00000-00</dc:identifier><dc:source sourceScheme=\"productContentSetIdentifier\">140610</dc:source><dc:date dateType=\"last-updated\">2020-04-02</dc:date></dc:metadata><wordCount number=\"451\"/><publicationInfo><copyright>Copyright 2012 Gale Group, Inc.<br/>All Rights Reserved</copyright><copyright>Copyright 2012 Accretive Capital LLC dba Benzinga.com</copyright><publicationName>Benzinga.com</publicationName><aggregationName>ASAP</aggregationName><publicationDate day=\"28\" month=\"06\" year=\"2012\"><dateText>June 28, 2012</dateText></publicationDate><classification classificationScheme=\"publicationtype\"><classificationItem><className>Newswire</className></classificationItem></classification><classification classificationScheme=\"publicationtype\"><classificationItem><className>Aggregate News Sources</className></classificationItem></classification></publicationInfo><classification classificationScheme=\"language\"><classificationItem classificationScheme=\"lang.english\"><className>ENGLISH</className></classificationItem></classification><classificationGroup classificationScheme=\"indexing-terms\"><classification classificationScheme=\"company\"><classificationItem score=\"94\"><classCode>CC000267G</classCode><className>MAGNA INTERNATIONAL INC</className></classificationItem><classificationItem score=\"92\"><classCode>CC000CJXX</classCode><className>LEVI &amp; KORSINSKY LLP</className></classificationItem></classification><classification classificationScheme=\"industry\"><classificationItem score=\"94\"><className>NAICS336360 MOTOR VEHICLE SEATING &amp; INTERIOR TRIM MANUFACTURING</className></classificationItem><classificationItem score=\"94\"><className>NAICS336320 MOTOR VEHICLE ELECTRICAL &amp; ELECTRONIC EQUIPMENT MANUFACTURING</className></classificationItem><classificationItem score=\"94\"><className>NAICS336211 MOTOR VEHICLE BODY MANUFACTURING</className></classificationItem><classificationItem score=\"92\"><className>NAICS541110 OFFICES OF LAWYERS</className></classificationItem><classificationItem score=\"92\"><className>SIC8111 LEGAL SERVICES</className></classificationItem></classification><classification classificationScheme=\"ticker\"><classificationItem score=\"94\"><className>MGA (NYSE)</className></classificationItem><classificationItem score=\"94\"><className>MG (TSX)</className></classificationItem></classification></classificationGroup><classificationGroup classificationScheme=\"licensor.indexing-terms\"><classification classificationScheme=\"licensor.company\"><classificationItem><className>Magna International Inc. Cases</className></classificationItem><classificationItem><className>Magna International Inc. Investments</className></classificationItem></classification><classification classificationScheme=\"licensor.country\"><classificationItem><className>Canada</className></classificationItem><classificationItem><className>New York</className></classificationItem></classification><classification classificationScheme=\"licensor.industry\"><classificationItem><className>BUS Business, general</className></classificationItem><classificationItem><className>SIC: 3714 Motor vehicle parts and accessories</className></classificationItem><classificationItem><className>NAICS: 3363 Motor Vehicle Parts Manufacturing</className></classificationItem></classification><classification classificationScheme=\"licensor.product\"><classificationItem><className>(Motor Vehicle Parts)</className></classificationItem></classification><classification classificationScheme=\"licensor.subject\"><classificationItem><className>Trade</className></classificationItem><classificationItem><className>Automotive parts industry Cases</className></classificationItem><classificationItem><className>Automotive parts industry Investments</className></classificationItem><classificationItem><className>Class action lawsuits Cases</className></classificationItem></classification><classification classificationScheme=\"licensor.general-terms\"><classificationItem><className>EVENT: Investments</className></classificationItem><classificationItem><className>EVENT: Cases</className></classificationItem></classification></classificationGroup><classificationGroup classificationScheme=\"indexing-terms\"><classification classificationScheme=\"legal\"><classificationItem><className>Civil Procedure</className><classCode>Z3VpZD11cm46dG9waWM6MzUxNjJDMEQ5N0YwNDMzM0JDMjEzM0UzOTYzMzI3OTU7cGFyZW50Z3VpZD0</classCode><classificationItem score=\"57\"><className>General Overview</className><classCode>Z3VpZD11cm46dG9waWM6QkRGMkRCQTZFNDMyNDg2RUE4QjNGMDA2M0JDOTdDQTM7cGFyZW50Z3VpZD11cm46dG9waWM6Mjk5M0Q3OEY2NkE3NDIwQzg4MDk1NUUxQUI5Nzc5NTU</classCode></classificationItem></classificationItem><classificationItem><className>Securities Law</className><classCode>Z3VpZD11cm46dG9waWM6RkFFMTQ3ODhCRDYyNDkyN0IwQkEyQzRCRDlFMEM5ODc7cGFyZW50Z3VpZD0</classCode><classificationItem score=\"50\"><className>Class Actions</className><classCode>Z3VpZD11cm46dG9waWM6MTE2NjQ1MkIzOEJENDI5RDg5RUExRjY2Mjc5NUQyMDY7cGFyZW50Z3VpZD11cm46dG9waWM6QjMxRDFBMTgwMDFFNEFBQTlCNTgzMTY0MzY4QkU4QUQ</classCode></classificationItem></classificationItem></classification><classification classificationScheme=\"subject\"><classificationItem score=\"94\"><classCode>STX001040</classCode><className>LITIGATION</className><classCode/><className/></classificationItem><classificationItem score=\"93\"><classCode>STX000304</classCode><className>CLASS ACTIONS</className><classCode>Z3VpZD11cm46dG9waWM6Mjk5M0Q3OEY2NkE3NDIwQzg4MDk1NUUxQUI5Nzc5NTU7cGFyZW50Z3VpZD11cm46dG9waWM6MDc3RDI0Njg5OEU2NEM5NzkxRUU2MjBEMDMyRkQ3Mzk</classCode><className>Class Actions</className></classificationItem><classificationItem score=\"92\"><classCode>N541110GM</classCode><className>LAWYERS</className><classCode/><className/></classificationItem><classificationItem score=\"92\"><classCode>STX001648</classCode><className>SUITS &amp; CLAIMS</className><classCode/><className/></classificationItem><classificationItem score=\"90\"><classCode>ST0008XMR</classCode><className>LAW &amp; LEGAL SYSTEM</className><classCode/><className/></classificationItem><classificationItem score=\"90\"><classCode>N541100CC</classCode><className>LEGAL SERVICES</className><classCode/><className/></classificationItem><classificationItem score=\"90\"><classCode>ST0009QD4</classCode><className>NEGATIVE BUSINESS NEWS</className><classCode/><className/></classificationItem><classificationItem score=\"90\"><classCode>ST0009FJK</classCode><className>NEGATIVE PERSONAL NEWS</className><classCode/><className/></classificationItem><classificationItem score=\"89\"><classCode>STX001925</classCode><className>BUSINESS OPERATIONS</className><classCode/><className/></classificationItem><classificationItem score=\"89\"><classCode>ST000DANR</classCode><className>FALSE STATEMENTS</className><classCode/><className/></classificationItem><classificationItem score=\"89\"><classCode>STX001976</classCode><className>SECURITIES &amp; OTHER INVESTMENTS</className><classCode/><className/></classificationItem><classificationItem score=\"78\"><classCode>STX000336</classCode><className>COMMON STOCK</className><classCode/><className/></classificationItem><classificationItem score=\"78\"><classCode>STX001008</classCode><className>LAW PRACTICE</className><classCode/><className/></classificationItem><classificationItem score=\"78\"><classCode>STX001561</classCode><className>SHAREHOLDERS</className><classCode>Z3VpZD11cm46dG9waWM6NEI2QjYxNjkwMTkzNDhFRUExNjlFRjVFRUU3NDhBQkE7cGFyZW50Z3VpZD11cm46dG9waWM6MDQ3M0RFODczN0I4NDg2RjlFRDNFMUNBODRDQTU0Q0E</classCode><className>Shareholders</className></classificationItem><classificationItem score=\"77\"><classCode>ST000DIJW</classCode><className>PRICES</className><classCode/><className/></classificationItem><classificationItem score=\"77\"><classCode>ST000CZTI</classCode><className>STOCK PRICES</className><classCode/><className/></classificationItem><classificationItem score=\"73\"><classCode>STX001943</classCode><className>FINANCIAL PERFORMANCE &amp; REPORTS</className><classCode/><className/></classificationItem><classificationItem score=\"73\"><classCode>STX001559</classCode><className>SHAREHOLDER LAWSUITS</className><classCode/><className/></classificationItem><classificationItem score=\"72\"><classCode>STX000718</classCode><className>FINANCIAL RESULTS</className><classCode/><className/></classificationItem><classificationItem score=\"71\"><classCode>N922110CC</classCode><className>LAW COURTS &amp; TRIBUNALS</className><classCode/><className/></classificationItem></classification><classification classificationScheme=\"industry\"><classificationItem score=\"92\"><classCode>N541110GM</classCode><className>LAWYERS</className><classCode/><className/></classificationItem><classificationItem score=\"90\"><classCode>N336100CC</classCode><className>AUTOMOTIVE MFG</className><classCode/><className/></classificationItem><classificationItem score=\"90\"><classCode>STX000143</classCode><className>AUTOMOTIVE SUPPLIERS</className><classCode/><className/></classificationItem><classificationItem score=\"90\"><classCode>N541100CC</classCode><className>LEGAL SERVICES</className><classCode/><className/></classificationItem><classificationItem score=\"90\"><classCode>STX002014</classCode><className>MANUFACTURING</className><classCode/><className/></classificationItem><classificationItem score=\"90\"><classCode>N336360MM</classCode><className>MOTOR VEHICLE INTERIORS MFG</className><classCode/><className/></classificationItem><classificationItem score=\"90\"><classCode>N336300CC</classCode><className>MOTOR VEHICLE PARTS MFG</className><classCode/><className/></classificationItem><classificationItem score=\"90\"><classCode>N540000CC</classCode><className>PROFESSIONAL SERVICES</className><classCode/><className/></classificationItem><classificationItem score=\"90\"><classCode>STX000138</classCode><classCode/><className/></classificationItem><classificationItem score=\"89\"><classCode>STX001976</classCode><className>SECURITIES &amp; OTHER INVESTMENTS</className><classCode/><className/></classificationItem><classificationItem score=\"78\"><classCode>STX000336</classCode><className>COMMON STOCK</className><classCode/><className/></classificationItem><classificationItem score=\"78\"><classCode>STX001008</classCode><className>LAW PRACTICE</className><classCode/><className/></classificationItem><classificationItem score=\"77\"><classCode>ST000CZTI</classCode><className>STOCK PRICES</className><classCode/><className/></classificationItem></classification><classification classificationScheme=\"city\"><classificationItem score=\"79\"><classCode>GX601</classCode><className>NEW YORK, NY, USA</className><classCode/><className/></classificationItem></classification><classification classificationScheme=\"state\"><classificationItem score=\"94\"><classCode>GS148</classCode><className>NEW YORK, USA</className><classCode/><className/></classificationItem><classificationItem score=\"79\"><classCode>GS124</classCode><className>DISTRICT OF COLUMBIA, USA</className><classCode/><className/></classificationItem></classification><classification classificationScheme=\"country\"><classificationItem score=\"92\"><classCode>GC343</classCode><className>UNITED STATES</className><classCode/><className/></classificationItem><classificationItem score=\"70\"><classCode>GR169</classCode><className>SOUTHERN EUROPE</className><classCode/><className/></classificationItem></classification></classificationGroup></metadata></articleDoc></content></entry>"}