{"prediction_class": "Money laundering", "prediction_score": "1.0", "name": "Manulife", "title": "Manulife was subject of FINTRAC fine; Regulator To Review Disclosure Policies", "published": "2017-02-28T00:00:00Z", "updated": "2020-11-16T03:53:58Z", "cleaned_article": "[TITLE] Manulife was subject of FINTRAC fine; Regulator To Review Disclosure Policies [TITLE] \n\nCanada's anti-money laundering watchdog is reviewing its policies after Manulife Financial Corp.revealed Monday its domestic banking unit was subject to an administrative penalty meted out by FINTRAC. FINTRAC disclosed in April of last year that it had levied a $1.15 million penalty against a bank, but the director of Canada's financial intelligence unit elected not to identify the bank. \"In making this decision, I took into consideration the fact that the violations were of a technical nature and I emphasize that the penalty has nothing to do with money laundering or the financing of terrorism,\" G\u00e9rard Cossette, FINTRAC's director said in a statement Monday. [...] \n\nCossette said FINTRAC will now work with Finance Canada to review legislation related to its penalty program, and will review penalty policies to ensure they \"strike an appropriate balance between the need for transparency and the requirements of the Proceeds of Crime (Money Laundering) and Terrorist Financing Act.\" Manulife issued a statement Monday acknowledging the administrative penalty after Manulife Bank was identified in a CBC report as the financial institution at the heart of the FINTRAC matter.The penalty resulted from \"administrative lapses in reporting\" at Manulife Bank, according to the company's statement.\"Manulife did not enable or facilitate money laundering,\" the company said. The statement noted that one violation involved a customer whose activities had already been reported to law enforcement and FINTRAC by Manulife.\"There is no evidence to suggest that the administrative reporting violations were connected to any financial misconduct,\" Manulife said, adding that the administrative reporting lapses were \"remedied in the first half of 2014.\"Following a speech in downtown Toronto, Manulife chief executive Don Guloien told reporters the errors were the result of a single misinterpretation on Manulife's part that led to continued administrative reporting violations. \"I think what happened in this case is there are two interpretations someone could take about the (FINTRAC) guidelines. We took an interpretation that was clearly wrong, or certainly not the one FINTRAC wanted us to hold, and it was repeated a number of times, which led to this large number,\" he said. \"But again these are strictly administrative errors. There's no suggestion whatsoever of financial misconduct.\" At the time of FINTRAC's initial disclosure, it was suggested that the size of the financial penalty was enough to encourage the bank that paid the penalty, and others, to take anti-money laundering seriously.", "raw_cleaned_article": "<h2>Manulife was subject of FINTRAC fine; Regulator To Review Disclosure Policies</h2><p><b>Canada's anti-money laundering watchdog is reviewing its policies after Manulife Financial Corp.revealed Monday its domestic banking unit was subject to an administrative penalty meted out by FINTRAC.</b> FINTRAC disclosed in April of last year that it had levied a $1.15 million penalty against a bank, but the director of Canada's financial intelligence unit elected not to identify the bank. \"In making this decision, I took into consideration the fact that the violations were of a technical nature and I emphasize that the penalty has nothing to do with money laundering or the financing of terrorism,\" G\u00e9rard Cossette, FINTRAC's director said in a statement Monday.</p><p>[...]</p><p>Cossette said FINTRAC will now work with Finance Canada to review legislation related to its penalty program, and will review penalty policies to ensure they \"strike an appropriate balance between the need for transparency and the requirements of the Proceeds of Crime (Money Laundering) and Terrorist Financing Act.\" <b>Manulife issued a statement Monday acknowledging the administrative penalty after Manulife Bank was identified in a CBC report as the financial institution at the heart of the FINTRAC matter.</b></p><p>[...]</p><p>Cossette said FINTRAC will now work with Finance Canada to review legislation related to its penalty program, and will review penalty policies to ensure they \"strike an appropriate balance between the need for transparency and the requirements of the Proceeds of Crime (Money Laundering) and Terrorist Financing Act.\" <b>The penalty resulted from \"administrative lapses in reporting\" at Manulife Bank, according to the company's statement.</b><b>\"Manulife did not enable or facilitate money laundering,\" the company said. The statement noted that one violation involved a customer whose activities had already been reported to law enforcement and FINTRAC by Manulife.</b><b>\"There is no evidence to suggest that the administrative reporting violations were connected to any financial misconduct,\" Manulife said, adding that the administrative reporting lapses were \"remedied in the first half of 2014.\"</b><b>Following a speech in downtown Toronto, Manulife chief executive Don Guloien told reporters the errors were the result of a single misinterpretation on Manulife's part that led to continued administrative reporting violations.</b> \"I think what happened in this case is there are two interpretations someone could take about the (FINTRAC) guidelines. We took an interpretation that was clearly wrong, or certainly not the one FINTRAC wanted us to hold, and it was repeated a number of times, which led to this large number,\" he said. \"But again these are strictly administrative errors. There's no suggestion whatsoever of financial misconduct.\" At the time of FINTRAC's initial disclosure, it was suggested that the size of the financial penalty was enough to encourage the bank that paid the penalty, and others, to take anti-money laundering seriously.</p>", "original_content": "<entry xmlns=\"http://www.w3.org/2005/Atom\"><id>urn:contentItem:5N0C-40X1-JBKR-R0M2-00000-00</id><title>Manulife was subject of FINTRAC fine; Regulator To Review Disclosure Policies</title><published>2017-02-28T00:00:00Z</published><updated>2020-11-16T03:53:58Z</updated><author><name>LexisNexis</name></author><content type=\"application/xml\"><!--Transformation version 1.23--><articleDoc xmlns=\"\" xmlns:xsi=\"http://www.w3.org/2001/XMLSchema-instance\" xsi:noNamespaceSchemaLocation=\"http://www.lexisnexis.com/xmlschemas/content/public/articledoc/1/\" schemaVersion=\"1.8\" xml:lang=\"en\"><articleDocHead><itemInfo><sourceSectionInfo><positionSection>FINANCIAL POST</positionSection><positionSequence>Pg. FP2</positionSequence></sourceSectionInfo><nitf:fixture xmlns:nitf=\"http://iptc.org/std/NITF/2006-10-18/\">In Toronto</nitf:fixture></itemInfo></articleDocHead><nitf:body xmlns:nitf=\"http://iptc.org/std/NITF/2006-10-18/\"><nitf:body.head><nitf:hedline><nitf:hl1>Manulife was subject of FINTRAC fine; Regulator To Review Disclosure Policies</nitf:hl1></nitf:hedline><nitf:byline><author><person><nameText>Barbara Shecter</nameText></person></author><nitf:byttl>Financial Post</nitf:byttl></nitf:byline></nitf:body.head><nitf:body.content><bodyText><p nitf:lede=\"true\">Canada's anti-money laundering watchdog is reviewing its policies after Manulife Financial Corp.revealed Monday its domestic banking unit was subject to an administrative penalty meted out by FINTRAC.</p><p>FINTRAC disclosed in April of last year that it had levied a $1.15 million penalty against a bank, but the director of Canada's financial intelligence unit elected not to identify the bank.</p><p>\"In making this decision, I took into consideration the fact that the violations were of a technical nature and I emphasize that the penalty has nothing to do with money laundering or the financing of terrorism,\" G\u00e9rard Cossette, FINTRAC's director said in a statement Monday.</p><p>\"However, in exercising my discretion to withhold the name of the bank, I understand that it may not have met public expectations in relation to openness and transparency.\"</p><p>Cossette said FINTRAC will now work with Finance Canada to review legislation related to its penalty program, and will review penalty policies to ensure they \"strike an appropriate balance between the need for transparency and the requirements of the Proceeds of Crime (Money Laundering) and Terrorist Financing Act.\"</p><p>Manulife issued a statement Monday acknowledging the administrative penalty after Manulife Bank was identified in a CBC report as the financial institution at the heart of the FINTRAC matter.</p><p>The penalty resulted from \"administrative lapses in reporting\" at Manulife Bank, according to the company's statement.</p><p>\"Manulife did not enable or facilitate money laundering,\" the company said. The statement noted that one violation involved a customer whose activities had already been reported to law enforcement and FINTRAC by Manulife.</p><p>\"There is no evidence to suggest that the administrative reporting violations were connected to any financial misconduct,\" Manulife said, adding that the administrative reporting lapses were \"remedied in the first half of 2014.\"</p><p>Following a speech in downtown Toronto, Manulife chief executive Don Guloien told reporters the errors were the result of a single misinterpretation on Manulife's part that led to continued administrative reporting violations.</p><p>\"I think what happened in this case is there are two interpretations someone could take about the (FINTRAC) guidelines. We took an interpretation that was clearly wrong, or certainly not the one FINTRAC wanted us to hold, and it was repeated a number of times, which led to this large number,\" he said. \"But again these are strictly administrative errors. There's no suggestion whatsoever of financial misconduct.\"</p><p>At the time of FINTRAC's initial disclosure, it was suggested that the size of the financial penalty was enough to encourage the bank that paid the penalty, and others, to take anti-money laundering seriously.</p><p>But some criticized the move, suggesting that by not identifying the bank, FINTRAC was casting doubt on the anti-money laundering efforts of all the banks subject to FINTRAC guidelines. !@COPYRIGHT=\u00a9 2017 Postmedia Network Inc. All rights reserved.</p></bodyText></nitf:body.content></nitf:body><metadata><dc:metadata xmlns:dc=\"http://purl.org/dc/elements/1.1/\"><dc:identifier identifierScheme=\"DOC-ID\">FPINV-267898305NTPFP</dc:identifier><dc:source sourceScheme=\"royaltyReportingKey\">FPINV2017</dc:source><dc:identifier identifierScheme=\"PGUID\">urn:contentItem:5N0C-40X1-JBKR-R0M2-00000-00</dc:identifier><dc:source sourceScheme=\"productContentSetIdentifier\">257989</dc:source><dc:date dateType=\"last-updated\">2018-05-27</dc:date></dc:metadata><wordCount number=\"501\"/><publicationInfo><copyright>Copyright 2017 National Post All Rights Reserved</copyright><publicationName>National Post's Financial Post &amp; FP Investing (Canada)</publicationName><edition>Quebec Edition</edition><publicationDate day=\"28\" month=\"02\" year=\"2017\"><dateText>February 28, 2017 Tuesday</dateText></publicationDate><classification classificationScheme=\"publicationtype\"><classificationItem><className>Newspaper</className></classificationItem></classification><classification classificationScheme=\"publicationtype\"><classificationItem><className>Newspapers</className></classificationItem></classification></publicationInfo><classification classificationScheme=\"language\"><classificationItem classificationScheme=\"lang.english\"><className>ENGLISH</className></classificationItem></classification><classification classificationScheme=\"typeofdoc\"><classificationItem><className>News</className></classificationItem></classification><classificationGroup classificationScheme=\"indexing-terms\"><classification classificationScheme=\"company\"><classificationItem score=\"94\"><classCode>CC0001WGL</classCode><className>MANULIFE FINANCIAL CORP</className></classificationItem></classification><classification classificationScheme=\"industry\"><classificationItem score=\"94\"><className>NAICS524130 REINSURANCE CARRIERS</className></classificationItem><classificationItem score=\"94\"><className>NAICS524114 DIRECT HEALTH &amp; MEDICAL INSURANCE CARRIERS</className></classificationItem><classificationItem score=\"94\"><className>NAICS524113 DIRECT LIFE INSURANCE CARRIERS</className></classificationItem><classificationItem score=\"94\"><className>NAICS522292 REAL ESTATE CREDIT</className></classificationItem><classificationItem score=\"94\"><className>SIC6321 ACCIDENT &amp; HEALTH INSURANCE</className></classificationItem><classificationItem score=\"94\"><className>SIC6311 LIFE INSURANCE</className></classificationItem><classificationItem score=\"94\"><className>SIC6162 MORTGAGE BANKERS &amp; LOAN CORRESPONDENTS</className></classificationItem></classification><classification classificationScheme=\"ticker\"><classificationItem score=\"94\"><className>MFC (TSX)</className></classificationItem><classificationItem score=\"94\"><className>MFC (NYSE)</className></classificationItem><classificationItem score=\"94\"><className>0945 (HKSE)</className></classificationItem></classification></classificationGroup><classificationGroup classificationScheme=\"licensor.indexing-terms\"><classification classificationScheme=\"licensor.subject\"><classificationItem><className>laundering,watchdog,reviewing,policies,manulife,financial</className></classificationItem></classification></classificationGroup><classificationGroup classificationScheme=\"indexing-terms\"><classification classificationScheme=\"legal\"><classificationItem><className>Banking Law</className><classCode>Z3VpZD11cm46dG9waWM6QjQyMUFCOUJBNURBNEFDREE3MTNCNDk5QkQ4NUM3RjI7cGFyZW50Z3VpZD0</classCode><classificationItem score=\"77\"><className>Money Laundering</className><classCode>Z3VpZD11cm46dG9waWM6NDRGN0EyOTJBOEM4NDkzOUIyNkNBQkYyMDI3RDM4OTI7cGFyZW50Z3VpZD11cm46dG9waWM6NkUzNTQ1QUZBM0Y5NDcyQjk4N0I5Mjg0QzU3NDk0MDI</classCode></classificationItem></classificationItem><classificationItem><className>Criminal Law &amp; Procedure</className><classCode>Z3VpZD11cm46dG9waWM6NEU0RkE1OUQwNUQwNDgxODhEODZCMjkzOTg3NThBNzk7cGFyZW50Z3VpZD0</classCode><classificationItem score=\"88\"><className>Elements</className><classCode>Z3VpZD11cm46dG9waWM6N0NERTc0RDUyNDQ4NDM0M0E1NTNEQTg4NzU5MEIzMUE7cGFyZW50Z3VpZD11cm46dG9waWM6QzBDQzA4NEVCN0Q0NEZCRkEwNjY3Qzk3MDA3NzlCMjU</classCode></classificationItem><classificationItem score=\"95\"><className>General Overview</className><classCode>Z3VpZD11cm46dG9waWM6MUM4RjZFOEE4MDc3NDE4QjhCMkQwNzc2QTM0OUQ5NjI7cGFyZW50Z3VpZD11cm46dG9waWM6QzBDQzA4NEVCN0Q0NEZCRkEwNjY3Qzk3MDA3NzlCMjU</classCode></classificationItem></classificationItem></classification><classification classificationScheme=\"subject\"><classificationItem score=\"93\"><classCode>STX000722</classCode><className>FINES &amp; PENALTIES</className><classCode/><className/></classificationItem><classificationItem score=\"90\"><classCode>STX000020</classCode><className>ADMINISTRATIVE PROCEDURE</className><classCode/><className/></classificationItem><classificationItem score=\"90\"><classCode>STX000713</classCode><className>FINANCIAL CRIME COUNTERMEASURES</className><classCode/><className/></classificationItem><classificationItem score=\"90\"><classCode>ST0009EVK</classCode><className>MEDICINE &amp; HEALTH</className><classCode/><className/></classificationItem><classificationItem score=\"90\"><classCode>STX001159</classCode><className>MONEY LAUNDERING</className><classCode>Z3VpZD11cm46dG9waWM6QzBDQzA4NEVCN0Q0NEZCRkEwNjY3Qzk3MDA3NzlCMjU7cGFyZW50Z3VpZD11cm46dG9waWM6NkUzNTQ1QUZBM0Y5NDcyQjk4N0I5Mjg0QzU3NDk0MDI</classCode><className>Money Laundering</className></classificationItem><classificationItem score=\"90\"><classCode>ST0009FJK</classCode><className>NEGATIVE PERSONAL NEWS</className><classCode/><className/></classificationItem><classificationItem score=\"89\"><classCode>STX001149</classCode><className>MISCONDUCT</className><classCode/><className/></classificationItem><classificationItem score=\"78\"><classCode>ST000D1BY</classCode><className>EXECUTIVES</className><classCode/><className/></classificationItem><classificationItem score=\"77\"><classCode>STX001932</classCode><className>CRIME, LAW ENFORCEMENT &amp; CORRECTIONS</className><classCode/><className/></classificationItem><classificationItem score=\"72\"><classCode>STX000938</classCode><className>INTELLIGENCE SERVICES</className><classCode/><className/></classificationItem><classificationItem score=\"70\"><classCode>N922120CC</classCode><className>LAW ENFORCEMENT</className><classCode/><className/></classificationItem><classificationItem score=\"70\"><classCode>STX001710</classCode><className>TERRORISM</className><classCode>Z3VpZD11cm46dG9waWM6ODg4MDhDQ0I2QkY5NDU2Rjg1RDNEREFBODk1Nzg1QTY7cGFyZW50Z3VpZD11cm46dG9waWM6RjgwNUY4MjJCMTg5NDgzRUJBMDQwNkM4NkUyNTJBMEY</classCode><className>Terrorism</className></classificationItem></classification><classification classificationScheme=\"industry\"><classificationItem score=\"91\"><classCode>STX000834</classCode><className>HEALTH INSURANCE</className><classCode/><className/></classificationItem><classificationItem score=\"91\"><classCode>N524000CC</classCode><className>INSURANCE</className><classCode/><className/></classificationItem><classificationItem score=\"91\"><classCode>ST000A2VZ</classCode><classCode/><className/></classificationItem><classificationItem score=\"90\"><classCode>N520000CC</classCode><className>BANKING &amp; FINANCE</className><classCode/><className/></classificationItem><classificationItem score=\"90\"><classCode>STX001033</classCode><className>LIFE INSURANCE</className><classCode>Z3VpZD11cm46dG9waWM6MzFEOTQ4RjM2RDk4NDJDNEJERDY1NjREOEVGMTRCOTA7cGFyZW50Z3VpZD11cm46dG9waWM6NTUxRjY2QkZCMjhBNDJENTg2QzJGQUQ1MTAyMEI5RkI</classCode><className>Life Insurance</className></classificationItem><classificationItem score=\"90\"><classCode>STX002011</classCode><className>MORTGAGE BANKING</className><classCode/><className/></classificationItem><classificationItem score=\"90\"><classCode>STX001455</classCode><className>REAL ESTATE</className><classCode/><className/></classificationItem><classificationItem score=\"90\"><classCode>N524130CC</classCode><className>REINSURANCE</className><classCode>Z3VpZD11cm46dG9waWM6NDI3MjQ3NDBDODZENDNCNUJCNzgwNzgwQTBGNDkxRTQ7cGFyZW50Z3VpZD11cm46dG9waWM6NTUxRjY2QkZCMjhBNDJENTg2QzJGQUQ1MTAyMEI5RkI</classCode><className>Reinsurance</className></classificationItem><classificationItem score=\"90\"><classCode>ST0009RX6</classCode><classCode/><className/></classificationItem><classificationItem score=\"90\"><classCode>ST000A2W7</classCode><classCode/><className/></classificationItem><classificationItem score=\"78\"><classCode>N522292GC</classCode><className>MORTGAGE BANKING &amp; FINANCE</className><classCode/><className/></classificationItem></classification><classification classificationScheme=\"city\"><classificationItem score=\"74\"><classCode>GX060</classCode><className>TORONTO, ON, CANADA</className><classCode/><className/></classificationItem></classification><classification classificationScheme=\"state\"><classificationItem score=\"59\"><classCode>GS174</classCode><className>ONTARIO, CANADA</className><classCode/><className/></classificationItem></classification><classification classificationScheme=\"country\"><classificationItem score=\"94\"><classCode>GC339</classCode><className>CANADA</className><classCode/><className/></classificationItem></classification></classificationGroup></metadata></articleDoc></content></entry>"}