{"prediction_class": "Money laundering", "prediction_score": "0.99", "name": "Manulife", "title": "Ottawa real estate firm Sakto faces allegations of money laundering;Swiss advocacy group Bruno Manser Fund (BMF) seeks banking, accounting documents of company founded daughter of influential Malaysian political figure Abdul Taib Mahmud", "published": "2017-09-19T00:00:00Z", "updated": "2020-11-16T04:04:54Z", "cleaned_article": "[TITLE] Ottawa real estate firm Sakto faces allegations of money laundering;Swiss advocacy group Bruno Manser Fund (BMF) seeks banking, accounting documents of company founded daughter of influential Malaysian political figure Abdul Taib Mahmud [TITLE] \n\n\"Over the first 10 years, [Sakto] kept running losses and shareholder capital came in,\" Lukas Straumann, BMF's executive director, said in an interview. \"What we have is unexplained wealth, and we have quite a bit of evidence of the corruption.\" No public charges have been filed against Sakto or the Taib family. Instead, the BMF is pursuing a novel private path through the courts in search of more detailed evidence of alleged misconduct. But the BMF's effort to get access to financial records that would normally require a search warrant is colliding with privacy rights. The fund is asking the court to grant a Norwich Pharmacal order, which requires a respondent to disclose certain documents or information. In this case, BMF wants Royal Bank of Canada, Manulife Financial Corp., Toronto-Dominion Bank and Deloitte & Touche LLP to provide detailed financial records about Sakto and related companies, including beneficial ownership information. \"The defendants have provided services to the Sakto Entities and have records relevant to determining the basis of the private prosecution,\" lawyers for BMF argue. \"As the bankers, lenders, and accountant for the Sakto Entities, these financial institutions are the only practicable source of that information.\" Justice Frederick L. Myers, who heard the motion, has not yet addressed its merits. But in court filings, he writes: \"The relief sought by the plaintiffs is extraordinary by any measure.\"", "raw_cleaned_article": "<h2>Ottawa real estate firm Sakto faces allegations of money laundering;Swiss advocacy group Bruno Manser Fund (BMF) seeks banking, accounting documents of company founded daughter of influential Malaysian political figure Abdul Taib Mahmud</h2><p>\"Over the first 10 years, [Sakto] kept running losses and shareholder capital came in,\" Lukas Straumann, BMF's executive director, said in an interview. \"What we have is unexplained wealth, and we have quite a bit of evidence of the corruption.\" No public charges have been filed against Sakto or the Taib family. Instead, the BMF is pursuing a novel private path through the courts in search of more detailed evidence of alleged misconduct. But the BMF's effort to get access to financial records that would normally require a search warrant is colliding with privacy rights. <b>The fund is asking the court to grant a Norwich Pharmacal order, which requires a respondent to disclose certain documents or information. In this case, BMF wants Royal Bank of Canada, Manulife Financial Corp., Toronto-Dominion Bank and Deloitte & Touche LLP to provide detailed financial records about Sakto and related companies, including beneficial ownership information.</b> \"The defendants have provided services to the Sakto Entities and have records relevant to determining the basis of the private prosecution,\" lawyers for BMF argue. \"As the bankers, lenders, and accountant for the Sakto Entities, these financial institutions are the only practicable source of that information.\" Justice Frederick L. Myers, who heard the motion, has not yet addressed its merits. But in court filings, he writes: \"The relief sought by the plaintiffs is extraordinary by any measure.\"</p>", "original_content": "<entry xmlns=\"http://www.w3.org/2005/Atom\"><id>urn:contentItem:5PHK-B881-F072-J28W-00000-00</id><title>Ottawa real estate firm Sakto faces allegations of money laundering;Swiss advocacy group Bruno Manser Fund (BMF) seeks banking, accounting documents of company founded daughter of influential Malaysian political figure Abdul Taib Mahmud</title><published>2017-09-19T00:00:00Z</published><updated>2020-11-16T04:04:54Z</updated><author><name>LexisNexis</name></author><content type=\"application/xml\"><!--Transformation version 1.23--><articleDoc xmlns=\"\" xmlns:xsi=\"http://www.w3.org/2001/XMLSchema-instance\" xsi:noNamespaceSchemaLocation=\"http://www.lexisnexis.com/xmlschemas/content/public/articledoc/1/\" schemaVersion=\"1.8\" xml:lang=\"en\"><articleDocHead><itemInfo><sourceSectionInfo><positionSection>BUSINESS</positionSection></sourceSectionInfo></itemInfo></articleDocHead><nitf:body xmlns:nitf=\"http://iptc.org/std/NITF/2006-10-18/\"><nitf:body.head><nitf:hedline><nitf:hl1>Ottawa real estate firm Sakto faces allegations of money laundering</nitf:hl1><nitf:hl2>Swiss advocacy group Bruno Manser Fund (BMF) seeks banking, accounting documents of company founded daughter of influential Malaysian political figure Abdul Taib Mahmud</nitf:hl2></nitf:hedline><nitf:byline><author><person><nameText>JAMES BRADSHAW</nameText></person></author></nitf:byline><abstract><bodyText><h>ABSTRACT</h><p>Swiss advocacy group Bruno Manser Fund (BMF) seeks banking, accounting documents of company founded daughter of influential Malaysian political figure Abdul Taib Mahmud</p></bodyText></abstract></nitf:body.head><nitf:body.content><bodyText><h>FULL TEXT</h><p nitf:lede=\"true\">Lawyers for a Swiss advocacy group pursuing allegations of financial crimes against an Ottawa real estate company are turning to Ontario's courts to obtain sensitive financial records from three Canadian banks and a major accounting firm.</p><p nitf:lede=\"true\">For years, the Bruno Manser Fund (BMF), a Basel-based charitable group critical of deforestation in Malaysia and related issues of corruption, has investigated the family and business interests of Abdul Taib Mahmud. He is an influential Malaysian political figure who currently serves as governor of the state of Sarawak.</p><p nitf:lede=\"true\">At the heart of the matter before an Ontario judge are the BMF's allegations against Sakto Corp., a prominent Ottawa real estate firm founded by Mr. Taib Mahmud's daughter, Jamilah Taib Murray. BMF alleges in court filings the company may have built its fortune in part by laundering ill-gotten gains from the Malaysian timber industry.</p><p>Related: Canada given lukewarm grade on anti-money laundering efforts</p><p>The family flatly denies the allegations, which have not been tested in court. Neither Mr. Taib Mahmud, his family nor the companies they control have been charged with a crime. In a statement provided by Sakto to The Globe and Mail, the company said: \"After years of being targeted by the same foreign activists, there is no evidence to support the baseless claims leveled against Sakto.\"</p><p>But BMF now hopes that documents held by banks and an accounting firm in Canada may hold the key to pursuing a private prosecution - a rare procedure that allows an individual or private organization to launch criminal proceedings if it can show sufficient grounds.</p><p>As foreign funds flow into hot Canadian housing markets, concerns about money laundered through real estate have grown. In recent reports, Canada has received tepid reviews for its effectiveness at combatting financial crimes, such as money laundering and terrorist financing.</p><p>Last fall, an international evaluation by the Financial Action Task Force (FATF), an intergovernmental body that sets worldwide standards, said Canada has made progress since 2007, but still has significant enforcement gaps. FATF warned that \"little is done by [Canadian financial institutions] to verify the accuracy of beneficial ownership information.\"</p><p>BMF says in filings with the Ontario Superior Court that it has repeatedly raised red flags about transactions among companies controlled by the Taib family. The fund has contacted the RCMP, the Financial Transactions and Reports Analysis Centre of Canada (FinTRAC), and government departments.</p><p>A FinTRAC spokesperson said the agency is prevented by law from discussing information it may have received, while the RCMP said it does not generally confirm investigations unless charges are laid.</p><p>According to claims filed in court, about 90 per cent of Borneo's primeval rain forest has been cut down, mostly to make room for palm oil plantations, over decades when Mr. Taib Mahmud served as a state official. Lawyers for BMF allege that he engaged in \"notorious and recognized corruption,\" using his influence to award lucrative timber licences and land leases, and to require \"kickback\" payments.</p><p>Ms. Taib Murray, his daughter, came to Ottawa in her youth and founded Sakto Corp. in 1983, when she was in her early 20s. Since then, she and her husband, Sean Murray, have built the company into an influential force in Ottawa real estate, and the couple is recognized for their philanthropy in the city's social circles.</p><p>BMF alleges that during Sakto's first decade of operations, the Taib family \"secretly channelled\" more than $29-million into the firm, which posted repeated financial losses. The funds were from company shareholders, all of whom were members of the Taib family, BMF claims.</p><p>\"Over the first 10 years, [Sakto] kept running losses and shareholder capital came in,\" Lukas Straumann, BMF's executive director, said in an interview. \"What we have is unexplained wealth, and we have quite a bit of evidence of the corruption.\"</p><p>No public charges have been filed against Sakto or the Taib family. Instead, the BMF is pursuing a novel private path through the courts in search of more detailed evidence of alleged misconduct. But the BMF's effort to get access to financial records that would normally require a search warrant is colliding with privacy rights.</p><p>The fund is asking the court to grant a Norwich Pharmacal order, which requires a respondent to disclose certain documents or information. In this case, BMF wants Royal Bank of Canada, Manulife Financial Corp., Toronto-Dominion Bank and Deloitte &amp; Touche LLP to provide detailed financial records about Sakto and related companies, including beneficial ownership information.</p><p>\"The defendants have provided services to the Sakto Entities and have records relevant to determining the basis of the private prosecution,\" lawyers for BMF argue. \"As the bankers, lenders, and accountant for the Sakto Entities, these financial institutions are the only practicable source of that information.\"</p><p>Justice Frederick L. Myers, who heard the motion, has not yet addressed its merits. But in court filings, he writes: \"The relief sought by the plaintiffs is extraordinary by any measure.\"</p><p>In its statement to The Globe, Sakto said: \"Despite its exhaustive effort to tarnish the Sakto business and its directors, BMF, by its own admission, cannot present sufficient evidence to support a legitimate complaint. Instead it must resort to an arcane procedure and in the process deny Sakto and its leadership a fundamental right to respond.\"</p><p>\"This covert legal manoeuvre is another example of a media stunt by these activists funded by unknown foreign entities. BMF routinely employs the tactic of filing complaints to generate news on which it can self-report online,\" the company said, adding: \"Thankfully we will have these rehashed and repackaged allegations dealt with in a formal court of law.\"</p><p>An affidavit sworn by BMF's Mr. Straumann alleges Deloitte provided accounting services to Sakto. It further suggests that RBC provided Sakto with commercial loans totalling at least $20-million between 1989 and 1991 to help fund a real estate development. And it shows TD provided a mortgage worth nearly $8.2-million in 1986 to help fund the purchase of another Ottawa property.</p><p>The affidavit further alleges that Manulife has been \"the Sakto Group's main commercial lender since 2003.\" By 2006, documents show Manulife had registered three separate mortgages totalling $73-million on Sakto's Preston Square development.</p><p>Spokespeople for Deloitte, Manulife, RBC and TD declined to discuss client information.</p><p>Follow this link to view this story on globeandmail.com: Ottawa real estate firm Sakto faces allegations of money laundering The viewing of this article is only available to Globe Unlimited subscribers.</p></bodyText></nitf:body.content></nitf:body><metadata><dc:metadata xmlns:dc=\"http://purl.org/dc/elements/1.1/\"><dc:identifier identifierScheme=\"DOC-ID\">BRNWGM-RTGAM20170919escenic_36317645</dc:identifier><dc:source sourceScheme=\"royaltyReportingKey\">BRNWGM2017</dc:source><dc:identifier identifierScheme=\"PGUID\">urn:contentItem:5PHK-B881-F072-J28W-00000-00</dc:identifier><dc:source sourceScheme=\"productContentSetIdentifier\">302564</dc:source><dc:date dateType=\"last-updated\">1901-11-11</dc:date></dc:metadata><wordCount number=\"1164\"/><timeReceived>7:00 PM GMT</timeReceived><publicationInfo><copyright>Copyright 2017 The Globe and Mail, a division of CTVglobemedia Publishing Inc. All Rights Reserved</copyright><publicationName>Breaking News from globeandmail.com</publicationName><publicationDate day=\"19\" month=\"09\" year=\"2017\"><dateText>September 19, 2017 Tuesday</dateText></publicationDate><classification classificationScheme=\"publicationtype\"><classificationItem><className>Web Publication</className></classificationItem></classification><classification classificationScheme=\"publicationtype\"><classificationItem><className>Newspapers</className></classificationItem></classification></publicationInfo><classification classificationScheme=\"language\"><classificationItem classificationScheme=\"lang.english\"><className>ENGLISH</className></classificationItem></classification><classificationGroup classificationScheme=\"indexing-terms\"><classification classificationScheme=\"legal\"><classificationItem><className>Criminal Law &amp; Procedure</className><classCode>Z3VpZD11cm46dG9waWM6NEU0RkE1OUQwNUQwNDgxODhEODZCMjkzOTg3NThBNzk7cGFyZW50Z3VpZD0</classCode><classificationItem score=\"91\"><className>General Overview</className><classCode>Z3VpZD11cm46dG9waWM6MUM4RjZFOEE4MDc3NDE4QjhCMkQwNzc2QTM0OUQ5NjI7cGFyZW50Z3VpZD11cm46dG9waWM6QzBDQzA4NEVCN0Q0NEZCRkEwNjY3Qzk3MDA3NzlCMjU</classCode></classificationItem></classificationItem></classification><classification classificationScheme=\"subject\"><classificationItem score=\"90\"><classCode>STX000759</classCode><className>FRAUD &amp; FINANCIAL CRIME</className><classCode/><className/></classificationItem><classificationItem score=\"90\"><classCode>ST0009FJK</classCode><className>NEGATIVE PERSONAL NEWS</className><classCode/><className/></classificationItem><classificationItem score=\"90\"><classCode>STX001159</classCode><className>MONEY LAUNDERING</className><classCode>Z3VpZD11cm46dG9waWM6QzBDQzA4NEVCN0Q0NEZCRkEwNjY3Qzk3MDA3NzlCMjU7cGFyZW50Z3VpZD11cm46dG9waWM6NkUzNTQ1QUZBM0Y5NDcyQjk4N0I5Mjg0QzU3NDk0MDI</classCode><className>Money Laundering</className></classificationItem><classificationItem score=\"90\"><classCode>STX001932</classCode><className>CRIME, LAW ENFORCEMENT &amp; CORRECTIONS</className><classCode/><className/></classificationItem><classificationItem score=\"89\"><classCode>ST0008X9C</classCode><className>GOVERNORS</className><classCode/><className/></classificationItem><classificationItem score=\"89\"><classCode>ST000959S</classCode><className>CRIMINAL OFFENSES</className><classCode>Z3VpZD11cm46dG9waWM6REE3RUI5RUNDMTgyNDU3Rjk2QUMwOTVBOUI1NDNFOTY7cGFyZW50Z3VpZD11cm46dG9waWM6NEU0RkE1OUQwNUQwNDgxODhEODZCMjkzOTg3NThBNzk</classCode><className>Criminal Offenses</className></classificationItem><classificationItem score=\"89\"><classCode>STX000713</classCode><className>FINANCIAL CRIME COUNTERMEASURES</className><classCode/><className/></classificationItem><classificationItem score=\"89\"><classCode>STX000969</classCode><className>INVESTIGATIONS</className><classCode/><className/></classificationItem><classificationItem score=\"89\"><classCode>N922110CC</classCode><className>LAW COURTS &amp; TRIBUNALS</className><classCode/><className/></classificationItem><classificationItem score=\"89\"><classCode>N541110GM</classCode><className>LAWYERS</className><classCode/><className/></classificationItem><classificationItem score=\"79\"><classCode>ST000DMT1</classCode><className>PATENT COURTS</className><classCode/><className/></classificationItem><classificationItem score=\"78\"><classCode>ST0009J0N</classCode><className>CRIMINAL LAW</className><classCode>Z3VpZD11cm46dG9waWM6NEU0RkE1OUQwNUQwNDgxODhEODZCMjkzOTg3NThBNzk7cGFyZW50Z3VpZD0</classCode><className>Criminal Law &amp; Procedure</className></classificationItem><classificationItem score=\"78\"><classCode>ST0009SR8</classCode><className>FAMILY COMPANIES</className><classCode/><className/></classificationItem><classificationItem score=\"78\"><classCode>ST000DLX8</classCode><className>BUSINESS INVESTIGATIONS</className><classCode/><className/></classificationItem><classificationItem score=\"78\"><classCode>ST000D5SG</classCode><className>CORRUPTION</className><classCode/><className/></classificationItem><classificationItem score=\"78\"><classCode>STX000165</classCode><className>BANKING &amp; FINANCE ASSOCIATIONS</className><classCode/><className/></classificationItem><classificationItem score=\"76\"><classCode>ST0009GET</classCode><className>DEFORESTATION</className><classCode/><className/></classificationItem><classificationItem score=\"75\"><classCode>N920000CC</classCode><className>GOVERNMENT &amp; PUBLIC ADMINISTRATION</className><classCode>Z3VpZD11cm46dG9waWM6MjdEQjE4OUJDMzQxNDNEMEI0RTI1QUFCMzJENjEwRTA7cGFyZW50Z3VpZD11cm46dG9waWM6MUFEMUQ2QTA1OUZCNEE5RjkzNTA2RERFMUNEOTk1RTI</classCode><className>Governments</className></classificationItem><classificationItem score=\"75\"><classCode>ST000DN6R</classCode><className>PUBLIC OFFICIALS</className><classCode/><className/></classificationItem><classificationItem score=\"72\"><classCode>STX000278</classCode><className>CHARITIES</className><classCode/><className/></classificationItem><classificationItem score=\"71\"><classCode>STX001451</classCode><className>RAIN FORESTS</className><classCode/><className/></classificationItem><classificationItem score=\"63\"><classCode>ST00096KO</classCode><className>HOUSING MARKET</className><classCode/><className/></classificationItem><classificationItem score=\"50\"><classCode>STX001710</classCode><className>TERRORISM</className><classCode>Z3VpZD11cm46dG9waWM6ODg4MDhDQ0I2QkY5NDU2Rjg1RDNEREFBODk1Nzg1QTY7cGFyZW50Z3VpZD11cm46dG9waWM6RjgwNUY4MjJCMTg5NDgzRUJBMDQwNkM4NkUyNTJBMEY</classCode><className>Terrorism</className></classificationItem></classification><classification classificationScheme=\"industry\"><classificationItem score=\"93\"><classCode>STX001455</classCode><className>REAL ESTATE</className><classCode/><className/></classificationItem><classificationItem score=\"91\"><classCode>ST000A2W7</classCode><classCode/><className/></classificationItem><classificationItem score=\"90\"><classCode>N520000CC</classCode><className>BANKING &amp; FINANCE</className><classCode/><className/></classificationItem><classificationItem score=\"90\"><classCode>N531200CC</classCode><className>REAL ESTATE AGENTS</className><classCode>Z3VpZD11cm46dG9waWM6Q0Y4NEU1ODkzRTlENEQ5MEI1NTRFRTI0RTIzNDcxRkI7cGFyZW50Z3VpZD11cm46dG9waWM6QUUyRTcxRURBNEY2NEE2MDk3QzBCNzRDOEY0NTZDQzk</classCode><className>Brokers</className></classificationItem><classificationItem score=\"90\"><classCode>ST0009RX6</classCode><classCode/><className/></classificationItem><classificationItem score=\"89\"><classCode>N541110GM</classCode><className>LAWYERS</className><classCode/><className/></classificationItem><classificationItem score=\"78\"><classCode>N110000CC</classCode><className>AGRICULTURE, FORESTRY, FISHING &amp; HUNTING</className><classCode/><className/></classificationItem><classificationItem score=\"78\"><classCode>STX000165</classCode><className>BANKING &amp; FINANCE ASSOCIATIONS</className><classCode/><className/></classificationItem><classificationItem score=\"76\"><classCode>ST0009F93</classCode><className>FORESTRY &amp; LOGGING REGULATION &amp; POLICY</className><classCode/><className/></classificationItem><classificationItem score=\"76\"><classCode>ST0009GET</classCode><className>DEFORESTATION</className><classCode/><className/></classificationItem><classificationItem score=\"74\"><classCode>N511000CC</classCode><className>PUBLISHING</className><classCode/><className/></classificationItem><classificationItem score=\"73\"><classCode>N113000CC</classCode><className>FORESTRY &amp; LOGGING</className><classCode/><className/></classificationItem><classificationItem score=\"71\"><classCode>ST000DNAB</classCode><className>PALM OIL</className><classCode/><className/></classificationItem><classificationItem score=\"63\"><classCode>ST00096KO</classCode><className>HOUSING MARKET</className><classCode/><className/></classificationItem></classification><classification classificationScheme=\"city\"><classificationItem score=\"90\"><classCode>GX052</classCode><className>OTTAWA, ON, CANADA</className><classCode/><className/></classificationItem><classificationItem score=\"79\"><classCode>GX418</classCode><className>BASEL, SWITZERLAND</className><classCode/><className/></classificationItem></classification><classification classificationScheme=\"state\"><classificationItem score=\"88\"><classCode>GS174</classCode><className>ONTARIO, CANADA</className><classCode/><className/></classificationItem></classification><classification classificationScheme=\"country\"><classificationItem score=\"95\"><classCode>GC339</classCode><className>CANADA</className><classCode/><className/></classificationItem><classificationItem score=\"94\"><classCode>GC308</classCode><className>MALAYSIA</className><classCode/><className/></classificationItem><classificationItem score=\"90\"><classCode>ST0009WTY</classCode><className>BORNEO</className><classCode/><className/></classificationItem></classification></classificationGroup></metadata></articleDoc></content></entry>"}