{"prediction_class": "Regulatory Breaches Tax Evasion Smuggling of goods", "prediction_score": "0.96", "name": "Manulife", "title": "Sun Life unit nears settlements;U.S.-based mutual fund arm could strike deals with regulators by next week", "published": "2003-12-26T00:00:00Z", "updated": "2020-11-16T03:59:00Z", "cleaned_article": "[TITLE] Sun Life unit nears settlements;U.S.-based mutual fund arm could strike deals with regulators by next week [TITLE] \n\n Nick Thomas, a spokesman for Sun Life, declined to comment on the matter. An SEC spokesman refused to comment on any discussions with the insurer.   Although Sun Life is said to be close to resolving the issue, some observers believe the tight holiday schedule could prolong the settlements until just after New Year's Day.  Sun Life is one of two Canadian companies that have been enmeshed in the mutual fund scandal. Manulife Financial Corp. confirmed on Tuesday that it has received a subpoena from Mr. Spitzer regarding market timing and late trading of funds. The insurer has also received information requests from the SEC, the U.S. National Association of Securities Dealers, and the Ontario Securities Commission.  \"While the outcome of these investigations is impossible to predict at this early stage, the introduction of these uncertainties in the midst of [Manulife's] . . . merger with Boston-based John Hancock is at a minimum unwelcome news,\" Brad Smith, an analyst with Merrill Lynch Canada Inc., wrote in a research note. \"While the investigations may yield no formal legal actions, the management time required to comply with information requests alone may cause delays in timing of the planned merger completion.\" He noted that a proxy has not yet been mailed to investors, though the deal was unveiled three months ago.   As part of its commitment to co-operate with the SEC's continuing industry probe, Sun Life recently tipped off the regulator about suspicious trading in one of its funds.   The SEC filed civil charges this week against Las Vegas-based Security Brokerage Inc. and its majority owner, Daniel Calugar, for allegedly attempting to defraud mutual fund investors through improper market timing and late trading. ", "raw_cleaned_article": "<h2>Sun Life unit nears settlements;U.S.-based mutual fund arm could strike deals with regulators by next week</h2><p> Nick Thomas, a spokesman for Sun Life, declined to comment on the matter. An SEC spokesman refused to comment on any discussions with the insurer.   Although Sun Life is said to be close to resolving the issue, some observers believe the tight holiday schedule could prolong the settlements until just after New Year's Day.  <b>Sun Life is one of two Canadian companies that have been enmeshed in the mutual fund scandal. Manulife Financial Corp. confirmed on Tuesday that it has received a subpoena from Mr. Spitzer regarding market timing and late trading of funds. The insurer has also received information requests from the SEC, the U.S. National Association of Securities Dealers, and the Ontario Securities Commission. </b></p><p>[...]</p><p> Nick Thomas, a spokesman for Sun Life, declined to comment on the matter. An SEC spokesman refused to comment on any discussions with the insurer.  <b> \"While the outcome of these investigations is impossible to predict at this early stage, the introduction of these uncertainties in the midst of [Manulife's] . . . merger with Boston-based John Hancock is at a minimum unwelcome news,\" Brad Smith, an analyst with Merrill Lynch Canada Inc., wrote in a research note. \"While the investigations may yield no formal legal actions, the management time required to comply with information requests alone may cause delays in timing of the planned merger completion.\" He noted that a proxy has not yet been mailed to investors, though the deal was unveiled three months ago. </b>  As part of its commitment to co-operate with the SEC's continuing industry probe, Sun Life recently tipped off the regulator about suspicious trading in one of its funds.   The SEC filed civil charges this week against Las Vegas-based Security Brokerage Inc. and its majority owner, Daniel Calugar, for allegedly attempting to defraud mutual fund investors through improper market timing and late trading. </p>", "original_content": "<entry xmlns=\"http://www.w3.org/2005/Atom\"><id>urn:contentItem:4KX2-7DN0-TXJ2-N21S-00000-00</id><title>Sun Life unit nears settlements;U.S.-based mutual fund arm could strike deals with regulators by next week</title><published>2003-12-26T00:00:00Z</published><updated>2020-11-16T03:59:00Z</updated><author><name>LexisNexis</name></author><content type=\"application/xml\"><!--Transformation version 1.23--><articleDoc xmlns=\"\" xmlns:xsi=\"http://www.w3.org/2001/XMLSchema-instance\" xsi:noNamespaceSchemaLocation=\"http://www.lexisnexis.com/xmlschemas/content/public/articledoc/1/\" schemaVersion=\"1.8\" xml:lang=\"en\"><articleDocHead><itemInfo><sourceSectionInfo><positionSection>REPORT ON BUSINESS: CANADIAN</positionSection><positionSequence>Pg. B1</positionSequence></sourceSectionInfo></itemInfo></articleDocHead><nitf:body xmlns:nitf=\"http://iptc.org/std/NITF/2006-10-18/\"><nitf:body.head><nitf:hedline><nitf:hl1>Sun Life unit nears settlements</nitf:hl1><nitf:hl2>U.S.-based mutual fund arm could strike deals with regulators by next week</nitf:hl2></nitf:hedline><nitf:byline><author><person><nameText>SINCLAIR STEWART</nameText></person></author></nitf:byline></nitf:body.head><nitf:body.content><bodyText><p nitf:lede=\"true\"> The Boston-based mutual fund arm of <emphasis typeStyle=\"bf\">Sun Life Financial Inc.</emphasis> is expected to reach settlements with U.S. regulators as early as next week over allegations it allowed improper trading practices, according to people familiar with the matter. </p><p nitf:lede=\"true\"><emphasis typeStyle=\"bf\">Massachusetts Financial Services Co.</emphasis> is already very close to an agreement with the U.S. Securities and Exchange Commission, which has accused the fund company of breaching its fiduciary duty and providing investors with \"false and misleading\" disclosure regarding its policies on market timing. </p><p> However, one source said that agreement has been delayed somewhat by separate settlement negotiations between the insurer and crusading New York State Attorney-General <person><nameText>Eliot Spitzer. </nameText></person>Mr. Spitzer's office and the SEC, which are at the forefront of the wide-ranging investigation into trading abuses in the $7-trillion (U.S.) mutual fund industry, have worked closely together and have tended to unveil their settlements with fund companies simultaneously. </p><p> \"The whole idea is to try to announce the settlement with the regulators at the same time, and that would be our objective too,\" said one source close to Sun Life. </p><p> Last week, for example, the SEC and Mr. Spitzer entered into a $600-million settlement with Alliance Capital Management LP. Part of that sum - $250-million - was a straight financial penalty. The remaining $350-million, meanwhile, was what the fund company estimated it would lose by adhering to Mr. Spitzer's demands to cut commission fees by 20 per cent over the next five years. </p><p>Sun Life is said to be resisting any wholesale agreement to slash the fees at MFS, which it argues are already substantially lower than those at Alliance. A recent analyst report suggested a 20-per-cent fee reduction at MFS could reduce Sun Life's annual profit by about 1 per cent. The insurer has earned $1.1-billion in the first nine months of 2003. </p><p> Nick Thomas, a spokesman for Sun Life, declined to comment on the matter. An SEC spokesman refused to comment on any discussions with the insurer. </p><p> Although Sun Life is said to be close to resolving the issue, some observers believe the tight holiday schedule could prolong the settlements until just after New Year's Day. </p><p>Sun Life is one of two Canadian companies that have been enmeshed in the mutual fund scandal. <emphasis typeStyle=\"bf\">Manulife Financial Corp.</emphasis> confirmed on Tuesday that it has received a subpoena from Mr. Spitzer regarding market timing and late trading of funds. The insurer has also received information requests from the SEC, the U.S. National Association of Securities Dealers, and the Ontario Securities Commission. </p><p> Peter Fuchs, a spokesman for Toronto-based Manulife, said the company has not been placed under formal investigation by the U.S. regulators. </p><p> \"They're not accusing us of anything,\" he said. \"They've asked us for information and we're complying.\" </p><p><emphasis typeStyle=\"bf\">John Hancock Financial Services Inc.</emphasis>, the Boston insurer that Manulife has agreed to acquire for $15-billion (Canadian), has also been caught up in the probe. The company has received a subpoena from the Massachusetts Securities Division, another key player in the investigations. </p><p> John Hancock has also received information requests from the SEC and the NASD. Both Manulife and John Hancock said in regulatory filings this week that they are conducting internal investigations into their mutual fund trading practices in the United States, and are co-operating with regulators. </p><p> One analyst warned yesterday that the regulatory probes could become a distraction for the two insurers as they attempt to consummate their proposed merger. </p><p> \"While the outcome of these investigations is impossible to predict at this early stage, the introduction of these uncertainties in the midst of [Manulife's] . . . merger with Boston-based John Hancock is at a minimum unwelcome news,\" Brad Smith, an analyst with Merrill Lynch Canada Inc., wrote in a research note. \"While the investigations may yield no formal legal actions, the management time required to comply with information requests alone may cause delays in timing of the planned merger completion.\" He noted that a proxy has not yet been mailed to investors, though the deal was unveiled three months ago. </p><p> As part of its commitment to co-operate with the SEC's continuing industry probe, Sun Life recently tipped off the regulator about suspicious trading in one of its funds. </p><p> The SEC filed civil charges this week against Las Vegas-based Security Brokerage Inc. and its majority owner, Daniel Calugar, for allegedly attempting to defraud mutual fund investors through improper market timing and late trading. </p><p> He allegedly pocketed $175-million (U.S.) through these trading practices, primarily through funds managed by MFS and Alliance Capital, according to the SEC. MFS recently noted that Mr. Calugar was attempting to move $50-million out of one its funds, and contacted the SEC, said a person familiar with the investigation. </p><p> Market timing, in which investors trade shares at frequent intervals to cash in on minor price discrepancies, is not illegal, but most big fund companies restrict the practice or forbid it, since the trading can raise costs for the fund and hurt returns to shareholders. </p><p>Sun Life has already said the SEC would pursue civil charges against MFS for failing to police trading in 11 of its funds, even though prospectuses for these funds claimed the company actively discouraged market timing. Late trading, of which Mr. Calugar has also been accused, is illegal. In the latter case, investors will place a buy or sell order in a mutual fund after its price has been established at the end of the trading day. The idea is to buy at a \"stale\" price, and take advantage of market news that could affect the underlying fund. </p></bodyText></nitf:body.content></nitf:body><metadata><dc:metadata xmlns:dc=\"http://purl.org/dc/elements/1.1/\"><dc:identifier identifierScheme=\"DOC-ID\">GLOBML-GAM20031226RMUTUAL26</dc:identifier><dc:source sourceScheme=\"royaltyReportingKey\">GLOBML2003</dc:source><dc:identifier identifierScheme=\"PGUID\">urn:contentItem:4KX2-7DN0-TXJ2-N21S-00000-00</dc:identifier><dc:source sourceScheme=\"productContentSetIdentifier\">303830</dc:source><dc:date dateType=\"last-updated\">2015-09-06</dc:date></dc:metadata><wordCount number=\"961\"/><publicationInfo><copyright>Copyright 2003 The Globe and Mail, a division of CTVglobemedia Publishing Inc. All Rights Reserved</copyright><publicationName>The Globe and Mail (Canada)</publicationName><publicationDate day=\"26\" month=\"12\" year=\"2003\"><dateText>December 26, 2003 Friday</dateText></publicationDate><classification classificationScheme=\"publicationtype\"><classificationItem><className>Newspaper</className></classificationItem></classification><classification classificationScheme=\"publicationtype\"><classificationItem><className>Newspapers</className></classificationItem></classification></publicationInfo><classification classificationScheme=\"language\"><classificationItem classificationScheme=\"lang.english\"><className>ENGLISH</className></classificationItem></classification><classificationGroup classificationScheme=\"indexing-terms\"><classification classificationScheme=\"company\"><classificationItem score=\"95\"><classCode>CC00020UN</classCode><className>SUN LIFE FINANCIAL INC</className></classificationItem><classificationItem score=\"81\"><classCode>CC0001WGL</classCode><className>MANULIFE FINANCIAL CORP</className></classificationItem><classificationItem score=\"72\"><classCode>CC0001UR4</classCode><className>MASSACHUSETTS FINANCIAL SERVICES CO</className></classificationItem></classification><classification classificationScheme=\"organization\"><classificationItem score=\"91\"><className>SECURITIES &amp; EXCHANGE COMMISSION</className></classificationItem></classification><classification classificationScheme=\"industry\"><classificationItem score=\"95\"><className>NAICS524113 DIRECT LIFE INSURANCE CARRIERS</className></classificationItem><classificationItem score=\"95\"><className>SIC6311 LIFE INSURANCE</className></classificationItem><classificationItem score=\"81\"><className>NAICS524130 REINSURANCE CARRIERS</className></classificationItem><classificationItem score=\"81\"><className>NAICS524114 DIRECT HEALTH &amp; MEDICAL INSURANCE CARRIERS</className></classificationItem><classificationItem score=\"81\"><className>NAICS522292 REAL ESTATE CREDIT</className></classificationItem><classificationItem score=\"81\"><className>SIC6321 ACCIDENT &amp; HEALTH INSURANCE</className></classificationItem><classificationItem score=\"81\"><className>SIC6162 MORTGAGE BANKERS &amp; LOAN CORRESPONDENTS</className></classificationItem><classificationItem score=\"72\"><className>SIC6282 INVESTMENT ADVICE</className></classificationItem></classification><classification classificationScheme=\"ticker\"><classificationItem score=\"95\"><className>SLF (TSX)</className></classificationItem><classificationItem score=\"95\"><className>SLF (NYSE)</className></classificationItem><classificationItem score=\"81\"><className>MFC (TSX)</className></classificationItem><classificationItem score=\"81\"><className>MFC (NYSE)</className></classificationItem><classificationItem score=\"81\"><className>0945 (HKSE)</className></classificationItem></classification></classificationGroup><classificationGroup classificationScheme=\"licensor.indexing-terms\"><classification classificationScheme=\"licensor.organization\"><classificationItem><className>ROB 1000</className></classificationItem><classificationItem><className>$SLF</className></classificationItem><classificationItem><className>$MFC</className></classificationItem><classificationItem><className>Sun Life Financial Inc.</className></classificationItem><classificationItem><className>Massachusetts Financial Services Co.</className></classificationItem><classificationItem><className>Securities and Exchange Commission</className></classificationItem><classificationItem><className>Manulife Financial Corp.</className></classificationItem><classificationItem><className>John Hancock Financial Services Inc.</className></classificationItem></classification><classification classificationScheme=\"licensor.region\"><classificationItem><className>United States</className></classificationItem></classification><classification classificationScheme=\"licensor.subject\"><classificationItem><className>mutual funds</className></classificationItem><classificationItem><className>securities</className></classificationItem><classificationItem><className>fraud</className></classificationItem><classificationItem><className>regulation</className></classificationItem></classification></classificationGroup><classificationGroup classificationScheme=\"indexing-terms\"><classification classificationScheme=\"legal\"><classificationItem><className>Business &amp; Corporate Compliance</className><classCode>Z3VpZD11cm46dG9waWM6MUFEMUQ2QTA1OUZCNEE5RjkzNTA2RERFMUNEOTk1RTI7cGFyZW50Z3VpZD0</classCode><classificationItem score=\"50\"><className>National Association of Securities Dealers</className><classCode>Z3VpZD11cm46dG9waWM6NkNCMDRBRERCNkRDNEIxMDg5NUMzQkIxNUI4MDQ5Njk7cGFyZW50Z3VpZD11cm46dG9waWM6NTk2QzZCOTc1QzgxNEI0REFDNjYwM0UxMzNDOEEwQUE</classCode></classificationItem></classificationItem><classificationItem><className>Insurance Law</className><classCode>Z3VpZD11cm46dG9waWM6MDM4MzQ2QUYzMTY0NDQzQTkxRDQwRUUzRUM5RDg0OEM7cGFyZW50Z3VpZD0</classCode><classificationItem score=\"50\"><className>National Association of Securities Dealers</className><classCode>Z3VpZD11cm46dG9waWM6NkNCMDRBRERCNkRDNEIxMDg5NUMzQkIxNUI4MDQ5Njk7cGFyZW50Z3VpZD11cm46dG9waWM6NTk2QzZCOTc1QzgxNEI0REFDNjYwM0UxMzNDOEEwQUE</classCode></classificationItem></classificationItem><classificationItem><className>Securities Law</className><classCode>Z3VpZD11cm46dG9waWM6RkFFMTQ3ODhCRDYyNDkyN0IwQkEyQzRCRDlFMEM5ODc7cGFyZW50Z3VpZD0</classCode><classificationItem score=\"50\"><className>Purposes</className><classCode>Z3VpZD11cm46dG9waWM6ODBENDUxOEY0NkQxNDcxOTlCOUU1RTRFMkE2MDlGQjE7cGFyZW50Z3VpZD11cm46dG9waWM6RDE5MjFGRjUzNjlCNEY1NEI2OEY2REJCNTE5OEYxOTc</classCode></classificationItem><classificationItem score=\"50\"><className>Rules &amp; Regulations</className><classCode>Z3VpZD11cm46dG9waWM6OTg3RENENzcwMkY2NDgzRTkwRTZENzNDREM5MzQ5Nzk7cGFyZW50Z3VpZD11cm46dG9waWM6RDE5MjFGRjUzNjlCNEY1NEI2OEY2REJCNTE5OEYxOTc</classCode></classificationItem></classificationItem></classification><classification classificationScheme=\"subject\"><classificationItem score=\"94\"><classCode>N525910GG</classCode><className>MUTUAL FUNDS</className><classCode/><className/></classificationItem><classificationItem score=\"90\"><classCode>ST000DH0Q</classCode><className>AGREEMENTS</className><classCode/><className/></classificationItem><classificationItem score=\"90\"><classCode>N926150GC</classCode><className>BANKING &amp; FINANCE REGULATION</className><classCode/><className/></classificationItem><classificationItem score=\"90\"><classCode>N523930MC</classCode><className>INVESTMENT ADVISERS</className><classCode>Z3VpZD11cm46dG9waWM6ODQ2M0Q5NUExRUZENEY2NDkzMzlDMDVFNjFCNTY3MTQ7cGFyZW50Z3VpZD11cm46dG9waWM6RkFFMTQ3ODhCRDYyNDkyN0IwQkEyQzRCRDlFMEM5ODc</classCode><className>Investment Advisers</className></classificationItem><classificationItem score=\"90\"><classCode>ST0009FJK</classCode><className>NEGATIVE PERSONAL NEWS</className><classCode/><className/></classificationItem><classificationItem score=\"90\"><classCode>STX001976</classCode><className>SECURITIES &amp; OTHER INVESTMENTS</className><classCode/><className/></classificationItem><classificationItem score=\"90\"><classCode>N926150GM</classCode><className>SECURITIES LAW</className><classCode>Z3VpZD11cm46dG9waWM6RkFFMTQ3ODhCRDYyNDkyN0IwQkEyQzRCRDlFMEM5ODc7cGFyZW50Z3VpZD11cm46dG9waWM6MUFEMUQ2QTA1OUZCNEE5RjkzNTA2RERFMUNEOTk1RTI</classCode><className>Securities</className></classificationItem><classificationItem score=\"90\"><classCode>N921100MM</classCode><className>US FEDERAL GOVERNMENT</className><classCode>Z3VpZD11cm46dG9waWM6MkM1MTYwRDE0NkJBNEVFMEIxQjM3RUE2NDRFQUFEODY7cGFyZW50Z3VpZD11cm46dG9waWM6MjdEQjE4OUJDMzQxNDNEMEI0RTI1QUFCMzJENjEwRTA</classCode><className>Federal Government</className></classificationItem><classificationItem score=\"89\"><classCode>STX000969</classCode><className>INVESTIGATIONS</className><classCode/><className/></classificationItem><classificationItem score=\"78\"><classCode>STX000128</classCode><className>ATTORNEYS GENERAL</className><classCode/><className/></classificationItem><classificationItem score=\"78\"><classCode>STX001410</classCode><className>COMPANY PROFITS</className><classCode/><className/></classificationItem><classificationItem score=\"78\"><classCode>STX000466</classCode><className>DELAYS &amp; POSTPONEMENTS</className><classCode/><className/></classificationItem><classificationItem score=\"78\"><classCode>STX001040</classCode><className>LITIGATION</className><classCode/><className/></classificationItem><classificationItem score=\"78\"><classCode>STX001548</classCode><className>SELF REGULATING ORGANIZATIONS</className><classCode/><className/></classificationItem><classificationItem score=\"77\"><classCode>ST000DANR</classCode><className>FALSE STATEMENTS</className><classCode/><className/></classificationItem><classificationItem score=\"77\"><classCode>STX000759</classCode><className>FRAUD &amp; FINANCIAL CRIME</className><classCode/><className/></classificationItem><classificationItem score=\"77\"><classCode>STX001462</classCode><className>REGULATORY COMPLIANCE</className><classCode/><className/></classificationItem><classificationItem score=\"77\"><classCode>ST000CTIZ</classCode><className>SCANDALS</className><classCode/><className/></classificationItem><classificationItem score=\"75\"><classCode>ST0009EVK</classCode><className>MEDICINE &amp; HEALTH</className><classCode/><className/></classificationItem><classificationItem score=\"73\"><classCode>STX000165</classCode><className>BANKING &amp; FINANCE ASSOCIATIONS</className><classCode/><className/></classificationItem><classificationItem score=\"73\"><classCode>STX000722</classCode><className>FINES &amp; PENALTIES</className><classCode/><className/></classificationItem><classificationItem score=\"71\"><classCode>ST20031561</classCode><className>FIDUCIARY DUTIES</className><classCode/><className/></classificationItem><classificationItem score=\"69\"><classCode>STX001640</classCode><className>SUBPOENAS</className><classCode/><className/></classificationItem><classificationItem score=\"50\"><classCode>ST000A7IS</classCode><className>ASSOCIATIONS &amp; ORGANIZATIONS</className><classCode/><className/></classificationItem></classification><classification classificationScheme=\"industry\"><classificationItem score=\"94\"><classCode>N525910GG</classCode><className>MUTUAL FUNDS</className><classCode/><className/></classificationItem><classificationItem score=\"92\"><classCode>N524000CC</classCode><className>INSURANCE</className><classCode/><className/></classificationItem><classificationItem score=\"92\"><classCode>ST000A2VZ</classCode><classCode/><className/></classificationItem><classificationItem score=\"91\"><classCode>N520000CC</classCode><className>BANKING &amp; FINANCE</className><classCode/><className/></classificationItem><classificationItem score=\"90\"><classCode>N926150GC</classCode><className>BANKING &amp; FINANCE REGULATION</className><classCode/><className/></classificationItem><classificationItem score=\"90\"><classCode>N523930MC</classCode><className>INVESTMENT ADVISERS</className><classCode>Z3VpZD11cm46dG9waWM6ODQ2M0Q5NUExRUZENEY2NDkzMzlDMDVFNjFCNTY3MTQ7cGFyZW50Z3VpZD11cm46dG9waWM6RkFFMTQ3ODhCRDYyNDkyN0IwQkEyQzRCRDlFMEM5ODc</classCode><className>Investment Advisers</className></classificationItem><classificationItem score=\"90\"><classCode>STX002011</classCode><className>MORTGAGE BANKING</className><classCode/><className/></classificationItem><classificationItem score=\"90\"><classCode>STX001455</classCode><className>REAL ESTATE</className><classCode/><className/></classificationItem><classificationItem score=\"90\"><classCode>STX001976</classCode><className>SECURITIES &amp; OTHER INVESTMENTS</className><classCode/><className/></classificationItem><classificationItem score=\"90\"><classCode>N926150GM</classCode><className>SECURITIES LAW</className><classCode>Z3VpZD11cm46dG9waWM6RkFFMTQ3ODhCRDYyNDkyN0IwQkEyQzRCRDlFMEM5ODc7cGFyZW50Z3VpZD11cm46dG9waWM6MUFEMUQ2QTA1OUZCNEE5RjkzNTA2RERFMUNEOTk1RTI</classCode><className>Securities</className></classificationItem><classificationItem score=\"90\"><classCode>ST000A2W7</classCode><classCode/><className/></classificationItem><classificationItem score=\"78\"><classCode>N522292GC</classCode><className>MORTGAGE BANKING &amp; FINANCE</className><classCode/><className/></classificationItem><classificationItem score=\"74\"><classCode>N511000CC</classCode><className>PUBLISHING</className><classCode/><className/></classificationItem><classificationItem score=\"73\"><classCode>STX000165</classCode><className>BANKING &amp; FINANCE ASSOCIATIONS</className><classCode/><className/></classificationItem></classification><classification classificationScheme=\"person\"><classificationItem score=\"79\"><classCode>PE0009U5F</classCode><className>ELIOT SPITZER</className><classCode/><className/></classificationItem></classification><classification classificationScheme=\"city\"><classificationItem score=\"79\"><classCode>GX567</classCode><className>BOSTON, MA, USA</className><classCode/><className/></classificationItem><classificationItem score=\"58\"><classCode>GX060</classCode><className>TORONTO, ON, CANADA</className><classCode/><className/></classificationItem></classification><classification classificationScheme=\"state\"><classificationItem score=\"94\"><classCode>GS137</classCode><className>MASSACHUSETTS, USA</className><classCode/><className/></classificationItem><classificationItem score=\"88\"><classCode>GS174</classCode><className>ONTARIO, CANADA</className><classCode/><className/></classificationItem><classificationItem score=\"79\"><classCode>GS148</classCode><className>NEW YORK, USA</className><classCode/><className/></classificationItem></classification><classification classificationScheme=\"country\"><classificationItem score=\"94\"><classCode>GC343</classCode><className>UNITED STATES</className><classCode/><className/></classificationItem><classificationItem score=\"92\"><classCode>GC339</classCode><className>CANADA</className><classCode/><className/></classificationItem></classification></classificationGroup></metadata></articleDoc></content></entry>"}