{"prediction_class": "Money laundering", "prediction_score": "0.99", "name": "Manulife", "title": "Manulife's Thirith Vireak receives elite CAMS' Anti-Money Laundering credential", "published": "2019-01-18T00:00:00Z", "updated": "2020-11-16T04:08:45Z", "cleaned_article": "[TITLE] Manulife's Thirith Vireak receives elite CAMS' Anti-Money Laundering credential [TITLE] \n\n Manulife (Cambodia) PLC has once again proven its credibility when its compliance manager Thirith Vireak successfully bagged the widely-recognised Certified Anti-Money Laundering Specialist (CAMS) credential recently. The credential is only awarded to professionals who successfully completed a rigorous examination which delves deep into the topics of money laundering, terrorist financing methods, the best deterrence to this and other financial crimes, worldwide key legislation, global Anti-Money Laundering (AML) standards and defenses against aforementioned practices. Upon examination, the Association of Certified Anti-Money Laundering Specialists (ACAMS) will then award those that demonstrate high aptitude and expertise in the detection and enforcement of AML. [...] \n\n'Given that ML/TF risk is dynamic, you need to attend more advanced ongoing trainings and conferences to ensure that you stay abreast of regulatory updates and other emerging trends. This cutting-edge education provided by CAMS makes my daily work more effective. 'I encourage all legal and compliance practitioners to take part in CAMS,' he told Khmer Times in a written reply. In a statement, President and Managing Director of Timothy D. McClinton of ACAMS explained the stature of the award and how it sets a high precedence for Manulife (Cambodia) PLC. 'Earning the CAMS credential places the successful candidate in an elite group of Anti-Money Laundering (AML) professionals and assures employers in the private and public sectors that they are working with someone with the essential knowledge and background in this crucial and challenging field,' he reportedly said. Founded in 2001, ACAMS is the largest international membership organisation dedicated to enhancing the knowledge and expertise of AML, Counter-Terrorism Financing (CTF) and financial crime detection and prevention professionals.It also helps provide the necessary tools to advance their skills and keep the AML professional ahead of those that engage in these criminal activities. More information can be obtained at www.acams.org. Thirith, who has been with Manulife Cambodia for over three years, currently serves as the contact point for all matters related to AML/CTF, which include developing and monitoring AML/CTF compliance policies and procedures, providing AML/CTF training awareness to all employees and sales force, and managing suspicious activity detection and reporting", "raw_cleaned_article": "<h2>Manulife's Thirith Vireak receives elite CAMS' Anti-Money Laundering credential</h2><p><b> Manulife (Cambodia) PLC has once again proven its credibility when its compliance manager Thirith Vireak successfully bagged the widely-recognised Certified Anti-Money Laundering Specialist (CAMS) credential recently.</b> The credential is only awarded to professionals who successfully completed a rigorous examination which delves deep into the topics of money laundering, terrorist financing methods, the best deterrence to this and other financial crimes, worldwide key legislation, global Anti-Money Laundering (AML) standards and defenses against aforementioned practices. Upon examination, the Association of Certified Anti-Money Laundering Specialists (ACAMS) will then award those that demonstrate high aptitude and expertise in the detection and enforcement of AML.</p><p>[...]</p><p>'Given that ML/TF risk is dynamic, you need to attend more advanced ongoing trainings and conferences to ensure that you stay abreast of regulatory updates and other emerging trends. This cutting-edge education provided by CAMS makes my daily work more effective. 'I encourage all legal and compliance practitioners to take part in CAMS,' he told Khmer Times in a written reply. <b>In a statement, President and Managing Director of Timothy D. McClinton of ACAMS explained the stature of the award and how it sets a high precedence for Manulife (Cambodia) PLC.</b> 'Earning the CAMS credential places the successful candidate in an elite group of Anti-Money Laundering (AML) professionals and assures employers in the private and public sectors that they are working with someone with the essential knowledge and background in this crucial and challenging field,' he reportedly said. Founded in 2001, ACAMS is the largest international membership organisation dedicated to enhancing the knowledge and expertise of AML, Counter-Terrorism Financing (CTF) and financial crime detection and prevention professionals.</p><p>[...]</p><p>'I encourage all legal and compliance practitioners to take part in CAMS,' he told Khmer Times in a written reply. It also helps provide the necessary tools to advance their skills and keep the AML professional ahead of those that engage in these criminal activities. More information can be obtained at www.acams.org. <b>Thirith, who has been with Manulife Cambodia for over three years, currently serves as the contact point for all matters related to AML/CTF, which include developing and monitoring AML/CTF compliance policies and procedures, providing AML/CTF training awareness to all employees and sales force, and managing suspicious activity detection and reporting</b></p>", "original_content": "<entry xmlns=\"http://www.w3.org/2005/Atom\"><id>urn:contentItem:60P9-1Y21-JCH9-G2BX-00000-00</id><title>Manulife's Thirith Vireak receives elite CAMS' Anti-Money Laundering credential</title><published>2019-01-18T00:00:00Z</published><updated>2020-11-16T04:08:45Z</updated><author><name>LexisNexis</name></author><content type=\"application/xml\"><!--Transformation version 1.23--><articleDoc xmlns=\"\" xmlns:xsi=\"http://www.w3.org/2001/XMLSchema-instance\" xsi:noNamespaceSchemaLocation=\"http://www.lexisnexis.com/xmlschemas/content/public/articledoc/1/\" schemaVersion=\"1.8\" xml:lang=\"en\"><articleDocHead><itemInfo/></articleDocHead><nitf:body xmlns:nitf=\"http://iptc.org/std/NITF/2006-10-18/\"><nitf:body.head><nitf:hedline><nitf:hl1>Manulife's Thirith Vireak receives elite CAMS' Anti-Money Laundering credential</nitf:hl1></nitf:hedline></nitf:body.head><nitf:body.content><bodyText><p nitf:lede=\"true\"> Manulife (Cambodia) PLC has once again proven its credibility when its compliance manager Thirith Vireak successfully bagged the widely-recognised Certified Anti-Money Laundering Specialist (CAMS) credential recently.</p><p>The credential is only awarded to professionals who successfully completed a rigorous examination which delves deep into the topics of money laundering, terrorist financing methods, the best deterrence to this and other financial crimes, worldwide key legislation, global Anti-Money Laundering (AML) standards and defenses against aforementioned practices.</p><p>Upon examination, the Association of Certified Anti-Money Laundering Specialists (ACAMS) will then award those that demonstrate high aptitude and expertise in the detection and enforcement of AML.</p><p>. .</p><p>Thirith, who was over the moon over the esteemed recognition, said it now reflects three things about him: specialised AML knowledge, career development and networking opportunities within the field.</p><p>'Understanding the international AML/CTF standards can help provide clear advice on how our company manages the adherence to AML/CTF laws and regulations and avoid the potential risks of unchecked ML/FT that financial institutions may face including reputational risk, operational risk, legal risk, and concentration risk.</p><p>'Given that ML/TF risk is dynamic, you need to attend more advanced ongoing trainings and conferences to ensure that you stay abreast of regulatory updates and other emerging trends. This cutting-edge education provided by CAMS makes my daily work more effective.</p><p>'I encourage all legal and compliance practitioners to take part in CAMS,' he told Khmer Times in a written reply.</p><p>In a statement, President and Managing Director of Timothy D. McClinton of ACAMS explained the stature of the award and how it sets a high precedence for Manulife (Cambodia) PLC.</p><p>'Earning the CAMS credential places the successful candidate in an elite group of Anti-Money Laundering (AML) professionals and assures employers in the private and public sectors that they are working with someone with the essential knowledge and background in this crucial and challenging field,' he reportedly said.</p><p>Founded in 2001, ACAMS is the largest international membership organisation dedicated to enhancing the knowledge and expertise of AML, Counter-Terrorism Financing (CTF) and financial crime detection and prevention professionals.</p><p>With the mission to provide a global platform for leading professionals to further develop their career in the AML field, ACAMS also provides other services such as educating, informing, and inspiring its members to protect their institutions against the threats of various financial crimes.</p><p>It also helps provide the necessary tools to advance their skills and keep the AML professional ahead of those that engage in these criminal activities. More information can be obtained at <url normalizedValue=\"http://www.acams.org\">www.acams.org</url>.</p><p>Thirith, who has been with Manulife Cambodia for over three years, currently serves as the contact point for all matters related to AML/CTF, which include developing and monitoring AML/CTF compliance policies and procedures, providing AML/CTF training awareness to all employees and sales force, and managing suspicious activity detection and reporting</p><p>The master's degree holder from Transnational Law and Business University (TLBU) in Seoul, South Korea is also responsible for the development and implementation of other Manulife Cambodia's compliance programmes including fraud investigation, anti-corruption and bribery and providing legal document reviews.</p></bodyText></nitf:body.content></nitf:body><metadata><dc:metadata xmlns:dc=\"http://purl.org/dc/elements/1.1/\"><dc:identifier identifierScheme=\"DOC-ID\">KHMMES-KHUMERTIMES1801201900023</dc:identifier><dc:source sourceScheme=\"royaltyReportingKey\">KHMMES2019</dc:source><dc:identifier identifierScheme=\"PGUID\">urn:contentItem:60P9-1Y21-JCH9-G2BX-00000-00</dc:identifier><dc:source sourceScheme=\"productContentSetIdentifier\">472532</dc:source><dc:date dateType=\"last-updated\">2020-09-15</dc:date></dc:metadata><wordCount number=\"591\"/><publicationInfo><copyright>Copyright 2019 Khmer Times All Rights Reserved</copyright><publicationName><br/>Khmer Times</publicationName><publicationLogo><logo><inlineObject><locator><locatorKey><keyName name=\"object-key\"/><keyValue value=\"18289\"/></locatorKey><locatorParameters><parameter name=\"object-type\" value=\"201\"/><parameter name=\"object-smi\" value=\"LOGOS\"/><parameter name=\"componentseq\" value=\"1\"/></locatorParameters></locator></inlineObject></logo></publicationLogo><publicationDate day=\"18\" month=\"01\" year=\"2019\"><dateText>January 18, 2019 Friday</dateText></publicationDate><classification classificationScheme=\"publicationtype\"><classificationItem><className>Web Publication</className></classificationItem></classification><classification classificationScheme=\"publicationtype\"><classificationItem><className>Web-based Publications</className></classificationItem></classification></publicationInfo><classification classificationScheme=\"language\"><classificationItem classificationScheme=\"lang.english\"><className>English US</className></classificationItem></classification><classificationGroup classificationScheme=\"indexing-terms\"><classification classificationScheme=\"legal\"><classificationItem><className>Criminal Law &amp; Procedure</className><classCode>Z3VpZD11cm46dG9waWM6NEU0RkE1OUQwNUQwNDgxODhEODZCMjkzOTg3NThBNzk7cGFyZW50Z3VpZD0</classCode><classificationItem score=\"89\"><className>Elements</className><classCode>Z3VpZD11cm46dG9waWM6N0NERTc0RDUyNDQ4NDM0M0E1NTNEQTg4NzU5MEIzMUE7cGFyZW50Z3VpZD11cm46dG9waWM6QzBDQzA4NEVCN0Q0NEZCRkEwNjY3Qzk3MDA3NzlCMjU</classCode></classificationItem><classificationItem score=\"98\"><className>General Overview</className><classCode>Z3VpZD11cm46dG9waWM6MUM4RjZFOEE4MDc3NDE4QjhCMkQwNzc2QTM0OUQ5NjI7cGFyZW50Z3VpZD11cm46dG9waWM6QzBDQzA4NEVCN0Q0NEZCRkEwNjY3Qzk3MDA3NzlCMjU</classCode></classificationItem></classificationItem></classification><classification classificationScheme=\"subject\"><classificationItem score=\"92\"><classCode>STX000713</classCode><className>FINANCIAL CRIME COUNTERMEASURES</className><classCode/><className/></classificationItem><classificationItem score=\"90\"><classCode>STX001066</classCode><className>MANAGERS &amp; SUPERVISORS</className><classCode/><className/></classificationItem><classificationItem score=\"90\"><classCode>STX001159</classCode><className>MONEY LAUNDERING</className><classCode>Z3VpZD11cm46dG9waWM6QzBDQzA4NEVCN0Q0NEZCRkEwNjY3Qzk3MDA3NzlCMjU7cGFyZW50Z3VpZD11cm46dG9waWM6NkUzNTQ1QUZBM0Y5NDcyQjk4N0I5Mjg0QzU3NDk0MDI</classCode><className>Money Laundering</className></classificationItem><classificationItem score=\"90\"><classCode>ST0009FJK</classCode><className>NEGATIVE PERSONAL NEWS</className><classCode/><className/></classificationItem><classificationItem score=\"89\"><classCode>ST000A7IS</classCode><className>ASSOCIATIONS &amp; ORGANIZATIONS</className><classCode/><className/></classificationItem><classificationItem score=\"89\"><classCode>STX000759</classCode><className>FRAUD &amp; FINANCIAL CRIME</className><classCode/><className/></classificationItem><classificationItem score=\"78\"><classCode>ST000A4CY</classCode><className>BANKING &amp; FINANCE REGULATORY COMPLIANCE</className><classCode/><className/></classificationItem><classificationItem score=\"78\"><classCode>ST000D1BY</classCode><className>EXECUTIVES</className><classCode/><className/></classificationItem><classificationItem score=\"78\"><classCode>STX001948</classCode><className>LABOR &amp; EMPLOYMENT</className><classCode/><className/></classificationItem><classificationItem score=\"77\"><classCode>STX000417</classCode><className>COUNTERTERRORISM</className><classCode/><className/></classificationItem><classificationItem score=\"76\"><classCode>STX001932</classCode><className>CRIME, LAW ENFORCEMENT &amp; CORRECTIONS</className><classCode/><className/></classificationItem><classificationItem score=\"72\"><classCode>STX000719</classCode><className>FINANCIAL RISK MANAGEMENT</className><classCode/><className/></classificationItem><classificationItem score=\"72\"><classCode>ST000DJLY</classCode><className>SOCIAL NETWORKING</className><classCode/><className/></classificationItem><classificationItem score=\"71\"><classCode>ST0008XMR</classCode><className>LAW &amp; LEGAL SYSTEM</className><classCode/><className/></classificationItem><classificationItem score=\"71\"><classCode>STX001710</classCode><className>TERRORISM</className><classCode>Z3VpZD11cm46dG9waWM6ODg4MDhDQ0I2QkY5NDU2Rjg1RDNEREFBODk1Nzg1QTY7cGFyZW50Z3VpZD11cm46dG9waWM6RjgwNUY4MjJCMTg5NDgzRUJBMDQwNkM4NkUyNTJBMEY</classCode><className>Terrorism</className></classificationItem></classification><classification classificationScheme=\"industry\"><classificationItem score=\"78\"><classCode>ST000A4CY</classCode><className>BANKING &amp; FINANCE REGULATORY COMPLIANCE</className><classCode/><className/></classificationItem><classificationItem score=\"72\"><classCode>STX000719</classCode><className>FINANCIAL RISK MANAGEMENT</className><classCode/><className/></classificationItem><classificationItem score=\"71\"><classCode>N520000CC</classCode><className>BANKING &amp; FINANCE</className><classCode/><className/></classificationItem></classification><classification classificationScheme=\"country\"><classificationItem score=\"93\"><classCode>GC502</classCode><className>CAMBODIA</className><classCode/><className/></classificationItem></classification></classificationGroup></metadata></articleDoc></content></entry>"}