{"prediction_class": "Regulatory Breaches Tax Evasion Smuggling of goods", "prediction_score": "0.92", "name": "Manulife", "title": "Manulife hopes its woes in Indonesia over after president interjects", "published": "2001-05-29T00:00:00Z", "updated": "2020-11-16T04:15:38Z", "cleaned_article": "[TITLE] Manulife hopes its woes in Indonesia over after president interjects [TITLE] \n\nManulife Financial Corp. hopes that its troubles in Indonesia, where the firm was accused of securities fraud, are coming to an end, company officials say. \"I think the worst is behind us,\" Victor Apps, general manager of the company's operations in Asia, said yesterday in Toronto.\"The (Indonesian) president himself said Manulife had done no wrong. We knew that, of course, but it was nice to hear him say it.\" The complicated case, which grew to involve the International Monetary Fund, now serves as a warning to other corporations about the perils of corruption in the region.Indonesian President Abdurraham Wahid has ordered the attorney general to drop the case, which involved Manulife's takeover of its local joint-venture. Apps said Wahid has told the company a document saying the action against it has been dropped will be issued tomorrow. \"There is still the distinct possibility that the parties who caused the problem will launch another attempt to attack us, but I very much doubt they will have much effect,\" Apps said.The incident started after the Canadian firm acquired 40 per cent of PT Asuransi Jiwa Manulife from PT Dharmala Sakti Sejahtera, Manulife's now-bankrupt, joint-venture partner, through a government auction in October. As the sale was about to go through, Roman Gold Assets Ltd., based in the British Virgin Islands, claimed it had legal title to the shares.The dispute landed Manulife's Indonesian unit's vice-president in jail for three weeks last year on suspicion that the company forged share certificates to raise its stake in Asuransi Jiwa Manulife.Manulife, which has been in Indonesia since 1985, has said the situation was a result of PT Dharmala trying to prevent its assets from going to creditors. The Canadian company has accused PT Dharmala of bribing local authorities to bring charges against Manulife. The International Monetary Fund became involved because the Indonesian government is one of PT Dharmala's biggest creditors. Since last year, the International Monetary Fund has held back the next $400-million-US disbursement of its three-year, $5-billion loan in an attempt to pressure Wahid into carrying out economic reforms to wipe out corruption and protect investors.", "raw_cleaned_article": "<h2>Manulife hopes its woes in Indonesia over after president interjects</h2><p><b>Manulife Financial Corp. hopes that its troubles in Indonesia, where the firm was accused of securities fraud, are coming to an end, company officials say.</b> \"I think the worst is behind us,\" Victor Apps, general manager of the company's operations in Asia, said yesterday in Toronto.<b>\"The (Indonesian) president himself said Manulife had done no wrong. We knew that, of course, but it was nice to hear him say it.\"</b> The complicated case, which grew to involve the International Monetary Fund, now serves as a warning to other corporations about the perils of corruption in the region.<b>Indonesian President Abdurraham Wahid has ordered the attorney general to drop the case, which involved Manulife's takeover of its local joint-venture.</b> Apps said Wahid has told the company a document saying the action against it has been dropped will be issued tomorrow. \"There is still the distinct possibility that the parties who caused the problem will launch another attempt to attack us, but I very much doubt they will have much effect,\" Apps said.<b>The incident started after the Canadian firm acquired 40 per cent of PT Asuransi Jiwa Manulife from PT Dharmala Sakti Sejahtera, Manulife's now-bankrupt, joint-venture partner, through a government auction in October.</b> As the sale was about to go through, Roman Gold Assets Ltd., based in the British Virgin Islands, claimed it had legal title to the shares.<b>The dispute landed Manulife's Indonesian unit's vice-president in jail for three weeks last year on suspicion that the company forged share certificates to raise its stake in Asuransi Jiwa Manulife.</b><b>Manulife, which has been in Indonesia since 1985, has said the situation was a result of PT Dharmala trying to prevent its assets from going to creditors. The Canadian company has accused PT Dharmala of bribing local authorities to bring charges against Manulife.</b> The International Monetary Fund became involved because the Indonesian government is one of PT Dharmala's biggest creditors. Since last year, the International Monetary Fund has held back the next $400-million-US disbursement of its three-year, $5-billion loan in an attempt to pressure Wahid into carrying out economic reforms to wipe out corruption and protect investors.</p>", "original_content": "<entry xmlns=\"http://www.w3.org/2005/Atom\"><id>urn:contentItem:46W8-P270-01GV-M4VN-00000-00</id><title>Manulife hopes its woes in Indonesia over after president interjects</title><published>2001-05-29T00:00:00Z</published><updated>2020-11-16T04:15:38Z</updated><author><name>LexisNexis</name></author><content type=\"application/xml\"><!--Transformation version 1.23--><articleDoc xmlns=\"\" xmlns:xsi=\"http://www.w3.org/2001/XMLSchema-instance\" xsi:noNamespaceSchemaLocation=\"http://www.lexisnexis.com/xmlschemas/content/public/articledoc/1/\" schemaVersion=\"1.8\" xml:lang=\"en\"><articleDocHead><itemInfo><sourceSectionInfo><positionSection>BUSINESS; Pg. C08</positionSection></sourceSectionInfo><nitf:fixture xmlns:nitf=\"http://iptc.org/std/NITF/2006-10-18/\">Business</nitf:fixture></itemInfo></articleDocHead><nitf:body xmlns:nitf=\"http://iptc.org/std/NITF/2006-10-18/\"><nitf:body.head><nitf:hedline><nitf:hl1>Manulife hopes its woes in Indonesia over after president interjects</nitf:hl1></nitf:hedline><nitf:byline>Madhavi Acharya</nitf:byline><nitf:dateline>TORONTO</nitf:dateline></nitf:body.head><nitf:body.content><bodyText><p nitf:lede=\"true\">Manulife Financial Corp. hopes that its troubles in Indonesia, where the firm was accused of securities fraud, are coming to an end, company officials say.</p><p nitf:lede=\"true\">\"I think the worst is behind us,\" Victor Apps, general manager of the company's operations in Asia, said yesterday in Toronto.</p><p nitf:lede=\"true\">\"The (Indonesian) president himself said Manulife had done no wrong. We knew that, of course, but it was nice to hear him say it.\"</p><section sectionType=\"source\"><bodyText><p>Torstar News Service</p></bodyText></section><p>The complicated case, which grew to involve the International Monetary Fund, now serves as a warning to other corporations about the perils of corruption in the region.</p><p>Indonesian President Abdurraham Wahid has ordered the attorney general to drop the case, which involved Manulife's takeover of its local joint-venture.</p><p>Apps said Wahid has told the company a document saying the action against it has been dropped will be issued tomorrow.</p><p>\"There is still the distinct possibility that the parties who caused the problem will launch another attempt to attack us, but I very much doubt they will have much effect,\" Apps said.</p><p>But he added: \"It's extremely difficult to predict anything in Indonesia. The country is still in a tremendously turbulent situation.\"</p><p>The incident started after the Canadian firm acquired 40 per cent of PT Asuransi Jiwa Manulife from PT Dharmala Sakti Sejahtera, Manulife's now-bankrupt, joint-venture partner, through a government auction in October.</p><p>As the sale was about to go through, Roman Gold Assets Ltd., based in the British Virgin Islands, claimed it had legal title to the shares.</p><p>The dispute landed Manulife's Indonesian unit's vice-president in jail for three weeks last year on suspicion that the company forged share certificates to raise its stake in Asuransi Jiwa Manulife.</p><p>Manulife, which has been in Indonesia since 1985, has said the situation was a result of PT Dharmala trying to prevent its assets from going to creditors. The Canadian company has accused PT Dharmala of bribing local authorities to bring charges against Manulife.</p><p>The International Monetary Fund became involved because the Indonesian government is one of PT Dharmala's biggest creditors.</p><p>Since last year, the International Monetary Fund has held back the next $400-million-US disbursement of its three-year, $5-billion loan in an attempt to pressure Wahid into carrying out economic reforms to wipe out corruption and protect investors.</p><p>Resolving the Manulife case was part of this mandate.</p><p>The incident hasn't hurt Manulife's reputation in the region, Apps said. \"When our local president goes into a meeting, he gets cheered. We stood up to the corruption. We fought what is known as the biggest problem in the country.\"</p><p>Wahid, Indonesia's first democratically elected leader, currently faces possible impeachment. He has threatened to declare a state of emergency if plans to oust him proceed.</p></bodyText></nitf:body.content></nitf:body><metadata><dc:metadata xmlns:dc=\"http://purl.org/dc/elements/1.1/\"><dc:identifier identifierScheme=\"DOC-ID\">KWREC-200105290098</dc:identifier><dc:source sourceScheme=\"royaltyReportingKey\">KWREC2001</dc:source><dc:identifier identifierScheme=\"PGUID\">urn:contentItem:46W8-P270-01GV-M4VN-00000-00</dc:identifier><dc:source sourceScheme=\"productContentSetIdentifier\">247362</dc:source><dc:date dateType=\"last-updated\">2020-06-22</dc:date></dc:metadata><wordCount number=\"472\"/><publicationInfo><publicationName>The Record (Kitchener-Waterloo, Ontario)</publicationName><copyright>Copyright 2001 Metroland Media Group Ltd</copyright><publicationDate day=\"29\" month=\"05\" year=\"2001\"><dateText>May 29, 2001 Tuesday Final Edition</dateText></publicationDate><classification classificationScheme=\"publicationtype\"><classificationItem><className>Newspapers</className></classificationItem></classification></publicationInfo><classification classificationScheme=\"language\"><classificationItem classificationScheme=\"lang.english\"><className>ENGLISH</className></classificationItem></classification><classificationGroup classificationScheme=\"indexing-terms\"><classification classificationScheme=\"company\"><classificationItem score=\"97\"><className>MANULIFE FINANCIAL CORP\u00a0</className></classificationItem><classificationItem score=\"82\"><className>\u00a0PT ASURANSI JIWA PRINCIPAL INDONESIA\u00a0</className></classificationItem><classificationItem score=\"82\"><className>\u00a0PT ASURANSI JIWA ASIH GREAT EASTERN\u00a0</className></classificationItem><classificationItem score=\"82\"><className>\u00a0PT ASURANSI JIWA TUGU MANDIRI\u00a0</className></classificationItem><classificationItem score=\"82\"><className>\u00a0PT ASURANSI JIWA BUMI ASIH JAYA\u00a0</className></classificationItem><classificationItem score=\"69\"><className>\u00a0PT DHARMALA SAKTI SEJAHTERA TBK\u00a0</className></classificationItem><classificationItem score=\"66\"><className>\u00a0PT DHARMALA AGRIFOOD TBK\u00a0</className></classificationItem><classificationItem score=\"66\"><className>\u00a0PT DHARMALA INSURANCE\u00a0</className></classificationItem><classificationItem score=\"66\"><className>\u00a0PT DHARMALA INTILAND TBK\u00a0</className></classificationItem></classification><classification classificationScheme=\"organization\"><classificationItem score=\"57\"><className>INTERNATIONAL MONETARY FUND \u00a0</className></classificationItem><classificationItem score=\"57\"><className>\u00a0INTERNATIONAL MONETARY FUND\u00a0</className></classificationItem></classification><classification classificationScheme=\"ticker\"><classificationItem score=\"97\"><className>MFC (TSX)\u00a0</className></classificationItem><classificationItem score=\"97\"><className>\u00a0MFC (NYSE)\u00a0</className></classificationItem><classificationItem score=\"97\"><className>\u00a00945 (HKSE)\u00a0</className></classificationItem></classification><classification classificationScheme=\"industry\"><classificationItem score=\"97\"><className>NAICS524130 REINSURANCE CARRIERS\u00a0</className></classificationItem><classificationItem score=\"97\"><className>\u00a0NAICS524114 DIRECT HEALTH &amp; MEDICAL INSURANCE CARRIERS\u00a0</className></classificationItem><classificationItem score=\"97\"><className>\u00a0NAICS524113 DIRECT LIFE INSURANCE CARRIERS\u00a0</className></classificationItem><classificationItem score=\"97\"><className>\u00a0NAICS522292 REAL ESTATE CREDIT\u00a0</className></classificationItem><classificationItem score=\"97\"><className>\u00a0SIC6321 ACCIDENT &amp; HEALTH INSURANCE\u00a0</className></classificationItem><classificationItem score=\"97\"><className>\u00a0SIC6311 LIFE INSURANCE\u00a0</className></classificationItem><classificationItem score=\"97\"><className>\u00a0SIC6162 MORTGAGE BANKERS &amp; LOAN CORRESPONDENTS\u00a0</className></classificationItem><classificationItem score=\"66\"><className>\u00a0NAICS531190 LESSORS OF OTHER REAL ESTATE PROPERTY\u00a0</className></classificationItem><classificationItem score=\"66\"><className>\u00a0SIC6519 LESSORS OF REAL PROPERTY, NEC\u00a0</className></classificationItem></classification></classificationGroup><classificationGroup classificationScheme=\"licensor.indexing-terms\"><classification classificationScheme=\"licensor.subject\"><classificationItem><className>Economy; Board of directors and officers;; Corporate finance;; Insurance;; Stock market and stock exchanges</className></classificationItem></classification></classificationGroup><classificationGroup classificationScheme=\"indexing-terms\"><classification classificationScheme=\"subject\"><classificationItem score=\"90\"><classCode>STX000759</classCode><className>FRAUD &amp; FINANCIAL CRIME</className><classCode/><className/></classificationItem><classificationItem score=\"90\"><classCode>ST0009QD4</classCode><className>NEGATIVE BUSINESS NEWS</className><classCode/><className/></classificationItem><classificationItem score=\"90\"><classCode>ST0009FJK</classCode><className>NEGATIVE PERSONAL NEWS</className><classCode/><className/></classificationItem><classificationItem score=\"90\"><classCode>STX001976</classCode><className>SECURITIES &amp; OTHER INVESTMENTS</className><classCode/><className/></classificationItem><classificationItem score=\"89\"><classCode>ST000D5SG</classCode><className>CORRUPTION</className><classCode/><className/></classificationItem><classificationItem score=\"89\"><classCode>ST000D9JR</classCode><className>INTERNATIONAL MONETARY FUND</className><classCode/><className/></classificationItem><classificationItem score=\"88\"><classCode>STX000072</classCode><className>ALLIANCES &amp; PARTNERSHIPS</className><classCode/><className/></classificationItem><classificationItem score=\"78\"><classCode>STX000194</classCode><className>BOARDS OF DIRECTORS</className><classCode/><className/></classificationItem><classificationItem score=\"78\"><classCode>STX000211</classCode><className>BRIBERY</className><classCode>Z3VpZD11cm46dG9waWM6MDdBNUZBQTcxQ0QzNEQ2MDk3MUU1RUM0Rjg0RDM1NDk7cGFyZW50Z3VpZD11cm46dG9waWM6RjgwNUY4MjJCMTg5NDgzRUJBMDQwNkM4NkUyNTJBMEY</classCode><className>Bribery</className></classificationItem><classificationItem score=\"78\"><classCode>STX001925</classCode><className>BUSINESS OPERATIONS</className><classCode/><className/></classificationItem><classificationItem score=\"78\"><classCode>STX001928</classCode><className>COMPANY ACTIVITIES &amp; MANAGEMENT</className><classCode/><className/></classificationItem><classificationItem score=\"78\"><classCode>ST000DLBG</classCode><className>CORPORATE FINANCE</className><classCode/><className/></classificationItem><classificationItem score=\"78\"><classCode>STX000591</classCode><className>EMERGING MARKETS</className><classCode/><className/></classificationItem><classificationItem score=\"78\"><classCode>N523210MM</classCode><className>STOCK EXCHANGES</className><classCode>Z3VpZD11cm46dG9waWM6M0ZDMDg5MEQ3OTlGNEJCMkI0M0EyM0MwN0E1Njk1MEQ7cGFyZW50Z3VpZD11cm46dG9waWM6NDBGREFBMDgyNTQ0NERFRUI3MEUwNDBFOTM5NDExREI</classCode><className>Stock Exchanges</className></classificationItem><classificationItem score=\"78\"><classCode>STX001668</classCode><className>TAKEOVERS</className><classCode/><className/></classificationItem><classificationItem score=\"75\"><classCode>ST0009EVK</classCode><className>MEDICINE &amp; HEALTH</className><classCode/><className/></classificationItem><classificationItem score=\"73\"><classCode>STX000129</classCode><className>AUCTIONS</className><classCode/><className/></classificationItem><classificationItem score=\"73\"><classCode>STX000416</classCode><className>COUNTERFEITING &amp; FORGERY</className><classCode>Z3VpZD11cm46dG9waWM6NENCREQ3Mjk1QUQ2NEM1OUE2QUE0NjkzNTczM0U2MUQ7cGFyZW50Z3VpZD11cm46dG9waWM6OTdGN0NBMjhBN0VBNDYzOEFCRkQyNDc2RDJDMzc3Mjg</classCode><className>Counterfeiting</className></classificationItem><classificationItem score=\"73\"><classCode>STX001066</classCode><className>MANAGERS &amp; SUPERVISORS</className><classCode/><className/></classificationItem><classificationItem score=\"72\"><classCode>ST000DL87</classCode><className>DEMOCRACIES</className><classCode/><className/></classificationItem><classificationItem score=\"69\"><classCode>STX000128</classCode><className>ATTORNEYS GENERAL</className><classCode/><className/></classificationItem><classificationItem score=\"69\"><classCode>STX000983</classCode><className>JOINT VENTURES</className><classCode>Z3VpZD11cm46dG9waWM6RjYwQjM2NjQzMDM0NDZDOTk1OTdEM0NFMEJGNjA5OUY7cGFyZW50Z3VpZD11cm46dG9waWM6QjA4OEVGODBENzY4NDcxM0IyQzA1OTEwQzVDODRBOUE</classCode><className>Joint Ventures</className></classificationItem><classificationItem score=\"50\"><classCode>ST000DFTB</classCode><className>STATES OF EMERGENCY</className><classCode/><className/></classificationItem></classification><classification classificationScheme=\"industry\"><classificationItem score=\"91\"><classCode>N524000CC</classCode><className>INSURANCE</className><classCode/><className/></classificationItem><classificationItem score=\"91\"><classCode>ST000A2VZ</classCode><classCode/><className/></classificationItem><classificationItem score=\"90\"><classCode>STX002011</classCode><className>MORTGAGE BANKING</className><classCode/><className/></classificationItem><classificationItem score=\"90\"><classCode>STX001455</classCode><className>REAL ESTATE</className><classCode/><className/></classificationItem><classificationItem score=\"90\"><classCode>STX001468</classCode><className>RENTAL PROPERTY</className><classCode/><className/></classificationItem><classificationItem score=\"90\"><classCode>STX001976</classCode><className>SECURITIES &amp; OTHER INVESTMENTS</className><classCode/><className/></classificationItem><classificationItem score=\"90\"><classCode>ST000A2W7</classCode><classCode/><className/></classificationItem><classificationItem score=\"89\"><classCode>ST000D9JR</classCode><className>INTERNATIONAL MONETARY FUND</className><classCode/><className/></classificationItem><classificationItem score=\"78\"><classCode>N522292GC</classCode><className>MORTGAGE BANKING &amp; FINANCE</className><classCode/><className/></classificationItem><classificationItem score=\"78\"><classCode>N523210MM</classCode><className>STOCK EXCHANGES</className><classCode>Z3VpZD11cm46dG9waWM6M0ZDMDg5MEQ3OTlGNEJCMkI0M0EyM0MwN0E1Njk1MEQ7cGFyZW50Z3VpZD11cm46dG9waWM6NDBGREFBMDgyNTQ0NERFRUI3MEUwNDBFOTM5NDExREI</classCode><className>Stock Exchanges</className></classificationItem><classificationItem score=\"73\"><classCode>N510000CC</classCode><className>MEDIA &amp; TELECOMMUNICATIONS</className><classCode/><className/></classificationItem></classification><classification classificationScheme=\"city\"><classificationItem score=\"90\"><classCode>GX060</classCode><className>TORONTO, ON, CANADA</className><classCode/><className/></classificationItem></classification><classification classificationScheme=\"state\"><classificationItem score=\"74\"><classCode>GS174</classCode><className>ONTARIO, CANADA</className><classCode/><className/></classificationItem></classification><classification classificationScheme=\"country\"><classificationItem score=\"96\"><classCode>GC305</classCode><className>INDONESIA</className><classCode/><className/></classificationItem><classificationItem score=\"93\"><classCode>GC339</classCode><className>CANADA</className><classCode/><className/></classificationItem><classificationItem score=\"79\"><classCode>GT113</classCode><className>ASIA</className><classCode/><className/></classificationItem><classificationItem score=\"68\"><classCode>GC612</classCode><className>VIRGIN ISLANDS, BRITISH</className><classCode/><className/></classificationItem></classification></classificationGroup></metadata></articleDoc></content></entry>"}