{"prediction_class": "Money laundering", "prediction_score": "1.0", "name": "Manulife", "title": "Senior Investigator - Manulife Bank & Trust - Waterloo, Toronto, Montreal or Halifax", "published": "2013-09-12T00:00:00Z", "updated": "2020-11-16T03:53:59Z", "cleaned_article": "[TITLE] Senior Investigator - Manulife Bank & Trust - Waterloo, Toronto, Montreal or Halifax [TITLE] \n\n Public Service Commission has issued the following Job Opportunities: Manulife Bank &Trust is currently seeking a Senior Investigator to join their growing team. The Senior Investigator will be responsible for conducting investigations, analysis and research for investigative assignments involving internal and external criminal activity, suspicious money laundering and terrorist financing activity on behalf of Manulife Bank & Trust. Please note this role can be based in Waterloo, Toronto, Montreal or Halifax.Manulife Bank & Trust processes millions of client transactions each year through a variety of avenues including third party clearing services, electronic outsourcing and internal ecommerce facilities. The Investigation Services department plays a key role in managing abuse/fraud risk and exposure, while allowing Manulife Bank & Trust to optimize profitability and meet client service expectations.In excess of 10 million transactions are completed annually by clients through deposit and lending products. As the Bank & Trust grows in size, so does the exposure to fraud and money laundering/terrorist financing activities. The Bank Investigative Services department is dedicated to preventing, detecting and investigating incidences of fraud, money laundering/ terrorist financing and abuse by clients, advisors as well as employees of Manulife Bank & Trust. The Bank Investigative Services department is also tasked with protecting the Bank & Trust from the reputational and operational risks of money laundering, terrorist financing and other criminal activity. Primary Responsibilities:1. Conduct investigations, analysis and research for investigative assignments involving internal and external criminal activity, suspicious money laundering and terrorist financing activity on behalf of Manulife Bank and Trust:  Investigate assigned referrals from internal sources (employees, other business units, ethics hotline) and external sources ( other FIs, law enforcement, government agencies);  Effectively use the Bank Case Management system to log all case files  Analyze account statements and daily transactions for illegal activity and identify sources of supporting evidence;  Conduct due diligence using internal and external databases;  Maintain continuity of evidence for Criminal and Civil court proceedings;  Provide management with clear, concise and timely investigative reports  Prepare and provide risk assessments and related recommendations to Management.2. Participate in the civil or criminal legal process including case preparation, criminal submission to law enforcement and testifying on behalf of Manulife Bank and Trust:  Photo and document retrieval for Bank and Trust cases, police and other FIs;  Maintain a detailed and accurate account of all requests;  Maintain continuity for evidence purposes;  Provide Management with well-presented documentation for their review and approval  Present required evidence at court proceedings.  3 Conduct field work and site visits for evidence gathering including: [...] \n\n Money Laundering and Terrorist Financing issues and indicators;  Criminal typologies and developing trends;  Identifying systemic and procedural weaknesses.   Professional investigation experience with a law enforcement agency, corporate environment or other financial institution  University degree or community college diploma in related field  Proven telephone and face-to-face interviewing skills  Ability to juggle multiple priorities and perform well under pressure including face-to-face confrontational issues  Strong relationship management skills; ability to develop and maintain relationships with internal and external peers  Effective verbal and written communication skills  Act as a mentor to junior staff on the team ? provide oversight and training on investigative techniques and trends  Strong analytical and decision-making skills; ability to work independently with minimal supervision  Bilingualism an asset  Manulife Financial is a leading Canada-based financial services group with principal operations in Asia, Canada and the United States. Clients look to Manulife for strong, reliable, trustworthy and forward-thinking solutions for their most significant financial decisions. Our international network of employees, agents and distribution partners offers financial protection and wealth management products and services to millions of clients. We also provide asset management services to institutional customers. Funds under management by Manulife Financial and its subsidiaries were C$555 billion (US$$547 billion) as at March 31, 2013. The Company operates as Manulife Financial in Canada and Asia and primarily as John Hancock in the United States.", "raw_cleaned_article": "<h2>Senior Investigator - Manulife Bank & Trust - Waterloo, Toronto, Montreal or Halifax</h2><p> Public Service Commission has issued the following Job Opportunities: <b>Manulife Bank &Trust is currently seeking a Senior Investigator to join their growing team. The Senior Investigator will be responsible for conducting investigations, analysis and research for investigative assignments involving internal and external criminal activity, suspicious money laundering and terrorist financing activity on behalf of Manulife Bank & Trust.</b> Please note this role can be based in Waterloo, Toronto, Montreal or Halifax.</p><p>[...]</p><p> Public Service Commission has issued the following Job Opportunities: <b>Manulife Bank & Trust processes millions of client transactions each year through a variety of avenues including third party clearing services, electronic outsourcing and internal ecommerce facilities. The Investigation Services department plays a key role in managing abuse/fraud risk and exposure, while allowing Manulife Bank & Trust to optimize profitability and meet client service expectations.</b><b>In excess of 10 million transactions are completed annually by clients through deposit and lending products. As the Bank & Trust grows in size, so does the exposure to fraud and money laundering/terrorist financing activities. The Bank Investigative Services department is dedicated to preventing, detecting and investigating incidences of fraud, money laundering/ terrorist financing and abuse by clients, advisors as well as employees of Manulife Bank & Trust. The Bank Investigative Services department is also tasked with protecting the Bank & Trust from the reputational and operational risks of money laundering, terrorist financing and other criminal activity.</b> Primary Responsibilities:<b>1. Conduct investigations, analysis and research for investigative assignments involving internal and external criminal activity, suspicious money laundering and terrorist financing activity on behalf of Manulife Bank and Trust:</b>  Investigate assigned referrals from internal sources (employees, other business units, ethics hotline) and external sources ( other FIs, law enforcement, government agencies);  Effectively use the Bank Case Management system to log all case files  Analyze account statements and daily transactions for illegal activity and identify sources of supporting evidence;  Conduct due diligence using internal and external databases;  Maintain continuity of evidence for Criminal and Civil court proceedings;  Provide management with clear, concise and timely investigative reports  Prepare and provide risk assessments and related recommendations to Management.<b>2. Participate in the civil or criminal legal process including case preparation, criminal submission to law enforcement and testifying on behalf of Manulife Bank and Trust:</b>  Photo and document retrieval for Bank and Trust cases, police and other FIs;  Maintain a detailed and accurate account of all requests;  Maintain continuity for evidence purposes;  Provide Management with well-presented documentation for their review and approval  Present required evidence at court proceedings.  3 Conduct field work and site visits for evidence gathering including:</p><p>[...]</p><p> Money Laundering and Terrorist Financing issues and indicators;  Criminal typologies and developing trends;  Identifying systemic and procedural weaknesses.   Professional investigation experience with a law enforcement agency, corporate environment or other financial institution  University degree or community college diploma in related field  Proven telephone and face-to-face interviewing skills  Ability to juggle multiple priorities and perform well under pressure including face-to-face confrontational issues  Strong relationship management skills; ability to develop and maintain relationships with internal and external peers  Effective verbal and written communication skills  Act as a mentor to junior staff on the team ? provide oversight and training on investigative techniques and trends  Strong analytical and decision-making skills; ability to work independently with minimal supervision  Bilingualism an asset  <b>Manulife Financial is a leading Canada-based financial services group with principal operations in Asia, Canada and the United States. Clients look to Manulife for strong, reliable, trustworthy and forward-thinking solutions for their most significant financial decisions. Our international network of employees, agents and distribution partners offers financial protection and wealth management products and services to millions of clients. We also provide asset management services to institutional customers. Funds under management by Manulife Financial and its subsidiaries were C$555 billion (US$$547 billion) as at March 31, 2013. The Company operates as Manulife Financial in Canada and Asia and primarily as John Hancock in the United States.</b></p>", "original_content": "<entry xmlns=\"http://www.w3.org/2005/Atom\"><id>urn:contentItem:56JX-T0H1-DXCW-D19F-00000-00</id><title>Senior Investigator - Manulife Bank &amp; Trust - Waterloo, Toronto, Montreal or Halifax</title><published>2013-09-12T00:00:00Z</published><updated>2020-11-16T03:53:59Z</updated><author><name>LexisNexis</name></author><content type=\"application/xml\"><!--Transformation version 1.23--><articleDoc xmlns=\"\" xmlns:xsi=\"http://www.w3.org/2001/XMLSchema-instance\" xsi:noNamespaceSchemaLocation=\"http://www.lexisnexis.com/xmlschemas/content/public/articledoc/1/\" schemaVersion=\"1.8\" xml:lang=\"en\"><articleDocHead><itemInfo/></articleDocHead><nitf:body xmlns:nitf=\"http://iptc.org/std/NITF/2006-10-18/\"><nitf:body.head><nitf:hedline><nitf:hl1>Senior Investigator - Manulife Bank &amp; Trust - Waterloo, Toronto, Montreal or Halifax</nitf:hl1></nitf:hedline><nitf:dateline><location>Nova Scotia</location></nitf:dateline></nitf:body.head><nitf:body.content><bodyText><p nitf:lede=\"true\"> Public Service Commission has issued the following Job Opportunities:</p><p nitf:lede=\"true\">Senior Investigator - Manulife Bank &amp; Trust - Waterloo, Toronto, Montreal or Halifax<br/>Manulife Financial</p><p nitf:lede=\"true\">Job Location: Halifax City</p><p nitf:lede=\"true\">Manulife Bank &amp;Trust is currently seeking a Senior Investigator to join their growing team. The Senior Investigator will be responsible for conducting investigations, analysis and research for investigative assignments involving internal and external criminal activity, suspicious money laundering and terrorist financing activity on behalf of Manulife Bank &amp; Trust.</p><p nitf:lede=\"true\">Please note this role can be based in Waterloo, Toronto, Montreal or Halifax.</p><p>Manulife Bank &amp; Trust processes millions of client transactions each year through a variety of avenues including third party clearing services, electronic outsourcing and internal ecommerce facilities. The Investigation Services department plays a key role in managing abuse/fraud risk and exposure, while allowing Manulife Bank &amp; Trust to optimize profitability and meet client service expectations.</p><p>In excess of 10 million transactions are completed annually by clients through deposit and lending products. As the Bank &amp; Trust grows in size, so does the exposure to fraud and money laundering/terrorist financing activities. The Bank Investigative Services department is dedicated to preventing, detecting and investigating incidences of fraud, money laundering/ terrorist financing and abuse by clients, advisors as well as employees of Manulife Bank &amp; Trust. The Bank Investigative Services department is also tasked with protecting the Bank &amp; Trust from the reputational and operational risks of money laundering, terrorist financing and other criminal activity.</p><p>Primary Responsibilities:</p><p>1. Conduct investigations, analysis and research for investigative assignments involving internal and external criminal activity, suspicious money laundering and terrorist financing activity on behalf of Manulife Bank and Trust:</p><p> Investigate assigned referrals from internal sources (employees, other business units, ethics hotline) and external sources ( other FIs, law enforcement, government agencies); <br/> Effectively use the Bank Case Management system to log all case files <br/> Analyze account statements and daily transactions for illegal activity and identify sources of supporting evidence; <br/> Conduct due diligence using internal and external databases; <br/> Maintain continuity of evidence for Criminal and Civil court proceedings; <br/> Provide management with clear, concise and timely investigative reports <br/> Prepare and provide risk assessments and related recommendations to Management.</p><p>2. Participate in the civil or criminal legal process including case preparation, criminal submission to law enforcement and testifying on behalf of Manulife Bank and Trust:</p><p> Photo and document retrieval for Bank and Trust cases, police and other FIs; <br/> Maintain a detailed and accurate account of all requests; <br/> Maintain continuity for evidence purposes; <br/> Provide Management with well-presented documentation for their review and approval <br/> Present required evidence at court proceedings. </p><p>3 Conduct field work and site visits for evidence gathering including:</p><p> Conducting interviews with Bank and Trust employees in accordance with the Bank's Code of Conduct and Ethics Guidelines. Report finding of interviews with Management and as appropriate, Employee Relations; <br/> Interview Bank and Trust customers in order to gather information for investigation; <br/> Conducting site visits and interviews with Bank and Trust contracted referral sources. </p><p>4. Develop and maintain key relationships with law enforcement, industry peers, internal business partners to maintain awareness of current trends and to aid in investigations:</p><p> Work closely with peers across the organization including John Hancock Investigations, Canadian Division Investigation Services and other internal Investigative and business units; <br/> Maintain effective working relationships with Internal Legal Counsel, Employee Relations and retained External Counsel; <br/> Sharing and disseminating information with key sources of information including regional, national and international law enforcement and the Canadian Bankers Association groups including BCPIO.</p><p>5 Maintain a current understanding of:</p><p> Money Laundering and Terrorist Financing issues and indicators; <br/> Criminal typologies and developing trends; <br/> Identifying systemic and procedural weaknesses. </p><p><br/>Qualifications</p><p> Professional investigation experience with a law enforcement agency, corporate environment or other financial institution <br/> University degree or community college diploma in related field <br/> Proven telephone and face-to-face interviewing skills <br/> Ability to juggle multiple priorities and perform well under pressure including face-to-face confrontational issues <br/> Strong relationship management skills; ability to develop and maintain relationships with internal and external peers <br/> Effective verbal and written communication skills <br/> Act as a mentor to junior staff on the team ? provide oversight and training on investigative techniques and trends <br/> Strong analytical and decision-making skills; ability to work independently with minimal supervision <br/> Bilingualism an asset </p><p>About Manulife Financial</p><p>Manulife Financial is a leading Canada-based financial services group with principal operations in Asia, Canada and the United States. Clients look to Manulife for strong, reliable, trustworthy and forward-thinking solutions for their most significant financial decisions. Our international network of employees, agents and distribution partners offers financial protection and wealth management products and services to millions of clients. We also provide asset management services to institutional customers. Funds under management by Manulife Financial and its subsidiaries were C$555 billion (US$$547 billion) as at March 31, 2013. The Company operates as Manulife Financial in Canada and Asia and primarily as John Hancock in the United States.</p><p>Manulife Financial Corporation trades as 'MFC' on the TSX, NYSE and PSE, and under '945' on the SEHK. Manulife Financial can be found on the Internet at <url normalizedValue=\"http://www.manulife.com\">www.manulife.com</url></p><p>For further information please visit: <url normalizedValue=\"http://www.careerbeacon.coma\">http://www.careerbeacon.coma</url></p></bodyText></nitf:body.content></nitf:body><metadata><dc:metadata xmlns:dc=\"http://purl.org/dc/elements/1.1/\"><dc:identifier identifierScheme=\"DOC-ID\">CDGOVN-CGN2012590</dc:identifier><dc:source sourceScheme=\"royaltyReportingKey\">CDGOVN2013</dc:source><dc:identifier identifierScheme=\"PGUID\">urn:contentItem:56JX-T0H1-DXCW-D19F-00000-00</dc:identifier><dc:source sourceScheme=\"productContentSetIdentifier\">400331</dc:source><dc:date dateType=\"last-updated\">2015-10-17</dc:date></dc:metadata><wordCount number=\"1036\"/><publicationInfo><copyright>Copyright 2013 Plus Media Solutions Private Limited All Rights Reserved</copyright><publicationName>Canadian Government News</publicationName><publicationLogo><logo><inlineObject><locator><locatorKey><keyName name=\"object-key\"/><keyValue value=\"505\"/></locatorKey><locatorParameters><parameter name=\"object-type\" value=\"201\"/><parameter name=\"object-smi\" value=\"LOGOS\"/><parameter name=\"componentseq\" value=\"1\"/></locatorParameters></locator></inlineObject></logo></publicationLogo><publicationDate day=\"12\" month=\"09\" year=\"2013\"><dateText>September 12, 2013 Thursday</dateText></publicationDate><classification classificationScheme=\"publicationtype\"><classificationItem><className>Newswire</className></classificationItem></classification><classification classificationScheme=\"publicationtype\"><classificationItem><className>News</className></classificationItem></classification></publicationInfo><classification classificationScheme=\"language\"><classificationItem classificationScheme=\"lang.english\"><className>ENGLISH</className></classificationItem></classification><classificationGroup classificationScheme=\"indexing-terms\"><classification classificationScheme=\"company\"><classificationItem score=\"90\"><classCode>CC0001WGL</classCode><className>MANULIFE FINANCIAL CORP</className></classificationItem></classification><classification classificationScheme=\"industry\"><classificationItem score=\"90\"><className>NAICS524130 REINSURANCE CARRIERS</className></classificationItem><classificationItem score=\"90\"><className>NAICS524114 DIRECT HEALTH &amp; MEDICAL INSURANCE CARRIERS</className></classificationItem><classificationItem score=\"90\"><className>NAICS524113 DIRECT LIFE INSURANCE CARRIERS</className></classificationItem><classificationItem score=\"90\"><className>NAICS522292 REAL ESTATE CREDIT</className></classificationItem><classificationItem score=\"90\"><className>SIC6321 ACCIDENT &amp; HEALTH INSURANCE</className></classificationItem><classificationItem score=\"90\"><className>SIC6311 LIFE INSURANCE</className></classificationItem><classificationItem score=\"90\"><className>SIC6162 MORTGAGE BANKERS &amp; LOAN CORRESPONDENTS</className></classificationItem></classification><classification classificationScheme=\"ticker\"><classificationItem score=\"90\"><className>MFC (TSX)</className></classificationItem><classificationItem score=\"90\"><className>MFC (NYSE)</className></classificationItem><classificationItem score=\"90\"><className>0945 (HKSE)</className></classificationItem></classification></classificationGroup><classificationGroup classificationScheme=\"licensor.indexing-terms\"><classification classificationScheme=\"licensor.subject\"><classificationItem><className>National</className></classificationItem></classification></classificationGroup><classificationGroup classificationScheme=\"indexing-terms\"><classification classificationScheme=\"legal\"><classificationItem><className>Criminal Law &amp; Procedure</className><classCode>Z3VpZD11cm46dG9waWM6NEU0RkE1OUQwNUQwNDgxODhEODZCMjkzOTg3NThBNzk7cGFyZW50Z3VpZD0</classCode><classificationItem score=\"96\"><className>General Overview</className><classCode>Z3VpZD11cm46dG9waWM6MUM4RjZFOEE4MDc3NDE4QjhCMkQwNzc2QTM0OUQ5NjI7cGFyZW50Z3VpZD11cm46dG9waWM6QzBDQzA4NEVCN0Q0NEZCRkEwNjY3Qzk3MDA3NzlCMjU</classCode></classificationItem></classificationItem></classification><classification classificationScheme=\"subject\"><classificationItem score=\"90\"><classCode>STX001932</classCode><className>CRIME, LAW ENFORCEMENT &amp; CORRECTIONS</className><classCode/><className/></classificationItem><classificationItem score=\"90\"><classCode>ST000D4JV</classCode><className>CRIMINAL INVESTIGATIONS</className><classCode/><className/></classificationItem><classificationItem score=\"90\"><classCode>STX000759</classCode><className>FRAUD &amp; FINANCIAL CRIME</className><classCode/><className/></classificationItem><classificationItem score=\"90\"><classCode>STX000969</classCode><className>INVESTIGATIONS</className><classCode/><className/></classificationItem><classificationItem score=\"90\"><classCode>STX001159</classCode><className>MONEY LAUNDERING</className><classCode>Z3VpZD11cm46dG9waWM6QzBDQzA4NEVCN0Q0NEZCRkEwNjY3Qzk3MDA3NzlCMjU7cGFyZW50Z3VpZD11cm46dG9waWM6NkUzNTQ1QUZBM0Y5NDcyQjk4N0I5Mjg0QzU3NDk0MDI</classCode><className>Money Laundering</className></classificationItem><classificationItem score=\"90\"><classCode>ST0009FJK</classCode><className>NEGATIVE PERSONAL NEWS</className><classCode/><className/></classificationItem><classificationItem score=\"90\"><classCode>STX001710</classCode><className>TERRORISM</className><classCode>Z3VpZD11cm46dG9waWM6ODg4MDhDQ0I2QkY5NDU2Rjg1RDNEREFBODk1Nzg1QTY7cGFyZW50Z3VpZD11cm46dG9waWM6RjgwNUY4MjJCMTg5NDgzRUJBMDQwNkM4NkUyNTJBMEY</classCode><className>Terrorism</className></classificationItem><classificationItem score=\"89\"><classCode>ST000A2SY</classCode><className>EMPLOYMENT SEARCH</className><classCode/><className/></classificationItem><classificationItem score=\"89\"><classCode>STX000654</classCode><className>ETHICS</className><classCode/><className/></classificationItem><classificationItem score=\"89\"><classCode>N922120CC</classCode><className>LAW ENFORCEMENT</className><classCode/><className/></classificationItem><classificationItem score=\"89\"><classCode>STX001970</classCode><className>TRENDS &amp; EVENTS</className><classCode/><className/></classificationItem><classificationItem score=\"78\"><classCode>STX001410</classCode><className>COMPANY PROFITS</className><classCode/><className/></classificationItem><classificationItem score=\"78\"><classCode>N920000CC</classCode><className>GOVERNMENT &amp; PUBLIC ADMINISTRATION</className><classCode>Z3VpZD11cm46dG9waWM6MjdEQjE4OUJDMzQxNDNEMEI0RTI1QUFCMzJENjEwRTA7cGFyZW50Z3VpZD11cm46dG9waWM6MUFEMUQ2QTA1OUZCNEE5RjkzNTA2RERFMUNEOTk1RTI</classCode><className>Governments</className></classificationItem><classificationItem score=\"78\"><classCode>STX001271</classCode><className>OUTSOURCING</className><classCode/><className/></classificationItem><classificationItem score=\"78\"><classCode>STX001500</classCode><className>RISK MANAGEMENT</className><classCode/><className/></classificationItem><classificationItem score=\"77\"><classCode>ST0009EVK</classCode><className>MEDICINE &amp; HEALTH</className><classCode/><className/></classificationItem><classificationItem score=\"76\"><classCode>STX001864</classCode><className>WORKPLACE HEALTH &amp; SAFETY</className><classCode/><className/></classificationItem><classificationItem score=\"75\"><classCode>STX000439</classCode><className>CUSTOMER SERVICE</className><classCode/><className/></classificationItem><classificationItem score=\"75\"><classCode>ST0008ZF6</classCode><className>INTERVIEWS</className><classCode/><className/></classificationItem><classificationItem score=\"66\"><classCode>ST0008XMR</classCode><className>LAW &amp; LEGAL SYSTEM</className><classCode/><className/></classificationItem><classificationItem score=\"60\"><classCode>N922110CC</classCode><className>LAW COURTS &amp; TRIBUNALS</className><classCode/><className/></classificationItem><classificationItem score=\"54\"><classCode>STX000571</classCode><className>ELECTRONIC COMMERCE</className><classCode/><className/></classificationItem></classification><classification classificationScheme=\"industry\"><classificationItem score=\"91\"><classCode>N524000CC</classCode><className>INSURANCE</className><classCode/><className/></classificationItem><classificationItem score=\"91\"><classCode>ST000A2VZ</classCode><classCode/><className/></classificationItem><classificationItem score=\"90\"><classCode>N520000CC</classCode><className>BANKING &amp; FINANCE</className><classCode/><className/></classificationItem><classificationItem score=\"90\"><classCode>N561611MM</classCode><className>INVESTIGATIVE SERVICES</className><classCode/><className/></classificationItem><classificationItem score=\"90\"><classCode>STX002011</classCode><className>MORTGAGE BANKING</className><classCode/><className/></classificationItem><classificationItem score=\"90\"><classCode>N522292GC</classCode><className>MORTGAGE BANKING &amp; FINANCE</className><classCode/><className/></classificationItem><classificationItem score=\"90\"><classCode>STX001455</classCode><className>REAL ESTATE</className><classCode/><className/></classificationItem><classificationItem score=\"90\"><classCode>ST0009RX6</classCode><classCode/><className/></classificationItem><classificationItem score=\"90\"><classCode>ST000A2W7</classCode><classCode/><className/></classificationItem><classificationItem score=\"78\"><classCode>N522320CC</classCode><className>CLEARING OPERATIONS</className><classCode/><className/></classificationItem><classificationItem score=\"78\"><classCode>STX000522</classCode><className>DOCUMENT MANAGEMENT</className><classCode/><className/></classificationItem><classificationItem score=\"78\"><classCode>STX001500</classCode><className>RISK MANAGEMENT</className><classCode/><className/></classificationItem><classificationItem score=\"54\"><classCode>STX000571</classCode><className>ELECTRONIC COMMERCE</className><classCode/><className/></classificationItem></classification><classification classificationScheme=\"city\"><classificationItem score=\"93\"><classCode>GX059</classCode><className>HALIFAX, NS, CANADA</className><classCode/><className/></classificationItem><classificationItem score=\"89\"><classCode>GX063</classCode><className>MONTREAL, QC, CANADA</className><classCode/><className/></classificationItem><classificationItem score=\"89\"><classCode>GX060</classCode><className>TORONTO, ON, CANADA</className><classCode/><className/></classificationItem></classification><classification classificationScheme=\"state\"><classificationItem score=\"89\"><classCode>GS174</classCode><className>ONTARIO, CANADA</className><classCode/><className/></classificationItem><classificationItem score=\"59\"><classCode>GS173</classCode><className>NOVA SCOTIA, CANADA</className><classCode/><className/></classificationItem></classification><classification classificationScheme=\"country\"><classificationItem score=\"92\"><classCode>GC339</classCode><className>CANADA</className><classCode/><className/></classificationItem></classification></classificationGroup></metadata></articleDoc></content></entry>"}