{"prediction_class": "Money laundering", "prediction_score": "1.0", "name": "Manulife", "title": "Manulife says its banking unit was penalized for 'administrative lapses'", "published": "2017-02-27T00:00:00Z", "updated": "2020-11-16T03:59:00Z", "cleaned_article": "[TITLE] Manulife says its banking unit was penalized for 'administrative lapses' [TITLE] \n\nManulife issued a statement Monday saying Manulife Bank was fined for \"administrative lapses.\" \"Although we operate at the highest ethical standard, we are capable of administrative errors. They were remedied in the first half of 2014,\" the company said. \"There is no evidence to suggest that the administrative reporting violations were connected to any financial misconduct.\"Experts speculated Fintrac's decision to not name Manulife Bank could have come from an agreement whereby Manulife agreed not to pursue an appeal and pay the $1,154,670 fine in exchange for anonymity. Neither Fintrac nor Manulife have confirmed such a deal took place. The office of Finance Minister Bill Morneau deferred comment to Fintrac, which did not immediately respond to requests for comment. It's likely Fintrac had such an agreement and felt a significant fine would be enough to satisfy the Canadian public, said Christine Duhaime, a lawyer at Duhaime Law, a firm that specializes in counter-terrorist-financing and anti-money-laundering law practice. [...] \n\nAs a bank's reputation is important to them, Duhaime said deterrents like naming them for wrongdoings can be effective. \"I think everybody probably learned a good lesson here about transparency and accountability to the Canadian public.\" Manulife said in its statement that it did not enable or facilitate money laundering.\"One violation involved a customer who had already been reported to law enforcement and Fintrac by Manulife. Additional information released by Fintrac in 2016 shows that Manulife proactively worked with law enforcement in both Canada and the United States in relation to the matter underlying the one suspicious transaction report (STR) violation, including advising law enforcement prior to the failure to file this one STR.\"", "raw_cleaned_article": "<h2>Manulife says its banking unit was penalized for 'administrative lapses'</h2><p><b>Manulife issued a statement Monday saying Manulife Bank was fined for \"administrative lapses.\"</b> \"Although we operate at the highest ethical standard, we are capable of administrative errors. They were remedied in the first half of 2014,\" the company said. \"There is no evidence to suggest that the administrative reporting violations were connected to any financial misconduct.\"<b>Experts speculated Fintrac's decision to not name Manulife Bank could have come from an agreement whereby Manulife agreed not to pursue an appeal and pay the $1,154,670 fine in exchange for anonymity. Neither Fintrac nor Manulife have confirmed such a deal took place.</b> The office of Finance Minister Bill Morneau deferred comment to Fintrac, which did not immediately respond to requests for comment. It's likely Fintrac had such an agreement and felt a significant fine would be enough to satisfy the Canadian public, said Christine Duhaime, a lawyer at Duhaime Law, a firm that specializes in counter-terrorist-financing and anti-money-laundering law practice.</p><p>[...]</p><p>As a bank's reputation is important to them, Duhaime said deterrents like naming them for wrongdoings can be effective. \"I think everybody probably learned a good lesson here about transparency and accountability to the Canadian public.\" <b>Manulife said in its statement that it did not enable or facilitate money laundering.</b></p><p>[...]</p><p>As a bank's reputation is important to them, Duhaime said deterrents like naming them for wrongdoings can be effective. <b>\"One violation involved a customer who had already been reported to law enforcement and Fintrac by Manulife. Additional information released by Fintrac in 2016 shows that Manulife proactively worked with law enforcement in both Canada and the United States in relation to the matter underlying the one suspicious transaction report (STR) violation, including advising law enforcement prior to the failure to file this one STR.\"</b></p>", "original_content": "<entry xmlns=\"http://www.w3.org/2005/Atom\"><id>urn:contentItem:5N03-WB01-JDV5-F03S-00000-00</id><title>Manulife says its banking unit was penalized for 'administrative lapses'</title><published>2017-02-27T00:00:00Z</published><updated>2020-11-16T03:59:00Z</updated><author><name>LexisNexis</name></author><content type=\"application/xml\"><!--Transformation version 1.23--><articleDoc xmlns=\"\" xmlns:xsi=\"http://www.w3.org/2001/XMLSchema-instance\" xsi:noNamespaceSchemaLocation=\"http://www.lexisnexis.com/xmlschemas/content/public/articledoc/1/\" schemaVersion=\"1.8\" xml:lang=\"en\"><articleDocHead><itemInfo><sourceSectionInfo><positionSection>NEWS</positionSection></sourceSectionInfo></itemInfo></articleDocHead><nitf:body xmlns:nitf=\"http://iptc.org/std/NITF/2006-10-18/\"><nitf:body.head><nitf:hedline><nitf:hl1>Manulife says its banking unit was penalized for 'administrative lapses'</nitf:hl1></nitf:hedline></nitf:body.head><nitf:body.content><bodyText><p nitf:lede=\"true\">TORONTO - Manulife Financial has confirmed that its banking unit was penalized last year after Canada's money-laundering watchdog concluded it failed to report a suspicious transaction and various money transfers.</p><p>Last year, Fintrac fined its banking subsidiary $1.15 million, but it withheld the bank's identity, saying it was exercising its discretion to do so.</p><p>Manulife issued a statement Monday saying Manulife Bank was fined for \"administrative lapses.\"</p><p>\"Although we operate at the highest ethical standard, we are capable of administrative errors. They were remedied in the first half of 2014,\" the company said.</p><p>\"There is no evidence to suggest that the administrative reporting violations were connected to any financial misconduct.\"</p><p>The statement came after the CBC, citing anonymous sources, identified Manulife Bank as the financial institution fined by Fintrac last year.</p><p>Experts speculated Fintrac's decision to not name Manulife Bank could have come from an agreement whereby Manulife agreed not to pursue an appeal and pay the $1,154,670 fine in exchange for anonymity. Neither Fintrac nor Manulife have confirmed such a deal took place.</p><p>The office of Finance Minister Bill Morneau deferred comment to Fintrac, which did not immediately respond to requests for comment.</p><p>It's likely Fintrac had such an agreement and felt a significant fine would be enough to satisfy the Canadian public, said Christine Duhaime, a lawyer at Duhaime Law, a firm that specializes in counter-terrorist-financing and anti-money-laundering law practice.</p><p>However, there was significant backlash as the public felt granting a large corporation anonymity - something an average Joe wouldn't be entitled to - wasn't fair, she said.</p><p>The public needs to know who the entity behind such a large fine is, Duhaime said, adding she believes Fintrac won't grant anonymity like this again if a similar matter comes up.</p><p>As a bank's reputation is important to them, Duhaime said deterrents like naming them for wrongdoings can be effective.</p><p>\"I think everybody probably learned a good lesson here about transparency and accountability to the Canadian public.\"</p><p>Manulife said in its statement that it did not enable or facilitate money laundering.</p><p>\"One violation involved a customer who had already been reported to law enforcement and Fintrac by Manulife. Additional information released by Fintrac in 2016 shows that Manulife proactively worked with law enforcement in both Canada and the United States in relation to the matter underlying the one suspicious transaction report (STR) violation, including advising law enforcement prior to the failure to file this one STR.\"</p><p>Manulife, one of the country's biggest financial services businesses, said it considers the matter closed and doesn't plan further comment.</p></bodyText></nitf:body.content></nitf:body><metadata><dc:metadata xmlns:dc=\"http://purl.org/dc/elements/1.1/\"><dc:identifier identifierScheme=\"DOC-ID\">KWREC-2017022741625636</dc:identifier><dc:source sourceScheme=\"royaltyReportingKey\">KWREC2017</dc:source><dc:identifier identifierScheme=\"PGUID\">urn:contentItem:5N03-WB01-JDV5-F03S-00000-00</dc:identifier><dc:source sourceScheme=\"productContentSetIdentifier\">247362</dc:source><dc:date dateType=\"last-updated\">2018-05-25</dc:date></dc:metadata><wordCount number=\"462\"/><publicationInfo><copyright>Copyright 2017 Metroland Media Group Ltd. All Rights Reserved</copyright><publicationName>therecord.com</publicationName><publicationDate day=\"27\" month=\"02\" year=\"2017\"><dateText>February 27, 2017 Monday</dateText></publicationDate><classification classificationScheme=\"publicationtype\"><classificationItem><className>Newspaper</className></classificationItem></classification><classification classificationScheme=\"publicationtype\"><classificationItem><className>Newspapers</className></classificationItem></classification></publicationInfo><classification classificationScheme=\"language\"><classificationItem classificationScheme=\"lang.english\"><className>ENGLISH</className></classificationItem></classification><classificationGroup classificationScheme=\"indexing-terms\"><classification classificationScheme=\"company\"><classificationItem score=\"91\"><classCode>CC0001WGL</classCode><className>MANULIFE FINANCIAL CORP</className></classificationItem></classification><classification classificationScheme=\"ticker\"><classificationItem score=\"91\"><className>MFC (TSX)</className></classificationItem><classificationItem score=\"91\"><className>MFC (NYSE)</className></classificationItem><classificationItem score=\"91\"><className>0945 (HKSE)</className></classificationItem></classification></classificationGroup><classificationGroup classificationScheme=\"indexing-terms\"><classification classificationScheme=\"legal\"><classificationItem><className>Criminal Law &amp; Procedure</className><classCode>Z3VpZD11cm46dG9waWM6NEU0RkE1OUQwNUQwNDgxODhEODZCMjkzOTg3NThBNzk7cGFyZW50Z3VpZD0</classCode><classificationItem score=\"90\"><className>General Overview</className><classCode>Z3VpZD11cm46dG9waWM6MUM4RjZFOEE4MDc3NDE4QjhCMkQwNzc2QTM0OUQ5NjI7cGFyZW50Z3VpZD11cm46dG9waWM6QzBDQzA4NEVCN0Q0NEZCRkEwNjY3Qzk3MDA3NzlCMjU</classCode></classificationItem></classificationItem></classification><classification classificationScheme=\"subject\"><classificationItem score=\"91\"><classCode>STX000722</classCode><className>FINES &amp; PENALTIES</className><classCode/><className/></classificationItem><classificationItem score=\"90\"><classCode>ST000DH0Q</classCode><className>AGREEMENTS</className><classCode/><className/></classificationItem><classificationItem score=\"89\"><classCode>N922120CC</classCode><className>LAW ENFORCEMENT</className><classCode/><className/></classificationItem><classificationItem score=\"89\"><classCode>STX001159</classCode><className>MONEY LAUNDERING</className><classCode>Z3VpZD11cm46dG9waWM6QzBDQzA4NEVCN0Q0NEZCRkEwNjY3Qzk3MDA3NzlCMjU7cGFyZW50Z3VpZD11cm46dG9waWM6NkUzNTQ1QUZBM0Y5NDcyQjk4N0I5Mjg0QzU3NDk0MDI</classCode><className>Money Laundering</className></classificationItem><classificationItem score=\"78\"><classCode>STX000654</classCode><className>ETHICS</className><classCode/><className/></classificationItem><classificationItem score=\"78\"><classCode>STX001149</classCode><className>MISCONDUCT</className><classCode/><className/></classificationItem><classificationItem score=\"78\"><classCode>STX000713</classCode><className>FINANCIAL CRIME COUNTERMEASURES</className><classCode/><className/></classificationItem><classificationItem score=\"73\"><classCode>STX000417</classCode><className>COUNTERTERRORISM</className><classCode/><className/></classificationItem><classificationItem score=\"73\"><classCode>ST00097CL</classCode><className>PUBLIC FINANCE AGENCIES &amp; TREASURIES</className><classCode/><className/></classificationItem><classificationItem score=\"71\"><classCode>N541110GM</classCode><className>LAWYERS</className><classCode/><className/></classificationItem><classificationItem score=\"69\"><classCode>N541100CC</classCode><className>LEGAL SERVICES</className><classCode/><className/></classificationItem><classificationItem score=\"68\"><classCode>STX001959</classCode><className>PUBLIC FINANCE</className><classCode/><className/></classificationItem><classificationItem score=\"52\"><classCode>ST000DLOJ</classCode><className>GOVERNMENT ADVISORS &amp; MINISTERS</className><classCode/><className/></classificationItem><classificationItem score=\"50\"><classCode>STX001710</classCode><className>TERRORISM</className><classCode>Z3VpZD11cm46dG9waWM6ODg4MDhDQ0I2QkY5NDU2Rjg1RDNEREFBODk1Nzg1QTY7cGFyZW50Z3VpZD11cm46dG9waWM6RjgwNUY4MjJCMTg5NDgzRUJBMDQwNkM4NkUyNTJBMEY</classCode><className>Terrorism</className></classificationItem></classification><classification classificationScheme=\"industry\"><classificationItem score=\"90\"><classCode>ST0009RX6</classCode><classCode/><className/></classificationItem><classificationItem score=\"90\"><classCode>N520000CC</classCode><className>BANKING &amp; FINANCE</className><classCode/><className/></classificationItem><classificationItem score=\"73\"><classCode>ST00097CL</classCode><className>PUBLIC FINANCE AGENCIES &amp; TREASURIES</className><classCode/><className/></classificationItem><classificationItem score=\"71\"><classCode>N541110GM</classCode><className>LAWYERS</className><classCode/><className/></classificationItem><classificationItem score=\"69\"><classCode>N541100CC</classCode><className>LEGAL SERVICES</className><classCode/><className/></classificationItem></classification><classification classificationScheme=\"city\"><classificationItem score=\"73\"><classCode>GX060</classCode><className>TORONTO, ON, CANADA</className><classCode/><className/></classificationItem></classification><classification classificationScheme=\"state\"><classificationItem score=\"58\"><classCode>GS174</classCode><className>ONTARIO, CANADA</className><classCode/><className/></classificationItem></classification><classification classificationScheme=\"country\"><classificationItem score=\"91\"><classCode>GC339</classCode><className>CANADA</className><classCode/><className/></classificationItem><classificationItem score=\"79\"><classCode>GC343</classCode><className>UNITED STATES</className><classCode/><className/></classificationItem><classificationItem score=\"79\"><classCode>GR120</classCode><className>NORTH AMERICA</className><classCode/><className/></classificationItem></classification></classificationGroup></metadata></articleDoc></content></entry>"}