{"prediction_class": "Money laundering", "prediction_score": "0.99", "name": "Manulife", "title": "Canada: The Saga Of The Unnamed Bank: FinTRAC Issues A Statement", "published": "2017-03-01T00:00:00Z", "updated": "2020-11-16T04:15:20Z", "cleaned_article": "[TITLE] Canada: The Saga Of The Unnamed Bank: FinTRAC Issues A Statement [TITLE] \n\nIn April 2016, Canadian news media reported that the Financial Transactions Reports Analysis Centre (FinTRAC) had levied a penalty of over $1 million against an unnamed Canadian bank for certain violations of its anti-money laundering requirements. Since then, FinTRAC has continued to face criticism from the public and the media for its decision to withhold the name of the offending bank. The Director of FinTRAC, G\u00e9rald Cossette, released a statement on February 27 regarding its decision last Spring not to publicize the bank's name. According to the statement, the message of deterrence was effective despite FinTRAC's decision not to publicize the bank's name. However, Mr. Cossette acknowledges that withholding the name of the bank may not have met public expectations in relation to openness and transparency. The statement provides that FinTRAC will \"look to work\" with the Department of Finance to review the legislation that applies to FinTRAC's administrative monetary penalty (AMP) program. Further, FinTRAC states that it is examining its AMP policies to ensure that an appropriate balance between transparency and statutory requirements of the legislation are met. Also on February 27, Manulife Financial Corp.disclosed that its banking subsidiary, Manulife Bank, was fined by FinTRAC in connection with administrative errors. News reports indicate that Manulife issued the statement after the CBC, citing anonymous sources, identified Manulife Bank as the bank fined by FinTRAC last year. About Norton Rose Fulbright Canada LLP Norton Rose Fulbright is a global law firm. We provide the world's preeminent corporations and financial institutions with a full business law service. We have 3800 lawyers and other legal staff based in more than 50 cities across Europe, the United States, Canada, Latin America, Asia, Australia, Africa, the Middle East and Central Asia.", "raw_cleaned_article": "<h2>Canada: The Saga Of The Unnamed Bank: FinTRAC Issues A Statement</h2><p>In April 2016, Canadian news media reported that the Financial Transactions Reports Analysis Centre (FinTRAC) had levied a penalty of over $1 million against an unnamed Canadian bank for certain violations of its anti-money laundering requirements. Since then, FinTRAC has continued to face criticism from the public and the media for its decision to withhold the name of the offending bank. The Director of FinTRAC, G\u00e9rald Cossette, released a statement on February 27 regarding its decision last Spring not to publicize the bank's name. According to the statement, the message of deterrence was effective despite FinTRAC's decision not to publicize the bank's name. However, Mr. Cossette acknowledges that withholding the name of the bank may not have met public expectations in relation to openness and transparency. The statement provides that FinTRAC will \"look to work\" with the Department of Finance to review the legislation that applies to FinTRAC's administrative monetary penalty (AMP) program. Further, FinTRAC states that it is examining its AMP policies to ensure that an appropriate balance between transparency and statutory requirements of the legislation are met. <b>Also on February 27, Manulife Financial Corp.disclosed that its banking subsidiary, Manulife Bank, was fined by FinTRAC in connection with administrative errors. News reports indicate that Manulife issued the statement after the CBC, citing anonymous sources, identified Manulife Bank as the bank fined by FinTRAC last year.</b> About Norton Rose Fulbright Canada LLP Norton Rose Fulbright is a global law firm. We provide the world's preeminent corporations and financial institutions with a full business law service. We have 3800 lawyers and other legal staff based in more than 50 cities across Europe, the United States, Canada, Latin America, Asia, Australia, Africa, the Middle East and Central Asia.</p>", "original_content": "<entry xmlns=\"http://www.w3.org/2005/Atom\"><id>urn:contentItem:5N0D-PRM1-JCF5-V2P4-00000-00</id><title>Canada: The Saga Of The Unnamed Bank: FinTRAC Issues A Statement</title><published>2017-03-01T00:00:00Z</published><updated>2020-11-16T04:15:20Z</updated><author><name>LexisNexis</name></author><content type=\"application/xml\"><!--Transformation version 1.23--><articleDoc xmlns=\"\" xmlns:xsi=\"http://www.w3.org/2001/XMLSchema-instance\" xsi:noNamespaceSchemaLocation=\"http://www.lexisnexis.com/xmlschemas/content/public/articledoc/1/\" schemaVersion=\"1.8\" xml:lang=\"en\"><articleDocHead><itemInfo/></articleDocHead><nitf:body xmlns:nitf=\"http://iptc.org/std/NITF/2006-10-18/\"><nitf:body.head><nitf:hedline><nitf:hl1>Canada: The Saga Of The Unnamed Bank: FinTRAC Issues A Statement</nitf:hl1></nitf:hedline><nitf:byline><author><person><nameText>Sharissa Ellyn</nameText></person></author></nitf:byline></nitf:body.head><nitf:body.content><bodyText><p nitf:lede=\"true\">In April 2016, Canadian news media reported that the Financial Transactions Reports Analysis Centre (FinTRAC) had levied a penalty of over $1 million against an unnamed Canadian bank for certain violations of its anti-money laundering requirements. Since then, FinTRAC has continued to face criticism from the public and the media for its decision to withhold the name of the offending bank.</p><p>The Director of FinTRAC, G\u00e9rald Cossette, released a statement on February 27 regarding its decision last Spring not to publicize the bank's name. According to the statement, the message of deterrence was effective despite FinTRAC's decision not to publicize the bank's name. However, Mr. Cossette acknowledges that withholding the name of the bank may not have met public expectations in relation to openness and transparency. The statement provides that FinTRAC will \"look to work\" with the Department of Finance to review the legislation that applies to FinTRAC's administrative monetary penalty (AMP) program. Further, FinTRAC states that it is examining its AMP policies to ensure that an appropriate balance between transparency and statutory requirements of the legislation are met.</p><p>Also on February 27, Manulife Financial Corp.disclosed that its banking subsidiary, Manulife Bank, was fined by FinTRAC in connection with administrative errors. News reports indicate that Manulife issued the statement after the CBC, citing anonymous sources, identified Manulife Bank as the bank fined by FinTRAC last year.</p><p>About Norton Rose Fulbright Canada LLP</p><p>Norton Rose Fulbright is a global law firm. We provide the world's preeminent corporations and financial institutions with a full business law service. We have 3800 lawyers and other legal staff based in more than 50 cities across Europe, the United States, Canada, Latin America, Asia, Australia, Africa, the Middle East and Central Asia.</p><p>Recognized for our industry focus, we are strong across all the key industry sectors: financial institutions; energy; infrastructure, mining and commodities; transport; technology and innovation; and life sciences and healthcare.</p><p>Wherever we are, we operate in accordance with our global business principles of quality, unity and integrity. We aim to provide the highest possible standard of legal service in each of our offices and to maintain that level of quality at every point of contact.</p><p>For more information about Norton Rose Fulbright, see  nortonrosefulbright.com/legal-notices.</p><p>Law around the world<br/>  nortonrosefulbright.com</p><p>The content of this article is intended to provide a general guide to the subject matter. Specialist advice should be sought about your specific circumstances.</p><p><br/> Ms Sharissa Ellyn<br/>Norton Rose Fulbright Canada LLP<br/> Suite 3800<br/> Royal Bank Plaza, South Tower<br/> 200 Bay Street, P.O. Box 84<br/>Toronto<br/>Ontario<br/> M5J 2Z4<br/> CANADA<br/> Tel: 4162164000<br/> Fax: 4162163930<br/>E-mail: <email normalizedValue=\"mailto:info@nortonrosefulbright.com\">info@nortonrosefulbright.com</email><br/> URL: <url normalizedValue=\"http://www.nortonrosefulbright.com\">www.nortonrosefulbright.com</url></p></bodyText></nitf:body.content></nitf:body><metadata><dc:metadata xmlns:dc=\"http://purl.org/dc/elements/1.1/\"><dc:identifier identifierScheme=\"DOC-ID\">MONDAQ-10572606</dc:identifier><dc:source sourceScheme=\"royaltyReportingKey\">MONDAQ2017</dc:source><dc:identifier identifierScheme=\"PGUID\">urn:contentItem:5N0D-PRM1-JCF5-V2P4-00000-00</dc:identifier><dc:source sourceScheme=\"productContentSetIdentifier\">149522</dc:source><dc:date dateType=\"last-updated\">2019-10-01</dc:date></dc:metadata><wordCount number=\"487\"/><publicationInfo><copyright>Copyright 2017 Mondaq Ltd. All Rights Reserved</copyright><publicationName>Mondaq Business Briefing</publicationName><publicationLogo><logo><inlineObject><locator><locatorKey><keyName name=\"object-key\"/><keyValue value=\"33716\"/></locatorKey><locatorParameters><parameter name=\"object-type\" value=\"201\"/><parameter name=\"object-smi\" value=\"LOGOS\"/><parameter name=\"componentseq\" value=\"1\"/></locatorParameters></locator></inlineObject></logo></publicationLogo><publicationDate day=\"01\" month=\"03\" year=\"2017\"><dateText>March 1, 2017 Wednesday</dateText></publicationDate><classification classificationScheme=\"publicationtype\"><classificationItem><className>Newswire</className></classificationItem></classification><classification classificationScheme=\"publicationtype\"><classificationItem><className>Newswires &amp; Press Releases</className></classificationItem></classification></publicationInfo><classification classificationScheme=\"language\"><classificationItem classificationScheme=\"lang.english\"><className>ENGLISH</className></classificationItem></classification><classificationGroup classificationScheme=\"indexing-terms\"><classification classificationScheme=\"company\"><classificationItem score=\"94\"><classCode>CC0001WGL</classCode><className>MANULIFE FINANCIAL CORP</className></classificationItem><classificationItem score=\"83\"><classCode>CC0002SR6</classCode><className>NORTON ROSE FULBRIGHT LLP</className></classificationItem></classification><classification classificationScheme=\"industry\"><classificationItem score=\"94\"><className>NAICS524130 REINSURANCE CARRIERS</className></classificationItem><classificationItem score=\"94\"><className>NAICS524114 DIRECT HEALTH &amp; MEDICAL INSURANCE CARRIERS</className></classificationItem><classificationItem score=\"94\"><className>NAICS524113 DIRECT LIFE INSURANCE CARRIERS</className></classificationItem><classificationItem score=\"94\"><className>NAICS522292 REAL ESTATE CREDIT</className></classificationItem><classificationItem score=\"94\"><className>SIC6321 ACCIDENT &amp; HEALTH INSURANCE</className></classificationItem><classificationItem score=\"94\"><className>SIC6311 LIFE INSURANCE</className></classificationItem><classificationItem score=\"94\"><className>SIC6162 MORTGAGE BANKERS &amp; LOAN CORRESPONDENTS</className></classificationItem><classificationItem score=\"83\"><className>NAICS541110 OFFICES OF LAWYERS</className></classificationItem><classificationItem score=\"83\"><className>SIC8111 LEGAL SERVICES</className></classificationItem></classification><classification classificationScheme=\"ticker\"><classificationItem score=\"94\"><className>MFC (TSX)</className></classificationItem><classificationItem score=\"94\"><className>MFC (NYSE)</className></classificationItem><classificationItem score=\"94\"><className>0945 (HKSE)</className></classificationItem></classification></classificationGroup><classificationGroup classificationScheme=\"licensor.indexing-terms\"><classification classificationScheme=\"licensor.company\"><classificationItem><className>Norton Rose Fulbright Canada LLP</className></classificationItem></classification><classification classificationScheme=\"licensor.country\"><classificationItem><className>Canada</className></classificationItem></classification><classification classificationScheme=\"licensor.subject\"><classificationItem><className>Finance and Banking</className></classificationItem><classificationItem><className>Government</className></classificationItem><classificationItem><className>Public Sector</className></classificationItem><classificationItem><className>Financial Services</className></classificationItem><classificationItem><className>Money Laundering</className></classificationItem></classification></classificationGroup><classificationGroup classificationScheme=\"indexing-terms\"><classification classificationScheme=\"legal\"><classificationItem><className>Banking Law</className><classCode>Z3VpZD11cm46dG9waWM6QjQyMUFCOUJBNURBNEFDREE3MTNCNDk5QkQ4NUM3RjI7cGFyZW50Z3VpZD0</classCode><classificationItem score=\"50\"><className>Money Laundering</className><classCode>Z3VpZD11cm46dG9waWM6NDRGN0EyOTJBOEM4NDkzOUIyNkNBQkYyMDI3RDM4OTI7cGFyZW50Z3VpZD11cm46dG9waWM6NkUzNTQ1QUZBM0Y5NDcyQjk4N0I5Mjg0QzU3NDk0MDI</classCode></classificationItem></classificationItem><classificationItem><className>Criminal Law &amp; Procedure</className><classCode>Z3VpZD11cm46dG9waWM6NEU0RkE1OUQwNUQwNDgxODhEODZCMjkzOTg3NThBNzk7cGFyZW50Z3VpZD0</classCode><classificationItem score=\"50\"><className>General Overview</className><classCode>Z3VpZD11cm46dG9waWM6MUM4RjZFOEE4MDc3NDE4QjhCMkQwNzc2QTM0OUQ5NjI7cGFyZW50Z3VpZD11cm46dG9waWM6QzBDQzA4NEVCN0Q0NEZCRkEwNjY3Qzk3MDA3NzlCMjU</classCode></classificationItem></classificationItem></classification><classification classificationScheme=\"subject\"><classificationItem score=\"91\"><classCode>STX000722</classCode><className>FINES &amp; PENALTIES</className><classCode/><className/></classificationItem><classificationItem score=\"90\"><classCode>ST0008XMR</classCode><className>LAW &amp; LEGAL SYSTEM</className><classCode/><className/></classificationItem><classificationItem score=\"90\"><classCode>N541110GM</classCode><className>LAWYERS</className><classCode/><className/></classificationItem><classificationItem score=\"90\"><classCode>ST0009PZT</classCode><className>MAJOR US LAW FIRMS</className><classCode/><className/></classificationItem><classificationItem score=\"90\"><classCode>ST0009FJK</classCode><className>NEGATIVE PERSONAL NEWS</className><classCode/><className/></classificationItem><classificationItem score=\"89\"><classCode>N541100CC</classCode><className>LEGAL SERVICES</className><classCode/><className/></classificationItem><classificationItem score=\"78\"><classCode>ST0009J09</classCode><className>COMMERCIAL LAW</className><classCode/><className/></classificationItem><classificationItem score=\"78\"><classCode>STX000713</classCode><className>FINANCIAL CRIME COUNTERMEASURES</className><classCode/><className/></classificationItem><classificationItem score=\"76\"><classCode>ST0009EVK</classCode><className>MEDICINE &amp; HEALTH</className><classCode/><className/></classificationItem><classificationItem score=\"73\"><classCode>STX001159</classCode><className>MONEY LAUNDERING</className><classCode>Z3VpZD11cm46dG9waWM6QzBDQzA4NEVCN0Q0NEZCRkEwNjY3Qzk3MDA3NzlCMjU7cGFyZW50Z3VpZD11cm46dG9waWM6NkUzNTQ1QUZBM0Y5NDcyQjk4N0I5Mjg0QzU3NDk0MDI</classCode><className>Money Laundering</className></classificationItem></classification><classification classificationScheme=\"industry\"><classificationItem score=\"91\"><classCode>STX000834</classCode><className>HEALTH INSURANCE</className><classCode/><className/></classificationItem><classificationItem score=\"91\"><classCode>N524000CC</classCode><className>INSURANCE</className><classCode/><className/></classificationItem><classificationItem score=\"91\"><classCode>ST000A2VZ</classCode><classCode/><className/></classificationItem><classificationItem score=\"90\"><classCode>N520000CC</classCode><className>BANKING &amp; FINANCE</className><classCode/><className/></classificationItem><classificationItem score=\"90\"><classCode>N541110GM</classCode><className>LAWYERS</className><classCode/><className/></classificationItem><classificationItem score=\"90\"><classCode>STX001033</classCode><className>LIFE INSURANCE</className><classCode>Z3VpZD11cm46dG9waWM6MzFEOTQ4RjM2RDk4NDJDNEJERDY1NjREOEVGMTRCOTA7cGFyZW50Z3VpZD11cm46dG9waWM6NTUxRjY2QkZCMjhBNDJENTg2QzJGQUQ1MTAyMEI5RkI</classCode><className>Life Insurance</className></classificationItem><classificationItem score=\"90\"><classCode>ST0009PZT</classCode><className>MAJOR US LAW FIRMS</className><classCode/><className/></classificationItem><classificationItem score=\"90\"><classCode>STX002011</classCode><className>MORTGAGE BANKING</className><classCode/><className/></classificationItem><classificationItem score=\"90\"><classCode>N522292GC</classCode><className>MORTGAGE BANKING &amp; FINANCE</className><classCode/><className/></classificationItem><classificationItem score=\"90\"><classCode>N540000CC</classCode><className>PROFESSIONAL SERVICES</className><classCode/><className/></classificationItem><classificationItem score=\"90\"><classCode>STX001455</classCode><className>REAL ESTATE</className><classCode/><className/></classificationItem><classificationItem score=\"90\"><classCode>ST0009RX6</classCode><classCode/><className/></classificationItem><classificationItem score=\"90\"><classCode>ST000A2W7</classCode><classCode/><className/></classificationItem><classificationItem score=\"89\"><classCode>N541100CC</classCode><className>LEGAL SERVICES</className><classCode/><className/></classificationItem><classificationItem score=\"78\"><classCode>STX002149</classCode><className>HEALTH CARE</className><classCode/><className/></classificationItem><classificationItem score=\"78\"><classCode>ST0009T96</classCode><classCode/><className/></classificationItem><classificationItem score=\"77\"><classCode>N524130CC</classCode><className>REINSURANCE</className><classCode>Z3VpZD11cm46dG9waWM6NDI3MjQ3NDBDODZENDNCNUJCNzgwNzgwQTBGNDkxRTQ7cGFyZW50Z3VpZD11cm46dG9waWM6NTUxRjY2QkZCMjhBNDJENTg2QzJGQUQ1MTAyMEI5RkI</classCode><className>Reinsurance</className></classificationItem><classificationItem score=\"67\"><classCode>STX001900</classCode><className>ENERGY &amp; UTILITIES</className><classCode/><className/></classificationItem></classification><classification classificationScheme=\"city\"><classificationItem score=\"73\"><classCode>GX060</classCode><className>TORONTO, ON, CANADA</className><classCode/><className/></classificationItem></classification><classification classificationScheme=\"state\"><classificationItem score=\"73\"><classCode>GS174</classCode><className>ONTARIO, CANADA</className><classCode/><className/></classificationItem></classification><classification classificationScheme=\"country\"><classificationItem score=\"95\"><classCode>GC339</classCode><className>CANADA</className><classCode/><className/></classificationItem><classificationItem score=\"90\"><classCode>GT113</classCode><className>ASIA</className><classCode/><className/></classificationItem><classificationItem score=\"79\"><classCode>GC301</classCode><className>AUSTRALIA</className><classCode/><className/></classificationItem><classificationItem score=\"79\"><classCode>GR126</classCode><className>CENTRAL ASIA</className><classCode/><className/></classificationItem><classificationItem score=\"79\"><classCode>GT115</classCode><className>EUROPE</className><classCode/><className/></classificationItem><classificationItem score=\"79\"><classCode>GR132</classCode><className>MIDDLE EAST</className><classCode/><className/></classificationItem><classificationItem score=\"79\"><classCode>GR120</classCode><className>NORTH AMERICA</className><classCode/><className/></classificationItem><classificationItem score=\"79\"><classCode>GC343</classCode><className>UNITED STATES</className><classCode/><className/></classificationItem><classificationItem score=\"68\"><classCode>GR118</classCode><className>LATIN AMERICA</className><classCode/><className/></classificationItem></classification></classificationGroup></metadata></articleDoc></content></entry>"}