{"prediction_class": "Money laundering", "prediction_score": "0.99", "name": "Manulife", "title": "TTC employees allegedly teamed up with orthotics shop to bilk benefits plan, police say", "published": "2015-07-22T00:00:00Z", "updated": "2020-11-16T04:01:50Z", "cleaned_article": "[TITLE] TTC employees allegedly teamed up with orthotics shop to bilk benefits plan, police say [TITLE] \n\nTTC staff arrested after alleged fraud scammed taxpayers out of at least $100,000 worth of tools( http://news.nationalpost.com/toronto/ttc-staff-arrested-after-alleged-fraud-scammed-taxpayers-out-of-at-least-100000-worth-of-tools ) \"It's a bit of a nightmare for investigators to untangle it all,\" he said. \"I can't begin to give you numbers. We're just not there yet, we've got mounds of paperwork to go through.\" In some cases, employees never actually received the item that Manulife Financial reimbursed them for, police said. In other cases, the receipts for the items were allegedly inflated. Healthy Fit's owner, Adam Smith, along with employees Sachia Leon and Savath Nget are all charged with fraud over $5,000 and laundering the proceeds of crime. Police are also investigating \"a couple\" of Toronto-area doctors in connection with the alleged frauds, Stewart said. The TTC takes, very seriously, the responsibility placed on it to protect public money", "raw_cleaned_article": "<h2>TTC employees allegedly teamed up with orthotics shop to bilk benefits plan, police say</h2><p>TTC staff arrested after alleged fraud scammed taxpayers out of at least $100,000 worth of tools( http://news.nationalpost.com/toronto/ttc-staff-arrested-after-alleged-fraud-scammed-taxpayers-out-of-at-least-100000-worth-of-tools ) \"It's a bit of a nightmare for investigators to untangle it all,\" he said. \"I can't begin to give you numbers. We're just not there yet, we've got mounds of paperwork to go through.\" <b>In some cases, employees never actually received the item that Manulife Financial reimbursed them for, police said. In other cases, the receipts for the items were allegedly inflated.</b> Healthy Fit's owner, Adam Smith, along with employees Sachia Leon and Savath Nget are all charged with fraud over $5,000 and laundering the proceeds of crime. Police are also investigating \"a couple\" of Toronto-area doctors in connection with the alleged frauds, Stewart said. The TTC takes, very seriously, the responsibility placed on it to protect public money</p>", "original_content": "<entry xmlns=\"http://www.w3.org/2005/Atom\"><id>urn:contentItem:5GH1-VH91-JDK3-946T-00000-00</id><title>TTC employees allegedly teamed up with orthotics shop to bilk benefits plan, police say</title><published>2015-07-22T00:00:00Z</published><updated>2020-11-16T04:01:50Z</updated><author><name>LexisNexis</name></author><content type=\"application/xml\"><!--Transformation version 1.23--><articleDoc xmlns=\"\" xmlns:xsi=\"http://www.w3.org/2001/XMLSchema-instance\" xsi:noNamespaceSchemaLocation=\"http://www.lexisnexis.com/xmlschemas/content/public/articledoc/1/\" schemaVersion=\"1.8\" xml:lang=\"en\"><articleDocHead><itemInfo><sourceSectionInfo><positionSection>TORONTO</positionSection></sourceSectionInfo></itemInfo></articleDocHead><nitf:body xmlns:nitf=\"http://iptc.org/std/NITF/2006-10-18/\"><nitf:body.head><nitf:hedline><nitf:hl1>TTC employees allegedly teamed up with orthotics shop to bilk benefits plan, police say</nitf:hl1></nitf:hedline></nitf:body.head><nitf:body.content><bodyText><p nitf:lede=\"true\">An unknown number of Toronto Transit Commission employees allegedly colluded with a local orthotics shop to bilk the TTC's benefits plan, police say.</p><p nitf:lede=\"true\">Police raided the Healthy Fit store on Wilson Avenue near Bathurst and arrested the store owner, along with two employees on Tuesday, Det.-Sgt. Robert Stewart said.</p><p>\"The (TTC) employee would sign up for whatever - orthotics, knee braces, socks. There's all kinds of different things,\" Det.-Sgt. Stewart said. \"(Healthy Fit) would create a fraudulent invoice and the employee would then submit the invoice and then split the cash with (Healthy Fit).\"</p><p>Healthy Fit submitted claims for 500 TTC employees totalling more than $4 million, but it will take months before investigators can determine how many were fraudulent, Stewart said.</p><p>He could not confirm how many TTC employees were under investigation.</p><p>Related</p><p>TTC staff arrested after alleged fraud scammed taxpayers out of at least $100,000 worth of tools( <url normalizedValue=\"http://news.nationalpost.com/toronto/ttc-staff-arrested-after-alleged-fraud-scammed-taxpayers-out-of-at-least-100000-worth-of-tools\">http://news.nationalpost.com/toronto/ttc-staff-arrested-after-alleged-fraud-scammed-taxpayers-out-of-at-least-100000-worth-of-tools</url> )</p><p>\"It's a bit of a nightmare for investigators to untangle it all,\" he said. \"I can't begin to give you numbers. We're just not there yet, we've got mounds of paperwork to go through.\"</p><p>In some cases, employees never actually received the item that Manulife Financial reimbursed them for, police said. In other cases, the receipts for the items were allegedly inflated.</p><p>Healthy Fit's owner, Adam Smith, along with employees Sachia Leon and Savath Nget are all charged with fraud over $5,000 and laundering the proceeds of crime. Police are also investigating \"a couple\" of Toronto-area doctors in connection with the alleged frauds, Stewart said.</p><p>The TTC takes, very seriously, the responsibility placed on it to protect public money</p><p>On Wednesday, TTC chief executive officer Andy Byford sent a letter to all employees, warning that any future or recent claims from Healthy Fit will be rejected.</p><p>\"The TTC takes, very seriously, the responsibility placed on it to protect public money,\" Byford wrote. \"The TTC will seek full restitution from anyone found to have defrauded the organization and, ultimately, the public.\"</p><p>A tip about the alleged scheme came through the TTC's whistle-blower program, Byford said.</p><p>TTC spokesman Brad Ross refused to comment outside Byford's letter, which was provided to the media.</p><p>The TTC notified Manulife, which conducted its own investigation and alerted police, Manulife spokeswoman Anne-Julie Gratton said.</p><p>Calls to Healthy Fit were not returned on Wednesday.</p><p>The store's website lists two locations: the Wilson Avenue shop raided by police, and another in Mississauga. According to the site, the stores have a chiropodist on site and sell custom orthotics, orthopaedic footwear, knee and back braces, cervical pillows and compression stockings.</p><p>\"Most services and products are covered under your Extended Health Benefits plan,\" the website reads. \"No referral required. Please call us for an appointment.\" !@COPYRIGHT=\u00a9 2015 Postmedia Network Inc. All rights reserved.</p></bodyText></nitf:body.content></nitf:body><metadata><dc:metadata xmlns:dc=\"http://purl.org/dc/elements/1.1/\"><dc:identifier identifierScheme=\"DOC-ID\">CANWNS-225411604PBN_</dc:identifier><dc:source sourceScheme=\"royaltyReportingKey\">CANWNS2015</dc:source><dc:identifier identifierScheme=\"PGUID\">urn:contentItem:5GH1-VH91-JDK3-946T-00000-00</dc:identifier><dc:source sourceScheme=\"productContentSetIdentifier\">335915</dc:source><dc:date dateType=\"last-updated\">2016-11-28</dc:date></dc:metadata><wordCount number=\"512\"/><publicationInfo><copyright>Copyright 2015 Postmedia Breaking News All Rights Reserved</copyright><publicationName>Postmedia Breaking News</publicationName><publicationDate day=\"22\" month=\"07\" year=\"2015\"><dateText>July 22, 2015 Wednesday</dateText></publicationDate><classification classificationScheme=\"publicationtype\"><classificationItem><className>Newswire</className></classificationItem></classification><classification classificationScheme=\"publicationtype\"><classificationItem><className>Newswires &amp; Press Releases</className></classificationItem></classification></publicationInfo><classification classificationScheme=\"language\"><classificationItem classificationScheme=\"lang.english\"><className>ENGLISH</className></classificationItem></classification><classificationGroup classificationScheme=\"indexing-terms\"><classification classificationScheme=\"company\"><classificationItem score=\"54\"><classCode>CC0001WGL</classCode><className>MANULIFE FINANCIAL CORP</className></classificationItem></classification><classification classificationScheme=\"ticker\"><classificationItem score=\"54\"><className>MFC (TSX)</className></classificationItem><classificationItem score=\"54\"><className>MFC (NYSE)</className></classificationItem><classificationItem score=\"54\"><className>0945 (HKSE)</className></classificationItem></classification></classificationGroup><classificationGroup classificationScheme=\"licensor.indexing-terms\"><classification classificationScheme=\"licensor.subject\"><classificationItem><className>unknown,number,toronto,transit,commission,employees</className></classificationItem></classification></classificationGroup><classificationGroup classificationScheme=\"indexing-terms\"><classification classificationScheme=\"legal\"><classificationItem><className>Civil Procedure</className><classCode>Z3VpZD11cm46dG9waWM6MzUxNjJDMEQ5N0YwNDMzM0JDMjEzM0UzOTYzMzI3OTU7cGFyZW50Z3VpZD0</classCode><classificationItem score=\"50\"><className>General Overview</className><classCode>Z3VpZD11cm46dG9waWM6Qzk5RjhFMUYzOTBGNDA0QTkzRUNBM0ExMTY1REVCMDA7cGFyZW50Z3VpZD11cm46dG9waWM6M0Y3RkZDOTQ5NUE1NEI0OEI4ODM4ODcxQzY4NDY1Qzk</classCode></classificationItem></classificationItem><classificationItem><className>Contracts Law</className><classCode>Z3VpZD11cm46dG9waWM6QzY0RTZFMzE0RjkwNDdFQUI5M0U5N0ZFMjYyREMyQzU7cGFyZW50Z3VpZD0</classCode><classificationItem score=\"52\"><className>General Overview</className><classCode>Z3VpZD11cm46dG9waWM6MUZFRDQzN0EyNTNGNDQ5QTkwRkQyNDhGQjkwRDBERkY7cGFyZW50Z3VpZD11cm46dG9waWM6NUVEMDJCNUI3RTA0NEI4OEEwRjUzMEIzMkFFNjUzMzM</classCode></classificationItem></classificationItem><classificationItem><className>Criminal Law &amp; Procedure</className><classCode>Z3VpZD11cm46dG9waWM6NEU0RkE1OUQwNUQwNDgxODhEODZCMjkzOTg3NThBNzk7cGFyZW50Z3VpZD0</classCode><classificationItem score=\"50\"><className>General Overview</className><classCode>Z3VpZD11cm46dG9waWM6ODAwODFFRjAzRERDNDk0MkE5N0EyQTE1NDlBMTM0RkU7cGFyZW50Z3VpZD11cm46dG9waWM6MzEyNEI0MUZEQTAzNDU4RUFCQzkyREM4Q0NEMjhEMzU</classCode></classificationItem></classificationItem></classification><classification classificationScheme=\"subject\"><classificationItem score=\"90\"><classCode>STX000112</classCode><className>ARRESTS</className><classCode>Z3VpZD11cm46dG9waWM6ODVCRjhDNURBRDYzNDAzNjlFMDA3ODgyMUQ0ODhDRjE7cGFyZW50Z3VpZD11cm46dG9waWM6MzkzMEJFRkNCRUQwNEIyOEE3QTBDOEFFM0ZDRDg0NzU</classCode><className>Arrests</className></classificationItem><classificationItem score=\"90\"><classCode>STX000759</classCode><className>FRAUD &amp; FINANCIAL CRIME</className><classCode/><className/></classificationItem><classificationItem score=\"90\"><classCode>STX000969</classCode><className>INVESTIGATIONS</className><classCode/><className/></classificationItem><classificationItem score=\"89\"><classCode>STX001267</classCode><className>ORTHOPEDICS</className><classCode/><className/></classificationItem><classificationItem score=\"89\"><classCode>ST000D4JV</classCode><className>CRIMINAL INVESTIGATIONS</className><classCode/><className/></classificationItem><classificationItem score=\"78\"><classCode>ST000D1CF</classCode><className>WHISTLEBLOWERS</className><classCode/><className/></classificationItem><classificationItem score=\"73\"><classCode>STX001159</classCode><className>MONEY LAUNDERING</className><classCode>Z3VpZD11cm46dG9waWM6QzBDQzA4NEVCN0Q0NEZCRkEwNjY3Qzk3MDA3NzlCMjU7cGFyZW50Z3VpZD11cm46dG9waWM6NkUzNTQ1QUZBM0Y5NDcyQjk4N0I5Mjg0QzU3NDk0MDI</classCode><className>Money Laundering</className></classificationItem><classificationItem score=\"50\"><classCode>ST000D1BY</classCode><className>EXECUTIVES</className><classCode/><className/></classificationItem><classificationItem score=\"50\"><classCode>N621399QC</classCode><className>PHYSICIANS &amp; SURGEONS</className><classCode/><className/></classificationItem></classification><classification classificationScheme=\"industry\"><classificationItem score=\"90\"><classCode>STX002117</classCode><className>PROSTHETICS &amp; ORTHOTICS</className><classCode/><className/></classificationItem><classificationItem score=\"89\"><classCode>STX001267</classCode><className>ORTHOPEDICS</className><classCode/><className/></classificationItem><classificationItem score=\"78\"><classCode>N485110CC</classCode><className>URBAN TRANSIT SYSTEMS</className><classCode/><className/></classificationItem><classificationItem score=\"78\"><classCode>N446199MM</classCode><className>SPECIALTY PERSONAL CARE STORES</className><classCode/><className/></classificationItem><classificationItem score=\"78\"><classCode>N4494111M</classCode><className>INTERNET RETAILING</className><classCode/><className/></classificationItem><classificationItem score=\"62\"><classCode>STX001829</classCode><className>WEBSITES</className><classCode/><className/></classificationItem><classificationItem score=\"50\"><classCode>N621399QC</classCode><className>PHYSICIANS &amp; SURGEONS</className><classCode/><className/></classificationItem></classification><classification classificationScheme=\"state\"><classificationItem score=\"73\"><classCode>GS174</classCode><className>ONTARIO, CANADA</className><classCode/><className/></classificationItem></classification></classificationGroup></metadata></articleDoc></content></entry>"}