{"prediction_class": "Regulatory Breaches Tax Evasion Smuggling of goods", "prediction_score": "0.63", "name": "Manulife", "title": "Banking secrets in jeopardy? Landmark ruling threatens financial industry's confidential dealings", "published": "2014-05-10T00:00:00Z", "updated": "2020-11-16T03:53:58Z", "cleaned_article": "[TITLE] Banking secrets in jeopardy? Landmark ruling threatens financial industry's confidential dealings [TITLE] \n\nA document is not privileged because it is confidential \"A document is not privileged because it is confidential,\" wrote Madame Justice Alicia Soldevila of the Quebec Superior Court in a 17-page ruling released May 7. \"There are situations in which it is justified that a witness be forced to divulge information or a confidential document. This is generally the case when the disclosure of a document is necessary to assure the fundamental right of a party to a full and complete defense or when the document is relative to the litigation and it would be useful to the resolution of the matter.\" The decision was issued as part of a $1.4-billion class-action lawsuit filed against Manulife Financial Corp.over its risk management policies and practices during an era of explosive growth that forged the firm into the largest life insurer in North America - and threatened its survival amid the turmoil of the 2008 global financial crisis. The legal salvo was launched after the National Post published a report in 2010 outlining how the federal watchdog was so anxious about Manulife, it aggressively intervened in the affairs of the giant insurer over several months in late 2008 and 2009, increased its oversight and supervision, conducted an audit of its risk management controls and subjected the firm's senior management to intense scrutiny.Manulife profit jumps 51% on money management, Asian insurance( http://business.financialpost.com/2014/05/01/manulife-profit-jumps-51-on-money-management-asian-insurance/ )Manulife chief criticizes 'onerous and difficult' regulations( http://business.financialpost.com/2012/05/03/manulife-chief-slams-onerous-and-difficult-regulatory-and-accounting-rules/ )Filed in 2009 by Siskinds LLP on behalf of shareholders who acquired Manulife shares from January, 2004 to February, 2009, the lawsuit seeks damages from the giant insurance company, former chief executive Dominic D'Alessandro and former chief financial officer Peter Rubenovitch. At issue is Manulife's controversial hedging strategy for variable annuity and segregated funds products. The claim alleges, among other things, that the giant insurer \"negligently made representations\" regarding its risk management practices and policies and misrepresented and failed to disclose of the size of its exposure to equity markets during the financial crisis. A class action was certified in Quebec in 2011 and a similar lawsuit received the court's blessing to proceed in Ontario earlier this year.Brent Lewin/BloombergLawyers for Manulife's aggrieved shareholders sought 63 highly sensitive internal documents exchanged between the company and OSFI dating from December, 2006 to 2009, most of them so-called risk position reports.Lawyers for Manulife's aggrieved shareholders sought 63 highly sensitive internal documents exchanged between the company and OSFI dating from December, 2006 to 2009, most of them so-called risk position reports containing \"prescribed supervisory information\" and minutes of meetings of the executive, audit and risk management committees of Manulife's board of directors.Manulife refused, citing its statutory obligations under OSFI rules and the federal Insurance Act, which prohibits financial institutions from disclosing documents regarding their business affairs that are exchanged with OSFI \"to the extent that they contain supervisory information as defined in the relevant regulations.\"The matter was argued before Madame Justice Soldevila last December, and after reviewing a sample of six of the 63 documents requested, she rejected Manulife's argument of a \"pre-emptory statutory privilege,\" and ordered that all but two should be produced as evidence in the lawsuit. As a result, Manulife must release 57 other documents within 10 days of her judgment, although she cautioned the insurance company reserves the right to argue that some of the information contained in the internal papers may not be relevant to the class-action litigation.Officials from Manulife and the banking regulator declined to comment except to say they are reviewing the judge's decision. An OSFI official told the Post, \"it would be inappropriate for OSFI to comment on this legal matter as there remains the opportunity for appeal.\" It is widely expected that Madame Justice Soldevila's ruling could have wider implications for Canada's major banks and insurance companies by creating a chill effect, making major financial firms less forthright with the regulator because they are worried that documents relating to their supervision can be used against them for other purposes. The risk is that the decision will hinder the free flow of information between financial institutions and the regulator", "raw_cleaned_article": "<h2>Banking secrets in jeopardy? Landmark ruling threatens financial industry's confidential dealings</h2><p>A document is not privileged because it is confidential \"A document is not privileged because it is confidential,\" wrote Madame Justice Alicia Soldevila of the Quebec Superior Court in a 17-page ruling released May 7. \"There are situations in which it is justified that a witness be forced to divulge information or a confidential document. This is generally the case when the disclosure of a document is necessary to assure the fundamental right of a party to a full and complete defense or when the document is relative to the litigation and it would be useful to the resolution of the matter.\" <b>The decision was issued as part of a $1.4-billion class-action lawsuit filed against Manulife Financial Corp.over its risk management policies and practices during an era of explosive growth that forged the firm into the largest life insurer in North America - and threatened its survival amid the turmoil of the 2008 global financial crisis. The legal salvo was launched after the National Post published a report in 2010 outlining how the federal watchdog was so anxious about Manulife, it aggressively intervened in the affairs of the giant insurer over several months in late 2008 and 2009, increased its oversight and supervision, conducted an audit of its risk management controls and subjected the firm's senior management to intense scrutiny.</b></p><p>[...]</p><p>A document is not privileged because it is confidential <b>Manulife profit jumps 51% on money management, Asian insurance( http://business.financialpost.com/2014/05/01/manulife-profit-jumps-51-on-money-management-asian-insurance/ )</b><b>Manulife chief criticizes 'onerous and difficult' regulations( http://business.financialpost.com/2012/05/03/manulife-chief-slams-onerous-and-difficult-regulatory-and-accounting-rules/ )</b><b>Filed in 2009 by Siskinds LLP on behalf of shareholders who acquired Manulife shares from January, 2004 to February, 2009, the lawsuit seeks damages from the giant insurance company, former chief executive Dominic D'Alessandro and former chief financial officer Peter Rubenovitch. At issue is Manulife's controversial hedging strategy for variable annuity and segregated funds products. The claim alleges, among other things, that the giant insurer \"negligently made representations\" regarding its risk management practices and policies and misrepresented and failed to disclose of the size of its exposure to equity markets during the financial crisis. A class action was certified in Quebec in 2011 and a similar lawsuit received the court's blessing to proceed in Ontario earlier this year.</b><b>Brent Lewin/BloombergLawyers for Manulife's aggrieved shareholders sought 63 highly sensitive internal documents exchanged between the company and OSFI dating from December, 2006 to 2009, most of them so-called risk position reports.</b><b>Lawyers for Manulife's aggrieved shareholders sought 63 highly sensitive internal documents exchanged between the company and OSFI dating from December, 2006 to 2009, most of them so-called risk position reports containing \"prescribed supervisory information\" and minutes of meetings of the executive, audit and risk management committees of Manulife's board of directors.</b><b>Manulife refused, citing its statutory obligations under OSFI rules and the federal Insurance Act, which prohibits financial institutions from disclosing documents regarding their business affairs that are exchanged with OSFI \"to the extent that they contain supervisory information as defined in the relevant regulations.\"</b><b>The matter was argued before Madame Justice Soldevila last December, and after reviewing a sample of six of the 63 documents requested, she rejected Manulife's argument of a \"pre-emptory statutory privilege,\" and ordered that all but two should be produced as evidence in the lawsuit. As a result, Manulife must release 57 other documents within 10 days of her judgment, although she cautioned the insurance company reserves the right to argue that some of the information contained in the internal papers may not be relevant to the class-action litigation.</b><b>Officials from Manulife and the banking regulator declined to comment except to say they are reviewing the judge's decision. An OSFI official told the Post, \"it would be inappropriate for OSFI to comment on this legal matter as there remains the opportunity for appeal.\"</b> It is widely expected that Madame Justice Soldevila's ruling could have wider implications for Canada's major banks and insurance companies by creating a chill effect, making major financial firms less forthright with the regulator because they are worried that documents relating to their supervision can be used against them for other purposes. The risk is that the decision will hinder the free flow of information between financial institutions and the regulator</p>", "original_content": "<entry xmlns=\"http://www.w3.org/2005/Atom\"><id>urn:contentItem:5C5H-GCK1-F125-14YN-00000-00</id><title>Banking secrets in jeopardy? Landmark ruling threatens financial industry's confidential dealings</title><published>2014-05-10T00:00:00Z</published><updated>2020-11-16T03:53:58Z</updated><author><name>LexisNexis</name></author><content type=\"application/xml\"><!--Transformation version 1.23--><articleDoc xmlns=\"\" xmlns:xsi=\"http://www.w3.org/2001/XMLSchema-instance\" xsi:noNamespaceSchemaLocation=\"http://www.lexisnexis.com/xmlschemas/content/public/articledoc/1/\" schemaVersion=\"1.8\" xml:lang=\"en\"><articleDocHead><itemInfo><sourceSectionInfo><positionSection>FP STREET</positionSection></sourceSectionInfo></itemInfo></articleDocHead><nitf:body xmlns:nitf=\"http://iptc.org/std/NITF/2006-10-18/\"><nitf:body.head><nitf:hedline><nitf:hl1>Banking secrets in jeopardy? Landmark ruling threatens financial industry's confidential dealings</nitf:hl1></nitf:hedline></nitf:body.head><nitf:body.content><bodyText><p nitf:lede=\"true\">The impenetrable cloak of confidentiality between Canada's major financial institutions and the country's top financial watchdog is in jeopardy in the wake of a decision by a Quebec court that could dramatically alter the regulatory regime.</p><p nitf:lede=\"true\">A Quebec Superior Court judge has declared that although the secrecy of information and correspondence exchanged between federally regulated firms, such as banks, insurance companies, and trusts with the Office of the Superintendent of Financial Institutions (OSFI) is protected by statutory obligation, the courts can still compel their disclosure in a lawsuit.</p><p>A document is not privileged because it is confidential</p><p>\"A document is not privileged because it is confidential,\" wrote Madame Justice Alicia Soldevila of the Quebec Superior Court in a 17-page ruling released May 7. \"There are situations in which it is justified that a witness be forced to divulge information or a confidential document. This is generally the case when the disclosure of a document is necessary to assure the fundamental right of a party to a full and complete defense or when the document is relative to the litigation and it would be useful to the resolution of the matter.\"</p><p>The decision was issued as part of a $1.4-billion class-action lawsuit filed against Manulife Financial Corp.over its risk management policies and practices during an era of explosive growth that forged the firm into the largest life insurer in North America - and threatened its survival amid the turmoil of the 2008 global financial crisis. The legal salvo was launched after the National Post published a report in 2010 outlining how the federal watchdog was so anxious about Manulife, it aggressively intervened in the affairs of the giant insurer over several months in late 2008 and 2009, increased its oversight and supervision, conducted an audit of its risk management controls and subjected the firm's senior management to intense scrutiny.</p><p>Related</p><p>Manulife profit jumps 51% on money management, Asian insurance( <url normalizedValue=\"http://business.financialpost.com/2014/05/01/manulife-profit-jumps-51-on-money-management-asian-insurance/\">http://business.financialpost.com/2014/05/01/manulife-profit-jumps-51-on-money-management-asian-insurance/</url> )</p><p>Manulife chief criticizes 'onerous and difficult' regulations( <url normalizedValue=\"http://business.financialpost.com/2012/05/03/manulife-chief-slams-onerous-and-difficult-regulatory-and-accounting-rules/\">http://business.financialpost.com/2012/05/03/manulife-chief-slams-onerous-and-difficult-regulatory-and-accounting-rules/</url> )</p><p>Filed in 2009 by Siskinds LLP on behalf of shareholders who acquired Manulife shares from January, 2004 to February, 2009, the lawsuit seeks damages from the giant insurance company, former chief executive Dominic D'Alessandro and former chief financial officer Peter Rubenovitch. At issue is Manulife's controversial hedging strategy for variable annuity and segregated funds products. The claim alleges, among other things, that the giant insurer \"negligently made representations\" regarding its risk management practices and policies and misrepresented and failed to disclose of the size of its exposure to equity markets during the financial crisis. A class action was certified in Quebec in 2011 and a similar lawsuit received the court's blessing to proceed in Ontario earlier this year.</p><p>Brent Lewin/BloombergLawyers for Manulife's aggrieved shareholders sought 63 highly sensitive internal documents exchanged between the company and OSFI dating from December, 2006 to 2009, most of them so-called risk position reports.</p><p>Lawyers for Manulife's aggrieved shareholders sought 63 highly sensitive internal documents exchanged between the company and OSFI dating from December, 2006 to 2009, most of them so-called risk position reports containing \"prescribed supervisory information\" and minutes of meetings of the executive, audit and risk management committees of Manulife's board of directors.</p><p>Manulife refused, citing its statutory obligations under OSFI rules and the federal Insurance Act, which prohibits financial institutions from disclosing documents regarding their business affairs that are exchanged with OSFI \"to the extent that they contain supervisory information as defined in the relevant regulations.\"</p><p>The matter was argued before Madame Justice Soldevila last December, and after reviewing a sample of six of the 63 documents requested, she rejected Manulife's argument of a \"pre-emptory statutory privilege,\" and ordered that all but two should be produced as evidence in the lawsuit. As a result, Manulife must release 57 other documents within 10 days of her judgment, although she cautioned the insurance company reserves the right to argue that some of the information contained in the internal papers may not be relevant to the class-action litigation.</p><p>Officials from Manulife and the banking regulator declined to comment except to say they are reviewing the judge's decision. An OSFI official told the Post, \"it would be inappropriate for OSFI to comment on this legal matter as there remains the opportunity for appeal.\"</p><p>It is widely expected that Madame Justice Soldevila's ruling could have wider implications for Canada's major banks and insurance companies by creating a chill effect, making major financial firms less forthright with the regulator because they are worried that documents relating to their supervision can be used against them for other purposes.</p><p>The risk is that the decision will hinder the free flow of information between financial institutions and the regulator</p><p>\"The point of keeping privilege is to allow financial institutions to speak freely with their regulators without fear of having the information used against them,\" said a lawyer who deals in the financial industry who spoke on the condition of anonymity. \"The risk is that the decision will hinder the free flow of information between financial institutions and the regulator.\"</p><p>Julie Dickson, Canada's Superintendent of Financial Institutions, said as much when she told an audience in Cambridge, Ont., on Thursday that Canada's regulatory regime was strong because \"we can communicate effectively with institutions, and they with us. We have a 'no surprises' philosophy.\"</p><p>In her decision, Madame Justice Soldevila declared \"a statutory promise of confidentiality does not constitute an absolute bar to compelling production of the documents and information in the possession and control of OSFI.\" She also wrote that while financial institutions and the watchdog benefit from the fact they can freely communicate sensitive information without fear of it being publicly disclosed, \"this protection in the form of a ban on disclosure cannot render impossible the duties imposed on the same institution under securities laws and regulations.\"</p><p>If the federal government wants to shield financial institutions from being forced to disclose confidential documents by the courts, the judge wrote, Parliament should express those wishes explicitly in the legislation.</p></bodyText></nitf:body.content></nitf:body><metadata><dc:metadata xmlns:dc=\"http://purl.org/dc/elements/1.1/\"><dc:identifier identifierScheme=\"DOC-ID\">CANWNS-195691463PBN_</dc:identifier><dc:source sourceScheme=\"royaltyReportingKey\">CANWNS2014</dc:source><dc:identifier identifierScheme=\"PGUID\">urn:contentItem:5C5H-GCK1-F125-14YN-00000-00</dc:identifier><dc:source sourceScheme=\"productContentSetIdentifier\">335915</dc:source><dc:date dateType=\"last-updated\">2015-12-02</dc:date></dc:metadata><wordCount number=\"1130\"/><publicationInfo><copyright>Copyright 2014 Postmedia Breaking News All Rights Reserved</copyright><publicationName>Postmedia Breaking News</publicationName><publicationDate day=\"10\" month=\"05\" year=\"2014\"><dateText>May 10, 2014 Saturday</dateText></publicationDate><classification classificationScheme=\"publicationtype\"><classificationItem><className>Newswire</className></classificationItem></classification><classification classificationScheme=\"publicationtype\"><classificationItem><className>Newswires &amp; Press Releases</className></classificationItem></classification></publicationInfo><classification classificationScheme=\"language\"><classificationItem classificationScheme=\"lang.english\"><className>ENGLISH</className></classificationItem></classification><classificationGroup classificationScheme=\"indexing-terms\"><classification classificationScheme=\"company\"><classificationItem score=\"85\"><classCode>CC0001WGL</classCode><className>MANULIFE FINANCIAL CORP</className></classificationItem></classification><classification classificationScheme=\"industry\"><classificationItem score=\"85\"><className>NAICS524130 REINSURANCE CARRIERS</className></classificationItem><classificationItem score=\"85\"><className>NAICS524114 DIRECT HEALTH &amp; MEDICAL INSURANCE CARRIERS</className></classificationItem><classificationItem score=\"85\"><className>NAICS524113 DIRECT LIFE INSURANCE CARRIERS</className></classificationItem><classificationItem score=\"85\"><className>NAICS522292 REAL ESTATE CREDIT</className></classificationItem><classificationItem score=\"85\"><className>SIC6321 ACCIDENT &amp; HEALTH INSURANCE</className></classificationItem><classificationItem score=\"85\"><className>SIC6311 LIFE INSURANCE</className></classificationItem><classificationItem score=\"85\"><className>SIC6162 MORTGAGE BANKERS &amp; LOAN CORRESPONDENTS</className></classificationItem></classification><classification classificationScheme=\"ticker\"><classificationItem score=\"85\"><className>MFC (TSX)</className></classificationItem><classificationItem score=\"85\"><className>MFC (NYSE)</className></classificationItem><classificationItem score=\"85\"><className>0945 (HKSE)</className></classificationItem></classification></classificationGroup><classificationGroup classificationScheme=\"indexing-terms\"><classification classificationScheme=\"legal\"><classificationItem><className>Insurance Law</className><classCode>Z3VpZD11cm46dG9waWM6MDM4MzQ2QUYzMTY0NDQzQTkxRDQwRUUzRUM5RDg0OEM7cGFyZW50Z3VpZD0</classCode><classificationItem score=\"98\"><className>General Overview</className><classCode>Z3VpZD11cm46dG9waWM6NURCMkIyODk4NDUwNDQ2NkE3RkQ0Qzg3RUVCOENGQUE7cGFyZW50Z3VpZD11cm46dG9waWM6QTA3MzFBREE5RDkxNEIyNkExMzYyNTkwMEI4ODA2MTQ</classCode></classificationItem></classificationItem></classification><classification classificationScheme=\"subject\"><classificationItem score=\"91\"><classCode>STX001883</classCode><className>DECISIONS &amp; RULINGS</className><classCode/><className/></classificationItem><classificationItem score=\"90\"><classCode>ST0009SVL</classCode><className>BANKING &amp; FINANCE SECTOR PERFORMANCE</className><classCode/><className/></classificationItem><classificationItem score=\"90\"><classCode>STX001040</classCode><className>LITIGATION</className><classCode/><className/></classificationItem><classificationItem score=\"90\"><classCode>ST000DMT1</classCode><className>PATENT COURTS</className><classCode/><className/></classificationItem><classificationItem score=\"90\"><classCode>STX001648</classCode><className>SUITS &amp; CLAIMS</className><classCode/><className/></classificationItem><classificationItem score=\"89\"><classCode>ST000DLX8</classCode><className>BUSINESS INVESTIGATIONS</className><classCode/><className/></classificationItem><classificationItem score=\"89\"><classCode>STX000759</classCode><className>FRAUD &amp; FINANCIAL CRIME</className><classCode/><className/></classificationItem><classificationItem score=\"89\"><classCode>STX001500</classCode><className>RISK MANAGEMENT</className><classCode/><className/></classificationItem><classificationItem score=\"78\"><classCode>STX001561</classCode><className>SHAREHOLDERS</className><classCode>Z3VpZD11cm46dG9waWM6NEI2QjYxNjkwMTkzNDhFRUExNjlFRjVFRUU3NDhBQkE7cGFyZW50Z3VpZD11cm46dG9waWM6MDQ3M0RFODczN0I4NDg2RjlFRDNFMUNBODRDQTU0Q0E</classCode><className>Shareholders</className></classificationItem><classificationItem score=\"77\"><classCode>STX000304</classCode><className>CLASS ACTIONS</className><classCode>Z3VpZD11cm46dG9waWM6Mjk5M0Q3OEY2NkE3NDIwQzg4MDk1NUUxQUI5Nzc5NTU7cGFyZW50Z3VpZD11cm46dG9waWM6MDc3RDI0Njg5OEU2NEM5NzkxRUU2MjBEMDMyRkQ3Mzk</classCode><className>Class Actions</className></classificationItem><classificationItem score=\"77\"><classCode>ST000D1BY</classCode><className>EXECUTIVES</className><classCode/><className/></classificationItem><classificationItem score=\"77\"><classCode>STX000984</classCode><className>JUDGES</className><classCode>Z3VpZD11cm46dG9waWM6OTg1QUIzNkIwNzk5NDQ4NzhGMDdDQjVGNEYyRjY5OTI7cGFyZW50Z3VpZD11cm46dG9waWM6NURENzJGNTEyQzM0NEREQUI2RkVCRTM4RTc1RTZBREU</classCode><className>Judges</className></classificationItem><classificationItem score=\"77\"><classCode>N922110CC</classCode><className>LAW COURTS &amp; TRIBUNALS</className><classCode/><className/></classificationItem><classificationItem score=\"77\"><classCode>ST0009EVK</classCode><className>MEDICINE &amp; HEALTH</className><classCode/><className/></classificationItem><classificationItem score=\"77\"><classCode>ST0009QD4</classCode><className>NEGATIVE BUSINESS NEWS</className><classCode/><className/></classificationItem><classificationItem score=\"77\"><classCode>STX001462</classCode><className>REGULATORY COMPLIANCE</className><classCode/><className/></classificationItem><classificationItem score=\"77\"><classCode>STX001849</classCode><className>WITNESSES</className><classCode/><className/></classificationItem><classificationItem score=\"73\"><classCode>ST000A51F</classCode><className>ECONOMIC CRISIS</className><classCode/><className/></classificationItem><classificationItem score=\"70\"><classCode>STX000442</classCode><className>DAMAGES</className><classCode>Z3VpZD11cm46dG9waWM6QzQyQ0JFRkFDNDIzNDU3RjhFMkE1N0JEOTFGNzIwQzE7cGFyZW50Z3VpZD11cm46dG9waWM6NEY5RDZFNTJBQzJGNERFQjg0MEIyMEVBRUU4NjI0RjU</classCode><className>Damages</className></classificationItem><classificationItem score=\"70\"><classCode>N523920MM</classCode><className>INVESTMENT MANAGEMENT</className><classCode/><className/></classificationItem></classification><classification classificationScheme=\"industry\"><classificationItem score=\"94\"><classCode>N520000CC</classCode><className>BANKING &amp; FINANCE</className><classCode/><className/></classificationItem><classificationItem score=\"93\"><classCode>N524000CC</classCode><className>INSURANCE</className><classCode/><className/></classificationItem><classificationItem score=\"93\"><classCode>ST000A2VZ</classCode><classCode/><className/></classificationItem><classificationItem score=\"91\"><classCode>STX000834</classCode><className>HEALTH INSURANCE</className><classCode/><className/></classificationItem><classificationItem score=\"91\"><classCode>ST0009RX6</classCode><classCode/><className/></classificationItem><classificationItem score=\"90\"><classCode>ST00090O3</classCode><className>BANKING &amp; FINANCE REGULATION &amp; POLICY</className><classCode/><className/></classificationItem><classificationItem score=\"90\"><classCode>ST0009SVL</classCode><className>BANKING &amp; FINANCE SECTOR PERFORMANCE</className><classCode/><className/></classificationItem><classificationItem score=\"90\"><classCode>STX001033</classCode><className>LIFE INSURANCE</className><classCode>Z3VpZD11cm46dG9waWM6MzFEOTQ4RjM2RDk4NDJDNEJERDY1NjREOEVGMTRCOTA7cGFyZW50Z3VpZD11cm46dG9waWM6NTUxRjY2QkZCMjhBNDJENTg2QzJGQUQ1MTAyMEI5RkI</classCode><className>Life Insurance</className></classificationItem><classificationItem score=\"90\"><classCode>STX002011</classCode><className>MORTGAGE BANKING</className><classCode/><className/></classificationItem><classificationItem score=\"90\"><classCode>N522292GC</classCode><className>MORTGAGE BANKING &amp; FINANCE</className><classCode/><className/></classificationItem><classificationItem score=\"90\"><classCode>STX001455</classCode><className>REAL ESTATE</className><classCode/><className/></classificationItem><classificationItem score=\"90\"><classCode>N524130CC</classCode><className>REINSURANCE</className><classCode>Z3VpZD11cm46dG9waWM6NDI3MjQ3NDBDODZENDNCNUJCNzgwNzgwQTBGNDkxRTQ7cGFyZW50Z3VpZD11cm46dG9waWM6NTUxRjY2QkZCMjhBNDJENTg2QzJGQUQ1MTAyMEI5RkI</classCode><className>Reinsurance</className></classificationItem><classificationItem score=\"90\"><classCode>ST000A2W7</classCode><classCode/><className/></classificationItem><classificationItem score=\"89\"><classCode>STX001313</classCode><className>PERSONAL FINANCE</className><classCode/><className/></classificationItem><classificationItem score=\"89\"><classCode>STX001500</classCode><className>RISK MANAGEMENT</className><classCode/><className/></classificationItem><classificationItem score=\"77\"><classCode>N541211GM</classCode><className>ACCOUNTING</className><classCode/><className/></classificationItem><classificationItem score=\"70\"><classCode>N523920MM</classCode><className>INVESTMENT MANAGEMENT</className><classCode/><className/></classificationItem><classificationItem score=\"69\"><classCode>STX000095</classCode><className>ANNUITIES</className><classCode/><className/></classificationItem></classification><classification classificationScheme=\"state\"><classificationItem score=\"88\"><classCode>GS176</classCode><className>QUEBEC, CANADA</className><classCode/><className/></classificationItem></classification><classification classificationScheme=\"country\"><classificationItem score=\"79\"><classCode>GC339</classCode><className>CANADA</className><classCode/><className/></classificationItem><classificationItem score=\"79\"><classCode>GR120</classCode><className>NORTH AMERICA</className><classCode/><className/></classificationItem></classification></classificationGroup></metadata></articleDoc></content></entry>"}