{"prediction_class": "Regulatory Breaches Tax Evasion Smuggling of goods", "prediction_score": "0.93", "name": "Onex Corporation", "title": "Law Firm Announces Class Action Lawsuit Against JELD-WEN Holding, Inc.", "published": "2020-02-22T00:00:00Z", "updated": "2020-11-16T07:11:09Z", "cleaned_article": "[TITLE] Law Firm Announces Class Action Lawsuit Against JELD-WEN Holding, Inc. [TITLE] \n\nNEW YORK: Bernstein Litowitz Berger & Grossmann LLP (BLB&G) has filed a class action lawsuit for violations of the federal securities laws in the U.S District Court for the Eastern District of Virginia against JELD-WEN Holding, Inc., certain of the Company's current and former senior executives, and controlling shareholder Onex Corporation and certain of its affiliated entities (collectively, Defendants), on behalf of investors in Jeld-Wen common stock between January 26, 2017 and October 15, 2018, inclusive (theClass Period). BLB&G filed this action on behalf of its client, Cambridge Retirement System, and the case is captioned Cambridge Retirement System v. JELD-WEN Holding, Inc., No. 3:20-cv-112 (E.D Va.). The complaint is based on an extensive proprietary investigation and a careful evaluation of the merits of this case. A copy of the complaint is available on BLB&G's website by clicking here. Jeld-Wen is one of the world's largest door and window manufacturers. Among the Company's 'highest volume products' are interior molded doors, which are produced by joining two door skins between a wood frame filled with a hollow or solid core. Door skins are the principal component of interior molded doors, accounting for up to 70% of the cost to manufacture a molded door. The claims asserted in this case arise from Jeld-Wen's role in a scheme to collude with one of its major competitors, Masonite Corporation ('Masonite'), to fix prices of interior molded doors and door skins.", "raw_cleaned_article": "<h2>Law Firm Announces Class Action Lawsuit Against JELD-WEN Holding, Inc.</h2><p><b>NEW YORK: Bernstein Litowitz Berger & Grossmann LLP (BLB&G) has filed a class action lawsuit for violations of the federal securities laws in the U.S District Court for the Eastern District of Virginia against JELD-WEN Holding, Inc., certain of the Company's current and former senior executives, and controlling shareholder Onex Corporation and certain of its affiliated entities (collectively, Defendants), on behalf of investors in Jeld-Wen common stock between January 26, 2017 and October 15, 2018, inclusive (theClass Period).</b> BLB&G filed this action on behalf of its client, Cambridge Retirement System, and the case is captioned Cambridge Retirement System v. JELD-WEN Holding, Inc., No. 3:20-cv-112 (E.D Va.). The complaint is based on an extensive proprietary investigation and a careful evaluation of the merits of this case. A copy of the complaint is available on BLB&G's website by clicking here. Jeld-Wen is one of the world's largest door and window manufacturers. Among the Company's 'highest volume products' are interior molded doors, which are produced by joining two door skins between a wood frame filled with a hollow or solid core. Door skins are the principal component of interior molded doors, accounting for up to 70% of the cost to manufacture a molded door. The claims asserted in this case arise from Jeld-Wen's role in a scheme to collude with one of its major competitors, Masonite Corporation ('Masonite'), to fix prices of interior molded doors and door skins.</p>", "original_content": "<entry xmlns=\"http://www.w3.org/2005/Atom\"><id>urn:contentItem:5Y8T-1RN1-JDG9-Y4KY-00000-00</id><title>Law Firm Announces Class Action Lawsuit Against JELD-WEN Holding, Inc.</title><published>2020-02-22T00:00:00Z</published><updated>2020-11-16T07:11:09Z</updated><author><name>LexisNexis</name></author><content type=\"application/xml\"><!--Transformation version 1.23--><articleDoc xmlns=\"\" xmlns:xsi=\"http://www.w3.org/2001/XMLSchema-instance\" xsi:noNamespaceSchemaLocation=\"http://www.lexisnexis.com/xmlschemas/content/public/articledoc/1/\" schemaVersion=\"1.8\" xml:lang=\"en\"><articleDocHead><itemInfo/></articleDocHead><nitf:body xmlns:nitf=\"http://iptc.org/std/NITF/2006-10-18/\"><nitf:body.head><nitf:hedline><nitf:hl1>Law Firm Announces Class Action Lawsuit Against JELD-WEN Holding, Inc.</nitf:hl1></nitf:hedline></nitf:body.head><nitf:body.content><bodyText><p nitf:lede=\"true\">NEW YORK: Bernstein Litowitz Berger &amp; Grossmann LLP (BLB&amp;G) has filed a class action lawsuit for violations of the federal securities laws in the U.S District Court for the Eastern District of Virginia against JELD-WEN Holding, Inc., certain of the Company's current and former senior executives, and controlling shareholder Onex Corporation and certain of its affiliated entities (collectively, Defendants), on behalf of investors in Jeld-Wen common stock between January 26, 2017 and October 15, 2018, inclusive (theClass Period).</p><p nitf:lede=\"true\">BLB&amp;G filed this action on behalf of its client, Cambridge Retirement System, and the case is captioned Cambridge Retirement System v. JELD-WEN Holding, Inc., No. 3:20-cv-112 (E.D Va.). The complaint is based on an extensive proprietary investigation and a careful evaluation of the merits of this case. A copy of the complaint is available on BLB&amp;G's website by clicking here.</p><p>Jeld-Wen is one of the world's largest door and window manufacturers. Among the Company's 'highest volume products' are interior molded doors, which are produced by joining two door skins between a wood frame filled with a hollow or solid core. Door skins are the principal component of interior molded doors, accounting for up to 70% of the cost to manufacture a molded door. The claims asserted in this case arise from Jeld-Wen's role in a scheme to collude with one of its major competitors, Masonite Corporation ('Masonite'), to fix prices of interior molded doors and door skins.</p><p>Throughout the Class Period, Jeld-Wen stated that its products, including doors, compete against those of other manufacturers based on price, and described the market in which the Company sells its doors as 'highly competitive.' The Company also repeatedly attributed its strong margins and anticipated margin growth to legitimate business factors, such as 'strategic pricing decisions' and an increased emphasis on 'pricing optimization.' These and similar statements made by Defendants during the Class Period were false and misleading because Defendants knew that Jeld-Wen was engaged in a price-fixing conspiracy. As a result of Defendants' misrepresentations, shares of Jeld-Wen's common stock traded at artificially inflated prices throughout the Class Period.</p><p>On February 15, 2018, a jury in a lawsuit brought by one of Jeld-Wen's customers, Steves and Sons, Inc., found that Jeld-Wen violated federal antitrust laws by conspiring with Masonite to manipulate the price of door skins and awarded Steves over $58 million in damages, which, when trebled, totaled more than $175 million. However, Defendants continued to conceal the true extent of Jeld-Wen's misconduct and the financial impact it had on the Company's business, including by continuing to assure investors that it participated in a highly competitive market. Then, on August 7, 2018, J.P Morgan slashed estimates for Jeld-Wen's earnings in 2018 and 2019 and lowered its price target for Jeld-Wen's stock based, in part, on liability from the 'ongoing Steves and Sons litigation.' Months later, on October 5, 2018, the court in the Steves litigation ruled that, as part of the resolution of that case, Jeld-Wen would be required to divest one of its door skin manufacturing facilities. Then, on October 15, 2018, Jeld-Wen announced that it would take a $76.5 million charge related to the Steves litigation. That same day, the Company also announced the sudden resignation of its CFO, defendant L. Brooks Mallard. As a result of these disclosures, the price of Jeld-Wen's common stock declined precipitously.</p></bodyText></nitf:body.content></nitf:body><metadata><dc:metadata xmlns:dc=\"http://purl.org/dc/elements/1.1/\"><dc:identifier identifierScheme=\"DOC-ID\">IMFNNW-IFN4025348</dc:identifier><dc:source sourceScheme=\"royaltyReportingKey\">IMFNNW2020</dc:source><dc:identifier identifierScheme=\"PGUID\">urn:contentItem:5Y8T-1RN1-JDG9-Y4KY-00000-00</dc:identifier><dc:source sourceScheme=\"productContentSetIdentifier\">438639</dc:source><dc:date dateType=\"last-updated\">2020-02-24</dc:date></dc:metadata><wordCount number=\"594\"/><publicationInfo><copyright>Copyright 2020 Impact Media Limited All Rights Reserved</copyright><publicationName>Impact Financial News</publicationName><publicationLogo><logo><inlineObject><locator><locatorKey><keyName name=\"object-key\"/><keyValue value=\"56566\"/></locatorKey><locatorParameters><parameter name=\"object-type\" value=\"201\"/><parameter name=\"object-smi\" value=\"LOGOS\"/><parameter name=\"componentseq\" value=\"1\"/></locatorParameters></locator></inlineObject></logo></publicationLogo><publicationDate day=\"22\" month=\"02\" year=\"2020\"><dateText>February 22, 2020 Saturday</dateText></publicationDate><classification classificationScheme=\"publicationtype\"><classificationItem><className>Newswire</className></classificationItem></classification><classification classificationScheme=\"publicationtype\"><classificationItem><className>Industry Trade Press</className></classificationItem></classification></publicationInfo><classification classificationScheme=\"language\"><classificationItem classificationScheme=\"lang.english\"><className>ENGLISH</className></classificationItem></classification><classificationGroup classificationScheme=\"indexing-terms\"><classification classificationScheme=\"company\"><classificationItem score=\"96\"><classCode>CC000AFDQ</classCode><className>BERNSTEIN LITOWITZ BERGER &amp; GROSSMANN LLP</className></classificationItem><classificationItem score=\"96\"><classCode>CC0002NZC</classCode><className>JELD-WEN HOLDING INC</className></classificationItem><classificationItem score=\"93\"><classCode>CC0002BDA</classCode><className>MASONITE INTERNATIONAL CORP</className></classificationItem><classificationItem score=\"61\"><classCode>CC0002Q5W</classCode><className>STEVES &amp; SONS INC</className></classificationItem><classificationItem score=\"57\"><classCode>CC000DN8Q</classCode><className>ONEX CORP (JAPAN)</className></classificationItem><classificationItem score=\"57\"><classCode>CC0001XYU</classCode><className>ONEX CORP (CANADA)</className></classificationItem></classification><classification classificationScheme=\"industry\"><classificationItem score=\"96\"><className>NAICS541110 OFFICES OF LAWYERS</className></classificationItem><classificationItem score=\"96\"><className>SIC8111 LEGAL SERVICES</className></classificationItem><classificationItem score=\"96\"><className>NAICS332321 METAL WINDOW &amp; DOOR MANUFACTURING</className></classificationItem><classificationItem score=\"96\"><className>NAICS321911 WOOD WINDOW &amp; DOOR MANUFACTURING</className></classificationItem><classificationItem score=\"96\"><className>SIC2431 MILLWORK</className></classificationItem><classificationItem score=\"61\"><className>SIC3442 METAL DOORS, SASH, FRAMES, MOLDING &amp; TRIM</className></classificationItem><classificationItem score=\"57\"><className>NAICS332811 METAL HEAT TREATING</className></classificationItem><classificationItem score=\"57\"><className>SIC3398 METAL HEAT TREATING</className></classificationItem><classificationItem score=\"57\"><className>NAICS523910 MISCELLANEOUS INTERMEDIATION</className></classificationItem><classificationItem score=\"57\"><className>SIC6799 INVESTORS, NEC</className></classificationItem></classification><classification classificationScheme=\"ticker\"><classificationItem score=\"96\"><className>JELD (NYSE)</className></classificationItem><classificationItem score=\"93\"><className>DOOR (NYSE)</className></classificationItem><classificationItem score=\"57\"><className>5987 (TSE)</className></classificationItem><classificationItem score=\"57\"><className>OCX (TSX)</className></classificationItem></classification></classificationGroup><classificationGroup classificationScheme=\"indexing-terms\"><classification classificationScheme=\"legal\"><classificationItem><className>Torts</className><classCode>Z3VpZD11cm46dG9waWM6MDAwOEM2NTEzQkVDNEI4NzlGMEZERUEyRjQwODM4Njg7cGFyZW50Z3VpZD0</classCode><classificationItem score=\"54\"><className>Negligence</className><classCode>Z3VpZD11cm46dG9waWM6RjlFOEZDQzkzNTk2NDVBNkI0RjQxNUM5QjBFMzNCMjI7cGFyZW50Z3VpZD11cm46dG9waWM6NzM5MDBGRDFCODlCNEYyQUIwMjZDN0YxOTE1MkRGMDg</classCode></classificationItem></classificationItem></classification><classification classificationScheme=\"subject\"><classificationItem score=\"92\"><classCode>N541110GM</classCode><className>LAWYERS</className><classCode/><className/></classificationItem><classificationItem score=\"92\"><classCode>STX001648</classCode><className>SUITS &amp; CLAIMS</className><classCode/><className/></classificationItem><classificationItem score=\"91\"><classCode>STX000304</classCode><className>CLASS ACTIONS</className><classCode>Z3VpZD11cm46dG9waWM6Mjk5M0Q3OEY2NkE3NDIwQzg4MDk1NUUxQUI5Nzc5NTU7cGFyZW50Z3VpZD11cm46dG9waWM6MDc3RDI0Njg5OEU2NEM5NzkxRUU2MjBEMDMyRkQ3Mzk</classCode><className>Class Actions</className></classificationItem><classificationItem score=\"91\"><classCode>STX001040</classCode><className>LITIGATION</className><classCode/><className/></classificationItem><classificationItem score=\"90\"><classCode>ST000DM8Y</classCode><className>BUSINESS NEWS</className><classCode/><className/></classificationItem><classificationItem score=\"90\"><classCode>N551112MM</classCode><className>HOLDING COMPANIES</className><classCode/><className/></classificationItem><classificationItem score=\"90\"><classCode>ST0008XMR</classCode><className>LAW &amp; LEGAL SYSTEM</className><classCode/><className/></classificationItem><classificationItem score=\"90\"><classCode>N541100CC</classCode><className>LEGAL SERVICES</className><classCode/><className/></classificationItem><classificationItem score=\"90\"><classCode>ST0009QD4</classCode><className>NEGATIVE BUSINESS NEWS</className><classCode/><className/></classificationItem><classificationItem score=\"90\"><classCode>STX001976</classCode><className>SECURITIES &amp; OTHER INVESTMENTS</className><classCode/><className/></classificationItem><classificationItem score=\"89\"><classCode>N926150GC</classCode><className>BANKING &amp; FINANCE REGULATION</className><classCode/><className/></classificationItem><classificationItem score=\"89\"><classCode>STX000336</classCode><className>COMMON STOCK</className><classCode/><className/></classificationItem><classificationItem score=\"89\"><classCode>ST0009FJK</classCode><className>NEGATIVE PERSONAL NEWS</className><classCode/><className/></classificationItem><classificationItem score=\"89\"><classCode>STX001375</classCode><className>PRICE FIXING</className><classCode/><className/></classificationItem><classificationItem score=\"89\"><classCode>ST000DIJW</classCode><className>PRICES</className><classCode/><className/></classificationItem><classificationItem score=\"89\"><classCode>STX001485</classCode><className>RESTRAINT OF TRADE</className><classCode>Z3VpZD11cm46dG9waWM6Nzc5QTM2RDA2QTExNDg4Njk3MzJEQzkzODM4REJENEE7cGFyZW50Z3VpZD11cm46dG9waWM6NDA2NTZCMDc0RDA0NDBCOEFFMjA0NTg1QTBGMjM3NTQ</classCode><className>Price Fixing &amp; Restraints of Trade</className></classificationItem><classificationItem score=\"88\"><classCode>STX000369</classCode><className>CONSPIRACY</className><classCode>Z3VpZD11cm46dG9waWM6Q0FGMDkyQTE0NTI1NEUyNkE0NjUxM0E2OTBDQjQ0NUU7cGFyZW50Z3VpZD11cm46dG9waWM6NzZBMzM3QjFDOTcxNENCNzhBNTE0MzVGMzBBMzdERUY</classCode><className>Conspiracy</className></classificationItem><classificationItem score=\"87\"><classCode>ST000CP97</classCode><className>PRODUCT PRICING</className><classCode/><className/></classificationItem><classificationItem score=\"78\"><classCode>STX000235</classCode><className>BUSINESS TORTS</className><classCode>Z3VpZD11cm46dG9waWM6MjAyNjRCMUE5MjRBNDVFNkFFMEQ0OTA3MEZDQTE5MUM7cGFyZW50Z3VpZD11cm46dG9waWM6MDAwOEM2NTEzQkVDNEI4NzlGMEZERUEyRjQwODM4Njg</classCode><className>Business Torts</className></classificationItem><classificationItem score=\"78\"><classCode>STX000442</classCode><className>DAMAGES</className><classCode>Z3VpZD11cm46dG9waWM6QzQyQ0JFRkFDNDIzNDU3RjhFMkE1N0JEOTFGNzIwQzE7cGFyZW50Z3VpZD11cm46dG9waWM6NEY5RDZFNTJBQzJGNERFQjg0MEIyMEVBRUU4NjI0RjU</classCode><className>Damages</className></classificationItem><classificationItem score=\"78\"><classCode>ST000DANR</classCode><className>FALSE STATEMENTS</className><classCode/><className/></classificationItem><classificationItem score=\"78\"><classCode>ST0008ZBY</classCode><className>INTERNATIONAL TRADE LAW</className><classCode>Z3VpZD11cm46dG9waWM6RTRDNDkyQ0UwRkRGNEQ0MjgwNzM2NzI3NjlGODE0ODk7cGFyZW50Z3VpZD0</classCode><className>International Trade Law</className></classificationItem><classificationItem score=\"78\"><classCode>STX000969</classCode><className>INVESTIGATIONS</className><classCode/><className/></classificationItem><classificationItem score=\"78\"><classCode>STX000989</classCode><className>JURY TRIALS</className><classCode/><className/></classificationItem><classificationItem score=\"78\"><classCode>ST000DLZ7</classCode><className>MARKET MANIPULATION</className><classCode/><className/></classificationItem><classificationItem score=\"78\"><classCode>STX001149</classCode><className>MISCONDUCT</className><classCode/><className/></classificationItem><classificationItem score=\"78\"><classCode>ST00096SU</classCode><className>PRICE MANAGEMENT</className><classCode/><className/></classificationItem><classificationItem score=\"78\"><classCode>N926150GM</classCode><className>SECURITIES LAW</className><classCode>Z3VpZD11cm46dG9waWM6RkFFMTQ3ODhCRDYyNDkyN0IwQkEyQzRCRDlFMEM5ODc7cGFyZW50Z3VpZD11cm46dG9waWM6MUFEMUQ2QTA1OUZCNEE5RjkzNTA2RERFMUNEOTk1RTI</classCode><className>Securities</className></classificationItem><classificationItem score=\"78\"><classCode>STX001561</classCode><className>SHAREHOLDERS</className><classCode>Z3VpZD11cm46dG9waWM6NEI2QjYxNjkwMTkzNDhFRUExNjlFRjVFRUU3NDhBQkE7cGFyZW50Z3VpZD11cm46dG9waWM6MDQ3M0RFODczN0I4NDg2RjlFRDNFMUNBODRDQTU0Q0E</classCode><className>Shareholders</className></classificationItem><classificationItem score=\"77\"><classCode>N922110CC</classCode><className>LAW COURTS &amp; TRIBUNALS</className><classCode/><className/></classificationItem><classificationItem score=\"68\"><classCode>STX000100</classCode><className>ANTITRUST &amp; TRADE LAW</className><classCode>Z3VpZD11cm46dG9waWM6REEyRTNDM0JGQzYyNEMyOEFGNTAwNUJEOUU1MDg4NjU7cGFyZW50Z3VpZD0</classCode><className>Antitrust &amp; Trade Law</className></classificationItem><classificationItem score=\"57\"><classCode>ST000D1BY</classCode><className>EXECUTIVES</className><classCode/><className/></classificationItem></classification><classification classificationScheme=\"industry\"><classificationItem score=\"93\"><classCode>ST000CM70</classCode><className>WINDOW &amp; DOOR MFG</className><classCode/><className/></classificationItem><classificationItem score=\"92\"><classCode>N541110GM</classCode><className>LAWYERS</className><classCode/><className/></classificationItem><classificationItem score=\"90\"><classCode>N520000CC</classCode><className>BANKING &amp; FINANCE</className><classCode/><className/></classificationItem><classificationItem score=\"90\"><classCode>N541100CC</classCode><className>LEGAL SERVICES</className><classCode/><className/></classificationItem><classificationItem score=\"90\"><classCode>STX002014</classCode><className>MANUFACTURING</className><classCode/><className/></classificationItem><classificationItem score=\"90\"><classCode>N540000CC</classCode><className>PROFESSIONAL SERVICES</className><classCode/><className/></classificationItem><classificationItem score=\"90\"><classCode>STX001976</classCode><className>SECURITIES &amp; OTHER INVESTMENTS</className><classCode/><className/></classificationItem><classificationItem score=\"90\"><classCode>STX001853</classCode><className>WOOD CONSTRUCTION MATERIALS</className><classCode/><className/></classificationItem><classificationItem score=\"90\"><classCode>ST0009RX6</classCode><classCode/><className/></classificationItem><classificationItem score=\"89\"><classCode>N926150GC</classCode><className>BANKING &amp; FINANCE REGULATION</className><classCode/><className/></classificationItem><classificationItem score=\"89\"><classCode>STX000336</classCode><className>COMMON STOCK</className><classCode/><className/></classificationItem><classificationItem score=\"89\"><classCode>STX001375</classCode><className>PRICE FIXING</className><classCode/><className/></classificationItem><classificationItem score=\"87\"><classCode>ST000CP97</classCode><className>PRODUCT PRICING</className><classCode/><className/></classificationItem><classificationItem score=\"78\"><classCode>N541211GM</classCode><className>ACCOUNTING</className><classCode/><className/></classificationItem><classificationItem score=\"78\"><classCode>ST000DLZ7</classCode><className>MARKET MANIPULATION</className><classCode/><className/></classificationItem><classificationItem score=\"78\"><classCode>ST00096SU</classCode><className>PRICE MANAGEMENT</className><classCode/><className/></classificationItem><classificationItem score=\"78\"><classCode>N926150GM</classCode><className>SECURITIES LAW</className><classCode>Z3VpZD11cm46dG9waWM6RkFFMTQ3ODhCRDYyNDkyN0IwQkEyQzRCRDlFMEM5ODc7cGFyZW50Z3VpZD11cm46dG9waWM6MUFEMUQ2QTA1OUZCNEE5RjkzNTA2RERFMUNEOTk1RTI</classCode><className>Securities</className></classificationItem></classification><classification classificationScheme=\"country\"><classificationItem score=\"79\"><classCode>GC343</classCode><className>UNITED STATES</className><classCode/><className/></classificationItem></classification></classificationGroup></metadata></articleDoc></content></entry>"}