{"prediction_class": "Regulatory Breaches Tax Evasion Smuggling of goods", "prediction_score": "0.86", "name": "Onex Corporation", "title": "Goldfarb Branham Law Firm LLP Investigating ResCare, Inc. Shareholder Claims", "published": "2010-08-18T00:00:00Z", "updated": "2020-11-16T07:21:04Z", "cleaned_article": "[TITLE] Goldfarb Branham Law Firm LLP Investigating ResCare, Inc. Shareholder Claims [TITLE] \n\nGoldfarb Branham LLPis investigating the recently proposed buyout of ResCare, Inc.(NASDAQ: RSCR) to Onex Corporation to determine if it is unfair to shareholders. Under the current agreement, ResCare shareholders will receive $12.60 for every share of ResCare stock that they own. Concerned shareholders are urged to contact securities lawyer Hamilton Lindley at 877-583-2855 or hlindley@goldfarbbranham.com to learn about their rights and pursue any remedies. \"We are investigating the deal because it appears that the value of the ResCare's stock is greater than $12.60 per share offered and because many analysts believe the stock to be worth approximately $14.00 per share,\" said Hamilton Lindley, a securities lawyer with the firm. \"Our class action lawsuit will seek to increase the value of the buyout and disclose more information -- so shareholders can make an informed decision.\" Goldfarb Branham LLPlawyers have significant experience representing shareholders in unfair buyouts nationwide. The national securities firm provides nimble, creative and effective counsel at all stages of litigation. If you have information or concerns about this transaction, contact securities attorney Hamilton Lindley at the contact numbers listed below.", "raw_cleaned_article": "<h2>Goldfarb Branham Law Firm LLP Investigating ResCare, Inc. Shareholder Claims</h2><p><b>Goldfarb Branham LLPis investigating the recently proposed buyout of ResCare, Inc.(NASDAQ: RSCR) to Onex Corporation to determine if it is unfair to shareholders. Under the current agreement, ResCare shareholders will receive $12.60 for every share of ResCare stock that they own. Concerned shareholders are urged to contact securities lawyer Hamilton Lindley at 877-583-2855 or hlindley@goldfarbbranham.com to learn about their rights and pursue any remedies.</b> \"We are investigating the deal because it appears that the value of the ResCare's stock is greater than $12.60 per share offered and because many analysts believe the stock to be worth approximately $14.00 per share,\" said Hamilton Lindley, a securities lawyer with the firm. \"Our class action lawsuit will seek to increase the value of the buyout and disclose more information -- so shareholders can make an informed decision.\" Goldfarb Branham LLPlawyers have significant experience representing shareholders in unfair buyouts nationwide. The national securities firm provides nimble, creative and effective counsel at all stages of litigation. If you have information or concerns about this transaction, contact securities attorney Hamilton Lindley at the contact numbers listed below.</p>", "original_content": "<entry xmlns=\"http://www.w3.org/2005/Atom\"><id>urn:contentItem:50TH-GPK1-JBG1-80MR-00000-00</id><title>Goldfarb Branham Law Firm LLP Investigating ResCare, Inc. Shareholder Claims</title><published>2010-08-18T00:00:00Z</published><updated>2020-11-16T07:21:04Z</updated><author><name>LexisNexis</name></author><content type=\"application/xml\"><!--Transformation version 1.23--><articleDoc xmlns=\"\" xmlns:xsi=\"http://www.w3.org/2001/XMLSchema-instance\" xsi:noNamespaceSchemaLocation=\"http://www.lexisnexis.com/xmlschemas/content/public/articledoc/1/\" schemaVersion=\"1.8\" xml:lang=\"en\"><articleDocHead><itemInfo><distribution>Business Editors</distribution><distribution>Legal Writers</distribution></itemInfo></articleDocHead><nitf:body xmlns:nitf=\"http://iptc.org/std/NITF/2006-10-18/\"><nitf:body.head><nitf:hedline><nitf:hl1>Goldfarb Branham Law Firm LLP Investigating ResCare, Inc.Shareholder Claims</nitf:hl1></nitf:hedline><nitf:dateline><location>DALLAS</location></nitf:dateline></nitf:body.head><nitf:body.content><bodyText><p nitf:lede=\"true\">Goldfarb Branham LLPis investigating the recently proposed buyout of ResCare, Inc.(NASDAQ: RSCR) to Onex Corporation to determine if it is unfair to shareholders. Under the current agreement, ResCare shareholders will receive $12.60 for every share of ResCare stock that they own. Concerned shareholders are urged to contact securities lawyer Hamilton Lindley at 877-583-2855 or <email normalizedValue=\"mailto:hlindley@goldfarbbranham.com\">hlindley@goldfarbbranham.com</email> to learn about their rights and pursue any remedies.</p><p>\"We are investigating the deal because it appears that the value of the ResCare's stock is greater than $12.60 per share offered and because many analysts believe the stock to be worth approximately $14.00 per share,\" said Hamilton Lindley, a securities lawyer with the firm. \"Our class action lawsuit will seek to increase the value of the buyout and disclose more information -- so shareholders can make an informed decision.\"</p><p>Goldfarb Branham LLPlawyers have significant experience representing shareholders in unfair buyouts nationwide. The national securities firm provides nimble, creative and effective counsel at all stages of litigation. If you have information or concerns about this transaction, contact securities attorney Hamilton Lindley at the contact numbers listed below.</p></bodyText></nitf:body.content><nitf:body.end><contact><bodyText><p><br/><br/>CONTACT: Goldfarb Branham LLP<br/>Hamilton Lindley, 214-583-2233<br/>Toll Free: 877-583-2855<br/>Fax: 214-583-2234<br/><email normalizedValue=\"mailto:hlindley@goldfarbbranham.com\">hlindley@goldfarbbranham.com</email></p></bodyText></contact></nitf:body.end></nitf:body><metadata><dc:metadata xmlns:dc=\"http://purl.org/dc/elements/1.1/\"><dc:identifier identifierScheme=\"DOC-ID\">BWIRE-20100818005965</dc:identifier><dc:source sourceScheme=\"royaltyReportingKey\">BWIRE2010</dc:source><dc:identifier identifierScheme=\"PGUID\">urn:contentItem:50TH-GPK1-JBG1-80MR-00000-00</dc:identifier><dc:source sourceScheme=\"productContentSetIdentifier\">7924</dc:source><dc:date dateType=\"last-updated\">2019-06-01</dc:date></dc:metadata><wordCount number=\"229\"/><timeReceived>3:00 PM GMT</timeReceived><publicationInfo><copyright>Copyright 2010 Business Wire, Inc.</copyright><publicationName>Business Wire</publicationName><url normalizedValue=\"http://www.businesswire.com\">http://www.businesswire.com</url><publicationDate day=\"18\" month=\"08\" year=\"2010\"><dateText>August 18, 2010 Wednesday</dateText></publicationDate><classification classificationScheme=\"publicationtype\"><classificationItem><className>Newswire</className></classificationItem></classification><classification classificationScheme=\"publicationtype\"><classificationItem><className>Newswires &amp; Press Releases</className></classificationItem></classification></publicationInfo><classification classificationScheme=\"language\"><classificationItem classificationScheme=\"lang.english\"><className>ENGLISH</className></classificationItem></classification><classificationGroup classificationScheme=\"indexing-terms\"><classification classificationScheme=\"company\"><classificationItem score=\"96\"><classCode>CC0002MAL</classCode><className>RES CARE INC</className></classificationItem><classificationItem score=\"95\"><classCode>CC000CU15</classCode><className>GOLDFARB LLP</className></classificationItem><classificationItem score=\"58\"><classCode>CC000DN8Q</classCode><className>ONEX CORP (JAPAN)</className></classificationItem><classificationItem score=\"58\"><classCode>CC0001XYU</classCode><className>ONEX CORP (CANADA)</className></classificationItem></classification><classification classificationScheme=\"industry\"><classificationItem score=\"96\"><className>NAICS623220 RESIDENTIAL MENTAL HEALTH &amp; SUBSTANCE ABUSE FACILITIES</className></classificationItem><classificationItem score=\"96\"><className>NAICS623110 NURSING CARE FACILITIES (SKILLED NURSING FACILITIES)</className></classificationItem><classificationItem score=\"96\"><className>NAICS621610 HOME HEALTH CARE SERVICES</className></classificationItem><classificationItem score=\"96\"><className>NAICS561110 OFFICE ADMINISTRATIVE SERVICES</className></classificationItem><classificationItem score=\"96\"><className>SIC8741 MANAGEMENT SERVICES</className></classificationItem><classificationItem score=\"96\"><className>SIC8361 RESIDENTIAL CARE</className></classificationItem><classificationItem score=\"96\"><className>SIC8082 HOME HEALTH CARE SERVICES</className></classificationItem><classificationItem score=\"96\"><className>SIC8059 NURSING &amp; PERSONAL CARE FACILITIES, NEC</className></classificationItem><classificationItem score=\"95\"><className>NAICS541110 OFFICES OF LAWYERS</className></classificationItem><classificationItem score=\"95\"><className>SIC8111 LEGAL SERVICES</className></classificationItem><classificationItem score=\"58\"><className>NAICS332811 METAL HEAT TREATING</className></classificationItem><classificationItem score=\"58\"><className>SIC3398 METAL HEAT TREATING</className></classificationItem><classificationItem score=\"58\"><className>NAICS523910 MISCELLANEOUS INTERMEDIATION</className></classificationItem><classificationItem score=\"58\"><className>SIC6799 INVESTORS, NEC</className></classificationItem></classification><classification classificationScheme=\"ticker\"><classificationItem score=\"58\"><className>5987 (TSE)</className></classificationItem><classificationItem score=\"58\"><className>OCX (TSX)</className></classificationItem></classification></classificationGroup><classificationGroup classificationScheme=\"licensor.indexing-terms\"><classification classificationScheme=\"licensor.company\"><classificationItem><className>LA-GOLDFARB-BRANHAM</className></classificationItem></classification><classification classificationScheme=\"licensor.country\"><classificationItem><className>United States</className></classificationItem></classification><classification classificationScheme=\"licensor.industry\"><classificationItem><className>Professional Services</className></classificationItem><classificationItem><className>Legal</className></classificationItem></classification><classification classificationScheme=\"licensor.region\"><classificationItem><className>North America</className></classificationItem></classification><classification classificationScheme=\"licensor.state\"><classificationItem><className>Louisiana</className></classificationItem><classificationItem><className>Texas</className></classificationItem></classification><classification classificationScheme=\"licensor.subject\"><classificationItem><className>Lawsuit</className></classificationItem></classification><classification classificationScheme=\"licensor.ticker\"><classificationItem><className>RSCR</className><className>(NASDAQ)</className></classificationItem></classification></classificationGroup><classificationGroup classificationScheme=\"indexing-terms\"><classification classificationScheme=\"legal\"><classificationItem><className>Securities Law</className><classCode>Z3VpZD11cm46dG9waWM6RkFFMTQ3ODhCRDYyNDkyN0IwQkEyQzRCRDlFMEM5ODc7cGFyZW50Z3VpZD0</classCode><classificationItem score=\"50\"><className>Class Actions</className><classCode>Z3VpZD11cm46dG9waWM6MTE2NjQ1MkIzOEJENDI5RDg5RUExRjY2Mjc5NUQyMDY7cGFyZW50Z3VpZD11cm46dG9waWM6QjMxRDFBMTgwMDFFNEFBQTlCNTgzMTY0MzY4QkU4QUQ</classCode></classificationItem></classificationItem></classification><classification classificationScheme=\"subject\"><classificationItem score=\"94\"><classCode>N541110GM</classCode><className>LAWYERS</className><classCode/><className/></classificationItem><classificationItem score=\"92\"><classCode>STX001561</classCode><className>SHAREHOLDERS</className><classCode>Z3VpZD11cm46dG9waWM6NEI2QjYxNjkwMTkzNDhFRUExNjlFRjVFRUU3NDhBQkE7cGFyZW50Z3VpZD11cm46dG9waWM6MDQ3M0RFODczN0I4NDg2RjlFRDNFMUNBODRDQTU0Q0E</classCode><className>Shareholders</className></classificationItem><classificationItem score=\"90\"><classCode>ST000DH0Q</classCode><className>AGREEMENTS</className><classCode/><className/></classificationItem><classificationItem score=\"90\"><classCode>STX000969</classCode><className>INVESTIGATIONS</className><classCode/><className/></classificationItem><classificationItem score=\"90\"><classCode>ST0008XMR</classCode><className>LAW &amp; LEGAL SYSTEM</className><classCode/><className/></classificationItem><classificationItem score=\"90\"><classCode>N541100CC</classCode><className>LEGAL SERVICES</className><classCode/><className/></classificationItem><classificationItem score=\"90\"><classCode>STX001040</classCode><className>LITIGATION</className><classCode/><className/></classificationItem><classificationItem score=\"90\"><classCode>N621399MG</classCode><className>NURSES &amp; NURSING</className><classCode/><className/></classificationItem><classificationItem score=\"90\"><classCode>STX001976</classCode><className>SECURITIES &amp; OTHER INVESTMENTS</className><classCode/><className/></classificationItem><classificationItem score=\"90\"><classCode>N523210MM</classCode><className>STOCK EXCHANGES</className><classCode>Z3VpZD11cm46dG9waWM6M0ZDMDg5MEQ3OTlGNEJCMkI0M0EyM0MwN0E1Njk1MEQ7cGFyZW50Z3VpZD11cm46dG9waWM6NDBGREFBMDgyNTQ0NERFRUI3MEUwNDBFOTM5NDExREI</classCode><className>Stock Exchanges</className></classificationItem><classificationItem score=\"90\"><classCode>STX001648</classCode><className>SUITS &amp; CLAIMS</className><classCode/><className/></classificationItem><classificationItem score=\"79\"><classCode>ST0009QD4</classCode><className>NEGATIVE BUSINESS NEWS</className><classCode/><className/></classificationItem><classificationItem score=\"79\"><classCode>STX001372</classCode><className>PRESS RELEASES</className><classCode/><className/></classificationItem><classificationItem score=\"78\"><classCode>STX000304</classCode><className>CLASS ACTIONS</className><classCode>Z3VpZD11cm46dG9waWM6Mjk5M0Q3OEY2NkE3NDIwQzg4MDk1NUUxQUI5Nzc5NTU7cGFyZW50Z3VpZD11cm46dG9waWM6MDc3RDI0Njg5OEU2NEM5NzkxRUU2MjBEMDMyRkQ3Mzk</classCode><className>Class Actions</className></classificationItem><classificationItem score=\"77\"><classCode>ST000D05Y</classCode><className>MENTAL HEALTH</className><classCode/><className/></classificationItem><classificationItem score=\"77\"><classCode>STX001644</classCode><className>SUBSTANCE ABUSE</className><classCode/><className/></classificationItem><classificationItem score=\"72\"><classCode>N622210QM</classCode><className>SUBSTANCE ABUSE FACILITIES</className><classCode/><className/></classificationItem></classification><classification classificationScheme=\"industry\"><classificationItem score=\"95\"><classCode>N623000CC</classCode><className>NURSING &amp; RESIDENTIAL CARE FACILITIES</className><classCode/><className/></classificationItem><classificationItem score=\"94\"><classCode>N541110GM</classCode><className>LAWYERS</className><classCode/><className/></classificationItem><classificationItem score=\"90\"><classCode>STX002149</classCode><className>HEALTH CARE</className><classCode/><className/></classificationItem><classificationItem score=\"90\"><classCode>N621600CC</classCode><className>HOME HEALTH CARE</className><classCode/><className/></classificationItem><classificationItem score=\"90\"><classCode>N541100CC</classCode><className>LEGAL SERVICES</className><classCode/><className/></classificationItem><classificationItem score=\"90\"><classCode>N623300CC</classCode><className>LONG TERM HEALTH CARE</className><classCode/><className/></classificationItem><classificationItem score=\"90\"><classCode>N621399MG</classCode><className>NURSES &amp; NURSING</className><classCode/><className/></classificationItem><classificationItem score=\"90\"><classCode>N623100GG</classCode><className>NURSING HOMES</className><classCode/><className/></classificationItem><classificationItem score=\"90\"><classCode>N540000CC</classCode><className>PROFESSIONAL SERVICES</className><classCode/><className/></classificationItem><classificationItem score=\"90\"><classCode>STX001976</classCode><className>SECURITIES &amp; OTHER INVESTMENTS</className><classCode/><className/></classificationItem><classificationItem score=\"90\"><classCode>N523210MM</classCode><className>STOCK EXCHANGES</className><classCode>Z3VpZD11cm46dG9waWM6M0ZDMDg5MEQ3OTlGNEJCMkI0M0EyM0MwN0E1Njk1MEQ7cGFyZW50Z3VpZD11cm46dG9waWM6NDBGREFBMDgyNTQ0NERFRUI3MEUwNDBFOTM5NDExREI</classCode><className>Stock Exchanges</className></classificationItem><classificationItem score=\"90\"><classCode>ST0009T96</classCode><classCode/><className/></classificationItem><classificationItem score=\"77\"><classCode>N623200CC</classCode><className>RESIDENTIAL CARE</className><classCode/><className/></classificationItem><classificationItem score=\"72\"><classCode>N622210QM</classCode><className>SUBSTANCE ABUSE FACILITIES</className><classCode/><className/></classificationItem><classificationItem score=\"71\"><classCode>ST0009F6A</classCode><className>ADMINISTRATIVE SUPPORT SERVICES</className><classCode/><className/></classificationItem></classification><classification classificationScheme=\"city\"><classificationItem score=\"79\"><classCode>GX592</classCode><className>DALLAS, TX, USA</className><classCode/><className/></classificationItem></classification><classification classificationScheme=\"state\"><classificationItem score=\"79\"><classCode>GS159</classCode><className>TEXAS, USA</className><classCode/><className/></classificationItem></classification><classification classificationScheme=\"country\"><classificationItem score=\"79\"><classCode>GC339</classCode><className>CANADA</className><classCode/><className/></classificationItem><classificationItem score=\"79\"><classCode>GR120</classCode><className>NORTH AMERICA</className><classCode/><className/></classificationItem><classificationItem score=\"79\"><classCode>GC343</classCode><className>UNITED STATES</className><classCode/><className/></classificationItem></classification></classificationGroup></metadata></articleDoc></content></entry>"}