{"prediction_class": "Regulatory Breaches Tax Evasion Smuggling of goods", "prediction_score": "0.97", "name": "Onex Corporation", "title": "Brower Piven Announces Class Action Lawsuit in Connection With the Acquisition of Emergency Medical Services Corporation by Clayton, Dubilier & Rice, LLC", "published": "2011-02-24T00:00:00Z", "updated": "2020-11-16T07:31:47Z", "cleaned_article": "[TITLE] Brower Piven Announces Class Action Lawsuit in Connection With the Acquisition of Emergency Medical Services Corporation by Clayton, Dubilier & Rice, LLC [TITLE] \n\n The law firm of Brower Piven, A Professional Corporation, announces that a class action lawsuit has been commenced in the United States District Court for the District of Colorado on behalf of all shareholders of Emergency Medical Services Corporation(\"EMSC\") (NYSE: EMS). The complaint alleges violations of state law by the Board of Directors of EMSC relating to the proposed acquisition of the company by Clayton, Dubilier & Rice, LLC (\"CD&R\"). The complaint alleges that EMSC's Board of Directors breached their fiduciary duties by failing to maximize shareholder value, among other things. On February 14, 2011, the complaint states, EMSC and CD&R announced that they entered into a definitive Agreement and Plan of Merger for EMSC to be acquired by CD&R in a transaction valued at approximately $3.2 billion. The complaint alleges that under the terms of the agreement, EMSC shareholders will receive $64.00 in cash for each share of EMSC Class A common stock and Class B common stock and each LP Exchangeable Unit. The complaint alleges that the Proposed Acquisition significantly undervalues EMSC, since it represents approximately a 9.4% decline over EMSC's closing share price on February 11, 2011 of $70.66, the last day before the transaction was announced. The complaint alleges that analysts have asserted that they \"had expected the range to be between $70 and $75\" and that \"[m]ost analysts and investors alike would agree that based on the pure operational potential of the company in 2011 you could easily value it above $70.\" The complaint also alleges that the defendants failed to disclose or explain the components of the \"transactional costs\" estimated at $300 million included in the purchase price for its $3.2 billion leveraged buyout, when transaction fees on a deal this size typically amount to $30 million. The complaint states that at least one analyst speculates that the \"costs\" must include some kind of payment to Onex Corporation, which owns 31% of EMS and has a management agreement that pays it a couple of million dollars a year. The complaint further alleges that rather than acting in the best interests of the shareholders, defendants spent substantial effort in securing material benefits for themselves as a result of the Proposed Acquisition, including the accelerated vesting and monetization of illiquid equity holdings in the Company and change of control severance payments, which will provide tens of millions of dollars in gains to the Board and members of EMSC's management.  If you are a current owner of shares of EMSC, you may obtain additional information about this lawsuit by contacting Brower Piven at www.browerpiven.com, by email at hoffman@browerpiven.com, by calling 410/415-6616, or at Brower Piven, A Professional Corporation, 1925 Old Valley Road, Stevenson, Maryland 21153. Attorneys at Brower Piven have combined experience litigating securities and class action cases of over 60 years. If you choose to retain counsel, you may retain Brower Piven without financial obligation or cost to you, or you may retain other counsel of your choice. You need take no action at this time to be a member of the class.   CONTACT: Charles Piven Brower Piven, A Professional Corporation Stevenson, Maryland 410/415-6616Email Contact ", "raw_cleaned_article": "<h2>Brower Piven Announces Class Action Lawsuit in Connection With the Acquisition of Emergency Medical Services Corporation by Clayton, Dubilier & Rice, LLC</h2><p> The law firm of Brower Piven, A Professional Corporation, announces that a class action lawsuit has been commenced in the United States District Court for the District of Colorado on behalf of all shareholders of Emergency Medical Services Corporation(\"EMSC\") (NYSE: EMS). The complaint alleges violations of state law by the Board of Directors of EMSC relating to the proposed acquisition of the company by Clayton, Dubilier & Rice, LLC (\"CD&R\"). The complaint alleges that EMSC's Board of Directors breached their fiduciary duties by failing to maximize shareholder value, among other things. <b>On February 14, 2011, the complaint states, EMSC and CD&R announced that they entered into a definitive Agreement and Plan of Merger for EMSC to be acquired by CD&R in a transaction valued at approximately $3.2 billion. The complaint alleges that under the terms of the agreement, EMSC shareholders will receive $64.00 in cash for each share of EMSC Class A common stock and Class B common stock and each LP Exchangeable Unit. The complaint alleges that the Proposed Acquisition significantly undervalues EMSC, since it represents approximately a 9.4% decline over EMSC's closing share price on February 11, 2011 of $70.66, the last day before the transaction was announced. The complaint alleges that analysts have asserted that they \"had expected the range to be between $70 and $75\" and that \"[m]ost analysts and investors alike would agree that based on the pure operational potential of the company in 2011 you could easily value it above $70.\" The complaint also alleges that the defendants failed to disclose or explain the components of the \"transactional costs\" estimated at $300 million included in the purchase price for its $3.2 billion leveraged buyout, when transaction fees on a deal this size typically amount to $30 million. The complaint states that at least one analyst speculates that the \"costs\" must include some kind of payment to Onex Corporation, which owns 31% of EMS and has a management agreement that pays it a couple of million dollars a year. The complaint further alleges that rather than acting in the best interests of the shareholders, defendants spent substantial effort in securing material benefits for themselves as a result of the Proposed Acquisition, including the accelerated vesting and monetization of illiquid equity holdings in the Company and change of control severance payments, which will provide tens of millions of dollars in gains to the Board and members of EMSC's management. </b> If you are a current owner of shares of EMSC, you may obtain additional information about this lawsuit by contacting Brower Piven at www.browerpiven.com, by email at hoffman@browerpiven.com, by calling 410/415-6616, or at Brower Piven, A Professional Corporation, 1925 Old Valley Road, Stevenson, Maryland 21153. Attorneys at Brower Piven have combined experience litigating securities and class action cases of over 60 years. If you choose to retain counsel, you may retain Brower Piven without financial obligation or cost to you, or you may retain other counsel of your choice. You need take no action at this time to be a member of the class.   CONTACT: Charles Piven Brower Piven, A Professional Corporation Stevenson, Maryland 410/415-6616Email Contact </p>", "original_content": "<entry xmlns=\"http://www.w3.org/2005/Atom\"><id>urn:contentItem:5282-3NB1-DYR7-T194-00000-00</id><title>Brower Piven Announces Class Action Lawsuit in Connection With the Acquisition of Emergency Medical Services Corporation by Clayton, Dubilier &amp; Rice, LLC</title><published>2011-02-24T00:00:00Z</published><updated>2020-11-16T07:31:47Z</updated><author><name>LexisNexis</name></author><content type=\"application/xml\"><!--Transformation version 1.23--><articleDoc xmlns=\"\" xmlns:xsi=\"http://www.w3.org/2001/XMLSchema-instance\" xsi:noNamespaceSchemaLocation=\"http://www.lexisnexis.com/xmlschemas/content/public/articledoc/1/\" schemaVersion=\"1.8\" xml:lang=\"en\"><articleDocHead><itemInfo/></articleDocHead><nitf:body xmlns:nitf=\"http://iptc.org/std/NITF/2006-10-18/\"><nitf:body.head><nitf:hedline><nitf:hl1>Brower Piven Announces Class Action Lawsuit in Connection With the Acquisition of Emergency Medical Services Corporationby Clayton, Dubilier &amp; Rice, LLC</nitf:hl1></nitf:hedline><nitf:dateline><location>STEVENSON, MD;</location> Feb 24, 2011</nitf:dateline></nitf:body.head><nitf:body.content><bodyText><p nitf:lede=\"true\"> The law firm of Brower Piven, A Professional Corporation, announces that a class action lawsuit has been commenced in the United States District Court for the District of Colorado on behalf of all shareholders of Emergency Medical Services Corporation(\"EMSC\") (NYSE: EMS).</p><p>The complaint alleges violations of state law by the Board of Directors of EMSC relating to the proposed acquisition of the company by Clayton, Dubilier &amp; Rice, LLC (\"CD&amp;R\"). The complaint alleges that EMSC's Board of Directors breached their fiduciary duties by failing to maximize shareholder value, among other things.</p><p>On February 14, 2011, the complaint states, EMSC and CD&amp;R announced that they entered into a definitive Agreement and Plan of Merger for EMSC to be acquired by CD&amp;R in a transaction valued at approximately $3.2 billion. The complaint alleges that under the terms of the agreement, EMSC shareholders will receive $64.00 in cash for each share of EMSC Class A common stock and Class B common stock and each LP Exchangeable Unit. The complaint alleges that the Proposed Acquisition significantly undervalues EMSC, since it represents approximately a 9.4% decline over EMSC's closing share price on February 11, 2011 of $70.66, the last day before the transaction was announced. The complaint alleges that analysts have asserted that they \"had expected the range to be between $70 and $75\" and that \"[m]ost analysts and investors alike would agree that based on the pure operational potential of the company in 2011 you could easily value it above $70.\" The complaint also alleges that the defendants failed to disclose or explain the components of the \"transactional costs\" estimated at $300 million included in the purchase price for its $3.2 billion leveraged buyout, when transaction fees on a deal this size typically amount to $30 million. The complaint states that at least one analyst speculates that the \"costs\" must include some kind of payment to Onex Corporation, which owns 31% of EMS and has a management agreement that pays it a couple of million dollars a year. The complaint further alleges that rather than acting in the best interests of the shareholders, defendants spent substantial effort in securing material benefits for themselves as a result of the Proposed Acquisition, including the accelerated vesting and monetization of illiquid equity holdings in the Company and change of control severance payments, which will provide tens of millions of dollars in gains to the Board and members of EMSC's management. </p><p>If you are a current owner of shares of EMSC, you may obtain additional information about this lawsuit by contacting Brower Piven at <url normalizedValue=\"http://www.browerpiven.com\">www.browerpiven.com</url>, by email at <email normalizedValue=\"mailto:hoffman@browerpiven.com\">hoffman@browerpiven.com</email>, by calling 410/415-6616, or at Brower Piven, A Professional Corporation, 1925 Old Valley Road, Stevenson, Maryland 21153. Attorneys at Brower Piven have combined experience litigating securities and class action cases of over 60 years. If you choose to retain counsel, you may retain Brower Piven without financial obligation or cost to you, or you may retain other counsel of your choice. You need take no action at this time to be a member of the class. </p><p><pre xml:space=\"preserve\"><br/> CONTACT:<br/> Charles Piven<br/> Brower Piven, A Professional Corporation<br/> Stevenson, Maryland<br/> 410/415-6616<br/>Email Contact <br/><br/></pre></p><p>SOURCE: Brower Piven, A Professional Corporation</p></bodyText></nitf:body.content></nitf:body><metadata><dc:metadata xmlns:dc=\"http://purl.org/dc/elements/1.1/\"><dc:identifier identifierScheme=\"DOC-ID\">MKTWRE-11725356</dc:identifier><dc:source sourceScheme=\"royaltyReportingKey\">MKTWRE2011</dc:source><dc:identifier identifierScheme=\"PGUID\">urn:contentItem:5282-3NB1-DYR7-T194-00000-00</dc:identifier><dc:source sourceScheme=\"productContentSetIdentifier\">242824</dc:source><dc:date dateType=\"last-updated\">2017-12-23</dc:date></dc:metadata><wordCount number=\"555\"/><timeReceived>8:01 AM GMT</timeReceived><publicationInfo><copyright>Copyright 2011 Marketwire, Inc. All Rights Reserved</copyright><publicationName>Marketwire</publicationName><publicationDate day=\"24\" month=\"02\" year=\"2011\"><dateText>February 24, 2011 Thursday</dateText></publicationDate><classification classificationScheme=\"publicationtype\"><classificationItem><className>Newswire</className></classificationItem></classification><classification classificationScheme=\"publicationtype\"><classificationItem><className>Newswires &amp; Press Releases</className></classificationItem></classification></publicationInfo><classification classificationScheme=\"language\"><classificationItem classificationScheme=\"lang.english\"><className>ENGLISH</className></classificationItem></classification><classificationGroup classificationScheme=\"indexing-terms\"><classification classificationScheme=\"company\"><classificationItem score=\"96\"><classCode>CC000CGGS</classCode><className>BROWER PIVEN PC</className></classificationItem><classificationItem score=\"93\"><classCode>CC000DCR5</classCode><className>ENVISION HEALTHCARE HOLDINGS INC</className></classificationItem><classificationItem score=\"93\"><classCode>CC0003HJJ</classCode><className>ENVISION HEALTHCARE CORP</className></classificationItem><classificationItem score=\"63\"><classCode>CC0001XYU</classCode><className>ONEX CORP</className></classificationItem><classificationItem score=\"59\"><classCode>CC000CKXS</classCode><className>THE LAW FIRM OF RAMSEY SKILES &amp; STREVA</className></classificationItem><classificationItem score=\"58\"><classCode>CC0001QPY</classCode><className>CLAYTON DUBILIER &amp; RICE INC</className></classificationItem></classification><classification classificationScheme=\"ticker\"><classificationItem score=\"93\"><className>EVHC (NYSE)</className></classificationItem><classificationItem score=\"63\"><className>OCX (TSX)</className></classificationItem><classificationItem score=\"63\"><className>5987 (TSE)</className></classificationItem><classificationItem score=\"63\"><className>5987 (JASDAQ)</className></classificationItem></classification></classificationGroup><classificationGroup classificationScheme=\"licensor.indexing-terms\"><classification classificationScheme=\"licensor.company\"><classificationItem><className>Brower Piven, A Professional Corporation</className></classificationItem></classification><classification classificationScheme=\"licensor.subject\"><classificationItem><className>Professional Services</className></classificationItem><classificationItem><className>Legal</className></classificationItem></classification><classification classificationScheme=\"licensor.ticker\"><classificationItem><className>EMS</className><className>NYSE</className></classificationItem></classification></classificationGroup><classificationGroup classificationScheme=\"indexing-terms\"><classification classificationScheme=\"legal\"><classificationItem><className>Business &amp; Corporate Compliance</className><classCode>Z3VpZD11cm46dG9waWM6MUFEMUQ2QTA1OUZCNEE5RjkzNTA2RERFMUNEOTk1RTI7cGFyZW50Z3VpZD0</classCode><classificationItem score=\"50\"><className>Professional Associations &amp; Corporations</className><classCode>Z3VpZD11cm46dG9waWM6NDNFNEY0MDRGOEI1NEQ0M0FENEFERDEzOEM0N0E2QjE7cGFyZW50Z3VpZD11cm46dG9waWM6QjA4OEVGODBENzY4NDcxM0IyQzA1OTEwQzVDODRBOUE</classCode></classificationItem></classificationItem><classificationItem><className>Business &amp; Corporate Law</className><classCode>Z3VpZD11cm46dG9waWM6QjA4OEVGODBENzY4NDcxM0IyQzA1OTEwQzVDODRBOUE7cGFyZW50Z3VpZD0</classCode><classificationItem score=\"50\"><className>Professional Associations &amp; Corporations</className><classCode>Z3VpZD11cm46dG9waWM6NDNFNEY0MDRGOEI1NEQ0M0FENEFERDEzOEM0N0E2QjE7cGFyZW50Z3VpZD11cm46dG9waWM6QjA4OEVGODBENzY4NDcxM0IyQzA1OTEwQzVDODRBOUE</classCode></classificationItem></classificationItem></classification><classification classificationScheme=\"subject\"><classificationItem score=\"92\"><classCode>STX001648</classCode><className>SUITS &amp; CLAIMS</className><classCode/><className/></classificationItem><classificationItem score=\"91\"><classCode>STX001040</classCode><className>LITIGATION</className><classCode/><className/></classificationItem><classificationItem score=\"90\"><classCode>STX001561</classCode><className>SHAREHOLDERS</className><classCode>Z3VpZD11cm46dG9waWM6NEI2QjYxNjkwMTkzNDhFRUExNjlFRjVFRUU3NDhBQkE7cGFyZW50Z3VpZD11cm46dG9waWM6MDQ3M0RFODczN0I4NDg2RjlFRDNFMUNBODRDQTU0Q0E</classCode><className>Shareholders</className></classificationItem><classificationItem score=\"90\"><classCode>ST000A1TP</classCode><className>ACQUISITIONS</className><classCode/><className/></classificationItem><classificationItem score=\"90\"><classCode>ST000DH0Q</classCode><className>AGREEMENTS</className><classCode/><className/></classificationItem><classificationItem score=\"90\"><classCode>N541100CC</classCode><className>LEGAL SERVICES</className><classCode/><className/></classificationItem><classificationItem score=\"89\"><classCode>STX000194</classCode><className>BOARDS OF DIRECTORS</className><classCode/><className/></classificationItem><classificationItem score=\"89\"><classCode>N541110GM</classCode><className>LAWYERS</className><classCode/><className/></classificationItem><classificationItem score=\"78\"><classCode>ST0008X84</classCode><className>US STATE GOVERNMENT</className><classCode>Z3VpZD11cm46dG9waWM6QURCRDNBRjBGRTE0NEFBRUEzNUU1MzFGQjg3MTM4MDI7cGFyZW50Z3VpZD11cm46dG9waWM6MjdEQjE4OUJDMzQxNDNEMEI0RTI1QUFCMzJENjEwRTA</classCode><className>State &amp; Territorial Governments</className></classificationItem><classificationItem score=\"78\"><classCode>ST000DHVK</classCode><className>PROFESSIONAL WORKERS</className><classCode/><className/></classificationItem><classificationItem score=\"77\"><classCode>ST000A0EC</classCode><className>MERGERS</className><classCode>Z3VpZD11cm46dG9waWM6MkZCODBEQTBEMjdDNDA1Njk5NDIxQjQ3MThGQ0MyMUM7cGFyZW50Z3VpZD11cm46dG9waWM6QjRDRTUzQzBCMEIyNDU5QkE4QjFDMEE2Qjg2MUZDOTk</classCode><className>Mergers</className></classificationItem><classificationItem score=\"77\"><classCode>STX000238</classCode><className>BUYINS &amp; BUYOUTS</className><classCode/><className/></classificationItem><classificationItem score=\"76\"><classCode>STX001025</classCode><className>LEVERAGED BUYOUTS</className><classCode/><className/></classificationItem><classificationItem score=\"60\"><classCode>ST00090TR</classCode><className>SEVERANCE PAY</className><classCode/><className/></classificationItem></classification><classification classificationScheme=\"industry\"><classificationItem score=\"90\"><classCode>STX000336</classCode><className>COMMON STOCK</className><classCode/><className/></classificationItem><classificationItem score=\"90\"><classCode>N541100CC</classCode><className>LEGAL SERVICES</className><classCode/><className/></classificationItem><classificationItem score=\"89\"><classCode>N541110GM</classCode><className>LAWYERS</className><classCode/><className/></classificationItem><classificationItem score=\"77\"><classCode>ST000CZTI</classCode><className>STOCK PRICES</className><classCode/><className/></classificationItem></classification><classification classificationScheme=\"state\"><classificationItem score=\"79\"><classCode>GS121</classCode><className>COLORADO, USA</className><classCode/><className/></classificationItem></classification><classification classificationScheme=\"country\"><classificationItem score=\"79\"><classCode>GC343</classCode><className>UNITED STATES</className><classCode/><className/></classificationItem></classification></classificationGroup></metadata></articleDoc></content></entry>"}