{"prediction_class": "Fraud Embezzlement Misappropriation", "prediction_score": "0.55", "name": "Onex Corporation", "title": "Corporate and Financial Weekly Digest - October 22, 2010.", "published": "2010-10-29T00:00:00Z", "updated": "2020-11-16T07:06:16Z", "cleaned_article": "[TITLE] Corporate and Financial Weekly Digest - October 22, 2010. [TITLE] \n\nThe court found that rescission was not an available remedy because the investors no longer owned the securities and therefore could not tender those securities. However, as the court pointed out, the practical effect of its ruling that the investors could not rescind the transaction was minimal, since the calculation of damages would be based on the amount that would have been \"recoverable upon a tender\" ofthe securities. The court held that summary judgment on the issue ofdamages was inappropriate because there were genuine issues of disputed fact as to which transactions, if any, involved the sale of securities \"by means of\" the misstatements contained in the business plan.In reaching this conclusion, the court explained that although Section 410(a)(2) does not require a plaintiff to prove reliance or loss causation, the investor must nevertheless prove that each sale of securities for which it seeks damages was made in connection with the misrepresentation. (In re Access Cardiosystems, Inc., 2010 WL 4053614 (Bkrtcy. D. Mass. Oct. 14, 2010)) Attendance at Executive Committee Meetings Insufficient to SatisfyGroup Pleading Doctrine The U.S. District Court for the Southern District of New York recently granted defendants' motions to dismiss a consolidated class action asserting claims for securities fraud in violation of Section 10(b) of the Securities Exchange Act of 1934 and Rule 10b-5 brought by shareholders of Celestica, Inc., a Canadian electronics corporation, against the company and its former officers, as well as against Onex Corporation, the largest controlling shareholder of Celestica, and Onex's CEO (together, the Onex defendants) based on, among other things, the plaintiffs' failure to plead fraud with the specificity required by Rule 9(b) of the Federal Rules of Civil Procedure. Plaintiffs alleged that defendants disseminated materially false and misleading statements concerning Celestica's earnings, profitability and financial future during conference calls and in publicly filedfinancial documents, thereby artificially inflating Celestica's stock price to the ultimate detriment of its shareholders. In asserting the allegations of fraud against the Onex defendants, plaintiffs attempted to rely upon the \"group pleading doctrine\" to avoid application of Rule 9(b)'s requirement that a plaintiff identify the speaker of apurportedly fraudulent statement. The group pleading doctrine allowsplaintiffs to attribute misleading statements to the group of defendants who were responsible for creating, reviewing or approving the purportedly false statements prior to their dissemination. In support of their argument for applying the group pleading doctrine, plaintiffs asserted that the Onex CEO's regular attendance at executive committee meetings and the Onex defendants' significant holdings of Celestica securities enabled the Onex defendants to effectively control the company. As a result, the plaintiffs argued that the Onex defendants were sufficiently involved in the everyday business of the company to assume liability for any corporate misstatements. However, the court found these allegations did not establish that the Onex defendants had a \"direct day-to-day involvement in Celestica's business affairs and operations necessary for attribution\" of the statements to them. Thus, the court dismissed the complaint because the plaintiffs failed to allege the direct connection between the Onex defendants and the alleged misstatements necessary for application of the group pleading doctrine. (In re Celestica Inc. Securities Litigation, 1:07-cv-00312 (S.D.N.Y. October 14, 2010))", "raw_cleaned_article": "<h2>Corporate and Financial Weekly Digest - October 22, 2010.</h2><p>The court found that rescission was not an available remedy because the investors no longer owned the securities and therefore could not tender those securities. However, as the court pointed out, the practical effect of its ruling that the investors could not rescind the transaction was minimal, since the calculation of damages would be based on the amount that would have been \"recoverable upon a tender\" ofthe securities. The court held that summary judgment on the issue ofdamages was inappropriate because there were genuine issues of disputed fact as to which transactions, if any, involved the sale of securities \"by means of\" the misstatements contained in the business plan.In reaching this conclusion, the court explained that although Section 410(a)(2) does not require a plaintiff to prove reliance or loss causation, the investor must nevertheless prove that each sale of securities for which it seeks damages was made in connection with the misrepresentation. (In re Access Cardiosystems, Inc., 2010 WL 4053614 (Bkrtcy. D. Mass. Oct. 14, 2010)) Attendance at Executive Committee Meetings Insufficient to SatisfyGroup Pleading Doctrine <b>The U.S. District Court for the Southern District of New York recently granted defendants' motions to dismiss a consolidated class action asserting claims for securities fraud in violation of Section 10(b) of the Securities Exchange Act of 1934 and Rule 10b-5 brought by shareholders of Celestica, Inc., a Canadian electronics corporation, against the company and its former officers, as well as against Onex Corporation, the largest controlling shareholder of Celestica, and Onex's CEO (together, the Onex defendants) based on, among other things, the plaintiffs' failure to plead fraud with the specificity required by Rule 9(b) of the Federal Rules of Civil Procedure.</b> Plaintiffs alleged that defendants disseminated materially false and misleading statements concerning Celestica's earnings, profitability and financial future during conference calls and in publicly filedfinancial documents, thereby artificially inflating Celestica's stock price to the ultimate detriment of its shareholders. In asserting the allegations of fraud against the Onex defendants, plaintiffs attempted to rely upon the \"group pleading doctrine\" to avoid application of Rule 9(b)'s requirement that a plaintiff identify the speaker of apurportedly fraudulent statement. The group pleading doctrine allowsplaintiffs to attribute misleading statements to the group of defendants who were responsible for creating, reviewing or approving the purportedly false statements prior to their dissemination. In support of their argument for applying the group pleading doctrine, plaintiffs asserted that the Onex CEO's regular attendance at executive committee meetings and the Onex defendants' significant holdings of Celestica securities enabled the Onex defendants to effectively control the company. As a result, the plaintiffs argued that the Onex defendants were sufficiently involved in the everyday business of the company to assume liability for any corporate misstatements. However, the court found these allegations did not establish that the Onex defendants had a \"direct day-to-day involvement in Celestica's business affairs and operations necessary for attribution\" of the statements to them. Thus, the court dismissed the complaint because the plaintiffs failed to allege the direct connection between the Onex defendants and the alleged misstatements necessary for application of the group pleading doctrine. (In re Celestica Inc. Securities Litigation, 1:07-cv-00312 (S.D.N.Y. October 14, 2010))</p>", "original_content": "<entry xmlns=\"http://www.w3.org/2005/Atom\"><id>urn:contentItem:51CS-K6K1-JCBJ-K423-00000-00</id><title>Corporate and Financial Weekly Digest - October 22, 2010.</title><published>2010-10-29T00:00:00Z</published><updated>2020-11-16T07:06:16Z</updated><author><name>LexisNexis</name></author><content type=\"application/xml\"><!--Transformation version 1.23--><articleDoc xmlns=\"\" xmlns:xsi=\"http://www.w3.org/2001/XMLSchema-instance\" xsi:noNamespaceSchemaLocation=\"http://www.lexisnexis.com/xmlschemas/content/public/articledoc/1/\" schemaVersion=\"1.8\" xml:lang=\"en\"><articleDocHead><itemInfo/></articleDocHead><nitf:body xmlns:nitf=\"http://iptc.org/std/NITF/2006-10-18/\"><nitf:body.head><nitf:hedline><nitf:hl1>Corporate and Financial Weekly Digest - October 22, 2010.</nitf:hl1></nitf:hedline></nitf:body.head><nitf:body.content><bodyText><p nitf:lede=\"true\">Edited by Robert L. Kohl and David A. Pentlow</p><p nitf:lede=\"true\">SEC/CORPORATE</p><p nitf:lede=\"true\">SEC Proposes Rules for Say-on-Pay and Investment Manager Proxy Vote Reporting</p><p nitf:lede=\"true\">On October 18, the Securities and Exchange Commission proposed newrules under Section 14A of the Securities Exchange Act of 1934, which was enacted by Section 951 of the Dodd-Frank Wall Street Reform andConsumer Protection Act. Section 14A requires public companies to conduct separate non-binding shareholder advisory votes to approve the named executive officer (NEO) compensation (say-on-pay) and the frequency of the say-on-pay vote (say-on-when). Section 14A also requires expanded, tabular format disclosure of executive compensation in connection with mergers or similar transactions (golden parachutes) and arelated separate advisory vote on golden parachutes in merger proxy statements. These requirements are effective for annual or special shareholder meetings occurring on or after January 21, 2011.</p><p>Inclusion of the say-on-pay or say-on-when proposal does not require the filing of a preliminary proxy statement. The proposed rules also require disclosure in Compensation Discussion and Analysis (CD&amp;A) whether, and if so, how companies have considered the results of previous say-on-pay votes. The proposed rules require that shareholders shall be given a separate say-on-when vote to determine the frequency of the say-on-pay vote, i.e., whether it shall be as often as every year, every other year or once every three years. The separate say-on-when vote must occur at least once every six years. Because companiesthat have received Troubled Asset Relief Program (TARP) funds are required to have annual say-on-pay votes, these companies are exempt from the requirement to include a say-on-when proposal until the company is no longer subject to the TARP restrictions. While the proposed rules require smaller reporting companies to include a say-on-pay vote, smaller reporting companies can continue to follow the scaled compensation disclosure requirements and are not required to include CD&amp;A.</p><p>The proposed rules also require institutional investment managers who are required to file Form 13F (generally those who manage publicly traded equity securities having an aggregate fair market value of at least $100 million) to file Form N-PX, Annual Report of Proxy Voting Record, by August 31 of each year to report the manager's votes relating to the say-on-pay, say-on-when and golden parachute matters described above. Form N-PX, which is currently required to be filed by registered management investment companies, is being amended for use by institutional investment managers as well.</p><p>The comment period for the proposed rules closes on November 18.</p><p>Click here and here to read the text of the proposed rules.</p><p>BROKER DEALER</p><p>FINRA Reminds Firms of Sales Practice Obligations for Commodity Futures-Linked Securities</p><p>The Financial Industry Regulatory Authority has issued a Regulatory Notice reminding firms of their sales practice obligations regarding securities that offer exposure to the commodities markets. FINRA cautions that firms must ensure that communications with the public about these securities are fair and balanced, that recommendations to customers are suitable and that firm registered representatives understand and can inform customers about these securities before recommending them. To meet these obligations, firms must train registered personnel about the characteristics, risks and rewards of these products before they allow their registered persons to sell the products to investors. Firms also must have adequate written supervisory procedures and controls in place reasonably designed to ensure that commodity-futures linked securities sales comply with applicable federal securities laws and FINRA rules.</p><p>Click here to read FINRA Regulatory Notice 10-51.</p><p>Content, Review and Filing Rules Now Apply to Certain Free WritingProspectuses</p><p>The content standards, principal review requirements and applicable filing requirements contained in NASD Rules 2210 and 2211 now applyto free writing prospectuses distributed by broker-dealers in a manner reasonably designed to lead to their broad unrestricted dissemination. Through FINRA Regulatory Notice 10-52, the Financial Industry Regulatory Authority has withdrawn previous interpretive guidance excluding such free writing prospectuses from these NASD rules, which establish standards for the content of broker-dealer communications with the public. According to FINRA, a free writing prospectus distributedby a broker-dealer in a manner reasonably designed to lead to its broad unrestricted dissemination presents the same investor protection concerns as communications regulated by these rules, which are designed to ensure that communications with the public by broker-dealers are fair, balanced and not misleading.</p><p>Click here to read FINRA Regulatory Notice 10-52.</p><p>PRIVATE INVESTMENT FUNDS</p><p>SEC Charges Hedge Fund Managers with Fraud for Side Pocket Valuation and Theft of Investor Assets</p><p>The Securities and Exchange Commission filed a complaint on October 19 in the U.S. District Court for the Northern District of Georgia against hedge fund portfolio managers Paul Mannion, Jr. and Andrew Reckles and their investment advisory entities, PEF Advisors LLC and PEF Advisors Ltd., for defrauding investors in the Palisades Master Fund, L.P. According to the complaint, Mr. Mannion and Mr. Reckles knowingly or recklessly overvalued Fund investments that they placed in a \"side pocket\" and charged excessive management fees to the Fund whilesimultaneously selling millions of dollars worth of the same securities from their personal accounts. The complaint also alleges that thedefendants stole and exercised warrants belonging to the Fund, misappropriated investor cash and securities on other occasions to make personal investments, and made material misrepresentations regarding their short trading positions in order to participate in a PIPE transaction. The SEC is charging defendants with violations of Section 10(b)of the Securities Exchange Act of 1934 and Rule 10b-5 thereunder, and Sections 206(1) and 206(2) of the Investment Advisers Act of 1940, and is seeking injunctive relief, disgorgement of profits, prejudgment interest and financial penalties.</p><p>To read the SEC's press release, click here. To read the SEC's complaint, click here.</p><p>CFTC</p><p>CFTC to Hold Open Meeting on Third Series of Proposed Rules under Dodd-Frank Act</p><p>The Commodity Futures Trading Commission has announced that it will be holding a public meeting on Tuesday, October 26 at 9:30 a.m. Eastern to consider the issuance of several proposed rulemakings. Proposed rulemakings under the Dodd-Frank Wall Street Reform and Consumer Protection Act that will be discussed at the meeting include:</p><p>prohibition of market manipulation and disruptive trade practices;</p><p>provisions common to registered entities;</p><p>removing any reference to or reliance on credit ratings in CFTC regulations and proposing alternatives; and</p><p>process of review of swaps for mandatory clearing.</p><p>In addition, the CFTC will consider one proposed rulemaking not arising out of the Dodd-Frank Act involving CFTC Rule 1.25, the investment of customer funds and funds held in an account for foreign futures and foreign options transactions.</p><p>The meeting will be webcast on the Internet, and the audio feed ofthe meeting will be available on a listen-only conference call.</p><p>The webcast of the meeting can be accessed at <url normalizedValue=\"http://www.cftc.gov\">www.cftc.gov</url>. The listen-only conference call can be dialed in to at 1-866-844-9416, witha pass code of 28228.</p><p>The Federal Register releases concerning the proposed rulemakings to be discussed can be accessed here.</p><p>CFTC Launches Online Form for Submitting Comments</p><p>The Commodity Futures Trading Commission has introduced an online form through which comments to Federal Register releases and industryfilings may be submitted. The online form for submitting comments can be accessed here.</p><p>Comments submitted will become part of the public record and will be published on the CFTC's website without prior review and without the removal of any personally identifying or other sensitive information. Therefore, commenters should not submit information that they wish to remain confidential or not be disclosed to the public.</p><p>The CFTC press release regarding the new online comment form can be found here.</p><p>INVESTMENT COMPANIES AND INVESTMENT ADVISERS</p><p>SEC Proposes Rule to Exclude Family Offices from Regulation as Investment Advisers</p><p>The Securities and Exchange Commission has proposed Rule 202(a)(11)(G)-1 under the Investment Advisers Act of 1940, as amended (Advisers Act), to define \"family offices\" that would be excluded from the definition of \"investment adviser.\" The proposed rule was mandated in Section 409 of the Dodd-Frank Wall Street Reform and Consumer Protection Act of 2010 (the Act).</p><p>Family offices are established by wealthy families to manage theirwealth, plan for their families' financial future and provide other services to family members. Absent an exclusion, family offices wouldtypically fall under the definition of investment adviser under the Advisers Act.</p><p>Many family offices have previously relied on the exemption from registration under the Advisers Act in Section 203(b)(3) for an investment adviser who during the course of the preceding 12 months has hadfewer than 15 clients and who neither holds itself out generally to the public as an investment adviser nor acts as an investment adviserto any investment company or business development company. The Act eliminated the exemption contained in Section 203(b)(3), effective July 21, 2011.</p><p>The proposed rule is intended to codify the exemptive orders that the SEC has issued to family offices and generally would be limited to family offices (1) that provide advice about securities only to family clients, (2) that family members own and control, and (3) that donot hold themselves out to the public as an investment adviser. Family members would generally include the following:</p><p>founders (i.e., a natural person and his or her spouse or spousal equivalent for whose benefit the family office was established and any subsequent spouse of such individuals), their lineal descendants (including by adoption and stepchildren), and such lineal descendants' spouses or spousal equivalents;</p><p>parents of the founders; and</p><p>siblings of the founders and such siblings' spouses or spousal equivalents and their lineal descendants (including by adoption and stepchildren) and such lineal descendants' spouses or spousal equivalents.</p><p>The definition of family member differs from or expands upon previous SEC exemptive orders by considering stepchildren as lineal descendants and spousal equivalents in addition to spouses and parents of the founders as family members.</p><p>Family clients would generally include any (1) family member, (2) certain key employees, (3) charities established and funded exclusively by one or more family members or former family members, (4) trust or estate existing for the sole benefit of one or more family clients, and (5) entities owned and controlled exclusively by, and operated for the sole benefit of, one or more family members. Former family members including former spouses, spousal equivalents and stepchildren and certain former key employees would be considered family clients to the extent of any investments held through the family office at thetime they became a former family member or former key employee. In the event assets under the management of a family office are involuntarily transferred to a person who is not a family client, the family office could continue to advise such client for four months following the transfer of any such asset without effecting its exclusion from the definition of investment company.</p><p>The Advisers Act and the proposed rule both contain a \"grandfathering clause\" that precludes the SEC from excluding certain family offices from the definition that provide investment advice to certain clients and had provided investment advice to those clients before January 1, 2010.</p><p>Comments on the proposed rule are due November 18. The SEC releaseannouncing the proposed rule may be found here.</p><p>LITIGATION</p><p>Fact Inquiry Necessary to Determinate Which Sales of Securities Were \"By Means Of\" Misstatements</p><p>The U.S. Bankruptcy Court for the District of Massachusetts recently denied a motion for summary judgment on the issue of damages by investors in Access Cardiosystems, Inc. against one of the defendants, Randall Fincke. The investors had asserted claims against Mr. Fincke under the Massachusetts version of the Uniform Securities Act, Section 410(a)(2) of the Massachusetts General Laws, which creates \"civil liability for sales [of securities] by means of fraud or misrepresentation.\" Section 410(a)(2) is almost identical to Section 12(2) of the Securities Act of 1933 and, in reaching its decision, the court relied upon both federal case law as well as case law from other states interpreting the Uniform Securities Act.</p><p>In 2009, the court ruled that Mr. Fincke made a material misstatement in a business plan when he stated that Access had been advised byits patent counsel that its product did not infringe on any patents known to counsel without having sought or received any such advice. Following this decision on liability, four of Access's individual investors moved for summary judgment on the issue of damages, seeking to rescind all of their investment transactions and recover their total investment in the company.</p><p>The court found that rescission was not an available remedy because the investors no longer owned the securities and therefore could not tender those securities. However, as the court pointed out, the practical effect of its ruling that the investors could not rescind the transaction was minimal, since the calculation of damages would be based on the amount that would have been \"recoverable upon a tender\" ofthe securities. The court held that summary judgment on the issue ofdamages was inappropriate because there were genuine issues of disputed fact as to which transactions, if any, involved the sale of securities \"by means of\" the misstatements contained in the business plan.In reaching this conclusion, the court explained that although Section 410(a)(2) does not require a plaintiff to prove reliance or loss causation, the investor must nevertheless prove that each sale of securities for which it seeks damages was made in connection with the misrepresentation. (In re Access Cardiosystems, Inc., 2010 WL 4053614 (Bkrtcy. D. Mass. Oct. 14, 2010))</p><p>Attendance at Executive Committee Meetings Insufficient to SatisfyGroup Pleading Doctrine</p><p>The U.S. District Court for the Southern District of New York recently granted defendants' motions to dismiss a consolidated class action asserting claims for securities fraud in violation of Section 10(b) of the Securities Exchange Act of 1934 and Rule 10b-5 brought by shareholders of Celestica, Inc., a Canadian electronics corporation, against the company and its former officers, as well as against Onex Corporation, the largest controlling shareholder of Celestica, and Onex's CEO (together, the Onex defendants) based on, among other things, the plaintiffs' failure to plead fraud with the specificity required by Rule 9(b) of the Federal Rules of Civil Procedure.</p><p>Plaintiffs alleged that defendants disseminated materially false and misleading statements concerning Celestica's earnings, profitability and financial future during conference calls and in publicly filedfinancial documents, thereby artificially inflating Celestica's stock price to the ultimate detriment of its shareholders. In asserting the allegations of fraud against the Onex defendants, plaintiffs attempted to rely upon the \"group pleading doctrine\" to avoid application of Rule 9(b)'s requirement that a plaintiff identify the speaker of apurportedly fraudulent statement. The group pleading doctrine allowsplaintiffs to attribute misleading statements to the group of defendants who were responsible for creating, reviewing or approving the purportedly false statements prior to their dissemination.</p><p>In support of their argument for applying the group pleading doctrine, plaintiffs asserted that the Onex CEO's regular attendance at executive committee meetings and the Onex defendants' significant holdings of Celestica securities enabled the Onex defendants to effectively control the company. As a result, the plaintiffs argued that the Onex defendants were sufficiently involved in the everyday business of the company to assume liability for any corporate misstatements. However, the court found these allegations did not establish that the Onex defendants had a \"direct day-to-day involvement in Celestica's business affairs and operations necessary for attribution\" of the statements to them. Thus, the court dismissed the complaint because the plaintiffs failed to allege the direct connection between the Onex defendants and the alleged misstatements necessary for application of the group pleading doctrine. (In re Celestica Inc. Securities Litigation, 1:07-cv-00312 (S.D.N.Y. October 14, 2010))</p><p>UK DEVELOPMENTS</p><p>Market Abuse Fine Increased by Appeal Tribunal</p><p>On October 20, the Financial Services and Markets Tribunal issued its decision in the matter of Andre Jean Scerri and the UK Financial Services Authority (FSA). Mr. Scerri's fine was increased from [pounds]46,062.50 to [pounds]66,062.50 (roughly $104,276).</p><p>Mr. Scerri was a private investor in Amerisur Resources plc. On May 23, 2007, he was given inside information by another private investor that an order had been placed for the following day at discounted prices (the Placing). Mr. Scerri immediately cancelled his order to increase his position in Amerisur. After Amerisur's broker formally made him an insider in the Placing, Mr. Scerri sold his remaining positions before the public announcements. He then rebuilt the majority ofhis position by buying back at discounted prices. The disgorgement represents the difference between the two prices.</p><p>The FSA initially decided not to impose the penalty of [pounds]20,000 (roughly $31,500) due to Mr. Scerri's financial hardship. However, the Tribunal found that his evidence had been incomplete and misleading and that his hardship had been self-induced (due to making hundreds of unsuccessful trades after being notified by the FSA of their proposed penalty).</p><p>To read more, click here.</p><p>FSA Publishes Policy Statement on the Client Assets Sourcebook</p><p>On October 20, the UK Financial Services Authority (FSA) publishedits Policy Statement (10/16) on the Client Assets Sourcebook (Enhancements) Instrument 2010.</p><p>The policy statement is relevant to regulated investment firms whohold the relevant client assets and money permissions, as well as their senior management and staff with client money and/or asset responsibility, their trade associations and firms who intend to hold or control client money.</p><p>Despite mixed feedback, the FSA broadly intends to proceed with proposals which were contained in CP10/9 Enhancing the Client Assets Sourcebook (CASS) (issued in March 2010). The FSA proposed:</p><p>disclosure annexes for prime brokerage agreements;</p><p>daily reports to prime brokerage clients;</p><p>reduced maximum placements of client money with banks in the same corporate group as the relevant broker;</p><p>prohibiting general liens in custodial agreements;</p><p>establishing a CASS operational oversight controlled function; and</p><p>bringing back the requirement to produce client money and asset returns.</p><p>The rules detailed in the policy statement will come into force in2011.</p><p>The full policy statement can be found here.</p><p>HM Treasury Announces Bank Levy Legislation</p><p>On October 21, the UK Government published draft legislation on the bank levy. The draft details how the levy will work prior to implementation of final legislation (due to be published by the end of 2010).</p><p>The Government's proposals are based on the International MonetaryFund's Report to the G20, \"A Fair and Substantial Contribution by the Financial Sector,\" which suggested a broad balance sheet charge. Itis hoped that the bank levy will encourage less risky funding and will aid the wider agenda to improve regulatory standards and enhance financial stability.</p><p>For more information on the draft legislation, click here.</p><p>EU DEVELOPMENTS</p><p>European Council Announces Agreement on AIFMD</p><p>On October 19, the Economic and Financial Affairs Council of the European Union (ECOFIN) published a press release announcing that agreement had been reached on the Alternative Investment Fund Managers Directive (AIFMD). The Council hopes for a final text of the AIFMD to be before the European Parliament by November 10 (which would give an implementation deadline of early 2013 for member states).</p><p>The ECOFIN proposal appears to be based on the compromise proposalreleased on October 15 by the Belgian presidency of the EU Council (the Proposal). The Proposal sets out a dual system allowing non-EU managers to apply for a passport from 2015, while EU managers would be able to obtain a passport from implementation. The existing private placement regime would be replaced by this system in 2018 if the passport for non-EU managers was successful.</p><p>Under the Proposal, funds managed by EU managers must have depositaries, which must be liable to the fund, or to investors, for the loss of any financial instruments which they hold for the fund. This liability remains even where responsibility for custody has been delegated to a third party.</p><p>For more information, click here.</p><p>Click here to read an October 20 Katten Client Advisory on the AIFMD.</p><p>* Click here to access the Corporate and Financial Weekly Digest archive.</p><p>The content of this article is intended to provide a general guideto the subject matter. Specialist advice should be sought about yourspecific circumstances.</p><p>Katten Muchin Rosenman LLP</p><p>525 West Monroe Street</p><p>Suite 1600</p><p>Chicago</p><p>IL 60661</p><p>UNITED STATES</p><p>E-mail: <email normalizedValue=\"mailto:Christina.stratinsky@kattenlaw.com\">Christina.stratinsky@kattenlaw.com</email></p><p>URL: <url normalizedValue=\"http://www.kattenlaw.com\">www.kattenlaw.com</url></p><p>Click Here for related articles</p><p>(c) Mondaq Ltd, 2010 - Tel. +44 (0)20 8544 8300 - <url normalizedValue=\"http://www.mondaq.com\">http://www.mondaq.com</url></p></bodyText></nitf:body.content></nitf:body><metadata><dc:metadata xmlns:dc=\"http://purl.org/dc/elements/1.1/\"><dc:identifier identifierScheme=\"DOC-ID\">ASAPII-</dc:identifier><dc:source sourceScheme=\"royaltyReportingKey\">ASAP 240818320</dc:source><dc:identifier identifierScheme=\"PGUID\">urn:contentItem:51CS-K6K1-JCBJ-K423-00000-00</dc:identifier><dc:source sourceScheme=\"productContentSetIdentifier\">140610</dc:source><dc:date dateType=\"last-updated\">2020-05-02</dc:date></dc:metadata><wordCount number=\"3682\"/><publicationInfo><copyright>Copyright 2010 Gale Group, Inc.<br/>All Rights Reserved</copyright><copyright>Copyright 2010 Mondaq Ltd.</copyright><publicationName>Mondaq Business Briefing</publicationName><aggregationName>ASAP</aggregationName><publicationDate day=\"29\" month=\"10\" year=\"2010\"><dateText>October 29, 2010</dateText></publicationDate><classification classificationScheme=\"publicationtype\"><classificationItem><className>Newswire</className></classificationItem></classification><classification classificationScheme=\"publicationtype\"><classificationItem><className>Aggregate News Sources</className></classificationItem></classification></publicationInfo><classification classificationScheme=\"language\"><classificationItem classificationScheme=\"lang.english\"><className>ENGLISH</className></classificationItem></classification><classificationGroup classificationScheme=\"indexing-terms\"><classification classificationScheme=\"organization\"><classificationItem score=\"94\"><className>SECURITIES &amp; EXCHANGE COMMISSION</className></classificationItem></classification></classificationGroup><classificationGroup classificationScheme=\"licensor.indexing-terms\"><classification classificationScheme=\"licensor.country\"><classificationItem><className>United States</className></classificationItem></classification><classification classificationScheme=\"licensor.industry\"><classificationItem><className>INTL Business, international</className></classificationItem></classification><classification classificationScheme=\"licensor.organization\"><classificationItem><className>United States. Securities and Exchange Commission Laws, regulations and rules</className></classificationItem></classification><classification classificationScheme=\"licensor.product\"><classificationItem><className>(Management Compensation)</className></classificationItem></classification><classification classificationScheme=\"licensor.subject\"><classificationItem><className>General</className></classificationItem><classificationItem><className>Trade</className></classificationItem><classificationItem><className>Executive compensation Laws, regulations and rules</className></classificationItem><classificationItem><className>Publicly held corporations Laws, regulations and rules</className></classificationItem><classificationItem><className>Publicly held corporations Investor relations</className></classificationItem></classification><classification classificationScheme=\"licensor.general-terms\"><classificationItem><className>EVENT: Laws, regulations and rules</className></classificationItem><classificationItem><className>EVENT: Investor relations</className></classificationItem><classificationItem><className>CROSS-OVER: TNI</className></classificationItem></classification></classificationGroup><classificationGroup classificationScheme=\"indexing-terms\"><classification classificationScheme=\"legal\"><classificationItem><className>Banking Law</className><classCode>Z3VpZD11cm46dG9waWM6QjQyMUFCOUJBNURBNEFDREE3MTNCNDk5QkQ4NUM3RjI7cGFyZW50Z3VpZD0</classCode><classificationItem score=\"66\"><className>Regulatory Conversion</className><classCode>Z3VpZD11cm46dG9waWM6OUExQjU3NThFNDA2NDJENzlEMjc4MDc3MzU1Mjk3NDk7cGFyZW50Z3VpZD11cm46dG9waWM6MEYzNTBDMDYwNTkyNDUyODlGQTJEMEQyMTZDOEE0MkY</classCode></classificationItem></classificationItem><classificationItem><className>Business &amp; Corporate Compliance</className><classCode>Z3VpZD11cm46dG9waWM6MUFEMUQ2QTA1OUZCNEE5RjkzNTA2RERFMUNEOTk1RTI7cGFyZW50Z3VpZD0</classCode><classificationItem score=\"51\"><className>Commodity Exchange Act</className><classCode>Z3VpZD11cm46dG9waWM6Qzc3NjY0OTI5OTAyNDc5NzlGQjM0REZBNUNFOUY3Qzk7cGFyZW50Z3VpZD11cm46dG9waWM6NkVDMzM4QkJENTg3NDQ0RDg3NTA5OEM3RkMyQTlENDI</classCode></classificationItem><classificationItem score=\"53\"><className>Investment Advisers Act</className><classCode>Z3VpZD11cm46dG9waWM6MTYwNzNBODY0MERBNDQ5RTlCRDU2NEU4NUI4QzE1NDM7cGFyZW50Z3VpZD11cm46dG9waWM6ODQ2M0Q5NUExRUZENEY2NDkzMzlDMDVFNjFCNTY3MTQ</classCode></classificationItem><classificationItem score=\"66\"><className>Regulatory Conversion</className><classCode>Z3VpZD11cm46dG9waWM6OUExQjU3NThFNDA2NDJENzlEMjc4MDc3MzU1Mjk3NDk7cGFyZW50Z3VpZD11cm46dG9waWM6MEYzNTBDMDYwNTkyNDUyODlGQTJEMEQyMTZDOEE0MkY</classCode></classificationItem><classificationItem score=\"50\"><className>Uniform Securities Act</className><classCode>Z3VpZD11cm46dG9waWM6QTMwNzFDODM0OTU0NDgzRUI2QTRCMzJBNEUyNzYzRUY7cGFyZW50Z3VpZD11cm46dG9waWM6NUVEMzEzOENBNTZGNDQ1RThEODQzODc2ODY3NDhDNDY</classCode></classificationItem></classificationItem><classificationItem><className>Civil Procedure</className><classCode>Z3VpZD11cm46dG9waWM6MzUxNjJDMEQ5N0YwNDMzM0JDMjEzM0UzOTYzMzI3OTU7cGFyZW50Z3VpZD0</classCode><classificationItem score=\"50\"><className>Evidentiary Considerations</className><classCode>Z3VpZD11cm46dG9waWM6MUI5Q0FGMzZDRkNBNEFDOEE2NzY3QjUzQjNFQkEwRjA7cGFyZW50Z3VpZD11cm46dG9waWM6RUFDMTFEMTZDQzU4NEIyNUE2NTJGMTdBODA4MTUyOEU</classCode></classificationItem><classificationItem score=\"79\"><className>General Overview</className><classCode>Z3VpZD11cm46dG9waWM6OTA4OTc1RTI1OEMzNDIzQkE3OEM1NkU3REI1RDk0NjM7cGFyZW50Z3VpZD11cm46dG9waWM6MUQ0ODlENjkzQ0I1NDVFRTkyMjBCNkY0NEYzQTdFQzI</classCode></classificationItem><classificationItem score=\"79\"><className>General Overview</className><classCode>Z3VpZD11cm46dG9waWM6RDFDMUI4NkZBNTdDNEY0REJCODBBRDZCNEMyNTMwNDU7cGFyZW50Z3VpZD11cm46dG9waWM6MURCMjE3NjQxRjAzNEQ0MzgwM0UzRDkyNzE3OTE3ODE</classCode></classificationItem><classificationItem score=\"50\"><className>Memoranda in Opposition</className><classCode>Z3VpZD11cm46dG9waWM6NkQ2RjQyMkYwNDVBNDk2QUE1RDBFODYyMDVBMzFFNjc7cGFyZW50Z3VpZD11cm46dG9waWM6Q0M4NUE1NUNFRkQyNDc3QkJGQ0M1RTBDODZDOTFGNkI</classCode></classificationItem></classificationItem><classificationItem><className>Governments</className><classCode>Z3VpZD11cm46dG9waWM6MjdEQjE4OUJDMzQxNDNEMEI0RTI1QUFCMzJENjEwRTA7cGFyZW50Z3VpZD0</classCode><classificationItem score=\"51\"><className>Commodity Exchange Act</className><classCode>Z3VpZD11cm46dG9waWM6Qzc3NjY0OTI5OTAyNDc5NzlGQjM0REZBNUNFOUY3Qzk7cGFyZW50Z3VpZD11cm46dG9waWM6NkVDMzM4QkJENTg3NDQ0RDg3NTA5OEM3RkMyQTlENDI</classCode></classificationItem></classificationItem><classificationItem><className>Mergers &amp; Acquisitions Law</className><classCode>Z3VpZD11cm46dG9waWM6QjRDRTUzQzBCMEIyNDU5QkE4QjFDMEE2Qjg2MUZDOTk7cGFyZW50Z3VpZD0</classCode><classificationItem score=\"50\"><className>Securities Laws</className><classCode>Z3VpZD11cm46dG9waWM6MjJEQkYwRjM1QURFNEY0Q0JFMEEzNTZGMUZFMzQ1ODk7cGFyZW50Z3VpZD11cm46dG9waWM6REI4N0I1RTY4NjJENDMwNDg0NzBCNTRGMjA0OERDN0U</classCode></classificationItem></classificationItem><classificationItem><className>Securities Law</className><classCode>Z3VpZD11cm46dG9waWM6RkFFMTQ3ODhCRDYyNDkyN0IwQkEyQzRCRDlFMEM5ODc7cGFyZW50Z3VpZD0</classCode><classificationItem score=\"50\"><className>Administration &amp; Establishment</className><classCode>Z3VpZD11cm46dG9waWM6NzQzRUE1RjlGNkRENDQ1Nzk5RTU4RDhDRkI4ODg3OTE7cGFyZW50Z3VpZD11cm46dG9waWM6NTIwNDgzMTY4QzQ5NDYzOEE0Njg0ODk0QzZBNEZFNUM</classCode></classificationItem><classificationItem score=\"62\"><className>Authorities &amp; Powers</className><classCode>Z3VpZD11cm46dG9waWM6RTlDOEFBQUE1NEQ0NDMxRDlDRjc4RkY3MkQwNjcyQzg7cGFyZW50Z3VpZD11cm46dG9waWM6Njg1Q0QzNkVGODQ3NEIwMjhFN0M1OEE5QjE2N0RFRkE</classCode></classificationItem><classificationItem score=\"50\"><className>Causation</className><classCode>Z3VpZD11cm46dG9waWM6NzI1QzVDQTlCQUMwNENBRUEzQTBCNzQ3NDAxQjY2Qzc7cGFyZW50Z3VpZD11cm46dG9waWM6OTQ3MEUxRDc3RDk2NEUwNUE5Mjg3NDY2OTQxMjRCQjk</classCode></classificationItem><classificationItem score=\"91\"><className>Definitions</className><classCode>Z3VpZD11cm46dG9waWM6RTYxRUM2MDFCNDJENEM1OUEyMjZCRjgxQkFGNTA5QjA7cGFyZW50Z3VpZD11cm46dG9waWM6ODQ2M0Q5NUExRUZENEY2NDkzMzlDMDVFNjFCNTY3MTQ</classCode></classificationItem><classificationItem score=\"73\"><className>Distributions, Redemptions &amp; Repurchases</className><classCode>Z3VpZD11cm46dG9waWM6MEUwNDVCQTlEMDQ4NEUzRDg0NDA2RjQzRTg5MDRDMTM7cGFyZW50Z3VpZD11cm46dG9waWM6NEZBNjUwRkEwQjJGNDgzQzlEMzMyNEE1RDAyOTY4RkE</classCode></classificationItem><classificationItem score=\"80\"><className>Elements of Proof</className><classCode>Z3VpZD11cm46dG9waWM6Njc0NDk4MjIyOEI4NDRENUEyRENGRUMwQ0M1ODlEMkM7cGFyZW50Z3VpZD11cm46dG9waWM6MUQwNDEzOUYxMDhGNDBBQzkzQzkzNDUyQkU5ODExODg</classCode></classificationItem><classificationItem score=\"50\"><className>Exemptions</className><classCode>Z3VpZD11cm46dG9waWM6NzAxMTI5OTYyNTZCNDAwMzhBMjAyRURBNjI3MTVCRjc7cGFyZW50Z3VpZD11cm46dG9waWM6QjkwNDgyRTNBNTNDNDlEMzgxNUY5NTcwRTA3MzQxMjY</classCode></classificationItem><classificationItem score=\"80\"><className>Exemptions, Recordkeeping &amp; Registration</className><classCode>Z3VpZD11cm46dG9waWM6QjkwNDgyRTNBNTNDNDlEMzgxNUY5NTcwRTA3MzQxMjY7cGFyZW50Z3VpZD11cm46dG9waWM6ODQ2M0Q5NUExRUZENEY2NDkzMzlDMDVFNjFCNTY3MTQ</classCode></classificationItem><classificationItem score=\"81\"><className>Fraudulent Artifices, Devices &amp; Schemes</className><classCode>Z3VpZD11cm46dG9waWM6REU5RTJFMUVEMjBFNDRGOEI4MDI1MkFFOTIzMDMzM0U7cGFyZW50Z3VpZD11cm46dG9waWM6QzU5RTE2QUZBMzQxNDk5QzhGNDY4QUMzRDZBN0UxRjI</classCode></classificationItem><classificationItem score=\"50\"><className>Free Writing Prospectuses</className><classCode>Z3VpZD11cm46dG9waWM6RDQ0OTYxRjkzNEZENDc0Mzg3MTE4M0MwM0IzQUUwODU7cGFyZW50Z3VpZD11cm46dG9waWM6OUI0RTE2QzkwMjc3NERENDgwOTBDNzIyMUVGNEI1Njk</classCode></classificationItem><classificationItem score=\"92\"><className>General Overview</className><classCode>Z3VpZD11cm46dG9waWM6Q0QyMUU5RUQ3QjRENEJEMDgxQjY4MTZFOEM5NTU4Qzg7cGFyZW50Z3VpZD11cm46dG9waWM6RUIzQjA3MTA3NDFENDVGNkIzNjVEM0IwNDNDMTkxOEQ</classCode></classificationItem><classificationItem score=\"89\"><className>General Overview</className><classCode>Z3VpZD11cm46dG9waWM6MTNEMkEzNEY5MjYyNDRFMUIxN0NFQTlDMzg1RDVGNTU7cGFyZW50Z3VpZD11cm46dG9waWM6ODQ2M0Q5NUExRUZENEY2NDkzMzlDMDVFNjFCNTY3MTQ</classCode></classificationItem><classificationItem score=\"81\"><className>General Overview</className><classCode>Z3VpZD11cm46dG9waWM6RjFFRjUwQzMzNjVBNDI4Mjk0QTk1Rjg2QzY3MzJBMjI7cGFyZW50Z3VpZD11cm46dG9waWM6MDQ2QjczQUU0QjIwNDg0NUJFM0RFRjg0NkQ2NTk5Mjk</classCode></classificationItem><classificationItem score=\"50\"><className>General Overview</className><classCode>Z3VpZD11cm46dG9waWM6NTBGQTg1QUM3RDIwNDI2NjhCNjFBNjZDNkYwMzE5QkQ7cGFyZW50Z3VpZD11cm46dG9waWM6NEZBNjUwRkEwQjJGNDgzQzlEMzMyNEE1RDAyOTY4RkE</classCode></classificationItem><classificationItem score=\"50\"><className>Institutional Investment Managers</className><classCode>Z3VpZD11cm46dG9waWM6MTA0OEY0MEQxQjU0NEI5MjgyQjkxOUMwRTdCNTI2NDY7cGFyZW50Z3VpZD11cm46dG9waWM6QUU1RjEzM0E1ODBGNEY3ODhBMDNEQUI2QzY2NzdFQTA</classCode></classificationItem><classificationItem score=\"53\"><className>Investment Advisers Act</className><classCode>Z3VpZD11cm46dG9waWM6MTYwNzNBODY0MERBNDQ5RTlCRDU2NEU4NUI4QzE1NDM7cGFyZW50Z3VpZD11cm46dG9waWM6ODQ2M0Q5NUExRUZENEY2NDkzMzlDMDVFNjFCNTY3MTQ</classCode></classificationItem><classificationItem score=\"50\"><className>Legislative Intent</className><classCode>Z3VpZD11cm46dG9waWM6OTM1MjM2OTU1NEFENDczNUJERkJFMDkwQzNCOEU4OTI7cGFyZW50Z3VpZD11cm46dG9waWM6RDE4RDg3MEU3MzRGNEIyMkE5NkI5OEI3QzlBMDEwNjY</classCode></classificationItem><classificationItem score=\"50\"><className>Penalties for Knowing &amp; Willful Violations</className><classCode>Z3VpZD11cm46dG9waWM6NzUxN0E4RjY1RDgyNEQ5MTlCOURBMjNCMUZFMUE3OTA7cGFyZW50Z3VpZD11cm46dG9waWM6NTIwNDgzMTY4QzQ5NDYzOEE0Njg0ODk0QzZBNEZFNUM</classCode></classificationItem><classificationItem score=\"50\"><className>Prejudgment Interest</className><classCode>Z3VpZD11cm46dG9waWM6RTEzNDBGNkMxMTNCNDE4M0FGMDNBNjZDNzU5RjgyNTc7cGFyZW50Z3VpZD11cm46dG9waWM6NkZBM0YyRjM0M0UwNDlEOTlCOTAxMzk3MUYxMDYzQkQ</classCode></classificationItem><classificationItem score=\"55\"><className>Proxy Statements</className><classCode>Z3VpZD11cm46dG9waWM6MTZBMzg1ODkzOUY2NDJBQzg3OEY4MUYxNkEwNjZFQzg7cGFyZW50Z3VpZD11cm46dG9waWM6NjUzNTZBOEYwQUE0NEJGNzlCRjc3NTMyNDU5Qzc2MUU</classCode></classificationItem><classificationItem score=\"55\"><className>Registration &amp; Reporting</className><classCode>Z3VpZD11cm46dG9waWM6MjM5QUE4MDZFQkZCNEI1RThFOTVGNjdEQTcyNUMwQzg7cGFyZW50Z3VpZD11cm46dG9waWM6NEZBNjUwRkEwQjJGNDgzQzlEMzMyNEE1RDAyOTY4RkE</classCode></classificationItem><classificationItem score=\"85\"><className>Registration &amp; Revocation</className><classCode>Z3VpZD11cm46dG9waWM6MDRFRjIzQ0I5NEY2NEFFNjg3MkVCQ0NFQTQwRTVDOEI7cGFyZW50Z3VpZD11cm46dG9waWM6QUE5REYwNEVDOTM1NDI1MUI4MzI5RkQzQzcyRDYzRjM</classCode></classificationItem><classificationItem score=\"50\"><className>Rules &amp; Regulations</className><classCode>Z3VpZD11cm46dG9waWM6QzdCQzg5QTJGMDJENDg5REFERkNDRTY3MTM2QkYyMjQ7cGFyZW50Z3VpZD11cm46dG9waWM6NUQ0NUZCREI1NkY2NDA3NDk4NzdFQ0I5MDIxQTc3NjQ</classCode></classificationItem><classificationItem score=\"50\"><className>SEC Enforcement</className><classCode>Z3VpZD11cm46dG9waWM6RUU5MDlGQzE2RjAxNEVENzk4NTg1NTVENEYxRDVFMDQ7cGFyZW50Z3VpZD11cm46dG9waWM6ODQ2M0Q5NUExRUZENEY2NDkzMzlDMDVFNjFCNTY3MTQ</classCode></classificationItem><classificationItem score=\"57\"><className>Scope of Duty to Disclose</className><classCode>Z3VpZD11cm46dG9waWM6NDI0NDdGMTQzOEExNEJENTk5MDlBRTg1MDAxMkEwMDk7cGFyZW50Z3VpZD11cm46dG9waWM6NjUzNTZBOEYwQUE0NEJGNzlCRjc3NTMyNDU5Qzc2MUU</classCode></classificationItem><classificationItem score=\"50\"><className>Uniform Securities Act</className><classCode>Z3VpZD11cm46dG9waWM6QTMwNzFDODM0OTU0NDgzRUI2QTRCMzJBNEUyNzYzRUY7cGFyZW50Z3VpZD11cm46dG9waWM6NUVEMzEzOENBNTZGNDQ1RThEODQzODc2ODY3NDhDNDY</classCode></classificationItem></classificationItem></classification><classification classificationScheme=\"subject\"><classificationItem score=\"99\"><classCode>STX000667</classCode><className>EXECUTIVE COMPENSATION</className><classCode/><className/></classificationItem><classificationItem score=\"92\"><classCode>N926150GM</classCode><className>SECURITIES LAW</className><classCode>Z3VpZD11cm46dG9waWM6RkFFMTQ3ODhCRDYyNDkyN0IwQkEyQzRCRDlFMEM5ODc7cGFyZW50Z3VpZD11cm46dG9waWM6MUFEMUQ2QTA1OUZCNEE5RjkzNTA2RERFMUNEOTk1RTI</classCode><className>Securities</className></classificationItem><classificationItem score=\"91\"><classCode>ST000DJCJ</classCode><className>SHAREHOLDER PROXIES</className><classCode/><className/></classificationItem><classificationItem score=\"91\"><classCode>STX001976</classCode><className>SECURITIES &amp; OTHER INVESTMENTS</className><classCode/><className/></classificationItem><classificationItem score=\"91\"><classCode>N926150GC</classCode><className>BANKING &amp; FINANCE REGULATION</className><classCode/><className/></classificationItem><classificationItem score=\"90\"><classCode>ST000A0EC</classCode><className>MERGERS</className><classCode>Z3VpZD11cm46dG9waWM6MkZCODBEQTBEMjdDNDA1Njk5NDIxQjQ3MThGQ0MyMUM7cGFyZW50Z3VpZD11cm46dG9waWM6QjRDRTUzQzBCMEIyNDU5QkE4QjFDMEE2Qjg2MUZDOTk</classCode><className>Mergers</className></classificationItem><classificationItem score=\"90\"><classCode>STX000037</classCode><className>AGENCY RULEMAKING</className><classCode>Z3VpZD11cm46dG9waWM6QkRFNDkwODkxNDVGNDI1NDg0RUU3RjREMTgwNEJEQzA7cGFyZW50Z3VpZD11cm46dG9waWM6NjMxMjc0MUIzQjkzNEM4MEI4NkZGQjVCREJCRDk4OUM</classCode><className>Agency Rulemaking</className></classificationItem><classificationItem score=\"90\"><classCode>STX001066</classCode><className>MANAGERS &amp; SUPERVISORS</className><classCode/><className/></classificationItem><classificationItem score=\"90\"><classCode>ST000D17D</classCode><className>NEWS BRIEFS</className><classCode/><className/></classificationItem><classificationItem score=\"90\"><classCode>STX001561</classCode><className>SHAREHOLDERS</className><classCode>Z3VpZD11cm46dG9waWM6NEI2QjYxNjkwMTkzNDhFRUExNjlFRjVFRUU3NDhBQkE7cGFyZW50Z3VpZD11cm46dG9waWM6MDQ3M0RFODczN0I4NDg2RjlFRDNFMUNBODRDQTU0Q0E</classCode><className>Shareholders</className></classificationItem><classificationItem score=\"90\"><classCode>N921100MM</classCode><className>US FEDERAL GOVERNMENT</className><classCode>Z3VpZD11cm46dG9waWM6MkM1MTYwRDE0NkJBNEVFMEIxQjM3RUE2NDRFQUFEODY7cGFyZW50Z3VpZD11cm46dG9waWM6MjdEQjE4OUJDMzQxNDNEMEI0RTI1QUFCMzJENjEwRTA</classCode><className>Federal Government</className></classificationItem><classificationItem score=\"90\"><classCode>STX001813</classCode><className>WAGES &amp; SALARIES</className><classCode/><className/></classificationItem><classificationItem score=\"89\"><classCode>N523920MM</classCode><className>INVESTMENT MANAGEMENT</className><classCode/><className/></classificationItem><classificationItem score=\"89\"><classCode>ST000A6IH</classCode><className>TROUBLED ASSET RELIEF PROGRAM</className><classCode/><className/></classificationItem><classificationItem score=\"78\"><classCode>STX001928</classCode><className>COMPANY ACTIVITIES &amp; MANAGEMENT</className><classCode/><className/></classificationItem><classificationItem score=\"78\"><classCode>ST0008X5Q</classCode><className>SHAREHOLDER MEETINGS</className><classCode>Z3VpZD11cm46dG9waWM6NTQzNjBDNjkzMDg4NEIxOEFERDREN0Y3RDM1MkRGNTA7cGFyZW50Z3VpZD11cm46dG9waWM6NEI2QjYxNjkwMTkzNDhFRUExNjlFRjVFRUU3NDhBQkE</classCode><className>Meetings &amp; Voting</className></classificationItem><classificationItem score=\"78\"><classCode>STX000094</classCode><className>ANNUAL REPORTS</className><classCode/><className/></classificationItem><classificationItem score=\"78\"><classCode>STX001669</classCode><className>TALKS &amp; MEETINGS</className><classCode/><className/></classificationItem><classificationItem score=\"78\"><classCode>ST000D1BY</classCode><className>EXECUTIVES</className><classCode/><className/></classificationItem><classificationItem score=\"78\"><classCode>ST0009SMZ</classCode><className>US SECURITIES EXCHANGE ACT OF 1934</className><classCode>Z3VpZD11cm46dG9waWM6RUIzQjA3MTA3NDFENDVGNkIzNjVEM0IwNDNDMTkxOEQ7cGFyZW50Z3VpZD11cm46dG9waWM6RkFFMTQ3ODhCRDYyNDkyN0IwQkEyQzRCRDlFMEM5ODc</classCode><className>Postoffering &amp; Secondary Distributions</className></classificationItem><classificationItem score=\"77\"><classCode>ST000A6LW</classCode><className>BAILOUT BONUSES</className><classCode/><className/></classificationItem><classificationItem score=\"77\"><classCode>ST0009QS2</classCode><className>REPORTS, REVIEWS &amp; SECTIONS</className><classCode/><className/></classificationItem><classificationItem score=\"73\"><classCode>STX000106</classCode><className>APPOINTMENTS</className><classCode/><className/></classificationItem><classificationItem score=\"73\"><classCode>STX000108</classCode><className>APPROVALS</className><classCode/><className/></classificationItem><classificationItem score=\"73\"><classCode>ST0009ZO4</classCode><className>CREDIT CRISIS</className><classCode/><className/></classificationItem></classification><classification classificationScheme=\"industry\"><classificationItem score=\"92\"><classCode>N926150GM</classCode><className>SECURITIES LAW</className><classCode>Z3VpZD11cm46dG9waWM6RkFFMTQ3ODhCRDYyNDkyN0IwQkEyQzRCRDlFMEM5ODc7cGFyZW50Z3VpZD11cm46dG9waWM6MUFEMUQ2QTA1OUZCNEE5RjkzNTA2RERFMUNEOTk1RTI</classCode><className>Securities</className></classificationItem><classificationItem score=\"91\"><classCode>N926150GC</classCode><className>BANKING &amp; FINANCE REGULATION</className><classCode/><className/></classificationItem><classificationItem score=\"91\"><classCode>STX001976</classCode><className>SECURITIES &amp; OTHER INVESTMENTS</className><classCode/><className/></classificationItem><classificationItem score=\"90\"><classCode>ST00096SY</classCode><className>INVESTOR RELATIONS</className><classCode/><className/></classificationItem><classificationItem score=\"89\"><classCode>N523920MM</classCode><className>INVESTMENT MANAGEMENT</className><classCode/><className/></classificationItem><classificationItem score=\"89\"><classCode>ST000A6IH</classCode><className>TROUBLED ASSET RELIEF PROGRAM</className><classCode/><className/></classificationItem><classificationItem score=\"78\"><classCode>ST000DB5N</classCode><className>US DODD FRANK ACT</className><classCode/><className/></classificationItem><classificationItem score=\"78\"><classCode>ST0009SMZ</classCode><className>US SECURITIES EXCHANGE ACT OF 1934</className><classCode>Z3VpZD11cm46dG9waWM6RUIzQjA3MTA3NDFENDVGNkIzNjVEM0IwNDNDMTkxOEQ7cGFyZW50Z3VpZD11cm46dG9waWM6RkFFMTQ3ODhCRDYyNDkyN0IwQkEyQzRCRDlFMEM5ODc</classCode><className>Postoffering &amp; Secondary Distributions</className></classificationItem><classificationItem score=\"73\"><classCode>ST000CFVF</classCode><className>2010 WALL STREET &amp; BANKING REFORM</className><classCode/><className/></classificationItem></classification></classificationGroup></metadata></articleDoc></content></entry>"}