{"prediction_class": "Offensive Social Behaviour", "prediction_score": "0.82", "name": "Suncor Energy", "title": "Suncor employee doesn't wish to transfer and seeks options; Mailbag offers refresher on workers'rights", "published": "2020-10-31T00:00:00Z", "updated": "2020-11-16T05:22:20Z", "cleaned_article": "[TITLE] Suncor employee doesn't wish to transfer and seeks options; Mailbag offers refresher on workers'rights [TITLE] \n\nQ: A friend was let go from work due to COVID-19 and given four months severance. The contract said if she finds a job within the four months her severance would stop. She found a job in two weeks. If she doesn't call them, how would they ever find out she got a job. And what happens if they keep paying her, and then find out? A: Depends on what she signed. It could be fraud. Based on the agreement, if she was warranting that she remained unemployed, she could be in great difficulty and, at the very least, could be successfully sued for the recovery of the money. Q: I am part of Suncor Energy Inc.'s Toronto team that's being moved to Calgary, but I do not want to move. Can I be forced to transfer? A: Unless there was a practice at Suncor to transfer employees at your level to other cities, at Suncor's discretion, or the employee had a contract permitting this, such a forced transfer is a constructive dismissal. Alternatively, if you refuse to transfer, it would be a wrongful dismissal. In either event, you would be entitled to likely 16 months of full compensation. Q: Can an employer reject me for a position at reception after asking for my photograph, because I am not good-looking enough. If it's only based on a woman's looks, how is that not discrimination based on sex/gender? A: Employers are free to discriminate based upon good looks as that's not prohibited grounds, as gender is, under human rights legislation. They are not discriminating based upon gender, such as if they said they would only hire a female. They are discriminating between good looking and less good-looking males and females. Most discrimination is perfectly legal. Only few grounds i.e. race, creed, gender, sexual orientation, religion, etc. specified in human rights discrimination constitute illegal discrimination.", "raw_cleaned_article": "<h2>Suncor employee doesn't wish to transfer and seeks options; Mailbag offers refresher on workers'rights</h2><p>Q: A friend was let go from work due to COVID-19 and given four months severance. The contract said if she finds a job within the four months her severance would stop. She found a job in two weeks. If she doesn't call them, how would they ever find out she got a job. And what happens if they keep paying her, and then find out? A: Depends on what she signed. It could be fraud. Based on the agreement, if she was warranting that she remained unemployed, she could be in great difficulty and, at the very least, could be successfully sued for the recovery of the money. <b>Q: I am part of Suncor Energy Inc.'s Toronto team that's being moved to Calgary, but I do not want to move. Can I be forced to transfer?</b> A: Unless there was a practice at Suncor to transfer employees at your level to other cities, at Suncor's discretion, or the employee had a contract permitting this, such a forced transfer is a constructive dismissal. Alternatively, if you refuse to transfer, it would be a wrongful dismissal. In either event, you would be entitled to likely 16 months of full compensation. Q: Can an employer reject me for a position at reception after asking for my photograph, because I am not good-looking enough. If it's only based on a woman's looks, how is that not discrimination based on sex/gender? A: Employers are free to discriminate based upon good looks as that's not prohibited grounds, as gender is, under human rights legislation. They are not discriminating based upon gender, such as if they said they would only hire a female. They are discriminating between good looking and less good-looking males and females. Most discrimination is perfectly legal. Only few grounds i.e. race, creed, gender, sexual orientation, religion, etc. specified in human rights discrimination constitute illegal discrimination.</p>", "original_content": "<entry xmlns=\"http://www.w3.org/2005/Atom\"><id>urn:contentItem:6163-1481-DY2T-F4MG-00000-00</id><title>Suncor employee doesn't wish to transfer and seeks options; Mailbag offers refresher on workers'rights</title><published>2020-10-31T00:00:00Z</published><updated>2020-11-16T05:22:20Z</updated><author><name>LexisNexis</name></author><content type=\"application/xml\"><!--Transformation version 1.23--><articleDoc xmlns=\"\" xmlns:xsi=\"http://www.w3.org/2001/XMLSchema-instance\" xsi:noNamespaceSchemaLocation=\"http://www.lexisnexis.com/xmlschemas/content/public/articledoc/1/\" schemaVersion=\"1.8\" xml:lang=\"en\"><articleDocHead><itemInfo><sourceSectionInfo><positionSection>FINANCIAL POST</positionSection><positionSequence>Pg. FP13</positionSequence></sourceSectionInfo><nitf:fixture xmlns:nitf=\"http://iptc.org/std/NITF/2006-10-18/\">Workplace Law</nitf:fixture></itemInfo></articleDocHead><nitf:body xmlns:nitf=\"http://iptc.org/std/NITF/2006-10-18/\"><nitf:body.head><nitf:hedline><nitf:hl1>Suncor employee doesn't wish to transfer and seeks options; Mailbag offers refresher on workers'rights</nitf:hl1></nitf:hedline><nitf:byline><author><person><nameText>Howard Levitt</nameText></person></author><nitf:byttl>Financial Post</nitf:byttl></nitf:byline></nitf:body.head><nitf:body.content><bodyText><p nitf:lede=\"true\">The questions I receive through this column and my radio show gives me invaluable insight into the changing nature of employer-employee relationships. The pandemic has left many companies scrambling to structurally alter their business models and that has had a direct impact on their employees. In addition, mergers, bankruptcies and cost-cutting measures undertaken by firms is also compelling many companies and workers to ask questions about their rights and legal recourse.</p><p nitf:lede=\"true\">Here is a sample of the questions I have received recently. Sometimes I answer your individual questions directly, so none are entirely ignored. Please keep them coming. Q: I saw my letter of dismissal on the printer but have not yet been terminated. What can I do? I am shocked by this. A: It is rather obvious that you are going to be dismissed and I would get in front of it and contact your employer, with a copy of the letter, and let them know how humiliated and devastated you felt by discovering this. I have actually had that occur in a case, made an issue of it and the employer paid more money and more quickly than it would have otherwise, because it was embarrassed by its own incompetence and by the embarrassment that this represented to it if the case became public.</p><p>Q: My company says it would reduce my pay by 10 per cent if I decide to work from home. The other option is to go the office. Can they do that? A: It's actually a smart move on the employer's part. It's your choice if you wish to stay home and earn 10 per cent less. The employer could have selected any lesser salary that it chose, as long as you were provided the option of coming to work and maintaining your full salary.</p><p>Q: A friend was let go from work due to COVID-19 and given four months severance. The contract said if she finds a job within the four months her severance would stop. She found a job in two weeks. If she doesn't call them, how would they ever find out she got a job. And what happens if they keep paying her, and then find out?</p><p>A: Depends on what she signed. It could be fraud. Based on the agreement, if she was warranting that she remained unemployed, she could be in great difficulty and, at the very least, could be successfully sued for the recovery of the money.</p><p>Q: I am part of Suncor Energy Inc.'s Toronto team that's being moved to Calgary, but I do not want to move. Can I be forced to transfer?</p><p>A: Unless there was a practice at Suncor to transfer employees at your level to other cities, at Suncor's discretion, or the employee had a contract permitting this, such a forced transfer is a constructive dismissal. Alternatively, if you refuse to transfer, it would be a wrongful dismissal. In either event, you would be entitled to likely 16 months of full compensation.</p><p>Q: Can an employer reject me for a position at reception after asking for my photograph, because I am not good-looking enough. If it's only based on a woman's looks, how is that not discrimination based on sex/gender? A: Employers are free to discriminate based upon good looks as that's not prohibited grounds, as gender is, under human rights legislation. They are not discriminating based upon gender, such as if they said they would only hire a female. They are discriminating between good looking and less good-looking males and females. Most discrimination is perfectly legal. Only few grounds i.e. race, creed, gender, sexual orientation, religion, etc. specified in human rights discrimination constitute illegal discrimination.</p><p>Q: What if you were to sue your company for wrongful dismissal after working there for 8-10 years. But if you exclude the company from your resume that leaves an 8-10 year hole in your career, that could effectively impact future job opportunities. Potential employers may also learn of you suing your previous employer. How can you protect your future employment prospects from a wrongful dismissal case? A: There is no reason not to include that employer on your resume.</p><p>The days of being stigmatized for suing your employer for wrongful dismissal, particularly if it did not pay you enough on termination, is largely over. You are likely to find that a significant percentage of the management team at any new employer have, by now, been involved in just such a case. It may be different if you were fired for serious misconduct but, whether you sue or not, you will have to explain your departure.</p><p>Q: My employer has provided me six months advance notice of my dismissal. Can I decline this working notice?</p><p>A: An employer has the right to provide advance written notice with a specific termination date. Such notice will offset any entitlement to wrongful dismissal damages. Only statutory severance need not be paid as working notice.</p><p>An employee has no choice but to accept it and if they do not, they have forfeited the number of months of dismissal damages which that working notice represents. Some employers provide working notice, hoping that the employee, not wishing to work off their severance, will agree to a lesser amount of dismissal damages than their entitlement, in order to be released earlier. But many employers reject working notice because of the risks of poor morale, breach of confidentiality and even sabotage.</p><p>Q: Our company was sold and salaried employees are being moved to hourly wages, and being told they have no choice. Can they do this?</p><p>A: If there is no impact on their earnings, salary employees can be moved to hourly and vice versa. It's only a constructive dismissal if it has a significant impact on hours or remuneration.</p><p>Q: Our general manager returned to work after being exposed to COVID-19 and while waiting for his test results. His test came back positive and subsequently the office was closed as we wait for our test results. We are not able to work from home. Shouldn't we expect to be paid while we wait?</p><p>A : The general manager should obviously not have attended work while awaiting test results and should be disciplined, at least, for that. Arguably, you might have a case against her or him. Whether you have a case against the company would depend upon the terms of its disability benefit policy.</p><p>Financial Post Got a question about employment law during COVID-19? Write to me at <email normalizedValue=\"mailto:levitt@levittllp.com\">levitt@levittllp.com</email>Howard Levitt is senior partner of Levitt LLP, employment and labour lawyers. He practises employment law in eight provinces. He is the author of six books including the Law of Dismissal in Canada. !@COPYRIGHT=\u00a9 2020 Postmedia Network Inc. All rights reserved.</p></bodyText></nitf:body.content></nitf:body><metadata><dc:metadata xmlns:dc=\"http://purl.org/dc/elements/1.1/\"><dc:identifier identifierScheme=\"DOC-ID\">FPINE-407545172NTPFP</dc:identifier><dc:source sourceScheme=\"royaltyReportingKey\">FPINV2020</dc:source><dc:identifier identifierScheme=\"PGUID\">urn:contentItem:6163-1481-DY2T-F4MG-00000-00</dc:identifier><dc:source sourceScheme=\"productContentSetIdentifier\">257989</dc:source><dc:date dateType=\"last-updated\">2020-10-31</dc:date></dc:metadata><wordCount number=\"1084\"/><publicationInfo><copyright>Copyright 2020 National Post All Rights Reserved</copyright><publicationName>National Post's Financial Post &amp; FP Investing (Canada)</publicationName><edition>Quebec Edition</edition><publicationDate day=\"31\" month=\"10\" year=\"2020\"><dateText>October 31, 2020 Saturday</dateText></publicationDate><classification classificationScheme=\"publicationtype\"><classificationItem><className>Newspaper</className></classificationItem></classification><classification classificationScheme=\"publicationtype\"><classificationItem><className>Newspapers</className></classificationItem></classification></publicationInfo><classification classificationScheme=\"language\"><classificationItem classificationScheme=\"lang.english\"><className>ENGLISH</className></classificationItem></classification><classification classificationScheme=\"typeofdoc\"><classificationItem><className>Column</className></classificationItem></classification><classificationGroup classificationScheme=\"indexing-terms\"><classification classificationScheme=\"company\"><classificationItem score=\"85\"><classCode>CC0001U5D</classCode><className>SUNCOR ENERGY INC</className></classificationItem></classification><classification classificationScheme=\"industry\"><classificationItem score=\"85\"><className>NAICS447190 OTHER GASOLINE STATIONS</className></classificationItem><classificationItem score=\"85\"><className>NAICS324110 PETROLEUM REFINERIES</className></classificationItem><classificationItem score=\"85\"><className>NAICS211130 NATURAL GAS EXTRACTION</className></classificationItem><classificationItem score=\"85\"><className>NAICS211120 CRUDE PETROLEUM EXTRACTION</className></classificationItem><classificationItem score=\"85\"><className>SIC1311 CRUDE PETROLEUM &amp; NATURAL GAS</className></classificationItem></classification><classification classificationScheme=\"ticker\"><classificationItem score=\"85\"><className>SU (TSX)</className></classificationItem><classificationItem score=\"85\"><className>SU (NYSE)</className></classificationItem></classification></classificationGroup><classificationGroup classificationScheme=\"licensor.indexing-terms\"><classification classificationScheme=\"licensor.subject\"><classificationItem><className>questions,receive,through,column,radio,gives</className></classificationItem></classification></classificationGroup><classificationGroup classificationScheme=\"indexing-terms\"><classification classificationScheme=\"legal\"><classificationItem><className>Labor &amp; Employment Law</className><classCode>Z3VpZD11cm46dG9waWM6MTE3QUQwOTA0MUYzNDlCMEFFMjUwRUNDM0RDRkM5QzM7cGFyZW50Z3VpZD0</classCode><classificationItem score=\"50\"><className>Sexual Orientation</className><classCode>Z3VpZD11cm46dG9waWM6OEFDMzhDODExODFCNDE3NEFBN0JGQzA3MDcwMzEwQTg7cGFyZW50Z3VpZD11cm46dG9waWM6NzgyMzY5M0Y1QTk5NDk1MThGQkE4MEEyQjExQjUxNEI</classCode></classificationItem></classificationItem></classification><classification classificationScheme=\"subject\"><classificationItem score=\"90\"><classCode>STX001928</classCode><className>COMPANY ACTIVITIES &amp; MANAGEMENT</className><classCode/><className/></classificationItem><classificationItem score=\"90\"><classCode>STX001948</classCode><className>LABOR &amp; EMPLOYMENT</className><classCode/><className/></classificationItem><classificationItem score=\"90\"><classCode>STX000610</classCode><className>LABOR &amp; EMPLOYMENT LAW</className><classCode>Z3VpZD11cm46dG9waWM6MTE3QUQwOTA0MUYzNDlCMEFFMjUwRUNDM0RDRkM5QzM7cGFyZW50Z3VpZD11cm46dG9waWM6MUFEMUQ2QTA1OUZCNEE5RjkzNTA2RERFMUNEOTk1RTI</classCode><className>Labor &amp; Employment</className></classificationItem><classificationItem score=\"89\"><classCode>STX001813</classCode><className>WAGES &amp; SALARIES</className><classCode/><className/></classificationItem><classificationItem score=\"78\"><classCode>ST000DH0Q</classCode><className>AGREEMENTS</className><classCode/><className/></classificationItem><classificationItem score=\"78\"><classCode>STX000512</classCode><className>DISMISSALS</className><classCode/><className/></classificationItem><classificationItem score=\"77\"><classCode>ST0009FJK</classCode><className>NEGATIVE PERSONAL NEWS</className><classCode/><className/></classificationItem><classificationItem score=\"74\"><classCode>ST00090TR</classCode><className>SEVERANCE PAY</className><classCode/><className/></classificationItem><classificationItem score=\"73\"><classCode>ST000DOTH</classCode><className>COVID-19 CORONAVIRUS</className><classCode/><className/></classificationItem><classificationItem score=\"73\"><classCode>ST00097Z0</classCode><className>HOME BASED EMPLOYMENT</className><classCode/><className/></classificationItem><classificationItem score=\"73\"><classCode>STX000912</classCode><className>INFECTIOUS DISEASE</className><classCode/><className/></classificationItem><classificationItem score=\"73\"><classCode>STX000166</classCode><className>INSOLVENCY &amp; BANKRUPTCY</className><classCode/><className/></classificationItem><classificationItem score=\"72\"><classCode>STX001648</classCode><className>SUITS &amp; CLAIMS</className><classCode/><className/></classificationItem></classification><classification classificationScheme=\"industry\"><classificationItem score=\"93\"><classCode>STX001198</classCode><className>NATURAL GAS PRODUCTS</className><classCode/><className/></classificationItem><classificationItem score=\"90\"><classCode>N447000CC</classCode><className>GAS STATIONS</className><classCode/><className/></classificationItem><classificationItem score=\"90\"><classCode>ST000DBCO</classCode><className>NATURAL GAS</className><classCode>Z3VpZD11cm46dG9waWM6OTYxNzdCMkVBQkIyNEM2RTk2MDkzQjNEMTg4MzVFRTE7cGFyZW50Z3VpZD11cm46dG9waWM6OUUzODAyRDk1QzVFNEZGMEJDM0RGMDYxOTlEMEEzRDA</classCode><className>Natural Gas Industry</className></classificationItem><classificationItem score=\"90\"><classCode>ST0009T2J</classCode><className>NATURAL GAS EXTRACTION</className><classCode/><className/></classificationItem><classificationItem score=\"90\"><classCode>STX001240</classCode><className>OIL &amp; GAS INDUSTRY</className><classCode/><className/></classificationItem><classificationItem score=\"90\"><classCode>ST0009T2I</classCode><className>OIL EXTRACTION</className><classCode/><className/></classificationItem><classificationItem score=\"90\"><classCode>ST0009FBJ</classCode><className>PETROLEUM PRODUCTS</className><classCode/><className/></classificationItem><classificationItem score=\"90\"><classCode>N324110CC</classCode><className>PETROLEUM REFINERIES</className><classCode/><className/></classificationItem><classificationItem score=\"90\"><classCode>N515110CC</classCode><className>RADIO BROADCAST INDUSTRY</className><classCode/><className/></classificationItem><classificationItem score=\"76\"><classCode>ST000DL4P</classCode><className>OIL &amp; GAS FACILITIES</className><classCode/><className/></classificationItem></classification><classification classificationScheme=\"city\"><classificationItem score=\"78\"><classCode>GX429</classCode><className>CALGARY, AB, CANADA</className><classCode/><className/></classificationItem><classificationItem score=\"78\"><classCode>GX060</classCode><className>TORONTO, ON, CANADA</className><classCode/><className/></classificationItem></classification><classification classificationScheme=\"state\"><classificationItem score=\"58\"><classCode>GS167</classCode><className>ALBERTA, CANADA</className><classCode/><className/></classificationItem><classificationItem score=\"58\"><classCode>GS174</classCode><className>ONTARIO, CANADA</className><classCode/><className/></classificationItem></classification><classification classificationScheme=\"country\"><classificationItem score=\"73\"><classCode>GC339</classCode><className>CANADA</className><classCode/><className/></classificationItem></classification></classificationGroup></metadata></articleDoc></content></entry>"}