{"prediction_class": "Regulatory Breaches Tax Evasion Smuggling of goods", "prediction_score": "0.74", "name": "Suncor Energy", "title": "Case Comment: T A & K Enterprises Inc. v. Suncor Energy Products Inc. and Suncor Energy Inc.", "published": "2011-12-07T00:00:00Z", "updated": "2020-11-16T04:39:25Z", "cleaned_article": "[TITLE] Case Comment: T A & K Enterprises Inc. v. Suncor Energy Products Inc. and Suncor Energy Inc. [TITLE] \n\ngranting summary judgment in favour of the defendant franchisor. The proposed class action against Suncor EnergyProducts Inc. and Suncor Energy Inc.(collectively \"Suncor\") was one of a number of recent franchise class actions brought against an array of franchisors regarding the disclosure requirements under", "raw_cleaned_article": "<h2>Case Comment: T A & K Enterprises Inc. v. Suncor Energy Products Inc. and Suncor Energy Inc.</h2><p>granting summary judgment in favour of the defendant franchisor. The proposed class action against Suncor EnergyProducts Inc. and <b>Suncor Energy Inc.(collectively \"Suncor\") was one of a</b> number of recent franchise class actions brought against an array of franchisors regarding the disclosure requirements under</p>", "original_content": "<entry xmlns=\"http://www.w3.org/2005/Atom\"><id>urn:contentItem:54DV-0M91-DXX7-H0TC-00000-00</id><title>Case Comment: T A &amp; K Enterprises Inc. v. Suncor Energy Products Inc. and Suncor Energy Inc.</title><published>2011-12-07T00:00:00Z</published><updated>2020-11-16T04:39:25Z</updated><author><name>LexisNexis</name></author><content type=\"application/xml\"><!--Transformation version 1.23--><articleDoc xmlns=\"\" xmlns:xsi=\"http://www.w3.org/2001/XMLSchema-instance\" xsi:noNamespaceSchemaLocation=\"http://www.lexisnexis.com/xmlschemas/content/public/articledoc/1/\" schemaVersion=\"1.8\" xml:lang=\"en\"><articleDocHead><itemInfo/></articleDocHead><nitf:body xmlns:nitf=\"http://iptc.org/std/NITF/2006-10-18/\"><nitf:body.head><nitf:hedline><nitf:hl1>Case Comment: T A &amp; K Enterprises Inc. v. Suncor EnergyProducts Inc. and Suncor Energy Inc.</nitf:hl1></nitf:hedline></nitf:body.head><nitf:body.content><bodyText><p nitf:lede=\"true\">The recent decision of the Ontario Court of Appeal in T A</p><p nitf:lede=\"true\">&amp; K Enterprises Inc. v. Suncor EnergyProducts Inc. and Suncor</p><p nitf:lede=\"true\">Energy Inc. will be viewed positively by defendants in class</p><p nitf:lede=\"true\">actions, and particularly defendant franchisors, in light of a</p><p nitf:lede=\"true\">recent spate of class actions against franchisors in Ontario</p><p nitf:lede=\"true\">regarding franchise disclosure requirements. In T A &amp;</p><p nitf:lede=\"true\">K, the Ontario Court of Appeal unanimously upheld the lower</p><p>court decision of Justice Perell dismissing the plaintiff's</p><p>summary judgment motion on behalf of the proposed class and</p><p>granting summary judgment in favour of the defendant franchisor.</p><p>The proposed class action against Suncor EnergyProducts Inc. and</p><p>Suncor Energy Inc.(collectively \"Suncor\") was one of a</p><p>number of recent franchise class actions brought against an array</p><p>of franchisors regarding the disclosure requirements under</p><p>Ontario's Arthur Wishart Act (Franchise Disclosure),</p><p>2000, S.O. 2000, c.3 (the \"Wishart Act\").</p><p>Significance</p><p>The Suncor decision is significant for a number of</p><p>reasons:</p><p>in the franchise law and franchise class actions context, the</p><p>decision provides clarity on the exemptions to disclosure</p><p>requirements listed in the Wishart Act;</p><p>the Ontario Court of Appeal has now confirmed that royalties</p><p>and service/imaging fees will most likely not be considered a</p><p>\"franchise fee\" under the Wishart Act; and</p><p>the decision is also noteworthy because of its interpretation</p><p>of the revised summary judgment rule in the 2010 amendments to the</p><p>Rules of Civil Procedure. Although we continue to wait for</p><p>the Court of Appeal to deliver rulings directly interpreting the</p><p>revised summary judgment rule, the Suncor decision</p><p>suggests that courts in Ontario may be more willing to consider</p><p>summary judgment motions in class actions in which the central</p><p>issue is one of contractual or statutory interpretation, there is</p><p>an adequate evidentiary record and there are no serious issues</p><p>surrounding credibility.</p><p>Background</p><p>The putative representative plaintiff, T A &amp; K Enterprises</p><p>(\"TAK\") entered into a series of one-year franchise</p><p>agreements with Suncor to operate a gas station under the Sunoco</p><p>banner. The most recent of TAK's franchise agreements</p><p>covered the period between November 15, 2008 and November 14,</p><p>2009. TAK and the other members of the proposed class did not</p><p>pay Suncor a fee to become a Sunoco franchise, but were required to</p><p>pay royalties to Suncor, as well as additional fees for imaging and</p><p>training. Suncor did not deliver a disclosure document to TAK or</p><p>any of the proposed class members prior to the signing of their</p><p>franchise agreements.</p><p>In the summer of 2009, a few months before the expiry of its</p><p>08/09 franchise agreements, Suncor merged with Petro Canada. To</p><p>ensure that the merger did not run afoul of Canada's</p><p>competition laws, the Commissioner of Competition required the</p><p>newly amalgamated corporation to divest 194 retail gas stations in</p><p>Ontario. Consequently, in October 2009, Suncor announced that it</p><p>would not offer its current franchisees new one-year agreements</p><p>when the 08/09 agreements expired in November 2009, and instead</p><p>would extend the franchise agreements on a month-to-month basis</p><p>following the end of their respective terms. In January 2010,</p><p>Suncor delivered termination notices to approximately 125</p><p>franchisees, including TAK, advising them that their franchise</p><p>agreements would terminate in seven months time. After receiving</p><p>the termination notice, TAK sent Suncor a notice of rescission and</p><p>served notice of the proposed class action.</p><p>Disclosure Requirements under the Wishart Act</p><p>Section 5 of the Wishart Act requires that all franchisors</p><p>deliver a disclosure document to a prospective franchisee not less</p><p>than 14 days before the earlier of (i) the signing of the franchise</p><p>agreement or other agreement related to the franchise; or (ii) the</p><p>payment of any consideration by or on behalf of the prospective</p><p>franchise to the franchisor or franchisor's associate relating</p><p>to the franchise. However, the section also provides for exemptions</p><p>from the requirement to deliver a disclosure document in specific</p><p>circumstances. One of the exemptions, central in this case, is if</p><p>\"the franchise agreement is not valid for longer than one year</p><p>and does not involve the payment of a non-refundable franchise</p><p>fee\". However, the Wishart Act does not define the terms</p><p>\"valid\" or \"franchise fee\".</p><p>If a franchisor does not meet one of the listed exemptions in</p><p>section 5 and fails to provide a disclosure document to a</p><p>franchisee, section 6(2) of the Wishart Act allows the franchisee</p><p>to rescind the franchise agreement without penalty or obligation</p><p>within two years of entering into the agreement. Upon such a</p><p>rescission, the franchisor is obligated to make payments to the</p><p>franchisee to compensate it for any expenses and losses that the</p><p>franchisee incurred as a consequence of setting up the franchise.</p><p>Under section 7 of the Wishart Act, the franchisee also maintains a</p><p>right of action for damages against the franchisor, its broker,</p><p>agent and/or associate if a disclosure document is not</p><p>provided.</p><p>The Parties' Positions</p><p>In an attempt to obtain a swift result, both sides moved for</p><p>summary judgment under the revised summary judgment rule in the</p><p>2010 amendments to the Rules of Civil Procedure.</p><p>TAK sought a summary declaration that Suncor breached its</p><p>obligations under section 5 of the Wishart Act, by failing to</p><p>deliver a disclosure document to each of its franchisees prior to</p><p>the signing of their most recent franchise agreements. Accordingly,</p><p>on behalf of the Sunoco franchisees, TAK sought to obtain the</p><p>option to rescind their franchise agreement with Suncor and claim</p><p>up to $200 million in damages.</p><p>TAK submitted that certain isolated and recurring fees paid to</p><p>Suncor by its franchisees, including royalties, customer service</p><p>dues, fees for store imaging and training program fees, constitute</p><p>a \"franchise fee\" under the Wishart Act. TAK also argued</p><p>that the agreement was \"valid\" for longer than one-year</p><p>by virtue of the fact that the franchise agreement was signed a few</p><p>days before it actually came into force on November 15, 2008 and</p><p>continued until November 14, 2009. Alternatively, TAK argued that</p><p>the franchise agreement was \"valid\" for longer than</p><p>one-year after its month-to-month extension in October 2009. In the</p><p>further alternative, TAK also relied on a specific term of the</p><p>franchise agreement, which permitted it to continue operating as a</p><p>Sunoco franchise on a month-month basis if TAK remained in</p><p>possession of the store after expiry of the franchise agreement, as</p><p>proof that the agreement was \"valid\" for longer than</p><p>one-year.</p><p>Suncor moved to have the action dismissed in its entirety, on</p><p>the grounds that a disclosure document was not required. Suncor</p><p>contended that its franchise agreement with TAK and the other class</p><p>members fell under the exemption listed in section 5(7)(g)(ii),</p><p>which exempts a franchisor from providing a disclosure document if</p><p>the franchise agreement is not \"valid\" for more than one</p><p>year and does not involve the payment of a non-refundable franchise</p><p>fee. Suncor also relied on a second exemption under the Wishart Act</p><p>which exempted a franchisor from providing a disclosure document</p><p>where there was a renewal or extension of a franchise agreement</p><p>with no interruption in the operation of the franchisee's</p><p>business and no material change since the previous franchise</p><p>agreement.</p><p>The Motions Judge's Decision</p><p>At the outset, Justice Perell held that \"there are no</p><p>genuine issues that require a trial\" and accepted both</p><p>parties' submission that he, as a motions judge, was \"in</p><p>as good a position as a trial judge to decide this</p><p>matter.\"</p><p>Justice Perell then went on to consider the exemptions listed</p><p>under section 5(7) of the Wishart Act. With respect to the</p><p>definition of \"franchise fee\", Justice Perell rejected</p><p>TAK's submission that any payment from a franchisee to</p><p>franchisor, including dues, fees and royalties is a \"franchise</p><p>fee\" under the Act. He held that \"a franchise fee means a</p><p>direct or indirect payment to obtain the right to purchase a</p><p>franchise, to operate a franchised business, or to become a</p><p>franchisee in a franchise chain.\" With this definition in</p><p>mind, Justice Perell found that Suncor's franchise agreement</p><p>did not impose a non-refundable franchise fee upon its franchisees,</p><p>and consequently the first element of the exemption in section</p><p>5(7)(g)(ii) of the Wishart Act was met.</p><p>Justice Perell also rejected TAK's arguments on the term of</p><p>its franchise agreement. The motions' judge held that the</p><p>duration of an agreement was the defined term within which the</p><p>rights and obligations of the parties were operational. Although a</p><p>party is not precluded from bringing an action for anticipatory</p><p>breach prior to the commencement of the actual term of an</p><p>agreement, the enforceable and operational rights and obligations</p><p>in a franchise agreement only exist for the duration of its term,</p><p>which in Suncor's case was November 15, 2008 to November 14,</p><p>2009. Consequently the agreement was not \"valid\" for</p><p>longer than one year according to Justice Perell.</p><p>Justice Perell also rejected TAK's alternative arguments</p><p>that Suncor's option and decision to extend the franchise</p><p>agreement on a month-to-month basis precluded it from relying on</p><p>the s.5(7)(g)(ii) exemption. As Suncor was not obligated to extend</p><p>or offer a new franchise agreement to TAK at the time the agreement</p><p>was entered into, Justice Perell found that TAK could not rely on</p><p>events or circumstances that occurred after the signing of the</p><p>agreement to argue that Suncor was now unable to rely on the</p><p>s.5(7)(g)(ii) exemption. To accept such an argument would</p><p>practically render the s.5(7)(g)(ii) exemption ineffective, as the</p><p>possibility of a future extension of the franchise agreement by the</p><p>franchisor always exists.\u00a0</p><p>The Court of Appeal Decision</p><p>The Court of Appeal unanimously adopted Justice Perell's</p><p>findings with regards to the exemption listed in s.5(7)(g)(ii) and</p><p>dismissed TAK's appeal.</p><p>The Court accepted that the duration of the franchise agreement</p><p>was twelve months even though it had been executed before the start</p><p>of its term. The Court of Appeal also rejected TAK's suggestion</p><p>that the franchise agreement remained 'valid' for longer</p><p>than one-year because the indemnity and confidentiality provisions</p><p>in the agreement survived the termination or expiration of the</p><p>agreement. The relevant consideration was the length of the</p><p>enforceable grant of a franchise, not the fact that other</p><p>provisions in the agreement survived for longer. The Court</p><p>unanimously rejected TAK's argument that the possibility of an</p><p>extension at the time the agreement was entered into extends the</p><p>duration of the agreement, holding that \"a section that merely</p><p>creates the possibility of a month-to-month tenancy after the</p><p>[franchise agreement] expires cannot be taken to extend it.\"</p><p>The Court added that the October 2009 letter extending the</p><p>franchise agreements on a monthly basis created new monthly</p><p>agreements following the expiry of the franchise agreement, and did</p><p>not extend the prior agreement.</p><p>Finally, the court expressly rejected TAK's assertion that</p><p>royalties constitute franchise fees. Instead, the court agreed with</p><p>Justice Perell and held that \"a franchise fee is in the nature</p><p>of a fee paid for the right to become a franchisee. It does not</p><p>include royalties or payments for goods and services.\"</p><p><url normalizedValue=\"http://www.fasken.com\">www.fasken.com</url></p><p>The content of this article is intended to provide a general</p><p>guide to the subject matter. Specialist advice should be sought</p><p>about your specific circumstances.</p><p>Ms Sarah Armstrong</p><p>Fasken Martineau</p><p>333 Bay Street, Suite 2400</p><p>Bay Adelaide Centre, Box 20</p><p>Toronto</p><p>Ontario</p><p>ON M5H 2T6</p><p>CANADA</p><p>E-mail: <email normalizedValue=\"mailto:mondaq@tor.fasken.com\">mondaq@tor.fasken.com</email></p><p>URL: <url normalizedValue=\"http://www.fasken.com\">www.fasken.com</url></p><p>Click Here for related articles</p><p>(c) Mondaq Ltd, 2011 - Tel. +44 (0)20 8544 8300 - <url normalizedValue=\"http://www.mondaq.com\">http://www.mondaq.com</url></p><p/></bodyText></nitf:body.content></nitf:body><metadata><dc:metadata xmlns:dc=\"http://purl.org/dc/elements/1.1/\"><dc:identifier identifierScheme=\"DOC-ID\">NEWSTX-MNDQ10638713232349995222263700</dc:identifier><dc:source sourceScheme=\"royaltyReportingKey\">MNDQ-5508</dc:source><dc:identifier identifierScheme=\"PGUID\">urn:contentItem:54DV-0M91-DXX7-H0TC-00000-00</dc:identifier><dc:source sourceScheme=\"productContentSetIdentifier\">299488</dc:source><dc:date dateType=\"last-updated\">2020-04-07</dc:date></dc:metadata><wordCount number=\"1936\"/><timeReceived>5:16 AM EST</timeReceived><publicationInfo><copyright>Copyright 2011 Newstex LLC<br/>All Rights Reserved</copyright><copyright>Copyright 2011 Mondaq</copyright><publicationName>Mondaq</publicationName><aggregationName>Newstex Web Blogs</aggregationName><publicationDate day=\"07\" month=\"12\" year=\"2011\"><dateText>December 7, 2011 Wednesday</dateText></publicationDate><classification classificationScheme=\"publicationtype\"><classificationItem><className>Web Blog</className></classificationItem></classification><classification classificationScheme=\"publicationtype\"><classificationItem><className>Blogs</className></classificationItem></classification></publicationInfo><classification classificationScheme=\"language\"><classificationItem classificationScheme=\"lang.english\"><className>ENGLISH</className></classificationItem></classification><classificationGroup classificationScheme=\"indexing-terms\"><classification classificationScheme=\"company\"><classificationItem score=\"96\"><classCode>CC0001U5D</classCode><className>SUNCOR ENERGY INC</className></classificationItem><classificationItem score=\"60\"><classCode>CC0002004</classCode><className>PETRO-CANADA</className></classificationItem></classification><classification classificationScheme=\"industry\"><classificationItem score=\"96\"><className>NAICS324110 PETROLEUM REFINERIES</className></classificationItem><classificationItem score=\"96\"><className>NAICS211111 CRUDE PETROLEUM &amp; NATURAL GAS EXTRACTION</className></classificationItem><classificationItem score=\"96\"><className>NAICS447190 OTHER GASOLINE STATIONS</className></classificationItem></classification><classification classificationScheme=\"ticker\"><classificationItem score=\"96\"><className>SU (TSX)</className></classificationItem><classificationItem score=\"96\"><className>SU (NYSE)</className></classificationItem></classification></classificationGroup><classificationGroup classificationScheme=\"licensor.indexing-terms\"><classification classificationScheme=\"licensor.subject\"><classificationItem><className>Litigation, Mediation &amp; Arbitration, Appellate, Class Actions, Trials &amp; Appeals and Compensation, Franchising</className></classificationItem></classification></classificationGroup><classificationGroup classificationScheme=\"indexing-terms\"><classification classificationScheme=\"legal\"><classificationItem><className>Business &amp; Corporate Compliance</className><classCode>Z3VpZD11cm46dG9waWM6MUFEMUQ2QTA1OUZCNEE5RjkzNTA2RERFMUNEOTk1RTI7cGFyZW50Z3VpZD0</classCode><classificationItem score=\"76\"><className>Disclosure &amp; Registration</className><classCode>Z3VpZD11cm46dG9waWM6RUFBNTg1NUM0MEI3NEJGM0EyRkI3RkNBNTUyQjhCMkE7cGFyZW50Z3VpZD11cm46dG9waWM6NTRDNjY1QjAxNkE5NDlERThCNjhFRTg4RjdCMTkzRTk</classCode></classificationItem><classificationItem score=\"93\"><className>State Franchise Acts</className><classCode>Z3VpZD11cm46dG9waWM6QUIxQjdEOTg4REQwNDNCMjlGNTlBRjEzNzZGNTg2Qzc7cGFyZW50Z3VpZD11cm46dG9waWM6NTRDNjY1QjAxNkE5NDlERThCNjhFRTg4RjdCMTkzRTk</classCode></classificationItem></classificationItem><classificationItem><className>Business &amp; Corporate Law</className><classCode>Z3VpZD11cm46dG9waWM6QjA4OEVGODBENzY4NDcxM0IyQzA1OTEwQzVDODRBOUE7cGFyZW50Z3VpZD0</classCode><classificationItem score=\"76\"><className>Disclosure &amp; Registration</className><classCode>Z3VpZD11cm46dG9waWM6RUFBNTg1NUM0MEI3NEJGM0EyRkI3RkNBNTUyQjhCMkE7cGFyZW50Z3VpZD11cm46dG9waWM6NTRDNjY1QjAxNkE5NDlERThCNjhFRTg4RjdCMTkzRTk</classCode></classificationItem><classificationItem score=\"87\"><className>Enforcement of Franchise Requirements</className><classCode>Z3VpZD11cm46dG9waWM6N0MxMTU1RTY0N0I0NEM0MjgzMzY2RTAwNzAyNTMxRkQ7cGFyZW50Z3VpZD11cm46dG9waWM6RUFBNTg1NUM0MEI3NEJGM0EyRkI3RkNBNTUyQjhCMkE</classCode></classificationItem><classificationItem score=\"98\"><className>Equitable Relief</className><classCode>Z3VpZD11cm46dG9waWM6RDFFQzI1NTUzRkE0NDJDQkEzNUVFOEQ0NDNGODU4QkQ7cGFyZW50Z3VpZD11cm46dG9waWM6QkFDNzQ1NkIxQkJENEYxRkEyRTVEN0VDODQ5MDRBQ0E</classCode></classificationItem><classificationItem score=\"99\"><className>Franchise Agreements</className><classCode>Z3VpZD11cm46dG9waWM6NThGOTdFNEFBNDk1NEVGQ0FGMjRCMjg5RDNCQ0Y3RUY7cGFyZW50Z3VpZD11cm46dG9waWM6M0VDOEM1M0IxQThBNEQ4MEJGRDI4QjQ2NDYxNTA4MEE</classCode></classificationItem><classificationItem score=\"50\"><className>Franchise Fees</className><classCode>Z3VpZD11cm46dG9waWM6OEE5RTFCQjkyRDUzNEJFOUFEQTZGQ0U0RTcwNkI5MzA7cGFyZW50Z3VpZD11cm46dG9waWM6M0VDOEM1M0IxQThBNEQ4MEJGRDI4QjQ2NDYxNTA4MEE</classCode></classificationItem><classificationItem score=\"91\"><className>General Overview</className><classCode>Z3VpZD11cm46dG9waWM6RTgwQTc5RTJBQzRBNDhCMUE3N0U0ODdCNDc0ODZBMEQ7cGFyZW50Z3VpZD11cm46dG9waWM6NTRDNjY1QjAxNkE5NDlERThCNjhFRTg4RjdCMTkzRTk</classCode></classificationItem><classificationItem score=\"80\"><className>General Overview</className><classCode>Z3VpZD11cm46dG9waWM6NkNCOTA2MkMxNDkwNEJFQTkxRjVERUVBMzM0MkE1MkQ7cGFyZW50Z3VpZD11cm46dG9waWM6M0VDOEM1M0IxQThBNEQ4MEJGRDI4QjQ2NDYxNTA4MEE</classCode></classificationItem><classificationItem score=\"99\"><className>Requirements</className><classCode>Z3VpZD11cm46dG9waWM6NzU0MDlDNkQxOEIwNDQzM0E0Q0NENzlCNEIwQjk5NjI7cGFyZW50Z3VpZD11cm46dG9waWM6RUFBNTg1NUM0MEI3NEJGM0EyRkI3RkNBNTUyQjhCMkE</classCode></classificationItem><classificationItem score=\"93\"><className>State Franchise Acts</className><classCode>Z3VpZD11cm46dG9waWM6QUIxQjdEOTg4REQwNDNCMjlGNTlBRjEzNzZGNTg2Qzc7cGFyZW50Z3VpZD11cm46dG9waWM6QUI3NjhGNDVENjhFNDJCQjg2NzYyMjJBMjNBNDQ1NEU</classCode></classificationItem></classificationItem></classification><classification classificationScheme=\"subject\"><classificationItem score=\"93\"><classCode>STX001040</classCode><className>LITIGATION</className><classCode/><className/></classificationItem><classificationItem score=\"91\"><classCode>N922110GJ</classCode><className>APPEALS COURTS</className><classCode/><className/></classificationItem><classificationItem score=\"90\"><classCode>STX000104</classCode><className>APPEALS</className><classCode/><className/></classificationItem><classificationItem score=\"90\"><classCode>STX000105</classCode><className>APPELLATE DECISIONS</className><classCode/><className/></classificationItem><classificationItem score=\"90\"><classCode>STX001883</classCode><className>DECISIONS &amp; RULINGS</className><classCode/><className/></classificationItem><classificationItem score=\"90\"><classCode>STX000758</classCode><className>FRANCHISING</className><classCode/><className/></classificationItem><classificationItem score=\"90\"><classCode>ST000A2OH</classCode><className>FRANCHISORS</className><classCode/><className/></classificationItem><classificationItem score=\"90\"><classCode>STX001648</classCode><className>SUITS &amp; CLAIMS</className><classCode/><className/></classificationItem><classificationItem score=\"89\"><classCode>ST000DH0Q</classCode><className>AGREEMENTS</className><classCode/><className/></classificationItem><classificationItem score=\"89\"><classCode>ST0009ZSJ</classCode><className>FRANCHISING LAW</className><classCode>Z3VpZD11cm46dG9waWM6M0VDOEM1M0IxQThBNEQ4MEJGRDI4QjQ2NDYxNTA4MEE7cGFyZW50Z3VpZD11cm46dG9waWM6NTRDNjY1QjAxNkE5NDlERThCNjhFRTg4RjdCMTkzRTk</classCode><className>Franchise Relationships</className></classificationItem><classificationItem score=\"89\"><classCode>STX001506</classCode><className>ROYALTIES</className><classCode/><className/></classificationItem><classificationItem score=\"78\"><classCode>STX000073</classCode><className>ALTERNATIVE DISPUTE RESOLUTION</className><classCode>Z3VpZD11cm46dG9waWM6MERFNEVCMTA5NUZFNDc2NzhGQzM2ODA0M0JGQTRFOEU7cGFyZW50Z3VpZD11cm46dG9waWM6MTdEQ0JDNDEyM0VFNDlCMjg5MjFGNTQ3QURFNTJCMTE</classCode><className>Alternative Dispute Resolution</className></classificationItem><classificationItem score=\"78\"><classCode>ST000DD8C</classCode><className>BUSINESS &amp; CORPORATE ENTITIES LAW</className><classCode>Z3VpZD11cm46dG9waWM6QjA4OEVGODBENzY4NDcxM0IyQzA1OTEwQzVDODRBOUE7cGFyZW50Z3VpZD11cm46dG9waWM6MUFEMUQ2QTA1OUZCNEE5RjkzNTA2RERFMUNEOTk1RTI</classCode><className>Businesses &amp; Corporations</className></classificationItem><classificationItem score=\"78\"><classCode>N922110CC</classCode><className>LAW COURTS &amp; TRIBUNALS</className><classCode/><className/></classificationItem><classificationItem score=\"78\"><classCode>ST0009J1U</classCode><className>TRIAL &amp; PROCEDURE</className><classCode/><className/></classificationItem><classificationItem score=\"72\"><classCode>ST000989C</classCode><className>JOINT VENTURES, MERGERS &amp; ACQUISITIONS LAW</className><classCode>Z3VpZD11cm46dG9waWM6MTRCNUQ1QjEyQjEyNDcyN0E2NjIxOUJGQUQ1MTYxNzI7cGFyZW50Z3VpZD11cm46dG9waWM6NkE4OEIzNzhFMEUxNEMwRkFENkZBNzlCRDcyNUEyRkI</classCode><className>Antitrust Statutes</className></classificationItem><classificationItem score=\"72\"><classCode>ST0009898</classCode><className>TRADE PRACTICES &amp; UNFAIR COMPETITION LAW</className><classCode>Z3VpZD11cm46dG9waWM6NzQ3MDU0RjhCMjdENDRDOTg0MjMxNUVEMkJCNjg2ODM7cGFyZW50Z3VpZD11cm46dG9waWM6NDA2NTZCMDc0RDA0NDBCOEFFMjA0NTg1QTBGMjM3NTQ</classCode><className>Trade Practices &amp; Unfair Competition</className></classificationItem><classificationItem score=\"60\"><classCode>STX000100</classCode><className>ANTITRUST &amp; TRADE LAW</className><classCode>Z3VpZD11cm46dG9waWM6REEyRTNDM0JGQzYyNEMyOEFGNTAwNUJEOUU1MDg4NjU7cGFyZW50Z3VpZD0</classCode><className>Antitrust &amp; Trade Law</className></classificationItem><classificationItem score=\"50\"><classCode>STX000517</classCode><className>DIVESTITURES</className><classCode/><className/></classificationItem></classification><classification classificationScheme=\"industry\"><classificationItem score=\"90\"><classCode>N447000CC</classCode><className>GAS STATIONS</className><classCode/><className/></classificationItem><classificationItem score=\"90\"><classCode>ST000DBCO</classCode><className>NATURAL GAS</className><classCode>Z3VpZD11cm46dG9waWM6OTYxNzdCMkVBQkIyNEM2RTk2MDkzQjNEMTg4MzVFRTE7cGFyZW50Z3VpZD11cm46dG9waWM6OUUzODAyRDk1QzVFNEZGMEJDM0RGMDYxOTlEMEEzRDA</classCode><className>Natural Gas Industry</className></classificationItem><classificationItem score=\"90\"><classCode>STX001240</classCode><className>OIL &amp; GAS INDUSTRY</className><classCode/><className/></classificationItem><classificationItem score=\"90\"><classCode>ST0009FBJ</classCode><className>PETROLEUM PRODUCTS</className><classCode/><className/></classificationItem><classificationItem score=\"90\"><classCode>N324110CC</classCode><className>PETROLEUM REFINERIES</className><classCode/><className/></classificationItem><classificationItem score=\"89\"><classCode>ST000DL4P</classCode><className>OIL &amp; GAS FACILITIES</className><classCode/><className/></classificationItem><classificationItem score=\"78\"><classCode>STX001198</classCode><className>NATURAL GAS PRODUCTS</className><classCode/><className/></classificationItem><classificationItem score=\"76\"><classCode>ST0009T2J</classCode><className>NATURAL GAS EXTRACTION</className><classCode/><className/></classificationItem><classificationItem score=\"73\"><classCode>STX001912</classCode><className>RETAIL &amp; WHOLESALE TRADE</className><classCode/><className/></classificationItem></classification><classification classificationScheme=\"person\"><classificationItem score=\"53\"><classCode>PE000DNAW</classCode><className>ABBY FINKENAUER</className><classCode/><className/></classificationItem></classification><classification classificationScheme=\"state\"><classificationItem score=\"90\"><classCode>GS174</classCode><className>ONTARIO, CANADA</className><classCode/><className/></classificationItem></classification><classification classificationScheme=\"country\"><classificationItem score=\"94\"><classCode>GC339</classCode><className>CANADA</className><classCode/><className/></classificationItem></classification></classificationGroup></metadata></articleDoc></content></entry>"}