{"prediction_class": "Regulatory Breaches Tax Evasion Smuggling of goods", "prediction_score": "0.74", "name": "Suncor Energy", "title": "Suncor Energy, Inc. Investors: Company Investigated by the Portnoy Law Firm", "published": "2020-09-18T00:00:00Z", "updated": "2020-11-16T05:34:53Z", "cleaned_article": "[TITLE] Suncor Energy, Inc. Investors: Company Investigated by the Portnoy Law Firm [TITLE] \n\n(GlobeNewswire) - The Portnoy Law Firm advises Suncor Energy, Inc. (\"Suncor\" or the \"Company\") (NYSE: SU) investors that the firm has initiated an investigation into possible securities fraud, and may file a class action on behalf of investors. The investigation concerns whether Suncor and certain of its directors and/or officers have engaged in securities fraud or other unlawful business practices. Investors are encouraged to contact attorney Lesley F. Portnoy,by phone 310-692-8883 or email: lesley@portnoylaw.com , to discuss their legal rights, or click here to join the case via www.portnoylaw.com . The Portnoy Law Firm can provide a complimentary case evaluation and discuss investors options for pursuing claims to recover their losses. On August 16, 2020, it was reported by Suncor that the Company had experienced a fire at its Base Plant mines secondary extraction facilities. Suncor then issued a press release on September 7, 2020 \"provid[ing an] operational and 2020 guidance update.\" In this press release, it was disclosed by Suncor that while \"initial repairs can allow the mine to operate at full rates, production has been restricted to manage bitumen quality into the upgraders\" and that the Company expected to \"achieve full mining rates of approximately 300,000 bbls/d by the middle of the fourth quarter, as bitumen treatment facilities return to full operation.\" Suncor's stock price fell $1.53 per share, or 9.86%, on this news, to close at $13.99 per share on September 8, 2020.", "raw_cleaned_article": "<h2>Suncor Energy, Inc. Investors: Company Investigated by the Portnoy Law Firm</h2><p><b>(GlobeNewswire) - The Portnoy Law Firm advises Suncor Energy, Inc. (\"Suncor\" or the \"Company\") (NYSE: SU) investors that the firm has initiated an investigation into possible securities fraud, and may file a class action on behalf of investors. The investigation concerns whether Suncor and certain of its directors and/or officers have engaged in securities fraud or other unlawful business practices.</b> Investors are encouraged to contact attorney Lesley F. Portnoy,by phone 310-692-8883 or email: lesley@portnoylaw.com , to discuss their legal rights, or click here to join the case via www.portnoylaw.com . The Portnoy Law Firm can provide a complimentary case evaluation and discuss investors options for pursuing claims to recover their losses. On August 16, 2020, it was reported by Suncor that the Company had experienced a fire at its Base Plant mines secondary extraction facilities. Suncor then issued a press release on September 7, 2020 \"provid[ing an] operational and 2020 guidance update.\" In this press release, it was disclosed by Suncor that while \"initial repairs can allow the mine to operate at full rates, production has been restricted to manage bitumen quality into the upgraders\" and that the Company expected to \"achieve full mining rates of approximately 300,000 bbls/d by the middle of the fourth quarter, as bitumen treatment facilities return to full operation.\" Suncor's stock price fell $1.53 per share, or 9.86%, on this news, to close at $13.99 per share on September 8, 2020.</p>", "original_content": "<entry xmlns=\"http://www.w3.org/2005/Atom\"><id>urn:contentItem:60VY-K4K1-F11P-X1Y1-00000-00</id><title>Suncor Energy, Inc. Investors: Company Investigated by the Portnoy Law Firm</title><published>2020-09-18T00:00:00Z</published><updated>2020-11-16T05:34:53Z</updated><author><name>LexisNexis</name></author><content type=\"application/xml\"><!--Transformation version 1.23--><articleDoc xmlns=\"\" xmlns:xsi=\"http://www.w3.org/2001/XMLSchema-instance\" xsi:noNamespaceSchemaLocation=\"http://www.lexisnexis.com/xmlschemas/content/public/articledoc/1/\" schemaVersion=\"1.8\" xml:lang=\"en\"><articleDocHead><itemInfo/></articleDocHead><nitf:body xmlns:nitf=\"http://iptc.org/std/NITF/2006-10-18/\"><nitf:body.head><nitf:hedline><nitf:hl1>Suncor Energy, Inc. Investors: Company Investigated by the Portnoy Law Firm</nitf:hl1></nitf:hedline></nitf:body.head><nitf:body.content><bodyText><p nitf:lede=\"true\">(GlobeNewswire) - The Portnoy Law Firm advises Suncor Energy, Inc. (\"Suncor\" or the \"Company\") (NYSE: SU) investors that the firm has initiated an investigation into possible securities fraud, and may file a class action on behalf of investors. The investigation concerns whether Suncor and certain of its directors and/or officers have engaged in securities fraud or other unlawful business practices.</p><p>Investors are encouraged to contact attorney Lesley F. Portnoy,by phone 310-692-8883 or email: <email normalizedValue=\"mailto:lesley@portnoylaw.com\">lesley@portnoylaw.com</email> , to discuss their legal rights, or click here to join the case via <url normalizedValue=\"http://www.portnoylaw.com\">www.portnoylaw.com</url> . The Portnoy Law Firm can provide a complimentary case evaluation and discuss investors options for pursuing claims to recover their losses.</p><p>On August 16, 2020, it was reported by Suncor that the Company had experienced a fire at its Base Plant mines secondary extraction facilities. Suncor then issued a press release on September 7, 2020 \"provid[ing an] operational and 2020 guidance update.\" In this press release, it was disclosed by Suncor that while \"initial repairs can allow the mine to operate at full rates, production has been restricted to manage bitumen quality into the upgraders\" and that the Company expected to \"achieve full mining rates of approximately 300,000 bbls/d by the middle of the fourth quarter, as bitumen treatment facilities return to full operation.\" Suncor's stock price fell $1.53 per share, or 9.86%, on this news, to close at $13.99 per share on September 8, 2020.</p><p>Please visit our website to review more information and submit your transaction information.</p><p>The Portnoy Law Firm represents investors in pursuing claims arising from corporate wrongdoing. The Firms founding partner has recovered over $5.5 billion for aggrieved investors. Attorney advertising. Prior results do not guarantee similar outcomes.</p><p>Lesley F. Portnoy, Esq.</p><p>Admitted CA and NY Bar</p><p><email normalizedValue=\"mailto:lesley@portnoylaw.com\">lesley@portnoylaw.com</email></p><p>310-692-8883</p><p><url normalizedValue=\"http://www.portnoylaw.com\">www.portnoylaw.com</url></p><p>Attorney Advertising 2020 Global Data Point.</p></bodyText></nitf:body.content></nitf:body><metadata><dc:metadata xmlns:dc=\"http://purl.org/dc/elements/1.1/\"><dc:identifier identifierScheme=\"DOC-ID\">ERGMWW-184937669</dc:identifier><dc:source sourceScheme=\"royaltyReportingKey\">ERGMWW2020</dc:source><dc:identifier identifierScheme=\"PGUID\">urn:contentItem:60VY-K4K1-F11P-X1Y1-00000-00</dc:identifier><dc:source sourceScheme=\"productContentSetIdentifier\">417292</dc:source><dc:date dateType=\"last-updated\">2020-09-18</dc:date></dc:metadata><wordCount number=\"331\"/><publicationInfo><copyright>Copyright 2020 Global Data Point Provided by Syndigate Media Inc.<emphasis typeStyle=\"it\"><emphasis typeStyle=\"ro\"><url normalizedValue=\"http://syndigate.info\">(Syndigate.info)</url></emphasis></emphasis> All Rights Reserved</copyright><publicationName>Energy Monitor Worldwide</publicationName><publicationLogo><logo><inlineObject><locator><locatorKey><keyName name=\"object-key\"/><keyValue value=\"35453\"/></locatorKey><locatorParameters><parameter name=\"object-type\" value=\"201\"/><parameter name=\"object-smi\" value=\"LOGOS\"/><parameter name=\"componentseq\" value=\"1\"/></locatorParameters></locator></inlineObject></logo></publicationLogo><publicationDate day=\"18\" month=\"09\" year=\"2020\"><dateText>September 18, 2020 Friday</dateText></publicationDate><classification classificationScheme=\"publicationtype\"><classificationItem><className>Web Publication</className></classificationItem></classification><classification classificationScheme=\"publicationtype\"><classificationItem><className>Industry Trade Press</className></classificationItem></classification></publicationInfo><classification classificationScheme=\"language\"><classificationItem classificationScheme=\"lang.english\"><className>ENGLISH</className></classificationItem></classification><classificationGroup classificationScheme=\"indexing-terms\"><classification classificationScheme=\"company\"><classificationItem score=\"96\"><classCode>CC0001U5D</classCode><className>SUNCOR ENERGY INC</className></classificationItem></classification><classification classificationScheme=\"industry\"><classificationItem score=\"96\"><className>NAICS447190 OTHER GASOLINE STATIONS</className></classificationItem><classificationItem score=\"96\"><className>NAICS324110 PETROLEUM REFINERIES</className></classificationItem><classificationItem score=\"96\"><className>NAICS211130 NATURAL GAS EXTRACTION</className></classificationItem><classificationItem score=\"96\"><className>NAICS211120 CRUDE PETROLEUM EXTRACTION</className></classificationItem><classificationItem score=\"96\"><className>SIC1311 CRUDE PETROLEUM &amp; NATURAL GAS</className></classificationItem></classification><classification classificationScheme=\"ticker\"><classificationItem score=\"96\"><className>SU (TSX)</className></classificationItem><classificationItem score=\"96\"><className>SU (NYSE)</className></classificationItem></classification></classificationGroup><classificationGroup classificationScheme=\"indexing-terms\"><classification classificationScheme=\"legal\"><classificationItem><className>Business &amp; Corporate Compliance</className><classCode>Z3VpZD11cm46dG9waWM6MUFEMUQ2QTA1OUZCNEE5RjkzNTA2RERFMUNEOTk1RTI7cGFyZW50Z3VpZD0</classCode><classificationItem score=\"99\"><className>Energy &amp; Utilities</className><classCode>Z3VpZD11cm46dG9waWM6OUUzODAyRDk1QzVFNEZGMEJDM0RGMDYxOTlEMEEzRDA7cGFyZW50Z3VpZD11cm46dG9waWM6MUFEMUQ2QTA1OUZCNEE5RjkzNTA2RERFMUNEOTk1RTI</classCode></classificationItem></classificationItem><classificationItem><className>Securities Law</className><classCode>Z3VpZD11cm46dG9waWM6RkFFMTQ3ODhCRDYyNDkyN0IwQkEyQzRCRDlFMEM5ODc7cGFyZW50Z3VpZD0</classCode><classificationItem score=\"50\"><className>Class Actions</className><classCode>Z3VpZD11cm46dG9waWM6N0U3NzgxQzgwRkVFNDI4OTg4QTcyNjk5QTA3RkQxNTM7cGFyZW50Z3VpZD11cm46dG9waWM6MDQ2QjczQUU0QjIwNDg0NUJFM0RFRjg0NkQ2NTk5Mjk</classCode></classificationItem><classificationItem score=\"50\"><className>Class Actions</className><classCode>Z3VpZD11cm46dG9waWM6MTE2NjQ1MkIzOEJENDI5RDg5RUExRjY2Mjc5NUQyMDY7cGFyZW50Z3VpZD11cm46dG9waWM6QjMxRDFBMTgwMDFFNEFBQTlCNTgzMTY0MzY4QkU4QUQ</classCode></classificationItem></classificationItem></classification><classification classificationScheme=\"subject\"><classificationItem score=\"91\"><classCode>ST000DLX8</classCode><className>BUSINESS INVESTIGATIONS</className><classCode/><className/></classificationItem><classificationItem score=\"91\"><classCode>STX000969</classCode><className>INVESTIGATIONS</className><classCode/><className/></classificationItem><classificationItem score=\"91\"><classCode>ST0008XMR</classCode><className>LAW &amp; LEGAL SYSTEM</className><classCode/><className/></classificationItem><classificationItem score=\"91\"><classCode>N541110GM</classCode><className>LAWYERS</className><classCode/><className/></classificationItem><classificationItem score=\"91\"><classCode>STX001976</classCode><className>SECURITIES &amp; OTHER INVESTMENTS</className><classCode/><className/></classificationItem><classificationItem score=\"90\"><classCode>N541100CC</classCode><className>LEGAL SERVICES</className><classCode/><className/></classificationItem><classificationItem score=\"90\"><classCode>ST0009RDY</classCode><className>MINING &amp; EXTRACTION SECTOR PERFORMANCE</className><classCode/><className/></classificationItem><classificationItem score=\"90\"><classCode>ST0009QD4</classCode><className>NEGATIVE BUSINESS NEWS</className><classCode/><className/></classificationItem><classificationItem score=\"89\"><classCode>STX001008</classCode><className>LAW PRACTICE</className><classCode/><className/></classificationItem><classificationItem score=\"78\"><classCode>STX001928</classCode><className>COMPANY ACTIVITIES &amp; MANAGEMENT</className><classCode/><className/></classificationItem><classificationItem score=\"78\"><classCode>STX000408</classCode><className>CORPORATE WRONGDOING</className><classCode/><className/></classificationItem><classificationItem score=\"78\"><classCode>STX001372</classCode><className>PRESS RELEASES</className><classCode/><className/></classificationItem><classificationItem score=\"78\"><classCode>ST000CZTI</classCode><className>STOCK PRICES</className><classCode/><className/></classificationItem><classificationItem score=\"77\"><classCode>STX000759</classCode><className>FRAUD &amp; FINANCIAL CRIME</className><classCode/><className/></classificationItem><classificationItem score=\"77\"><classCode>STX001648</classCode><className>SUITS &amp; CLAIMS</className><classCode/><className/></classificationItem><classificationItem score=\"72\"><classCode>STX000304</classCode><className>CLASS ACTIONS</className><classCode>Z3VpZD11cm46dG9waWM6Mjk5M0Q3OEY2NkE3NDIwQzg4MDk1NUUxQUI5Nzc5NTU7cGFyZW50Z3VpZD11cm46dG9waWM6MDc3RDI0Njg5OEU2NEM5NzkxRUU2MjBEMDMyRkQ3Mzk</classCode><className>Class Actions</className></classificationItem></classification><classification classificationScheme=\"industry\"><classificationItem score=\"93\"><classCode>STX001198</classCode><className>NATURAL GAS PRODUCTS</className><classCode/><className/></classificationItem><classificationItem score=\"91\"><classCode>N541110GM</classCode><className>LAWYERS</className><classCode/><className/></classificationItem><classificationItem score=\"91\"><classCode>STX001976</classCode><className>SECURITIES &amp; OTHER INVESTMENTS</className><classCode/><className/></classificationItem><classificationItem score=\"90\"><classCode>N447000CC</classCode><className>GAS STATIONS</className><classCode/><className/></classificationItem><classificationItem score=\"90\"><classCode>N541100CC</classCode><className>LEGAL SERVICES</className><classCode/><className/></classificationItem><classificationItem score=\"90\"><classCode>ST0009RDY</classCode><className>MINING &amp; EXTRACTION SECTOR PERFORMANCE</className><classCode/><className/></classificationItem><classificationItem score=\"90\"><classCode>ST000DBCO</classCode><className>NATURAL GAS</className><classCode>Z3VpZD11cm46dG9waWM6OTYxNzdCMkVBQkIyNEM2RTk2MDkzQjNEMTg4MzVFRTE7cGFyZW50Z3VpZD11cm46dG9waWM6OUUzODAyRDk1QzVFNEZGMEJDM0RGMDYxOTlEMEEzRDA</classCode><className>Natural Gas Industry</className></classificationItem><classificationItem score=\"90\"><classCode>ST0009T2J</classCode><className>NATURAL GAS EXTRACTION</className><classCode/><className/></classificationItem><classificationItem score=\"90\"><classCode>ST000DL4P</classCode><className>OIL &amp; GAS FACILITIES</className><classCode/><className/></classificationItem><classificationItem score=\"90\"><classCode>STX001240</classCode><className>OIL &amp; GAS INDUSTRY</className><classCode/><className/></classificationItem><classificationItem score=\"90\"><classCode>ST0009T2I</classCode><className>OIL EXTRACTION</className><classCode/><className/></classificationItem><classificationItem score=\"90\"><classCode>ST0009FBJ</classCode><className>PETROLEUM PRODUCTS</className><classCode/><className/></classificationItem><classificationItem score=\"90\"><classCode>N324110CC</classCode><className>PETROLEUM REFINERIES</className><classCode/><className/></classificationItem><classificationItem score=\"89\"><classCode>STX001008</classCode><className>LAW PRACTICE</className><classCode/><className/></classificationItem><classificationItem score=\"78\"><classCode>ST000CZTI</classCode><className>STOCK PRICES</className><classCode/><className/></classificationItem></classification></classificationGroup></metadata></articleDoc></content></entry>"}