{"prediction_class": "Regulatory Breaches Tax Evasion Smuggling of goods", "prediction_score": "0.99", "name": "Suncor Energy", "title": "Suncor Energy consents to fine with Competition Bureau", "published": "2012-04-13T00:00:00Z", "updated": "2020-11-16T04:49:08Z", "cleaned_article": "[TITLE] Suncor Energy consents to fine with Competition Bureau [TITLE] \n\nCALGARY, ALBERTA--(Marketwire - April 13, 2012) - Suncor Energy Products Inc. (Sunoco) today consented to a fine for non-compliance under the Competition Act as a result of certain isolated business communications involving its Sunoco branded gas stations in the Belleville, Ontario area in 2007.      For Sunoco the fine concludes a Competition Bureau inquiry which alleged that certain pricing-related communications between Sunoco and Pioneer Petroleums L.P. in the context of their joint venture were not in compliance with the Competition Act. There were no improper communications between Sunoco and any other operator.      In 1993, Sunoco entered into a retail joint venture with Pioneer Petroleums Inc. with each company holding a 50 per cent interest. The joint venture was operated by Pioneer. The details of the joint venture were reviewed and approved by the Competition Bureau at that time. ", "raw_cleaned_article": "<h2>Suncor Energy consents to fine with Competition Bureau</h2><p><b>CALGARY, ALBERTA--(Marketwire - April 13, 2012) - Suncor Energy Products Inc. (Sunoco) today consented to a fine for non-compliance under the Competition Act as a result of certain isolated business communications involving its Sunoco branded gas stations in the Belleville, Ontario area in 2007. </b>     For Sunoco the fine concludes a Competition Bureau inquiry which alleged that certain pricing-related communications between Sunoco and Pioneer Petroleums L.P. in the context of their joint venture were not in compliance with the Competition Act. There were no improper communications between Sunoco and any other operator.      In 1993, Sunoco entered into a retail joint venture with Pioneer Petroleums Inc. with each company holding a 50 per cent interest. The joint venture was operated by Pioneer. The details of the joint venture were reviewed and approved by the Competition Bureau at that time. </p>", "original_content": "<entry xmlns=\"http://www.w3.org/2005/Atom\"><id>urn:contentItem:55D6-5WB1-DYRH-B1NP-00000-00</id><title>Suncor Energy consents to fine with Competition Bureau</title><published>2012-04-13T00:00:00Z</published><updated>2020-11-16T04:49:08Z</updated><author><name>LexisNexis</name></author><content type=\"application/xml\"><!--Transformation version 1.23--><articleDoc xmlns=\"\" xmlns:xsi=\"http://www.w3.org/2001/XMLSchema-instance\" xsi:noNamespaceSchemaLocation=\"http://www.lexisnexis.com/xmlschemas/content/public/articledoc/1/\" schemaVersion=\"1.8\" xml:lang=\"en\"><articleDocHead><itemInfo/></articleDocHead><nitf:body xmlns:nitf=\"http://iptc.org/std/NITF/2006-10-18/\"><nitf:body.head><nitf:hedline><nitf:hl1>Suncor Energy consents to fine with Competition Bureau</nitf:hl1></nitf:hedline></nitf:body.head><nitf:body.content><bodyText><p nitf:lede=\"true\">CALGARY, ALBERTA--(Marketwire - April 13, 2012) - Suncor Energy Products Inc. (Sunoco) today consented to a fine for non-compliance under the Competition Act as a result of certain isolated business communications involving its Sunoco branded gas stations in the Belleville, Ontario area in 2007. </p><p>    For Sunoco the fine concludes a Competition Bureau inquiry which alleged that certain pricing-related communications between Sunoco and Pioneer Petroleums L.P. in the context of their joint venture were not in compliance with the Competition Act. There were no improper communications between Sunoco and any other operator. </p><p>    In 1993, Sunoco entered into a retail joint venture with Pioneer Petroleums Inc. with each company holding a 50 per cent interest. The joint venture was operated by Pioneer. The details of the joint venture were reviewed and approved by the Competition Bureau at that time. </p><p>    During its investigation, the Competition Bureau determined that on five occasions between May 30, 2007 and Nov. 14, 2007, a Sunoco representative and a counterpart at Pioneer exchanged information relating to the Belleville area that went beyond the exchange of information the Bureau considered acceptable within the context of the joint venture. </p><p>    Immediately upon being advised of the Competition Bureau's investigation, Sunoco ensured that no further pricing-related communications occurred with Pioneer. In addition, Sunoco engaged in further competition training beyond that already provided, to all relevant Sunoco personnel. </p><p>    Throughout the Competition Bureau's investigation, Sunoco cooperated fully and, to put this matter behind it, agreed to pay a $500,000 penalty. </p><p>Suncor Energy Inc. is Canada's premier integrated energy company. Suncor's operations include oil sands development and upgrading, conventional and offshore oil and gas production, petroleum refining, and product marketing under the Petro-Canada brand. While working to responsibly develop petroleum resources, Suncor is also developing a growing renewable energy portfolio. Suncor's common shares (symbol: SU) are listed on the Toronto and New York stock exchanges. </p><p>    For more information about Suncor Energy please visit our web site at <url normalizedValue=\"http://www.suncor.com\">www.suncor.com</url>. </p></bodyText></nitf:body.content><nitf:body.end><contact><bodyText><p><br/><br/>CONTACT: <br/>403-296-4000<br/><email normalizedValue=\"mailto:media@suncor.com\">media@suncor.com</email><br/>800-558-9071<br/><email normalizedValue=\"mailto:invest@suncor.com\">invest@suncor.com</email></p></bodyText></contact></nitf:body.end></nitf:body><metadata><dc:metadata xmlns:dc=\"http://purl.org/dc/elements/1.1/\"><dc:identifier identifierScheme=\"DOC-ID\">CCN-</dc:identifier><dc:source sourceScheme=\"royaltyReportingKey\">CCN2012</dc:source><dc:identifier identifierScheme=\"PGUID\">urn:contentItem:55D6-5WB1-DYRH-B1NP-00000-00</dc:identifier><dc:source sourceScheme=\"productContentSetIdentifier\">167438</dc:source><dc:date dateType=\"last-updated\">2017-05-05</dc:date></dc:metadata><wordCount number=\"387\"/><timeReceived>1:48 AM EST</timeReceived><publicationInfo><copyright>Copyright 2012 Marketwire, L.P. All Rights Reserved</copyright><publicationName>Marketwire</publicationName><publicationDate day=\"13\" month=\"04\" year=\"2012\"><dateText>April 13, 2012 Friday</dateText></publicationDate><classification classificationScheme=\"publicationtype\"><classificationItem><className>Newswire</className></classificationItem></classification><classification classificationScheme=\"publicationtype\"><classificationItem><className>Newswires &amp; Press Releases</className></classificationItem></classification></publicationInfo><classification classificationScheme=\"language\"><classificationItem classificationScheme=\"lang.english\"><className>ENGLISH</className></classificationItem></classification><classificationGroup classificationScheme=\"indexing-terms\"><classification classificationScheme=\"company\"><classificationItem score=\"93\"><classCode>CC0001U5D</classCode><className>SUNCOR ENERGY INC</className></classificationItem><classificationItem score=\"65\"><classCode>CC0002004</classCode><className>PETRO-CANADA</className></classificationItem></classification><classification classificationScheme=\"ticker\"><classificationItem score=\"93\"><className>SU (TSX)</className></classificationItem><classificationItem score=\"93\"><className>SU (NYSE)</className></classificationItem></classification></classificationGroup><classificationGroup classificationScheme=\"licensor.indexing-terms\"><classification classificationScheme=\"licensor.industry\"><classificationItem><className>GAS</className></classificationItem></classification><classification classificationScheme=\"licensor.subject\"><classificationItem><className>SPECIAL NEWS EVENTS</className></classificationItem></classification></classificationGroup><classificationGroup classificationScheme=\"indexing-terms\"><classification classificationScheme=\"legal\"><classificationItem><className>Business &amp; Corporate Compliance</className><classCode>Z3VpZD11cm46dG9waWM6MUFEMUQ2QTA1OUZCNEE5RjkzNTA2RERFMUNEOTk1RTI7cGFyZW50Z3VpZD0</classCode><classificationItem score=\"99\"><className>Businesses &amp; Corporations</className><classCode>Z3VpZD11cm46dG9waWM6QjA4OEVGODBENzY4NDcxM0IyQzA1OTEwQzVDODRBOUE7cGFyZW50Z3VpZD11cm46dG9waWM6MUFEMUQ2QTA1OUZCNEE5RjkzNTA2RERFMUNEOTk1RTI</classCode></classificationItem></classificationItem><classificationItem><className>Mergers &amp; Acquisitions Law</className><classCode>Z3VpZD11cm46dG9waWM6QjRDRTUzQzBCMEIyNDU5QkE4QjFDMEE2Qjg2MUZDOTk7cGFyZW50Z3VpZD0</classCode><classificationItem score=\"83\"><className>Joint Ventures</className><classCode>Z3VpZD11cm46dG9waWM6Q0UwM0E5RDEwNDJFNDMzQTk4ODBGMkY5OTc3QjY0Nzk7cGFyZW50Z3VpZD11cm46dG9waWM6NkE4OEIzNzhFMEUxNEMwRkFENkZBNzlCRDcyNUEyRkI</classCode></classificationItem></classificationItem></classification><classification classificationScheme=\"subject\"><classificationItem score=\"90\"><classCode>STX000969</classCode><className>INVESTIGATIONS</className><classCode/><className/></classificationItem><classificationItem score=\"90\"><classCode>ST000DIJW</classCode><className>PRICES</className><classCode/><className/></classificationItem><classificationItem score=\"89\"><classCode>STX000722</classCode><className>FINES &amp; PENALTIES</className><classCode/><className/></classificationItem><classificationItem score=\"77\"><classCode>ST0009S2H</classCode><className>OIL &amp; GAS OUTPUT</className><classCode/><className/></classificationItem><classificationItem score=\"74\"><classCode>ST0009GJS</classCode><className>OIL PRODUCTION STATISTICS</className><classCode/><className/></classificationItem><classificationItem score=\"54\"><classCode>STX000108</classCode><className>APPROVALS</className><classCode/><className/></classificationItem></classification><classification classificationScheme=\"industry\"><classificationItem score=\"90\"><classCode>ST0009FBJ</classCode><className>PETROLEUM PRODUCTS</className><classCode/><className/></classificationItem><classificationItem score=\"89\"><classCode>STX001240</classCode><className>OIL &amp; GAS INDUSTRY</className><classCode/><className/></classificationItem><classificationItem score=\"77\"><classCode>N447000CC</classCode><className>GAS STATIONS</className><classCode/><className/></classificationItem><classificationItem score=\"77\"><classCode>N211000CC</classCode><className>OIL &amp; GAS EXTRACTION</className><classCode/><className/></classificationItem><classificationItem score=\"77\"><classCode>ST0009S2H</classCode><className>OIL &amp; GAS OUTPUT</className><classCode/><className/></classificationItem><classificationItem score=\"74\"><classCode>STX000336</classCode><className>COMMON STOCK</className><classCode/><className/></classificationItem><classificationItem score=\"74\"><classCode>ST0009GJS</classCode><className>OIL PRODUCTION STATISTICS</className><classCode/><className/></classificationItem><classificationItem score=\"73\"><classCode>STX001466</classCode><className>ALTERNATIVE &amp; RENEWABLE ENERGY</className><classCode/><className/></classificationItem><classificationItem score=\"72\"><classCode>ST000DBMJ</classCode><className>OFFSHORE OIL &amp; GAS EXPLORATION &amp; EXTRACTION</className><classCode/><className/></classificationItem><classificationItem score=\"71\"><classCode>N523210MM</classCode><className>STOCK EXCHANGES</className><classCode>Z3VpZD11cm46dG9waWM6M0ZDMDg5MEQ3OTlGNEJCMkI0M0EyM0MwN0E1Njk1MEQ7cGFyZW50Z3VpZD11cm46dG9waWM6NDBGREFBMDgyNTQ0NERFRUI3MEUwNDBFOTM5NDExREI</classCode><className>Stock Exchanges</className></classificationItem><classificationItem score=\"63\"><classCode>N324110CC</classCode><className>PETROLEUM REFINERIES</className><classCode/><className/></classificationItem><classificationItem score=\"57\"><classCode>STX000234</classCode><className>BUSINESS TELEPHONE SERVICE</className><classCode/><className/></classificationItem></classification><classification classificationScheme=\"city\"><classificationItem score=\"79\"><classCode>GX429</classCode><className>CALGARY, AB, CANADA</className><classCode/><className/></classificationItem><classificationItem score=\"58\"><classCode>GX060</classCode><className>TORONTO, ON, CANADA</className><classCode/><className/></classificationItem></classification><classification classificationScheme=\"state\"><classificationItem score=\"88\"><classCode>GS174</classCode><className>ONTARIO, CANADA</className><classCode/><className/></classificationItem><classificationItem score=\"79\"><classCode>GS167</classCode><className>ALBERTA, CANADA</className><classCode/><className/></classificationItem></classification><classification classificationScheme=\"country\"><classificationItem score=\"92\"><classCode>GC339</classCode><className>CANADA</className><classCode/><className/></classificationItem></classification></classificationGroup></metadata></articleDoc></content></entry>"}