{"prediction_class": "Human & Weapon Trafficking", "prediction_score": "0.55", "name": "Telstra", "title": "Battle against bribery", "published": "1999-02-20T00:00:00Z", "updated": "2020-11-15T23:11:37Z", "cleaned_article": "[TITLE] Battle against bribery [TITLE] \n\nDr Eigen said the IOC scandal showed how the bribes of the rich undermined the developing world and distorted decision-making. \"The primary sin lies with those who offer these inducements,\" Dr Eigen said. At home, Western Mining, BHP and Telstra have policies that prohibit paying bribes, insisting that playing in the global marketplace meant focusing on long-term gains. Mr Jeff Lomas, BHP's group manager for global business conduct, acknowledged this policy of above-board dealings had cost them business, at least in the short term. \"We've certainly walked away from situations where there was no alternative but to forgo that business because of the illegal activity,\" he said.Western Mining policy allows payments only when employees' lives are endangered, but all transactions are recorded and authorities notified. Telstra has had vehicles waiting for several months on the docks in Vietnam when it refused to tickle palms. Venality is big business. The World Bank estimates that about $A126billion of graft disappears into the pockets of officials in developing countries each year - equivalent to more than twice the economic output of Bangladesh. Bribery and kickbacks have for many years been accepted as necessary for doing business in developing countries.", "raw_cleaned_article": "<h2>Battle against bribery</h2><p>Dr Eigen said the IOC scandal showed how the bribes of the rich undermined the developing world and distorted decision-making. \"The primary sin lies with those who offer these inducements,\" Dr Eigen said. <b>At home, Western Mining, BHP and Telstra have policies that prohibit paying bribes, insisting that playing in the global marketplace meant focusing on long-term gains.</b> Mr Jeff Lomas, BHP's group manager for global business conduct, acknowledged this policy of above-board dealings had cost them business, at least in the short term. \"We've certainly walked away from situations where there was no alternative but to forgo that business because of the illegal activity,\" he said.</p><p>[...]</p><p>Dr Eigen said the IOC scandal showed how the bribes of the rich undermined the developing world and distorted decision-making. <b>Western Mining policy allows payments only when employees' lives are endangered, but all transactions are recorded and authorities notified. Telstra has had vehicles waiting for several months on the docks in Vietnam when it refused to tickle palms.</b> Venality is big business. The World Bank estimates that about $A126billion of graft disappears into the pockets of officials in developing countries each year - equivalent to more than twice the economic output of Bangladesh. Bribery and kickbacks have for many years been accepted as necessary for doing business in developing countries.</p>", "original_content": "<entry xmlns=\"http://www.w3.org/2005/Atom\"><id>urn:contentItem:4P8H-NS70-TXN5-S194-00000-00</id><title>Battle against bribery</title><published>1999-02-20T00:00:00Z</published><updated>2020-11-15T23:11:37Z</updated><author><name>LexisNexis</name></author><content type=\"application/xml\"><!--Transformation version 1.23--><articleDoc xmlns=\"\" xmlns:xsi=\"http://www.w3.org/2001/XMLSchema-instance\" xsi:noNamespaceSchemaLocation=\"http://www.lexisnexis.com/xmlschemas/content/public/articledoc/1/\" schemaVersion=\"1.8\" xml:lang=\"en\"><articleDocHead><itemInfo><sourceSectionInfo><positionSection>NEWS</positionSection><positionSequence>Pg. 15</positionSequence></sourceSectionInfo></itemInfo></articleDocHead><nitf:body xmlns:nitf=\"http://iptc.org/std/NITF/2006-10-18/\"><nitf:body.head><nitf:hedline><nitf:hl1>Battle against bribery</nitf:hl1></nitf:hedline><nitf:byline><author><person><nameText>LEON GETTLER</nameText></person></author></nitf:byline></nitf:body.head><nitf:body.content><bodyText><p nitf:lede=\"true\">Taking everything into account, he will find that some of the things that appear to be virtues will, if he practises them, ruin him, and some of the things that appear to be wicked will bring him security and prosperity.-- Niccolo Machiavelli, The Prince</p><p nitf:lede=\"true\">A man, Sir, should keep his friendship in constant repair. -- Samuel Johnson</p><p nitf:lede=\"true\">Australian businesses that bribe public officials overseas could be fined up to $10million and have any resulting gains confiscated under plans for a corruption crackdown.</p><p nitf:lede=\"true\">The recommendations from a parliamentary committee - being considered at the same time the Olympics bribery scandal erupted - also urged fining individuals greasing the palms of foreign bureaucrats up to $500,000.</p><p>The Justice Minister, Senator Amanda Vanstone, said yesterday the Government expected to introduce the anti-corruption legislation in this session of Parliament.</p><p>She would not reveal whether the Government would adopt the committee's recommendations, but it is likely to bolster some of the areas in the Criminal Code Amendment (Bribery of Foreign Public Officials) Bill, referred to the joint standing committee</p><p>on treaties for review last year.</p><p>If passed, the new law will see Australia join the growing club of countries that have put similar legislation in place.</p><p>\"If we condone an international trading system where contracts can be won depending on the size of your pocket, our business people will lose out,\" Senator Vanstone said.</p><p>The Government's strong stand comes soon after the Olympics bidding scandal that has engulfed Salt Lake City - host of the 2002 Winter Olympics - and resulted in the New South Wales Government announcing an official inquiry into Sydney's bid for the 2000 Olympics.</p><p>The Salt Lake City Olympic Board of Ethics inquiry has already revealed breathtaking irregularities, including the payment of cash, gifts and medical services to IOC members.</p><p>A report from Sydney's Olympic bid directors clears IOC members of misconduct during the bid to host the 2000 Games. However, the report refers to $50,000 offered by the Australian Olympic Committee president, Mr John Coates, to two African IOC members for athletics programs the night before Sydney won the Games, \"without the bid company's knowledge\".</p><p>Dr Peter Eigen, the founder of Transparency International, the only private non-profit organisation fighting corruption globally, has called on the IOC to compensate cities that have lost out.</p><p>Dr Eigen said the IOC scandal showed how the bribes of the rich undermined the developing world and distorted decision-making.</p><p>\"The primary sin lies with those who offer these inducements,\" Dr Eigen said.</p><p>At home, Western Mining, BHP and Telstra have policies that prohibit paying bribes, insisting that playing in the global marketplace meant focusing on long-term gains.</p><p>Mr Jeff Lomas, BHP's group manager for global business conduct, acknowledged this policy of above-board dealings had cost them business, at least in the short term.</p><p>\"We've certainly walked away from situations where there was no alternative but to forgo that business because of the illegal activity,\" he said.</p><p>Western Mining policy allows payments only when employees' lives are endangered, but all transactions are recorded and authorities notified. Telstra has had vehicles waiting for several months on the docks in Vietnam when it refused to tickle palms.</p><p>Venality is big business. The World Bank estimates that about $A126billion of graft disappears into the pockets of officials in developing countries each year - equivalent to more than twice the economic output of Bangladesh.</p><p>Bribery and kickbacks have for many years been accepted as necessary for doing business in developing countries.</p><p>But in an era where investors have many options and can move billions of dollars around at the click of a mouse button, the brown paper bag is no longer seen as de rigueur.</p><p>The president of the World Bank, Mr James Wolfensohn, sees corruption as a key factor behind the financial storm that has swept through Asia and developing countries.</p><p>Writing last year in the United States' Information Agency's electronic journal, Economic Perspectives, Mr Wolfensohn said that far from lubricating business, bribery added costs by creating layers of bureaucracy eager for a slice of the action.</p><p>This meant more time and resources channelled into negotiating licences, permits and fees, with purchasing decisions determined by the size of the loot, not the merits of the product or service.</p><p>\"Many of the challenges we face today can be traced, in part, to cronyism, shallow disclosure requirements and opaque record-keeping,\" Mr Wolfensohn said.</p><p>\"Open markets cannot work behind closed doors. Both private capital flows and official development assistance are increasingly discriminating with regard to policy performance and institutional integrity.\"</p><p>Nor is it just a matter of distorted flows of global capital. Elites in those countries might be the ones who benefit from the frequent nod and wink, but it is always the poor that suffer in a world where hunger, unemployment and child labor are endemic.</p><p>The executive director of the StJames Ethics Centre in Sydney, Dr Simon Longstaff, said: \"You have ranged on one side a group of people who say: `We've got millions of dollars at stake and everybody else is doing it so why can't we?' versus the other reality that buildings fall down or people lose lives because somebody paid a bribe and the wrong product went to the wrong person at the wrong price.</p><p>\"The tide of opinion around the world is very forcefully moving against bribery, not just because it's a distortion of the economy but because of the scale of human cost.\"</p><p>Senator Vanstone's legislation would bring Australia into line with the Organisation for Economic Cooperation and Development's convention on combating bribery of public officials.</p><p>Austria, Canada, Finland, Germany, Greece, Iceland, Japan, South Korea, Norway, Britain and the US have anti-corruption laws and many others are soon to join them.</p><p>The Australian legislation, like the US Foreign Corrupt Practices Act, is expected to acknowledge the twilight zone that exists between bribery and so-called feasibility payments where small amounts are paid for routine government services. These would not be outlawed. If they were, companies could be waiting forever for phones to be connected and visas granted.</p><p>However, the question of facilitation payments is difficult. Where does one draw the line? How \"small\" does a payment have to be when $A100 is the equivalent of what the average bureaucrat in Jakarta earns each month?</p><p>Ms Gayle Hill, a special counsel for the law firm Freehill Hollingdale &amp; Page, said the Australian legislation was expected to shift the blame, making it an offence for a business to have a corporate culture that tolerated corruption.</p><p>In other words, a company that turned a blind eye to bribery would face a $10million penalty. Saying you did not know about it would no longer be a defence, she said.</p><p>\"That's a point that businesses have not yet fully appreciated,\" Ms Hill said. \"It's not just a matter of this law being passed and waiting to see what they have to do if there is a corporate culture that does not require them to comply with these sort of values.\"</p><p>But the distinction between bribery and facilitation payments highlights the thin line separating the corrupt and the immoral from sharp business practice in an unrelenting and competitive marketplace.</p></bodyText></nitf:body.content><nitf:body.end><graphic><nitf:media><caption><p>Two photos: Senator Vanstone; James Wolfensohn</p></caption></nitf:media></graphic></nitf:body.end></nitf:body><metadata><dc:metadata xmlns:dc=\"http://purl.org/dc/elements/1.1/\"><dc:identifier identifierScheme=\"PGUID\">urn:contentItem:4P8H-NS70-TXN5-S194-00000-00</dc:identifier><dc:identifier identifierScheme=\"DOC-ID\">AGEMLB-4yi2hyor8yg1djms62o4</dc:identifier><dc:source sourceScheme=\"royaltyReportingKey\">AGEMLB1999</dc:source><dc:source sourceScheme=\"productContentSetIdentifier\">314239</dc:source><dc:date dateType=\"last-updated\">2010-05-14</dc:date></dc:metadata><wordCount number=\"1241\"/><publicationInfo><copyright>Copyright 1999 The Age Company Limited All Rights Reserved</copyright><publicationName>The Age (Melbourne, Australia)</publicationName><edition>Late Edition</edition><publicationDate day=\"20\" month=\"02\" year=\"1999\"><dateText>February 20, 1999 Saturday</dateText></publicationDate><classification classificationScheme=\"publicationtype\"><classificationItem><className>Newspaper</className></classificationItem></classification></publicationInfo><classification classificationScheme=\"language\"><classificationItem classificationScheme=\"lang.english\"><className>ENGLISH</className></classificationItem></classification><classificationGroup classificationScheme=\"licensor.indexing-terms\"><classification classificationScheme=\"licensor.region\"><classificationItem><className>Australia</className></classificationItem></classification><classification classificationScheme=\"licensor.subject\"><classificationItem><className>Crime/Bribery</className></classificationItem><classificationItem><className>Economy/Trade</className></classificationItem></classification></classificationGroup><classificationGroup classificationScheme=\"indexing-terms\"><classification classificationScheme=\"legal\"><classificationItem><className>Business &amp; Corporate Compliance</className><classCode>Z3VpZD11cm46dG9waWM6MUFEMUQ2QTA1OUZCNEE5RjkzNTA2RERFMUNEOTk1RTI7cGFyZW50Z3VpZD0</classCode><classificationItem score=\"50\"><className>Foreign Corrupt Practices Act</className><classCode>Z3VpZD11cm46dG9waWM6RTIyNjMwREI2RDU0NEQyNkExQjRCNzcwN0QwNTA1MzA7cGFyZW50Z3VpZD11cm46dG9waWM6RkFFMTQ3ODhCRDYyNDkyN0IwQkEyQzRCRDlFMEM5ODc</classCode></classificationItem></classificationItem><classificationItem><className>Securities Law</className><classCode>Z3VpZD11cm46dG9waWM6RkFFMTQ3ODhCRDYyNDkyN0IwQkEyQzRCRDlFMEM5ODc7cGFyZW50Z3VpZD0</classCode><classificationItem score=\"50\"><className>Foreign Corrupt Practices Act</className><classCode>Z3VpZD11cm46dG9waWM6RTIyNjMwREI2RDU0NEQyNkExQjRCNzcwN0QwNTA1MzA7cGFyZW50Z3VpZD11cm46dG9waWM6RkMxQkJCRDI5RkRBNDQxOThGQzcyMzYxOTVCRjRGQUU</classCode></classificationItem></classificationItem></classification><classification classificationScheme=\"subject\"><classificationItem score=\"91\"><classCode>STX000211</classCode><className>BRIBERY</className><classCode>Z3VpZD11cm46dG9waWM6MDdBNUZBQTcxQ0QzNEQ2MDk3MUU1RUM0Rjg0RDM1NDk7cGFyZW50Z3VpZD11cm46dG9waWM6RjgwNUY4MjJCMTg5NDgzRUJBMDQwNkM4NkUyNTJBMEY</classCode><className>Bribery</className></classificationItem><classificationItem score=\"90\"><classCode>ST000D5SG</classCode><className>CORRUPTION</className><classCode/><className/></classificationItem><classificationItem score=\"90\"><classCode>STX001020</classCode><className>LEGISLATION</className><classCode/><className/></classificationItem><classificationItem score=\"90\"><classCode>N921120CC</classCode><className>LEGISLATIVE BODIES</className><classCode/><className/></classificationItem><classificationItem score=\"90\"><classCode>ST0009FJK</classCode><className>NEGATIVE PERSONAL NEWS</className><classCode/><className/></classificationItem><classificationItem score=\"90\"><classCode>ST000DN6R</classCode><className>PUBLIC OFFICIALS</className><classCode/><className/></classificationItem><classificationItem score=\"89\"><classCode>STX000624</classCode><className>ENTERPRISE GLOBALIZATION</className><classCode/><className/></classificationItem><classificationItem score=\"89\"><classCode>STX000969</classCode><className>INVESTIGATIONS</className><classCode/><className/></classificationItem><classificationItem score=\"89\"><classCode>ST000CA05</classCode><className>OLYMPIC COMMITTEES</className><classCode/><className/></classificationItem><classificationItem score=\"89\"><classCode>STX001246</classCode><className>OLYMPICS</className><classCode/><className/></classificationItem><classificationItem score=\"89\"><classCode>ST000CTIY</classCode><className>POLITICAL SCANDALS</className><classCode/><className/></classificationItem><classificationItem score=\"89\"><classCode>ST000CTIZ</classCode><className>SCANDALS</className><classCode/><className/></classificationItem><classificationItem score=\"89\"><classCode>ST000A0G2</classCode><className>SUMMER OLYMPICS</className><classCode/><className/></classificationItem><classificationItem score=\"89\"><classCode>ST000A0I2</classCode><className>WINTER OLYMPICS</className><classCode/><className/></classificationItem><classificationItem score=\"78\"><classCode>STX001932</classCode><className>CRIME, LAW ENFORCEMENT &amp; CORRECTIONS</className><classCode/><className/></classificationItem><classificationItem score=\"78\"><classCode>ST0009J0N</classCode><className>CRIMINAL LAW</className><classCode>Z3VpZD11cm46dG9waWM6NEU0RkE1OUQwNUQwNDgxODhEODZCMjkzOTg3NThBNzk7cGFyZW50Z3VpZD0</classCode><className>Criminal Law &amp; Procedure</className></classificationItem><classificationItem score=\"78\"><classCode>STX000591</classCode><className>EMERGING MARKETS</className><classCode/><className/></classificationItem><classificationItem score=\"78\"><classCode>STX000654</classCode><className>ETHICS</className><classCode/><className/></classificationItem><classificationItem score=\"78\"><classCode>STX001149</classCode><className>MISCONDUCT</className><classCode/><className/></classificationItem><classificationItem score=\"78\"><classCode>ST000CQJE</classCode><className>POLITICAL CORRUPTION</className><classCode/><className/></classificationItem><classificationItem score=\"76\"><classCode>STX001220</classCode><className>NONPROFIT ORGANIZATIONS</className><classCode/><className/></classificationItem><classificationItem score=\"75\"><classCode>ST000A7IS</classCode><className>ASSOCIATIONS &amp; ORGANIZATIONS</className><classCode/><className/></classificationItem><classificationItem score=\"75\"><classCode>ST0009U2J</classCode><className>SPORTS &amp; RECREATION EVENTS</className><classCode/><className/></classificationItem><classificationItem score=\"73\"><classCode>ST00097CJ</classCode><className>JUSTICE DEPARTMENTS</className><classCode/><className/></classificationItem><classificationItem score=\"71\"><classCode>STX000722</classCode><className>FINES &amp; PENALTIES</className><classCode/><className/></classificationItem><classificationItem score=\"71\"><classCode>STX000951</classCode><className>INTERNATIONAL TRADE</className><classCode/><className/></classificationItem><classificationItem score=\"71\"><classCode>STX001615</classCode><className>SPORTS &amp; RECREATION</className><classCode/><className/></classificationItem><classificationItem score=\"70\"><classCode>ST000DLOJ</classCode><className>GOVERNMENT ADVISORS &amp; MINISTERS</className><classCode/><className/></classificationItem><classificationItem score=\"70\"><classCode>STX001589</classCode><className>WINTER SPORTS</className><classCode/><className/></classificationItem></classification><classification classificationScheme=\"person\"><classificationItem score=\"56\"><classCode>PE000A24W</classCode><className>SAM JOHNSON</className><classCode/><className/></classificationItem></classification><classification classificationScheme=\"city\"><classificationItem score=\"92\"><classCode>GX015</classCode><className>MELBOURNE, AUSTRALIA</className><classCode/><className/></classificationItem><classificationItem score=\"92\"><classCode>GX593</classCode><className>SALT LAKE CITY, UT, USA</className><classCode/><className/></classificationItem><classificationItem score=\"91\"><classCode>GX014</classCode><className>SYDNEY, AUSTRALIA</className><classCode/><className/></classificationItem></classification><classification classificationScheme=\"state\"><classificationItem score=\"92\"><classCode>GS007</classCode><className>VICTORIA, AUSTRALIA</className><classCode/><className/></classificationItem><classificationItem score=\"79\"><classCode>GS001</classCode><className>NEW SOUTH WALES, AUSTRALIA</className><classCode/><className/></classificationItem></classification><classification classificationScheme=\"country\"><classificationItem score=\"96\"><classCode>GC301</classCode><className>AUSTRALIA</className><classCode/><className/></classificationItem></classification></classificationGroup></metadata></articleDoc></content></entry>"}