{"prediction_class": "Money laundering", "prediction_score": "1.0", "name": "Westpac", "title": "ASX enjoys one of the best years this century despite global and local worries", "published": "2019-12-30T00:00:00Z", "updated": "2020-11-15T20:05:40Z", "cleaned_article": "[TITLE] ASX enjoys one of the best years this century despite global and local worries [TITLE] \n\nIt wasn't just cafes and the restaurants of celebrity chefs ripping off workers: some very large employers - Qantas, Woolworths, Wesfarmers and, yes, even the ABC - were named and shamed. Dodgy practices in the apartment boom were exposed as buildings started to crack up, more incendiary cladding was identified and investors faced ruin. Just when you thought things couldn't get more tawdry, the financial intelligence agency AUSTRAC hit Australia's oldest and second-largest bank, Westpac, with an utterly extraordinary set of allegations: 23 million breaches of money-laundering laws, including facilitating the activities of known paedophiles in the Philippines' child-sex industry. None of that seemed to faze investors on the ASX, who just kept bidding the market higher. If 2018 was \"The year of investing nervously\", 2019 was perhaps the year of \"Well, that was better than expected\". [...] \n\nWeak revenues, tight margins and profits dragged down by massive provisions from their many and various scandals; on one estimation the total bill across the big four (including repaying customers, regulatory, legal and compliance costs and IT system upgrades) comes in at $10 billion and counting. Despite all that, the big four's total profit for the year came in at $27 billion, about 9 per cent down on the year before and down from the peak profit of $31 billion in the good old days of 2017 before commissioner Kenneth Hayne stuck his nose into their business. Even by the banks' seemingly inexhaustible ability to scandalise Australia, Westpac's alleged breaches of anti-money laundering and counter-terrorism funding (AML/CTF) laws were extraordinary. Where to start? AUSTRAC hardly knew, describing the contraventions as too voluminous to quantify.Nonetheless, the financial intelligence agency had a stab at it - 23 million breaches involving $11 billion dating back the best part of a decade; dodgy transactions Westpac remains clueless about given it either lost the data or never knew who was dealing with whom within the confines of its budget-priced foreign transaction platforms. No, perhaps the best place to start is the horrific allegation it basically facilitated the Filipino child-sex industry by bankrolling Australian paedophiles. Where it ends is anyone's guess. Chief executive Brian Hartzer left abruptly (with a year's pay) with veteran chair Lindsay Maxsted not far behind.Despite a history of fighting regulators in court, Westpac is likely to settle this one. The question is how much will it pay? Clearly, CBA's Australian record fine of $700 million, also for AML/CTF breaches, is under serious threat. December 11: Harris Scarfe collapse", "raw_cleaned_article": "<h2>ASX enjoys one of the best years this century despite global and local worries</h2><p>It wasn't just cafes and the restaurants of celebrity chefs ripping off workers: some very large employers - Qantas, Woolworths, Wesfarmers and, yes, even the ABC - were named and shamed. Dodgy practices in the apartment boom were exposed as buildings started to crack up, more incendiary cladding was identified and investors faced ruin. <b>Just when you thought things couldn't get more tawdry, the financial intelligence agency AUSTRAC hit Australia's oldest and second-largest bank, Westpac, with an utterly extraordinary set of allegations: 23 million breaches of money-laundering laws, including facilitating the activities of known paedophiles in the Philippines' child-sex industry.</b> None of that seemed to faze investors on the ASX, who just kept bidding the market higher. If 2018 was \"The year of investing nervously\", 2019 was perhaps the year of \"Well, that was better than expected\".</p><p>[...]</p><p>Weak revenues, tight margins and profits dragged down by massive provisions from their many and various scandals; on one estimation the total bill across the big four (including repaying customers, regulatory, legal and compliance costs and IT system upgrades) comes in at $10 billion and counting. Despite all that, the big four's total profit for the year came in at $27 billion, about 9 per cent down on the year before and down from the peak profit of $31 billion in the good old days of 2017 before commissioner Kenneth Hayne stuck his nose into their business. <b>Even by the banks' seemingly inexhaustible ability to scandalise Australia, Westpac's alleged breaches of anti-money laundering and counter-terrorism funding (AML/CTF) laws were extraordinary.</b> Where to start? AUSTRAC hardly knew, describing the contraventions as too voluminous to quantify.</p><p>[...]</p><p>Weak revenues, tight margins and profits dragged down by massive provisions from their many and various scandals; on one estimation the total bill across the big four (including repaying customers, regulatory, legal and compliance costs and IT system upgrades) comes in at $10 billion and counting. <b>Nonetheless, the financial intelligence agency had a stab at it - 23 million breaches involving $11 billion dating back the best part of a decade; dodgy transactions Westpac remains clueless about given it either lost the data or never knew who was dealing with whom within the confines of its budget-priced foreign transaction platforms.</b> No, perhaps the best place to start is the horrific allegation it basically facilitated the Filipino child-sex industry by bankrolling Australian paedophiles. Where it ends is anyone's guess. Chief executive Brian Hartzer left abruptly (with a year's pay) with veteran chair Lindsay Maxsted not far behind.<b>Despite a history of fighting regulators in court, Westpac is likely to settle this one.</b> The question is how much will it pay? Clearly, CBA's Australian record fine of $700 million, also for AML/CTF breaches, is under serious threat. December 11: Harris Scarfe collapse</p>", "original_content": "<entry xmlns=\"http://www.w3.org/2005/Atom\"><id>urn:contentItem:5XVP-9JP1-JBF5-T4RB-00000-00</id><title>ASX enjoys one of the best years this century despite global and local worries</title><published>2019-12-30T00:00:00Z</published><updated>2020-11-15T20:05:40Z</updated><author><name>LexisNexis</name></author><content type=\"application/xml\"><!--Transformation version 1.23--><articleDoc xmlns=\"\" xmlns:xsi=\"http://www.w3.org/2001/XMLSchema-instance\" xsi:noNamespaceSchemaLocation=\"http://www.lexisnexis.com/xmlschemas/content/public/articledoc/1/\" schemaVersion=\"1.8\" xml:lang=\"en\"><articleDocHead><itemInfo/></articleDocHead><nitf:body xmlns:nitf=\"http://iptc.org/std/NITF/2006-10-18/\"><nitf:body.head><nitf:hedline><nitf:hl1>ASX enjoys one of the best years this century despite global and local worries</nitf:hl1></nitf:hedline><nitf:byline><author><person><nameText>By business reporter Stephen Letts</nameText></person></author></nitf:byline></nitf:body.head><nitf:body.content><bodyText><p nitf:lede=\"true\">It might not feel like it but the ASX has just enjoyed one of its best years this century.</p><p nitf:lede=\"true\">The ASX200 put on 21 per cent, ranking 2019 third behind the 31 per cent slingshot out of the global financial crisis in 2009 and just behind 2004's gain of 23 per cent.</p><p nitf:lede=\"true\">Perhaps the most surprising aspect was that the performance was built on such fragile foundations.</p><p nitf:lede=\"true\">Global economic growth slowed. The consensus view is it will slow again next year.</p><p>The trade war between the world's two biggest economies threatened to make things much worse, Europe and the UK battled on in an unseemly and counterproductive stoush and the Middle East's tensions bubbled away without quite boiling over.</p><p>Domestically, things were hardly ideal either.</p><p>Economic growth slowed to a crawl, unemployment ticked up, wages growth was moribund, the property market stalled and the <url normalizedValue=\"http://www.abc.net.au/news/2019-11-04/retail-sales-disappoint-tax-cuts-rba-fail-to-boost-spending/11668912\">retail sector experienced conditions worse than the global financial crisis</url> - they were more in line with the recession of the early 1990s.</p><p>Central banks slash rates</p><p>Not surprisingly, it was all hands on deck as central banks pumped hard to keep things afloat. Global interest rates were cut more than 120 times across 60 economies.</p><p>The European Central Bank and US Federal Reserve ditched plans to wind back their stimulatory quantitative easing programs and started running their money-printing presses hard again.</p><p>The RBA reluctantly joined in, cutting rates three times while fretting about the need to also indulge in some \"unconventional policy\" itself.</p><p>The weirdness of it all saw roughly one-third, or $US17 trillion ($25 trillion) worth of global bonds with negative yields by August - that's right, investors were being sold a guaranteed loss.</p><p>Many big investors were compelled to buy the negative yields. Others weren't, opting for the risk and higher returns being offered on equity markets.</p><p>Global stocks swelled by $US14 trillion over the year, rebounding from the pounding they took the year before.</p><p>Bad behaviour</p><p>The ASX joined in the romp.</p><p>However, while the index continued to climb over the year, so did the scandals in corporate Australia.</p><p>No sooner had a royal commission into the financial sector wrapped up, than another detailing <url normalizedValue=\"/news/2019-11-25/federal-government-aged-care-royal-commission/11734754\">the appalling treatment of the elderly</url> at the hands of aged care providers started.</p><p>The Workplace Ombudsman churned out release after release on the latest instalments of wage theft.</p><p>It wasn't just cafes and the restaurants of celebrity chefs ripping off workers: some very large employers - Qantas, Woolworths, Wesfarmers and, yes, even the ABC - were named and shamed.</p><p><url normalizedValue=\"/news/2019-08-18/how-bad-could-the-apartment-building-crisis-be-in-your-state/11413122\">Dodgy practices in the apartment boom were exposed</url> as buildings started to crack up, more incendiary cladding was identified and investors faced ruin.</p><p>Just when you thought things couldn't get more tawdry, the financial intelligence agency AUSTRAC hit Australia's oldest and second-largest bank, <url normalizedValue=\"/news/2019-11-20/westpac-to-face-fines-anti-money-laundering-terrorism-breaches/11720474\">Westpac, with an utterly extraordinary set of allegations</url>: 23 million breaches of money-laundering laws, including facilitating the activities of known paedophiles in the Philippines' child-sex industry.</p><p>None of that seemed to faze investors on the ASX, who just kept bidding the market higher.</p><p>If 2018 was <url normalizedValue=\"/news/2018-12-31/2018-a-year-investors-would-like-to-forget/10593542\">\"The year of investing nervously\"</url>, 2019 was perhaps the year of \"Well, that was better than expected\".</p><p>Here's how it unfolded.</p><p>January 4: Market slump</p><p>After a fraught 2018, when the ASX dropped 7 per cent, 2019 got off to a white-knuckled start.</p><p>The fog of the New Year's hangover had barely cleared when <url normalizedValue=\"/news/2019-01-04/wall-street-apple-profit-downgrade-trade-war-slowdown-economy/10684086\">Wall St stumbled 3 per cent</url> in a single session.</p><p>Weak Chinese manufacturing data, a grim warning from Apple about the impact of the US/China trade war and mounting fears of a global slowdown took their toll.</p><p>Locally, the Australian dollar tumbled below US68 cents - its lowest level in a decade. The <url normalizedValue=\"/news/2019-01-03/tasmanian-house-prices-continue-to-rise-is-boom-end-in-sight/10678646\">house price slump accelerated</url>.</p><p>However, by the end of the month, the ASX 200 had put on 6 per cent and investors were generally in a happier place, despite a host of nagging worries being far from resolved.</p><p>February 4: Royal commission findings</p><p><url normalizedValue=\"/news/2019-02-04/banking-royal-commission-report/10777170\">The financial services royal commission final report</url> dropped with a thud, scathing in its view that a sales-driven culture relegated customers' interests \"to second place\".</p><p>The Government said it would support all commissioner Kenneth Hayne's 76 recommendations, while regulators were given a heads-up that some of the \"fees-for-no-service\" scams could warrant criminal charges.</p><p>However, the market was expecting something far tougher. <url normalizedValue=\"/news/2019-02-05/banks-win-from-disappointing-royal-commission-report/10781288\">Bank shares bounced 5 per cent</url> in the immediate aftermath, with one leading analyst penning a note asking, \"is that all?\"</p><p>It wasn't. Within a couple of days, NAB chief executive Andrew Thorburn and chair Ken Henry <url normalizedValue=\"/news/2019-02-07/nab-ceo-and-chairman-both-resign-after-royal-commission/10790670\">announced their resignations</url> after coming in for some particularly scalding criticism from commissioner Hayne.</p><p>In rapid succession, AMP confirmed some its senior executives <url normalizedValue=\"/news/2019-02-08/amp-executives-will-face-criminal-charges/10793402\">were facing the possibility of criminal charges</url>, then revealed its full-year profit had all but been wiped out by scandals uncovered at the commission and billions had been pulled out of its wealth management business.</p><p>It set the trend for what was to be a very uncomfortable and costly year for the big banks and wealth managers.</p><p>February 14: Coal ban</p><p>Australia's biggest export earner, coal, was caught in the political crossfire with China suddenly imposing tough new customs restrictions on thermal coal destined for power generation.</p><p>The <url normalizedValue=\"/news/2019-02-22/australian-coal-imports-no-ban-in-china-simon-birmingham/10841812\">not-entirely-transparent ban</url>, and expected cut in future import quotas, was enough to put the skids under the Australian dollar.</p><p>The move appeared to be laced with political connotations given coal with higher sulphur content, and sourced from the likes of Russia and Indonesia, were waved through customs, leaving Australian shipments floating forlornly off several harbours in China's north-east.</p><p>March 7: Economy slows</p><p>The first detailed analysis of the economy for the year <url normalizedValue=\"/news/2019-03-06/gdp-q4-2018/10874592\">was a pretty depressing tome</url>.</p><p>GDP growth was an insipid 0.2 per cent over the quarter, beneath even the most pessimistic forecasts.</p><p>Stripping out the impact of population growth, things went backward for a second successive quarter and \"the GDP per capita recession\" became a thing.</p><p>Central to the weakness was feeble wage growth putting a brake on household spending. It was a theme that would dominate the economic discourse for the rest of the year.</p><p>March 20: Unemployment dips under 5pc</p><p>While the broader economy was muddling along in the slow lane, there was some good news with the <url normalizedValue=\"/news/2019-03-21/unemployment-and-employment-february-2019/10922370\">unemployment rate slipping below 5 per cent</url> for the first time since 2011.</p><p>However, key measures of slackness in the jobs market, such as the underutilisation rate, barely moved, indicating the wage pulse was unlikely to strengthen any time soon.</p><p>Unemployment trekking down would prove to be a fleeting phenomenon as the jobless rate would end the year back above 5 per cent, well away from the 4.5 per cent the Reserve Bank argued would start to deliver more significant wage increases.</p><p>April 2: Federal budget tax refund</p><p>The Federal Government's pre-election budget was marketed as \"Back in the black\" with the promise of a $7 billion surplus over the 2019 financial year.</p><p>The real sales pitch at voters was the <url normalizedValue=\"/news/2019-04-03/budget-surplus-hides-tax-cut-timebomb/10964634\">$158 billion worth of tax cuts</url> to be delivered over the next decade.</p><p>The tax reform would start modestly, though, with a one-off refund to low- and middle-income earners of between $250 and $2,500 a year, with cheques to start flowing from July 1.</p><p>April 4: Royal commission casualties and costs mount</p><p>The financial services royal commission fallout claimed the jobs of a couple more bosses with <url normalizedValue=\"/news/2019-04-04/ioof-ceo-and-chair-leave-after-damning-royal-commission-findings/10969646\">IOOF veteran chief executive Chris Kelaher and chair George Venardos heading for the exit</url> much earlier than they had planned or wanted.</p><p>The commission lifted the lid on a particularly ugly can of worms in the once-venerable outfit that opened its then-charitable doors in 1846.</p><p>Among other things, the commission found it was reasonable to conclude IOOF hadn't acted in the best interests of its customers and failed to meet prudential standards.</p><p>NAB also updated the market on the tab mounting over its years of misconduct, setting aside <url normalizedValue=\"/news/2019-04-18/nab-compensation-payout-to-customers-raised-by-another-749m/11028292\">another $750 million in remediation costs</url>.</p><p>That took the total to $1.1 billion, but more was to come.</p><p>April 17: Dulux heads to Japan</p><p>The announcement that Japan's Nippon Paint had lobbed a <url normalizedValue=\"/news/2019-04-17/duluxgroup-set-to-be-taken-over-japanese-company/11023914\">$3.8 billion takeover bid at Dulux</url> signalled the ASX200 was about to lose a bit more diversity and colour.</p><p>Dulux had enjoyed a boom run since being spun out of Orica in 2010, almost quadrupling in value in less than a decade while locally manufacturing high-quality products in a very competitive market.</p><p>While it passed through a number of owners over the years, the company can trace its origins back to Australia's first paint manufacturer, HL Vosz Ltd, which opened a factory in Port Adelaide in 1904.</p><p>May 3: Macquarie record profit</p><p>The majority of financial blue chips remained mired in the misconduct uncovered at the royal commission, but Macquarie Group powered through largely unsullied.</p><p>Having not been distracted by fixing problems (Macquarie told the commission its \"issues\" had already been dealt with while the \"Millionaire Factory's\" bonuses were not linked to sales), Macquarie was able to deliver a <url normalizedValue=\"/news/2019-05-03/macquarie-group-powers-to-a-record-3-billion-dollar-profit/11076102\">record full-year profit of $3 billion</url>.</p><p>Many investors hadn't enjoyed the volatility on the markets over the past 12 months, but Macquarie lapped it up with its profit increase largely driven by its global trading businesses.</p><p>May 8:ACCC blocks TPG-Vodafone merger</p><p>After months of speculation, the ACCC announced it planned to <url normalizedValue=\"/news/2019-05-08/accc-vodafone-tpg-decision/11090578\">pull the plug on the $15 billion merger</url> between mobile phone and internet data providers TPG and Vodafone Hutchison Australia.</p><p>TPG and Hutchison Australia executives' moods were not helped by the fact the ACCC inadvertently published its decision before the market closed, allowing some observant investors to dump their stock early and minimise their losses, while others were blindsided.</p><p>The ACCC's reasoning came down to the fact it saw a standalone TPG as the last chance for competition against the dominant mobile and broadband players, Telstra and Optus.</p><p>TPG's David Teoh and Vodafone Australia's Inaki Berroeta disagreed vehemently and immediately dropped the issue on the Federal Court's lap to sort out.</p><p>May 19: Coalition returned</p><p>The return of the Liberal-National coalition government <url normalizedValue=\"/news/2019-05-20/share-market-surges-on-election-results-scott-morrison-win/11129440\">put a rocket under the ASX</url>.</p><p>Maintaining the status quo meant while Labor's proposed changes to dividend imputation, negative gearing and capping health insurance premiums were heading for the shredder, investors piled back into banks and the likes of Medibank Private and NIB.</p><p>The ASX headed through an 11-year high, but still short of a record close.</p><p>May 31: Minimum wage increases by 3pc</p><p>Australia's 2.2 million lowest-paid workers were awarded a <url normalizedValue=\"/news/2019-05-30/fair-work-commission-raises-minimum-wage/11162780\">3 per cent rise in the national minimum wage</url>.</p><p>The Fair Work Commission's decision set the minimum pay rate to $19.49 an hour.</p><p>While the increase was smaller than the previous year, unions were moderately happy, particularly as it, to a degree, offset the cut in penalty rates due in a couple of weeks.</p><p>Employers were less impressed, arguing jobs and small businesses would be threatened.</p><p>June 4: RBA first cut</p><p>To the surprise of no one, the Reserve bank succumbed to the inevitable and <url normalizedValue=\"/news/2019-06-04/rba-cuts-interest-rates-to-a-fresh-record-low/11176306\">cut rates to a new record low of 1.25 per cent</url>- the first shift in monetary policy in almost three years.</p><p>It would be followed by further cuts in July and October.</p><p>ANZ moved first but didn't cut home loan rates by the full 25 percentage points. It copped a kicking from politicians from all sides and was a faux pas avoided by the slower-to-move banks.</p><p>The reasoning behind the cut was evident the next day when the latest GDP data found growth had slowed further, <url normalizedValue=\"/news/2019-06-05/australian-economy-slows-to-levels-last-seen-in-gfc/11180688\">down below 2 per cent</url> for the first time since the depths of the GFC.</p><p>June 13: Gulf tensions reignited</p><p><url normalizedValue=\"/news/2019-06-14/gulf-attacks-on-oil-tankers-raise-risks-in-iran-crisis/11209096\">An attack on two oil tankers</url> in the Sea of Oman, one of global oil's busiest thoroughfares, reminded the world of just how politically fragile things were in the Middle East.</p><p>In previous weeks, four other tankers were attacked off the United Arab Emirates coast while two Saudi oil-pumping stations were hit by drone strikes.</p><p>The US blamed Iran and ordered its Fifth Fleet in the region to become more engaged. Iran accused the US and its regional allies of warmongering.</p><p>Despite around a third of the world's seaborne traffic in oil passing through the chokepoint, the price spike was both modest and temporary.</p><p>The belief that global growth was slowing remained the dominant factor keeping a lid on oil prices.</p><p>July 2: RBA cuts again</p><p>The RBA edged its official cash rate <url normalizedValue=\"/news/2019-07-02/rba-cuts-rates-to-a-new-low-of-1pc/11270464\">down another notch to 1 per cent</url>, its first back-to-back cut since 2012.</p><p>Coincidently, the Federal Government got its <url normalizedValue=\"/news/2019-07-04/full-federal-government-tax-cut-passes-the-senate/11277002\">tax package passed</url> and monthly data indicated the slump in house prices - particularly in Sydney and Melbourne -       \u00a0    <url normalizedValue=\"/news/2019-07-01/home-prices-still-falling-but-not-in-sydney-and-melbourne/11266364\">may have bottomed out</url>.</p><p>July 3: Woolworths to pull out of pubs, pokies and alcohol</p><p>Woolworths announced plants to <url normalizedValue=\"/news/2019-07-03/woolworths-to-pull-the-plug-on-pokies-and-pubs/11273802\">punt pubs, alcohol and pokies out of its business</url> with a spin-off of its drinks and hotel interests in 2020.</p><p>Woolies, in partnership with the big hotel owner Bruce Mathieson, owns 12,000 gaming machine licences, making it the third-biggest Australian pokies operator behind casino businesses Crown and Star.</p><p>The soon-to-be-spun-out - either via trade sale or separate listing - assets will house more than 1,500 BWS and Dan Murphy's outlets and 327 ALH hotels.</p><p>The new-found abstinence will see about 30 per cent of Woolies's profit go with the assets.</p><p>It will also neutralise something of a reputational problem for the big supermarket chain and allow it to concentrate on its core food and retailing businesses.</p><p>July 29: ASX new record</p><p>It took the best part of 3,000 days but the benchmark <url normalizedValue=\"/news/2019-07-29/asx-200-beats-closing-record-milestone/11356472\">ASX200 index finally crawled out of the post-global-financial-crisis abyss</url> to finally post a new record close.</p><p>The celebrations were somewhat muted though, perhaps given it took the S&amp;P500 in the US less than half the time to recover its pre-crisis highs.</p><p>The healthcare sector, up more than 250 per cent, did most of the heavy lifting. Banks just broke even, while most other sectors, in index terms, remained below where they were in November 2007.</p><p>However, from a wealth point of view, Australian homeowners outgunned US homeowners by around 100 per cent over the same period.</p><p>It could also be noted, given the very high dividend payouts on the ASX, in terms of \"total shareholder returns\" the new record was set back in 2013, around a year after the US did using the same metric.</p><p>July 31: Ralan collapse</p><p>The fragile nature of the property game was highlighted by <url normalizedValue=\"/news/2019-07-31/construction-slump-hits-profits-adelaide-brighton-ralan-group/11369548\">the collapse of the Sydney-based high-rise apartment developer Ralan Group</url> just weeks after Melbourne's Stellar Group went under.</p><p>At the time it was put into administration, Ralan had 3,000 units in its development pipeline and owed creditors around $500 million.</p><p>The rapidly cooling market has seen apartment approvals slump by more than 25 per cent over the year and prices tank - a rather sticky situation for a lot of \"off-the-plan\" investors.</p><p>It also led one analyst to forecast the slowdown was consistent with the loss of 100,000 jobs from the construction sector in coming months.</p><p>August 1: Reporting season disappoints</p><p>August was, as usual, dominated by the big listed corporations trotting out their (generally full-year) results.</p><p>2019, in the words of the UBS equities team, was \"a reporting season to forget\".</p><p>Nearly a third of companies missed consensus forecasts compared to a quarter that bettered them. Forward guidance was generally soft and the ratio of earnings upgrades-to-downgrades was the worst in 5 years.</p><p>Higher dividends were perhaps the most positive surprise, while the other big theme - outside of the miners - was another spate of cost-cutting to offset subdued revenues.</p><p>Some of the better results came from CSL, JB Hi-Fi and Treasury Wine Estates. Domino's Pizza, IAG and Woodside were less well-received.</p><p>August 2: Trade war escalates</p><p>August also witnessed a rapid escalation in the US/China trade war with US President Donald Trump kicking things off by tweeting his intention to <url normalizedValue=\"/news/2019-08-02/donald-trump-to-impose-more-tariffs-on-chinese-goods/11376766\">impose tariffs of the remaining $US300 billion of Chinese imports</url> he had not already taxed.</p><p>China's Commerce Ministry responded by putting a (temporary) ban on US farm products</p><p>Wall Street traders ran for the exits, sending the S&amp;P500 tumbling 3 per cent in one session - its worst day of the year.</p><p>No sooner had the traders returned to their screens than a Presidential tweet ordered American companies to stop doing business with China, while indicating the draconian and seldom-used <url normalizedValue=\"/news/2019-08-25/donald-trump-china-trade-war-nuclear-option-could-block-business/11445090\">International Emergency Economic Power Act could be invoked at any time</url>.</p><p>Global markets swooned again.</p><p>September 4: GDP drops again</p><p>The economy clicked down another gear with <url normalizedValue=\"/news/2019-09-04/gdp-q2-2019/11474470\">GDP growth now down to 1.4 per cent</url> - with the only comforting news was it was still going forward and yet to be dropped into reverse.</p><p>Unemployment ticked <url normalizedValue=\"/news/2019-09-19/unemployment-continues-to-rise-hitting-5.3-per-cent-in-august/11527108\">back up to 5.3 per cent</url>.</p><p>On the positive news front, a succession of record months of exports finally delivered <url normalizedValue=\"/news/2019-09-03/historic-current-account-surplus-banana-republic/11473366\">the first current account surplus in 44 years</url>.</p><p>It confirmed that net efforts, along with government spending, were about the only things driving the continued economic expansion.</p><p>October 1: RBA cuts again</p><p>Following hot on the heels of an \"insurance cut\" from the US Federal Reserve, the RBA cut rates again - <url normalizedValue=\"/news/2019-10-01/rba-cuts-rate-to-new-low-of-0.75pc/11562908\">the third cut in 5 months</url>.</p><p>It sent the Australian dollar to a decade low below 67 US cents. The market was still betting there were more cuts to come.</p><p>The banks once again didn't come to the party, generally holding back around half the cut on their most commonly sold loans while trying to limit the damage to savers, whose deposit rates were rapidly approaching zero.</p><p>October 11</p><p>A sudden thawing in US/China relations at meeting number 13 in a series dating back more than a year saw President Trump tweet that the latest round of negotiation was a <url normalizedValue=\"/news/2019-10-13/trump-hails-trade-lovefest-that-falls-short-of-ambitions/11594192\">veritable \"lovefest\"</url>.</p><p>Markets tended to buy the positive talk of a \"Phase 1\" deal while cynics pointed out there was no agreement, no detail and nothing in writing.</p><p>The impact of the on-going trade impasse showed up a couple of days later when China reported its GDP growth had fallen to 6 per cent, its slowest growth in three decades.</p><p>October 29: Woolworths' wage theft</p><p>If 2018 was the year of The Great Bank Scandal, 2019's signature scandal centred on wage theft - and just like the banks, the misconduct went undetected for years.</p><p>Woolworths joined the likes of Wesfarmers, Qantas, the Commonwealth Bank, Super Retail Group, Michael Hill Jewellers and the Australian Broadcasting Corporation in <url normalizedValue=\"/news/2019-10-30/woolworths-underpays-5700-staff-up-to-300-million-dollars/11652656\">admitting to systemic underpayment of its workers</url>.</p><p>While it is still tallying the remediation bill, Woolworths, in terms of size, appears to be in a class of its own.</p><p>The underpayment dates back to 2010, affects 5,700 staff and appears to be in the order of $300 million.</p><p>As Fair Work Ombudsman Sandra Parker said, \"Admission is not absolution\" and Woolworths could still be prosecuted even after admitting wrongdoing.</p><p>November 6: Bank profits fall</p><p>Three of the big four banks trotted out results in their mini reporting season - <url normalizedValue=\"/news/2019-08-07/cba-full-year-profit-down-8pc-dividend-flat/11388718\">CBA marches to a slightly different beat</url> - and all followed a similar theme.</p><p>Weak revenues, tight margins and profits dragged down by massive provisions from their many and various scandals; on one estimation the total bill across the big four (including repaying customers, regulatory, legal and compliance costs and IT system upgrades) comes in at $10 billion and counting.</p><p>Despite all that, the <url normalizedValue=\"/news/2019-11-07/kpmg-turning-point-for-big-four-banks/11680668\">big four's total profit for the year came in at $27 billion</url>, about 9 per cent down on the year before and down from the peak profit of $31 billion in the good old days of 2017 before commissioner Kenneth Hayne stuck his nose into their business.</p><p>November 20: AUSTRAC vs Westpac</p><p>Even by the banks' seemingly inexhaustible ability to scandalise Australia, Westpac's alleged breaches of anti-money laundering and counter-terrorism funding (AML/CTF) laws were extraordinary.</p><p>Where to start? AUSTRAC hardly knew, describing the contraventions as too voluminous to quantify.</p><p>Nonetheless, the financial intelligence agency had a stab at it - 23 million breaches involving $11 billion dating back the best part of a decade; dodgy transactions Westpac remains clueless about given it either lost the data or never knew who was dealing with whom within the confines of its budget-priced foreign transaction platforms.</p><p>No, perhaps the best place to start is the horrific allegation it basically facilitated the Filipino child-sex industry by bankrolling Australian paedophiles.</p><p>Where it ends is anyone's guess. Chief executive Brian Hartzer left abruptly (with a year's pay) with veteran chair Lindsay Maxsted not far behind.</p><p>Despite a history of fighting regulators in court, Westpac is likely to settle this one.</p><p>The question is how much will it pay? Clearly, CBA's Australian record fine of $700 million, also for AML/CTF breaches, is under serious threat.</p><p>December 11: Harris Scarfe collapse</p><p>Department store chain Harris Scarfe - with its 66 stores nationwide and 1,800 employees - called in the receivers, becoming the latest high-profile casualty in the increasingly severe retail downturn.</p><p>Fashion chain <url normalizedValue=\"/news/2019-11-29/bardot-voluntary-administration-struggling-retailer-fashion/11750892\">Bardot</url> did likewise a few weeks earlier, joining the likes of Karen Millen,       \u00a0    <url normalizedValue=\"/news/2019-02-21/australian-retailers-shut-down-by-foreign-competition/10832062\">Ed Harry and Roger David</url>, footwear retailer Shoes of Prey and       \u00a0    <url normalizedValue=\"/news/2019-01-31/make-up-chain-napoleon-perdis-the-latest-retail-brand-to-enter-/10767230\">Napoleon Perdis Cosmetics</url> in similar difficulties.</p><p>Others, like Dimmeys with its 30 stores nationwide, simply raised the white flag and set up the \"closing down sale\" signs.</p><p>The dire situation in retailing was underscored in recent GDP figures that showed <url normalizedValue=\"/news/2019-12-04/gdp-q3-2019/11761428\">consumer spending growth was now at its weakest level</url> since the depths of the global financial crisis a decade ago.</p><p>It was no surprise given consumer sentiment has been overwhelmingly pessimistic for the past six months <url normalizedValue=\"/news/2019-12-11/households-increasingly-pessimistic-leading-into-christmas/11788154\">according to the respected Westpac/Melbourne Institute survey</url>.</p><p>December 13: Santa rally</p><p>With the clock ticking down to Christmas, all of a sudden a lot of \"risk\" was taken off the table as the US and China seemed to patch up many, but far from all, of their differences on trade, while the UK general election at last put some certainty into the Brexit process.</p><p>\"We have agreed to a very large phase one deal with China,\" Mr Trump tweeted.</p><p>The agreement covers intellectual property, technology transfer, agriculture, financial services, currency and foreign exchange and suspended tariffs on $US160 billion ($233 billion) in Chinese goods which were due to go into effect within days.</p><p>Existing tariffs were also rolled back to an extent.</p><p>It drove US equities to a new record high, while investors on ASX200 were a bit more circumspect.</p><p>Wall Street's S&amp;P500 out-performed all the major stock markets, up almost 32 per cent while the \"all countries\" MSCI was up 25.5 per cent.</p><p>The ASX200 was a bit sub-par in global terms, along with Europe, but finished the year comfortably ahead of the likes of the UK and China.</p><p>In commodities, palladium was the place to be, although iron ore had a not-too-shabby year as well.</p><p>Coal, both coking and thermal, and LNG finished in the basement.</p></bodyText></nitf:body.content></nitf:body><metadata><dc:metadata xmlns:dc=\"http://purl.org/dc/elements/1.1/\"><dc:identifier identifierScheme=\"DOC-ID\">ABCPNW-TOPNWS11716836</dc:identifier><dc:source sourceScheme=\"royaltyReportingKey\">ABCPNW2019</dc:source><dc:identifier identifierScheme=\"PGUID\">urn:contentItem:5XVP-9JP1-JBF5-T4RB-00000-00</dc:identifier><dc:source sourceScheme=\"productContentSetIdentifier\">300224</dc:source><dc:date dateType=\"last-updated\">2019-12-29</dc:date></dc:metadata><wordCount number=\"3833\"/><timeReceived>6:04 AM AEST</timeReceived><publicationInfo><copyright>Copyright 2019 Australian Broadcasting Corporation All Rights Reserved</copyright><publicationName>ABC Premium News (Australia)</publicationName><publicationLogo><logo><inlineObject><locator><locatorKey><keyName name=\"object-key\"/><keyValue value=\"37478\"/></locatorKey><locatorParameters><parameter name=\"object-type\" value=\"201\"/><parameter name=\"object-smi\" value=\"LOGOS\"/><parameter name=\"componentseq\" value=\"1\"/></locatorParameters></locator></inlineObject></logo></publicationLogo><publicationDate day=\"30\" month=\"12\" year=\"2019\"><dateText>December 30, 2019 Monday</dateText></publicationDate><classification classificationScheme=\"publicationtype\"><classificationItem><className>Newswire</className></classificationItem></classification><classification classificationScheme=\"publicationtype\"><classificationItem><className>Newswires &amp; Press Releases</className></classificationItem></classification></publicationInfo><classification classificationScheme=\"language\"><classificationItem classificationScheme=\"lang.english\"><className>ENGLISH</className></classificationItem></classification><classificationGroup classificationScheme=\"indexing-terms\"><classification classificationScheme=\"company\"><classificationItem score=\"68\"><classCode>CC00091PQ</classCode><className>EUROPEAN CENTRAL BANK</className></classificationItem></classification><classification classificationScheme=\"organization\"><classificationItem score=\"55\"><classCode>CC00091PQ</classCode><className>EUROPEAN CENTRAL BANK</className></classificationItem></classification></classificationGroup><classificationGroup classificationScheme=\"licensor.indexing-terms\"><classification classificationScheme=\"licensor.country\"><classificationItem><className>Australia</className></classificationItem></classification><classification classificationScheme=\"licensor.subject\"><classificationItem><className>Business, Economics and Finance</className></classificationItem><classificationItem><className>Business, Economics and Finance/Trade</className></classificationItem><classificationItem><className>Business, Economics and Finance/Money and Monetary Policy</className></classificationItem><classificationItem><className>Business, Economics and Finance/Markets/Stockmarket</className></classificationItem><classificationItem><className>Business, Economics and Finance/Markets</className></classificationItem><classificationItem><className>Business, Economics and Finance/Industry</className></classificationItem><classificationItem><className>Business, Economics and Finance/Company News</className></classificationItem></classification></classificationGroup><classificationGroup classificationScheme=\"indexing-terms\"><classification classificationScheme=\"legal\"><classificationItem><className>Criminal Law &amp; Procedure</className><classCode>Z3VpZD11cm46dG9waWM6NEU0RkE1OUQwNUQwNDgxODhEODZCMjkzOTg3NThBNzk7cGFyZW50Z3VpZD0</classCode><classificationItem score=\"62\"><className>General Overview</className><classCode>Z3VpZD11cm46dG9waWM6MUM4RjZFOEE4MDc3NDE4QjhCMkQwNzc2QTM0OUQ5NjI7cGFyZW50Z3VpZD11cm46dG9waWM6QzBDQzA4NEVCN0Q0NEZCRkEwNjY3Qzk3MDA3NzlCMjU</classCode></classificationItem></classificationItem></classification><classification classificationScheme=\"subject\"><classificationItem score=\"93\"><classCode>ST000DLA3</classCode><className>ECONOMICS</className><classCode/><className/></classificationItem><classificationItem score=\"92\"><classCode>N521100MM</classCode><className>CENTRAL BANKS</className><classCode/><className/></classificationItem><classificationItem score=\"90\"><classCode>ST000DM8Y</classCode><className>BUSINESS NEWS</className><classCode/><className/></classificationItem><classificationItem score=\"90\"><classCode>ST0009ZO4</classCode><className>CREDIT CRISIS</className><classCode/><className/></classificationItem><classificationItem score=\"90\"><classCode>ST00090NT</classCode><className>ECONOMIC CONDITIONS</className><classCode/><className/></classificationItem><classificationItem score=\"90\"><classCode>ST000A51F</classCode><className>ECONOMIC CRISIS</className><classCode/><className/></classificationItem><classificationItem score=\"90\"><classCode>STX000550</classCode><className>ECONOMIC GROWTH</className><classCode/><className/></classificationItem><classificationItem score=\"90\"><classCode>STX000551</classCode><className>ECONOMIC NEWS</className><classCode/><className/></classificationItem><classificationItem score=\"90\"><classCode>STX001937</classCode><className>ECONOMY &amp; ECONOMIC INDICATORS</className><classCode/><className/></classificationItem><classificationItem score=\"90\"><classCode>STX000591</classCode><className>EMERGING MARKETS</className><classCode/><className/></classificationItem><classificationItem score=\"78\"><classCode>ST0009SVL</classCode><className>BANKING &amp; FINANCE SECTOR PERFORMANCE</className><classCode/><className/></classificationItem><classificationItem score=\"78\"><classCode>STX000198</classCode><className>BONDS</className><classCode/><className/></classificationItem><classificationItem score=\"78\"><classCode>STX000552</classCode><className>ECONOMIC POLICY</className><classCode/><className/></classificationItem><classificationItem score=\"78\"><classCode>ST000DLYT</classCode><className>GOVERNMENT COIN &amp; CURRENCY PRODUCTION</className><classCode/><className/></classificationItem><classificationItem score=\"78\"><classCode>STX001886</classCode><className>MONETARY POLICY</className><classCode/><className/></classificationItem><classificationItem score=\"78\"><classCode>STX001960</classCode><className>PUBLIC POLICY</className><classCode/><className/></classificationItem><classificationItem score=\"78\"><classCode>STX001457</classCode><className>RECESSION</className><classCode/><className/></classificationItem><classificationItem score=\"78\"><classCode>STX001976</classCode><className>SECURITIES &amp; OTHER INVESTMENTS</className><classCode/><className/></classificationItem><classificationItem score=\"78\"><classCode>N523210MM</classCode><className>STOCK EXCHANGES</className><classCode>Z3VpZD11cm46dG9waWM6M0ZDMDg5MEQ3OTlGNEJCMkI0M0EyM0MwN0E1Njk1MEQ7cGFyZW50Z3VpZD11cm46dG9waWM6NDBGREFBMDgyNTQ0NERFRUI3MEUwNDBFOTM5NDExREI</classCode><className>Stock Exchanges</className></classificationItem><classificationItem score=\"77\"><classCode>ST00096KO</classCode><className>HOUSING MARKET</className><classCode/><className/></classificationItem><classificationItem score=\"77\"><classCode>ST000DPH2</classCode><className>WAGE GROWTH</className><classCode/><className/></classificationItem><classificationItem score=\"73\"><classCode>STX000408</classCode><className>CORPORATE WRONGDOING</className><classCode/><className/></classificationItem><classificationItem score=\"73\"><classCode>STX001813</classCode><className>WAGES &amp; SALARIES</className><classCode/><className/></classificationItem><classificationItem score=\"67\"><classCode>STX000943</classCode><className>INTEREST RATES</className><classCode/><className/></classificationItem><classificationItem score=\"62\"><classCode>STX000268</classCode><className>CELEBRITIES</className><classCode/><className/></classificationItem></classification><classification classificationScheme=\"industry\"><classificationItem score=\"92\"><classCode>N521100MM</classCode><className>CENTRAL BANKS</className><classCode/><className/></classificationItem><classificationItem score=\"90\"><classCode>N520000CC</classCode><className>BANKING &amp; FINANCE</className><classCode/><className/></classificationItem><classificationItem score=\"90\"><classCode>ST0009RX6</classCode><classCode/><className/></classificationItem><classificationItem score=\"89\"><classCode>ST00090O3</classCode><className>BANKING &amp; FINANCE REGULATION &amp; POLICY</className><classCode/><className/></classificationItem><classificationItem score=\"89\"><classCode>STX001912</classCode><className>RETAIL &amp; WHOLESALE TRADE</className><classCode/><className/></classificationItem><classificationItem score=\"88\"><classCode>STX001482</classCode><className>RESTAURANTS</className><classCode/><className/></classificationItem><classificationItem score=\"78\"><classCode>ST0009SVL</classCode><className>BANKING &amp; FINANCE SECTOR PERFORMANCE</className><classCode/><className/></classificationItem><classificationItem score=\"78\"><classCode>STX000198</classCode><className>BONDS</className><classCode/><className/></classificationItem><classificationItem score=\"78\"><classCode>STX001886</classCode><className>MONETARY POLICY</className><classCode/><className/></classificationItem><classificationItem score=\"78\"><classCode>STX001455</classCode><className>REAL ESTATE</className><classCode/><className/></classificationItem><classificationItem score=\"78\"><classCode>STX001976</classCode><className>SECURITIES &amp; OTHER INVESTMENTS</className><classCode/><className/></classificationItem><classificationItem score=\"78\"><classCode>N523210MM</classCode><className>STOCK EXCHANGES</className><classCode>Z3VpZD11cm46dG9waWM6M0ZDMDg5MEQ3OTlGNEJCMkI0M0EyM0MwN0E1Njk1MEQ7cGFyZW50Z3VpZD11cm46dG9waWM6NDBGREFBMDgyNTQ0NERFRUI3MEUwNDBFOTM5NDExREI</classCode><className>Stock Exchanges</className></classificationItem><classificationItem score=\"78\"><classCode>ST000A2W7</classCode><classCode/><className/></classificationItem><classificationItem score=\"77\"><classCode>ST00096KO</classCode><className>HOUSING MARKET</className><classCode/><className/></classificationItem><classificationItem score=\"73\"><classCode>N515000CC</classCode><className>BROADCASTING INDUSTRY</className><classCode/><className/></classificationItem><classificationItem score=\"73\"><classCode>ST00096KM</classCode><className>REAL ESTATE INVESTING</className><classCode/><className/></classificationItem><classificationItem score=\"67\"><classCode>STX000943</classCode><className>INTEREST RATES</className><classCode/><className/></classificationItem><classificationItem score=\"62\"><classCode>STX000268</classCode><className>CELEBRITIES</className><classCode/><className/></classificationItem></classification><classification classificationScheme=\"country\"><classificationItem score=\"95\"><classCode>GC301</classCode><className>AUSTRALIA</className><classCode/><className/></classificationItem><classificationItem score=\"93\"><classCode>GT115</classCode><className>EUROPE</className><classCode/><className/></classificationItem><classificationItem score=\"91\"><classCode>ST00099QF</classCode><className>EUROPEAN UNION MEMBER STATES</className><classCode/><className/></classificationItem><classificationItem score=\"79\"><classCode>GR132</classCode><className>MIDDLE EAST</className><classCode/><className/></classificationItem><classificationItem score=\"79\"><classCode>GC329</classCode><className>UNITED KINGDOM</className><classCode/><className/></classificationItem><classificationItem score=\"79\"><classCode>GC343</classCode><className>UNITED STATES</className><classCode/><className/></classificationItem></classification></classificationGroup></metadata></articleDoc></content></entry>"}