{"prediction_class": "Regulatory Breaches Tax Evasion Smuggling of goods", "prediction_score": "0.53", "name": "Westpac", "title": "BANKS TAKE A FALL", "published": "1992-05-29T00:00:00Z", "updated": "2020-11-15T19:52:29Z", "cleaned_article": "[TITLE] BANKS TAKE A FALL [TITLE] \n\n\"Of course, here they are greatly disadvantaged. Frequently, they have little or no money - that, indeed, is generally why they are taking action.\" During some of the explosive evidence given against the banks during the committee's hearings earlier this month, FCBA vice-chairman, Lionel Potts, alleged that \"bank documents have also been fabricated. I am making pretty serious allegations here. They have been fabricated to suit the banks and are used to discredit borrowers who have to rely mostly on recollection\". In an emotional address, Mr Potts, who in April lost against Westpac over a$A500,000 Japanese yen loan taken out in 1982, related his own experience to the committee members. \"We went to this bank; they told us about these loans; they recommended them to us; they told us not to hedge as it was not worth while. \"A judge is in the same position: he has no experience of the foreign currency market and is actively being told by the bank's legal team how uncomplicated and simple offshore borrowing really is. \"We cannot blame the judiciary if they get it wrong. In fact it is remarkable so many get it partly right. If you sat through a court case for four weeks, you would be absolutely astonished at the diversity of opinion, the diversity of ideas, from all the so-called experts, not to mention the misrepresentation of evidence by the banks' legal eagles.\"", "raw_cleaned_article": "<h2>BANKS TAKE A FALL</h2><p>\"Of course, here they are greatly disadvantaged. Frequently, they have little or no money - that, indeed, is generally why they are taking action.\" During some of the explosive evidence given against the banks during the committee's hearings earlier this month, FCBA vice-chairman, Lionel Potts, alleged that \"bank documents have also been fabricated. I am making pretty serious allegations here. They have been fabricated to suit the banks and are used to discredit borrowers who have to rely mostly on recollection\". <b>In an emotional address, Mr Potts, who in April lost against Westpac over a$A500,000 Japanese yen loan taken out in 1982, related his own experience to the committee members. \"We went to this bank; they told us about these loans; they recommended them to us; they told us not to hedge as it was not worth while.</b> \"A judge is in the same position: he has no experience of the foreign currency market and is actively being told by the bank's legal team how uncomplicated and simple offshore borrowing really is. \"We cannot blame the judiciary if they get it wrong. In fact it is remarkable so many get it partly right. If you sat through a court case for four weeks, you would be absolutely astonished at the diversity of opinion, the diversity of ideas, from all the so-called experts, not to mention the misrepresentation of evidence by the banks' legal eagles.\"</p>", "original_content": "<entry xmlns=\"http://www.w3.org/2005/Atom\"><id>urn:contentItem:5564-V2F1-JD34-V39G-00000-00</id><title>BANKS TAKE A FALL</title><published>1992-05-29T00:00:00Z</published><updated>2020-11-15T19:52:29Z</updated><author><name>LexisNexis</name></author><content type=\"application/xml\"><!--Transformation version 1.23--><articleDoc xmlns=\"\" xmlns:xsi=\"http://www.w3.org/2001/XMLSchema-instance\" xsi:noNamespaceSchemaLocation=\"http://www.lexisnexis.com/xmlschemas/content/public/articledoc/1/\" schemaVersion=\"1.8\" xml:lang=\"en\"><articleDocHead><itemInfo><sourceSectionInfo><positionSection>WEEKEND REVIEW</positionSection><positionSequence>Pg. 31</positionSequence></sourceSectionInfo></itemInfo></articleDocHead><nitf:body xmlns:nitf=\"http://iptc.org/std/NITF/2006-10-18/\"><nitf:body.head><nitf:hedline><nitf:hl1>BANKS TAKE A FALL</nitf:hl1></nitf:hedline><nitf:byline><author><person><nameText>STEVE LEWIS</nameText></person></author></nitf:byline></nitf:body.head><nitf:body.content><bodyText><p nitf:lede=\"true\">JOHN Francis Willoughby is an unlikely Australian hero. No place for him in the nation's sporting hall of fame, nor has he made his mark on the stage, or in public life.</p><p nitf:lede=\"true\">Instead, the Kalgoorlie businessman, who left school in Year 10 and is a concrete contractor by trade, might best be described as a modern-day David in a field of corporate Goliaths. For Mr Willoughby, single-handedly, without counsel or legal representation, has taken on the might of Esanda Finance and its parent, ANZ Banking Group, and won a four-year court battle.</p><p nitf:lede=\"true\">It's a story which defies imagination. Mr Willoughby has no legal pedigree: no private school education, no Phillip St entree. Instead, relying on street-smart intellect and a burning desire to right a perceived wrong, Willoughby defeated the financial legal muscle of Esanda and the ANZ, Australia's eighth largest company by market capitalisation, through the highest courts in the land.</p><p nitf:lede=\"true\">Earlier this month, the High Court dismissed an application by Esanda to appeal against an earlier decision of the Full Bench of the Federal Court, which found that the finance company was guilty of \"deceptive and misleading conduct\".</p><p>Willoughby and his family, through their company, Contractor Services Pty Ltd, sued Esanda under Section 52 of the Trade Practices Act. It was alleged that Willoughby's purchase of a Perth hotel in December 1988 for $2.75 million was influenced by advice from an Esanda officer relating to its financial position. That advice also related to the capacity of the previous owner of the hotel to service a loan from Esanda.</p><p>The original Federal Court decision, by Justice French, found that the Esanda officer's representation was \"a true statement and there was no misleading or deceptive conduct about it\". But a Full Court of the Federal Court later overturned this judgement, stating that the purchase was \"induced by misleading conduct engaged in by (Esanda)\".</p><p>While Willoughby originally engaged lawyers to represent his family in the Federal Court, the difficulties of running an ailing hotel took its toll. \"We ran out of money\", he says, adding, \"we had to make a decision between living and paying lawyers.\"</p><p>Willoughby claims he beat the bank on his own cunning. Armed with only a cursory knowledge of the law, and a working-man's suspicion of the legal process, Willoughby was forced to learn the intricacies of Section 52.</p><p>The Willoughby family is now seeking damages from Esanda: the claim may approach $15 million. It is being prepared by eminent silk, Alec Shand QC, who appeared for the Willoughbys in the High Court.</p><p>A hero? Willoughby shrugs off the tag. After the experiences of the past four years, he retains faith in the legal system, \"except that it is manipulated by lawyers\".</p><p>For the hundreds, perhaps thousands, of litigants involved in the costly and drawn-out process of court action against the banks, the Willoughby result must seem like a landslide.</p><p>During the past few years, the most high-profile court cases have involved foreign currency borrowers and the banks.</p><p>Foreign currency loans, first offered by Australian banks to small and medium-sized businessmen in the early 1980s, were considered at the time to be a dynamite product. By borrowing in a foreign currency, individuals could take advantage of a strong $A and cut their interest charges by thousands of dollars.</p><p>But when the local currency took a dive in the mid-1980s, foreign currency borrowers (the majority of whom had not entered into \"hedging\" arrangements to protect against currency fluctuations) were left with massive bills to pay.</p><p>Their disputes with the banks, many of which are still unresolved, have received widespread coverage - and raised serious questions about the banks'use of the legal system.</p><p>WHEN the Foreign Currency Borrowers Association (FCBA), which represents about 300 borrowers, appeared before the parliamentary banking inquiry in Sydney this month, their representatives had to be verbally restrained by committee chairman Paul Elliott.</p><p>In its submission, the FCBA said the banks had \"snubbed\" the parliamentary process, by ignoring the committee's recommendation (contained in its report last November) that the banks enter into mediation with individual borrowers.</p><p>For over an hour, the committee heard of alleged bank malpractice. David Lyons, the editor of the FCBA newsletter, told the committee: \"The principle of justice in this country is that if you run out of money, you run out of justice.</p><p>\"One of the first things a number of the banks, including the Commonwealth Bank, aim to do is establish what funds you have and then dissipate them by various processes to ensure that it is very difficult, if not impossible, for you to complete a case, regardless of the merits of the case.</p><p>\"When that is done, the borrower or the litigant has no hope. They must settle. They are threatened with bankruptcy, and they have to settle. They have no negotiating power. The bank virtually dictates the settlement.\"</p><p>Harsh words, but Mr Lyons and the other members of the FCBA are unrepentant. And there are others who contend the FCL saga has developed into one of Australia's greatest bank and legal scandals.</p><p>In his just-released book, Bankers and Bastards (Hudson Hawthorn $16.95), former Democrats' Senator, Paul McLean, provides a biting commentary about the alleged failures of the banking system.</p><p>Mr McLean, who has retired from parliament to the more tranquil lifestyle of Launceston in northern Tasmania, led the fight in the federal parliament against the banks and their use of the FCLs. He retains the fire and brimstone which has made him the bete noire of the banking system.</p><p>He alleges that some of the major banks' chief executives told \"lies\" to cover up their institution's wrong-doing in relations to the loans.</p><p>In his eyes, the issue is black-and-white. Banks are monolithic \"bastards\"with no soul, intent on screwing us - the public - for all its worth. Mr McLean has relied on evidence collected during the past three or four years; evidence which, he says, shows the banking \"conspiracy\" stretches right to the top of the parliamentary tree.</p><p>As one who has championed the rights of foreign currency borrowers, Mr McLean not surprisingly argues that these litigants take enormous risks when they decide to go to court.</p><p>\"First, it is a very expensive and daunting place to go. Banks have unlimited resources and access to the best legal minds. To match this, the victims must buy equal talent at great expense or attempt to see it through by defending themselves.</p><p>\"Of course, here they are greatly disadvantaged. Frequently, they have little or no money - that, indeed, is generally why they are taking action.\"</p><p>Against these accusations, the banks vehemently deny they use the\"deep-pocket\" syndrome to batter litigants into submission. Bankers too, they say, are human. The huge corporations which bear the names \"Westpac\" and\"National Australia Bank\" are full of thousands of ordinary people who bleed, just like their customers.</p><p>Les Taylor, CBA's chief solicitor and senior counsel, recalls a phone call from managing director Don Sanders. \"He rang me and said 'have you seen this?'\", referring to a submission from a Nowra-based borrower who had taken out a FCL. \"'What he's going through, he must be torturing himself',\" Mr Sanders claimed.</p><p>TOWARDS the end of the 1980s, the banking industry's reputation took a dive as the evidence of their lending excesses started to show up on their balance sheets. Bank bashing became ingrained in the national psyche.</p><p>When the FCL issue came to the public's attention, the banks were already under pressure ... but worse was to come. The \"Westpac letters\", which were published against the bank's wishes last year, contained advice from legal firm Allen Allen and Hemsley relating to foreign currency loans that Westpac's former merchant bank subsidiary, Partnership Pacific Ltd, had entered into during the 1980s.</p><p>The documents, which the bank still maintains are protected under \"legal professional privilege\", contain prime facie evidence that the bank was at the very least advised to take advantage of its massive asset base to bleed its borrowers dry.</p><p>In its advice, Allens refers to the high costs of litigation and the lack of knowledge of the law of potential litigants as deterrents to court action.</p><p>\"Many borrowers are not flush with cash and they would doubtless perceive that PPL would defend proceedings grimly,\" the Allens' advice said. In the eyes of lawyers, at least, the \"deep-pockets\" syndrome does exist.</p><p>At the advice of its legal firm, Westpac remains unwilling to discuss these documents and the implications which may be carried in them.</p><p>Westpac's senior manager, legal division, Barbara Filopowski, claims each case has to be looked at on its own merits. \"The bank doesn't enjoy litigation.\"</p><p>In its May 1991 submission to the parliamentary banking inquiry, Westpac stated \"there is simply no benefit to force borrowers into protracted litigation. The costs and commitment of scarce management time make litigation a last resort.\"</p><p>Banks, like the rest of the corporate community, are also caught up in the helter-skelter of a society which is becoming increasingly litigious.</p><p>Ms Filopowski said: \"It is understandable that in the relatively difficult times that we confront - not only us as a bank, but also our customers - there will be a tendency to dispute issues more.</p><p>\"Outside the straight debt recovery process, the bank does not initiate very much litigation. When it does go on the front foot, for example the events of last year (when the bank sought an injunction in relation to the publication of the 'Westpac Letters'), that really is a rarity.</p><p>\"The bank mostly responds to other people's claims against it, and we really do try to work things out as a general matter before they get to that stage.\"</p><p>Paul McLean, and a swag of other bank-bashers, tell a different tale. \"Bank victims are often not broken financially, but also mentally, emotionally and maritally,\" he writes, in his book. \"Their lives are often in a mess and they frequently do not have the necessary strength to carry the fight through.</p><p>\"Too often they sell everything they own and sometimes that of their immediate family's. Frequently they start strong and determined to beat the bastards, but their resources are soon exhausted.\"</p><p>During some of the explosive evidence given against the banks during the committee's hearings earlier this month, FCBA vice-chairman, Lionel Potts, alleged that \"bank documents have also been fabricated. I am making pretty serious allegations here. They have been fabricated to suit the banks and are used to discredit borrowers who have to rely mostly on recollection\".</p><p>In an emotional address, Mr Potts, who in April lost against Westpac over a$A500,000 Japanese yen loan taken out in 1982, related his own experience to the committee members. \"We went to this bank; they told us about these loans; they recommended them to us; they told us not to hedge as it was not worth while.</p><p>\"A judge is in the same position: he has no experience of the foreign currency market and is actively being told by the bank's legal team how uncomplicated and simple offshore borrowing really is.</p><p>\"We cannot blame the judiciary if they get it wrong. In fact it is remarkable so many get it partly right. If you sat through a court case for four weeks, you would be absolutely astonished at the diversity of opinion, the diversity of ideas, from all the so-called experts, not to mention the misrepresentation of evidence by the banks' legal eagles.\"</p><p>THE banks have largely turned the other cheek when accusations have been levelled against them, not wanting to further alienate a public which has clearly lost a great deal of faith in the banking system. One of Australia's most senior bankers, Paul Rizzo, the Commonwealth Bank's chief general manager, credit policy and control, agrees the banks are in a 'damned if they do, damned if they don't' position.</p><p>\"Some of the litigants can make wild allegations, and somehow that gets accepted, but because major financial institutions don't run around and throw allegations all over the place, because we are constrained in what we say, we don't get anything like that hearing, because it's very hard to be sympathetic to a huge institution.\"</p><p>But, he says, from a commercial point of view, \"no bank wants to go through litigation, whether it is going to cost you $10,000 or a million.\"</p><p>\"It absorbs time, drags you through unnecessary publicity, and the cost is significant.\"</p><p>The CBA, with an in-house legal staff of 40, spends millions each year on litigation. As the bank has grown in size, so have the number of cases of litigation.</p><p>Despite its apparent antipathy to the courts, the CBA is also not rapt with the banking committee decision regarding the use of mediation to try and resolve the outstanding FCL disputes.</p><p>\"Mediation is not a panacea,\" Mr Rizzo said. \"There is no homogeneous treatment of (FCLs) and we've also found out that mediation is just one of many approaches.\" The most successful approach is clearly where the two parties can negotiate a commercial settlement, he said.</p><p>\"Mediation is where you actually have got a chance of reaching some sort of meaningful compromise, but a lot of the FCBA litigants see mediation as a vehicle for capitulation by the bank,\" adds Mr Rizzo.</p><p>In Australia, as in most other Western countries, the whole nature of the legal system is under review. For potential litigants, the quest for justice has to be balanced against the enormous financial and human resources that are part of the legal process.</p><p>Australia is following the US-trend and becoming a more litigious society.</p><p>Deregulation of the finance system and the exposure of the Australian economy to the perils of the international economy have also led to the development of more complex finance products. Interest rate and currency swaps, and forex dealing, for example, all took off in the 1980s and are now an integral part of the finance sector.</p><p>The danger for the banks is that as new products come onto the market, the chances of customers finding \"flaws\", whether real or perceived, is likely to increase. The foreign currency loan experience might just be a sign of greater things to come ... *</p><p>THE PHANTOM FILES</p><p>ACCORDING to Les Taylor, the Commonwealth Bank's chief solicitor, it's like asking the US Pentagon to retrieve all documents relating to military arms: \"You'd never get them.\"</p><p>Mr Taylor, a key figure in the bank's on-going dispute with foreign currency borrowers, is commenting on the so-called \"G Documents\". The bank has collected 12 volumes during the past four years, all relating to foreign currency loans (FCL) - how they were handled from go to whoa.</p><p>While the Foreign Currency Borrowers' Association has raised serious allegations of banks deliberately falsifying or \"misplacing\" documents relating to FCLs, the bank claims it is virtually impossible to retrieve all relevant documents.</p><p>In an affidavit submitted to the Federal Court, No. G309 of 1991, a bank official is quoted as saying \"no documents had been located for the period December 1982 to March 1984\".</p><p>\"Since mid 1987 I have on a number of occasions asked CBA clerks, responsible for maintaining and filing records, to search for foreign currency loan facility files. On each occasion I have been advised that they have been unable to locate any documents other than those already known to me,\" the bank official said.</p><p>Mr Taylor says the process of \"discovery\" in relation to FCLs \"has been a nightmare\".</p><p>But he rejects suggestions the bank has not made available to the parliamentary banking committee all documents relating to FCLs: \"Never on any occasion have we not produced every document we can lay our hands on, and nobody in the bank has ever tried to say 'Oh, do you really have to put that in.'\" *</p></bodyText></nitf:body.content><nitf:body.end><graphic><nitf:media><caption><p>Two drawings</p></caption></nitf:media></graphic></nitf:body.end></nitf:body><metadata><dc:metadata xmlns:dc=\"http://purl.org/dc/elements/1.1/\"><dc:identifier identifierScheme=\"DOC-ID\">AFREVW-4yhn3xxp9i8pzv3p8yx</dc:identifier><dc:source sourceScheme=\"royaltyReportingKey\">AFREVW1992</dc:source><dc:identifier identifierScheme=\"PGUID\">urn:contentItem:5564-V2F1-JD34-V39G-00000-00</dc:identifier><dc:source sourceScheme=\"productContentSetIdentifier\">390780</dc:source><dc:date dateType=\"last-updated\">2019-07-15</dc:date></dc:metadata><wordCount number=\"2643\"/><publicationInfo><copyright>Copyright 1992 Fairfax Media Publications Pty. Limited All Rights Reserved</copyright><publicationName>Australian Financial Review</publicationName><edition>Late Edition</edition><publicationDate day=\"29\" month=\"05\" year=\"1992\"><dateText>May 29, 1992 Friday</dateText></publicationDate><classification classificationScheme=\"publicationtype\"><classificationItem><className>Newspaper</className></classificationItem></classification><classification classificationScheme=\"publicationtype\"><classificationItem><className>Newspapers</className></classificationItem></classification></publicationInfo><classification classificationScheme=\"language\"><classificationItem classificationScheme=\"lang.english\"><className>ENGLISH</className></classificationItem></classification><classificationGroup classificationScheme=\"indexing-terms\"><classification classificationScheme=\"company\"><classificationItem score=\"84\"><classCode>CC00091HS</classCode><className>AUSTRALIA &amp; NEW ZEALAND BANKING GROUP LTD</className></classificationItem></classification><classification classificationScheme=\"industry\"><classificationItem score=\"84\"><className>NAICS524210 INSURANCE AGENCIES &amp; BROKERAGES</className></classificationItem><classificationItem score=\"84\"><className>NAICS523920 PORTFOLIO MANAGEMENT</className></classificationItem><classificationItem score=\"84\"><className>NAICS522110 COMMERCIAL BANKING</className></classificationItem><classificationItem score=\"84\"><className>SIC6411 INSURANCE AGENTS, BROKERS, &amp; SERVICE</className></classificationItem><classificationItem score=\"84\"><className>SIC6282 INVESTMENT ADVICE</className></classificationItem></classification><classification classificationScheme=\"ticker\"><classificationItem score=\"84\"><className>ANZ (NZX)</className></classificationItem><classificationItem score=\"84\"><className>ANZ (ASX)</className></classificationItem></classification></classificationGroup><classificationGroup classificationScheme=\"licensor.indexing-terms\"><classification classificationScheme=\"licensor.subject\"><classificationItem><className>Biog John Willoughby Law Banking</className></classificationItem></classification></classificationGroup><classificationGroup classificationScheme=\"indexing-terms\"><classification classificationScheme=\"subject\"><classificationItem score=\"90\"><classCode>STX001883</classCode><className>DECISIONS &amp; RULINGS</className><classCode/><className/></classificationItem><classificationItem score=\"90\"><classCode>N523930MC</classCode><className>INVESTMENT ADVISERS</className><classCode>Z3VpZD11cm46dG9waWM6ODQ2M0Q5NUExRUZENEY2NDkzMzlDMDVFNjFCNTY3MTQ7cGFyZW50Z3VpZD11cm46dG9waWM6RkFFMTQ3ODhCRDYyNDkyN0IwQkEyQzRCRDlFMEM5ODc</classCode><className>Investment Advisers</className></classificationItem><classificationItem score=\"90\"><classCode>ST0009FJK</classCode><className>NEGATIVE PERSONAL NEWS</className><classCode/><className/></classificationItem><classificationItem score=\"90\"><classCode>ST000DMT1</classCode><className>PATENT COURTS</className><classCode/><className/></classificationItem><classificationItem score=\"89\"><classCode>ST0008XMR</classCode><className>LAW &amp; LEGAL SYSTEM</className><classCode/><className/></classificationItem><classificationItem score=\"89\"><classCode>N922110CC</classCode><className>LAW COURTS &amp; TRIBUNALS</className><classCode/><className/></classificationItem><classificationItem score=\"89\"><classCode>N541110GM</classCode><className>LAWYERS</className><classCode/><className/></classificationItem><classificationItem score=\"77\"><classCode>N523920MM</classCode><className>INVESTMENT MANAGEMENT</className><classCode/><className/></classificationItem><classificationItem score=\"75\"><classCode>STX001648</classCode><className>SUITS &amp; CLAIMS</className><classCode/><className/></classificationItem><classificationItem score=\"72\"><classCode>STX001388</classCode><className>PRIVATE SCHOOLS</className><classCode/><className/></classificationItem><classificationItem score=\"68\"><classCode>STX001076</classCode><className>MARKET CAPITALIZATION</className><classCode/><className/></classificationItem></classification><classification classificationScheme=\"industry\"><classificationItem score=\"92\"><classCode>N520000CC</classCode><className>BANKING &amp; FINANCE</className><classCode/><className/></classificationItem><classificationItem score=\"92\"><classCode>N524200CC</classCode><className>INSURANCE AGENCIES &amp; BROKERAGES</className><classCode/><className/></classificationItem><classificationItem score=\"92\"><classCode>ST0009RX6</classCode><classCode/><className/></classificationItem><classificationItem score=\"90\"><classCode>N524000CC</classCode><className>INSURANCE</className><classCode/><className/></classificationItem><classificationItem score=\"90\"><classCode>N523930MC</classCode><className>INVESTMENT ADVISERS</className><classCode>Z3VpZD11cm46dG9waWM6ODQ2M0Q5NUExRUZENEY2NDkzMzlDMDVFNjFCNTY3MTQ7cGFyZW50Z3VpZD11cm46dG9waWM6RkFFMTQ3ODhCRDYyNDkyN0IwQkEyQzRCRDlFMEM5ODc</classCode><className>Investment Advisers</className></classificationItem><classificationItem score=\"90\"><classCode>ST000A2VZ</classCode><classCode/><className/></classificationItem><classificationItem score=\"89\"><classCode>N541110GM</classCode><className>LAWYERS</className><classCode/><className/></classificationItem><classificationItem score=\"77\"><classCode>N523920MM</classCode><className>INVESTMENT MANAGEMENT</className><classCode/><className/></classificationItem><classificationItem score=\"72\"><classCode>N238110MM</classCode><className>POURED CONCRETE CONTRACTORS</className><classCode/><className/></classificationItem><classificationItem score=\"72\"><classCode>STX001388</classCode><className>PRIVATE SCHOOLS</className><classCode/><className/></classificationItem><classificationItem score=\"69\"><classCode>N721110GM</classCode><className>HOTELS &amp; MOTELS</className><classCode/><className/></classificationItem></classification><classification classificationScheme=\"city\"><classificationItem score=\"79\"><classCode>GX017</classCode><className>PERTH, AUSTRALIA</className><classCode/><className/></classificationItem></classification><classification classificationScheme=\"country\"><classificationItem score=\"94\"><classCode>GC301</classCode><className>AUSTRALIA</className><classCode/><className/></classificationItem><classificationItem score=\"79\"><classCode>GC351</classCode><className>NEW ZEALAND</className><classCode/><className/></classificationItem><classificationItem score=\"59\"><classCode>GR156</classCode><className>AUSTRALIA &amp; NEW ZEALAND</className><classCode/><className/></classificationItem></classification></classificationGroup></metadata></articleDoc></content></entry>"}