{"prediction_class": "Money laundering", "prediction_score": "1.0", "name": "Westpac", "title": "Westpac\u2019s money laundering is another KPMG crime caper", "published": "2019-12-10T00:00:00Z", "updated": "2020-11-15T19:52:31Z", "cleaned_article": "[TITLE] Westpac\u2019s money laundering is another KPMG crime caper [TITLE] \n\nCanberra:Citizens Electoral Council of Australia, Australia has issued the following news release: KPMG wants to jail Australians who use cash\u2014supposedly to combat the \u2018black economy\u2019\u2014but the disreputable global accounting giant dominates the board of money-laundering machine Westpac.Westpac is arguing with the anti-money laundering (AML) authority AUSTRAC over whether responsibility for the bank\u2019s money laundering crimes lies with the board and senior executives, or middle management, according to The Australian on 9 December. There should be no argument, however\u2014if any board should ever be held responsible for corporate crimes, it\u2019s this one.That is because Westpac\u2019s board is dominated by partners from global accounting and auditing giant KPMG, who are supposed to be the experts in ensuring corporations comply with proper AML controls and procedures.Chairman Lindsay Maxsted was a partner at KPMG and its CEO from 2001 to 2007. Peter Marriott, who chairs Westpac\u2019s audit committee and is a member of the board\u2019s risk and compliance committee, was a banking and finance, audit and consulting partner at KPMG Peat Marwick back in the 1990s. And Peter Nash, who is a member of the board\u2019s audit committee, and risk and compliance committee, was a senior partner at KPMG until 2017, having been a KPMG partner for 24 years and national chairman since 2011, and a member of KPMG\u2019s global board. Nash is touted as the next Westpac chairman.With this kind of auditing expertise, the Westpac board should have no excuse for the 23 million breaches of AML requirements, but it\u2019s even more serious than that. Money laundering repeat offenders In truth, KPMG has a history of complicity in large-scale black economy crimes, including money laundering and tax evasion, which should be a red flag for Australian regulators and law enforcement.In 2012 US authorities charged both banks for separate money laundering offenses: Standard Chartered for laundering money and breaking US sanctions; and HSBC for laundering money for vicious drug cartels and terrorists. HSBC was fined a record US$1.9 billion, while Standard Chartered was eventually fined US$1.1 billion in April 2019. Westpac director Peter Nash was on the global board of KPMG when the HSBC and Standard Chartered money laundering scandals were exposed in 2012, which raises the question: why weren\u2019t he and the other KPMG-associated directors especially attuned to watch out for money laundering breaches? Especially after the CBA saga two years earlier? KPMG\u2019s involvement in yet another criminal banking scandal should cause Australian authorities to take stock of the pervasive influence it and the other three global auditing firms\u2014EY, PwC and Deloitte\u2014have over the entire financial system. The Parliamentary Joint Committee on Corporations and Financial Services is currently conducting an inquiry into the \u201cRegulation of Auditing\u201d, which has highlighted the conflict of interests of the Big Four auditors earning consulting fees from the companies they also audit, corrupting the integrity of the auditing process. As the Big Four audit 98 per cent of the big banks and multinational corporations in Australia and most of the world, this has serious implications for the integrity of the reporting of the true state of the financial system\u2014all of the large banking failures in the 2008 financial crisis came after audits by the Big Four firms gave those banks clean bills of health.", "raw_cleaned_article": "<h2>Westpac\u2019s money laundering is another KPMG crime caper</h2><p>Canberra:Citizens Electoral Council of Australia, Australia has issued the following news release: <b>KPMG wants to jail Australians who use cash\u2014supposedly to combat the \u2018black economy\u2019\u2014but the disreputable global accounting giant dominates the board of money-laundering machine Westpac.</b></p><p>[...]</p><p>Canberra:Citizens Electoral Council of Australia, Australia has issued the following news release: <b>Westpac is arguing with the anti-money laundering (AML) authority AUSTRAC over whether responsibility for the bank\u2019s money laundering crimes lies with the board and senior executives, or middle management, according to The Australian on 9 December.</b> There should be no argument, however\u2014if any board should ever be held responsible for corporate crimes, it\u2019s this one.<b>That is because Westpac\u2019s board is dominated by partners from global accounting and auditing giant KPMG, who are supposed to be the experts in ensuring corporations comply with proper AML controls and procedures.</b><b>Chairman Lindsay Maxsted was a partner at KPMG and its CEO from 2001 to 2007. Peter Marriott, who chairs Westpac\u2019s audit committee and is a member of the board\u2019s risk and compliance committee, was a banking and finance, audit and consulting partner at KPMG Peat Marwick back in the 1990s. And Peter Nash, who is a member of the board\u2019s audit committee, and risk and compliance committee, was a senior partner at KPMG until 2017, having been a KPMG partner for 24 years and national chairman since 2011, and a member of KPMG\u2019s global board. Nash is touted as the next Westpac chairman.</b><b>With this kind of auditing expertise, the Westpac board should have no excuse for the 23 million breaches of AML requirements, but it\u2019s even more serious than that.</b> Money laundering repeat offenders In truth, KPMG has a history of complicity in large-scale black economy crimes, including money laundering and tax evasion, which should be a red flag for Australian regulators and law enforcement.In 2012 US authorities charged both banks for separate money laundering offenses: Standard Chartered for laundering money and breaking US sanctions; and HSBC for laundering money for vicious drug cartels and terrorists. HSBC was fined a record US$1.9 billion, while Standard Chartered was eventually fined US$1.1 billion in April 2019. <b>Westpac director Peter Nash was on the global board of KPMG when the HSBC and Standard Chartered money laundering scandals were exposed in 2012, which raises the question: why weren\u2019t he and the other KPMG-associated directors especially attuned to watch out for money laundering breaches? Especially after the CBA saga two years earlier?</b> KPMG\u2019s involvement in yet another criminal banking scandal should cause Australian authorities to take stock of the pervasive influence it and the other three global auditing firms\u2014EY, PwC and Deloitte\u2014have over the entire financial system. The Parliamentary Joint Committee on Corporations and Financial Services is currently conducting an inquiry into the \u201cRegulation of Auditing\u201d, which has highlighted the conflict of interests of the Big Four auditors earning consulting fees from the companies they also audit, corrupting the integrity of the auditing process. As the Big Four audit 98 per cent of the big banks and multinational corporations in Australia and most of the world, this has serious implications for the integrity of the reporting of the true state of the financial system\u2014all of the large banking failures in the 2008 financial crisis came after audits by the Big Four firms gave those banks clean bills of health.</p>", "original_content": "<entry xmlns=\"http://www.w3.org/2005/Atom\"><id>urn:contentItem:5XPT-0H61-F0YC-N1JJ-00000-00</id><title>Westpac\u2019s money laundering is another KPMG crime caper</title><published>2019-12-10T00:00:00Z</published><updated>2020-11-15T19:52:31Z</updated><author><name>LexisNexis</name></author><content type=\"application/xml\"><!--Transformation version 1.23--><articleDoc xmlns=\"\" xmlns:xsi=\"http://www.w3.org/2001/XMLSchema-instance\" xsi:noNamespaceSchemaLocation=\"http://www.lexisnexis.com/xmlschemas/content/public/articledoc/1/\" schemaVersion=\"1.8\" xml:lang=\"en\"><articleDocHead><itemInfo/></articleDocHead><nitf:body xmlns:nitf=\"http://iptc.org/std/NITF/2006-10-18/\"><nitf:body.head><nitf:hedline><nitf:hl1>Westpac\u2019s money laundering is another KPMG crime caper</nitf:hl1></nitf:hedline></nitf:body.head><nitf:body.content><bodyText><p>Canberra:Citizens Electoral Council of Australia, Australia has issued the following news release:</p><p>KPMG wants to jail Australians who use cash\u2014supposedly to combat the \u2018black economy\u2019\u2014but the disreputable global accounting giant dominates the board of money-laundering machine Westpac.</p><p>Westpac is arguing with the anti-money laundering (AML) authority AUSTRAC over whether responsibility for the bank\u2019s money laundering crimes lies with the board and senior executives, or middle management, according to The Australian on 9 December.</p><p>There should be no argument, however\u2014if any board should ever be held responsible for corporate crimes, it\u2019s this one.</p><p>That is because Westpac\u2019s board is dominated by partners from global accounting and auditing giant KPMG, who are supposed to be the experts in ensuring corporations comply with proper AML controls and procedures.</p><p>Chairman Lindsay Maxsted was a partner at KPMG and its CEO from 2001 to 2007. Peter Marriott, who chairs Westpac\u2019s audit committee and is a member of the board\u2019s risk and compliance committee, was a banking and finance, audit and consulting partner at KPMG Peat Marwick back in the 1990s. And Peter Nash, who is a member of the board\u2019s audit committee, and risk and compliance committee, was a senior partner at KPMG until 2017, having been a KPMG partner for 24 years and national chairman since 2011, and a member of KPMG\u2019s global board. Nash is touted as the next Westpac chairman.</p><p>With this kind of auditing expertise, the Westpac board should have no excuse for the 23 million breaches of AML requirements, but it\u2019s even more serious than that.</p><p>Money laundering repeat offenders</p><p>In truth, KPMG has a history of complicity in large-scale black economy crimes, including money laundering and tax evasion, which should be a red flag for Australian regulators and law enforcement.</p><p>KPMG are experts in covering up money laundering crimes. They were the responsible auditors in two of the biggest money laundering scandals in recent history, which involved British banking giants HSBC and Standard Chartered.</p><p>In 2012 US authorities charged both banks for separate money laundering offenses: Standard Chartered for laundering money and breaking US sanctions; and HSBC for laundering money for vicious drug cartels and terrorists. HSBC was fined a record US$1.9 billion, while Standard Chartered was eventually fined US$1.1 billion in April 2019.</p><p>Westpac director Peter Nash was on the global board of KPMG when the HSBC and Standard Chartered money laundering scandals were exposed in 2012, which raises the question: why weren\u2019t he and the other KPMG-associated directors especially attuned to watch out for money laundering breaches? Especially after the CBA saga two years earlier?</p><p>KPMG\u2019s involvement in yet another criminal banking scandal should cause Australian authorities to take stock of the pervasive influence it and the other three global auditing firms\u2014EY, PwC and Deloitte\u2014have over the entire financial system.</p><p>The Parliamentary Joint Committee on Corporations and Financial Services is currently conducting an inquiry into the \u201cRegulation of Auditing\u201d, which has highlighted the conflict of interests of the Big Four auditors earning consulting fees from the companies they also audit, corrupting the integrity of the auditing process. As the Big Four audit 98 per cent of the big banks and multinational corporations in Australia and most of the world, this has serious implications for the integrity of the reporting of the true state of the financial system\u2014all of the large banking failures in the 2008 financial crisis came after audits by the Big Four firms gave those banks clean bills of health.</p><p>The Big four also earn huge fees from consulting to the government.</p><p>Labor Senator Deb O\u2019Neill has pointedly questioned the big banks and big auditors over their conflicts of interests, which has been heartening to see from a member of one of the major parties. But if Senator O\u2019Neill is genuine about cleaning out the corruption in the financial system, as she seems, she should question her own boss, Anthony Albanese, whose newly appointed Policy Director Andrew Dempster is also from KPMG.</p></bodyText></nitf:body.content></nitf:body><metadata><dc:metadata xmlns:dc=\"http://purl.org/dc/elements/1.1/\"><dc:identifier identifierScheme=\"DOC-ID\">IMNWSE-INS2711870</dc:identifier><dc:source sourceScheme=\"royaltyReportingKey\">IMNWSE2019</dc:source><dc:identifier identifierScheme=\"PGUID\">urn:contentItem:5XPT-0H61-F0YC-N1JJ-00000-00</dc:identifier><dc:source sourceScheme=\"productContentSetIdentifier\">438631</dc:source><dc:date dateType=\"last-updated\">2019-12-11</dc:date></dc:metadata><wordCount number=\"693\"/><publicationInfo><copyright>Copyright 2019 Impact Media Limited All Rights Reserved</copyright><publicationName>Impact News Service</publicationName><publicationLogo><logo><inlineObject><locator><locatorKey><keyName name=\"object-key\"/><keyValue value=\"56562\"/></locatorKey><locatorParameters><parameter name=\"object-type\" value=\"201\"/><parameter name=\"object-smi\" value=\"LOGOS\"/><parameter name=\"componentseq\" value=\"1\"/></locatorParameters></locator></inlineObject></logo></publicationLogo><publicationDate day=\"10\" month=\"12\" year=\"2019\"><dateText>December 10, 2019 Tuesday</dateText></publicationDate><classification classificationScheme=\"publicationtype\"><classificationItem><className>Newswire</className></classificationItem></classification><classification classificationScheme=\"publicationtype\"><classificationItem><className>Newswires &amp; Press Releases</className></classificationItem></classification></publicationInfo><classification classificationScheme=\"language\"><classificationItem classificationScheme=\"lang.english\"><className>ENGLISH</className></classificationItem></classification><classificationGroup classificationScheme=\"indexing-terms\"><classification classificationScheme=\"legal\"><classificationItem><className>Criminal Law &amp; Procedure</className><classCode>Z3VpZD11cm46dG9waWM6NEU0RkE1OUQwNUQwNDgxODhEODZCMjkzOTg3NThBNzk7cGFyZW50Z3VpZD0</classCode><classificationItem score=\"91\"><className>Elements</className><classCode>Z3VpZD11cm46dG9waWM6N0NERTc0RDUyNDQ4NDM0M0E1NTNEQTg4NzU5MEIzMUE7cGFyZW50Z3VpZD11cm46dG9waWM6QzBDQzA4NEVCN0Q0NEZCRkEwNjY3Qzk3MDA3NzlCMjU</classCode></classificationItem><classificationItem score=\"99\"><className>General Overview</className><classCode>Z3VpZD11cm46dG9waWM6MUM4RjZFOEE4MDc3NDE4QjhCMkQwNzc2QTM0OUQ5NjI7cGFyZW50Z3VpZD11cm46dG9waWM6QzBDQzA4NEVCN0Q0NEZCRkEwNjY3Qzk3MDA3NzlCMjU</classCode></classificationItem><classificationItem score=\"52\"><className>General Overview</className><classCode>Z3VpZD11cm46dG9waWM6NEE0ODk3QjNEODNDNDdBNEI4ODRGRDZCNjI5QUFBMjY7cGFyZW50Z3VpZD11cm46dG9waWM6MUEzNjQ1N0ZENDY1NEM4MkFFQ0E0NUUwRDA2NkI2NkY</classCode></classificationItem></classificationItem><classificationItem><className>Governments</className><classCode>Z3VpZD11cm46dG9waWM6MjdEQjE4OUJDMzQxNDNEMEI0RTI1QUFCMzJENjEwRTA7cGFyZW50Z3VpZD0</classCode><classificationItem score=\"61\"><className>Relations With Governments</className><classCode>Z3VpZD11cm46dG9waWM6NDYwNzQwQkYzMTI5NEFCMTkyMDM3QzFCNzE2MUE4MUM7cGFyZW50Z3VpZD11cm46dG9waWM6QURCRDNBRjBGRTE0NEFBRUEzNUU1MzFGQjg3MTM4MDI</classCode></classificationItem></classificationItem></classification><classification classificationScheme=\"subject\"><classificationItem score=\"90\"><classCode>STX000130</classCode><className>AUDITS</className><classCode/><className/></classificationItem><classificationItem score=\"90\"><classCode>STX001159</classCode><className>MONEY LAUNDERING</className><classCode>Z3VpZD11cm46dG9waWM6QzBDQzA4NEVCN0Q0NEZCRkEwNjY3Qzk3MDA3NzlCMjU7cGFyZW50Z3VpZD11cm46dG9waWM6NkUzNTQ1QUZBM0Y5NDcyQjk4N0I5Mjg0QzU3NDk0MDI</classCode><className>Money Laundering</className></classificationItem><classificationItem score=\"90\"><classCode>ST0009FJK</classCode><className>NEGATIVE PERSONAL NEWS</className><classCode/><className/></classificationItem><classificationItem score=\"89\"><classCode>STX001932</classCode><className>CRIME, LAW ENFORCEMENT &amp; CORRECTIONS</className><classCode/><className/></classificationItem><classificationItem score=\"89\"><classCode>ST000D1BY</classCode><className>EXECUTIVES</className><classCode/><className/></classificationItem><classificationItem score=\"89\"><classCode>STX000722</classCode><className>FINES &amp; PENALTIES</className><classCode/><className/></classificationItem><classificationItem score=\"88\"><classCode>STX001462</classCode><className>REGULATORY COMPLIANCE</className><classCode/><className/></classificationItem><classificationItem score=\"78\"><classCode>STX000261</classCode><className>CARTELS</className><classCode/><className/></classificationItem><classificationItem score=\"78\"><classCode>STX000408</classCode><className>CORPORATE WRONGDOING</className><classCode/><className/></classificationItem><classificationItem score=\"78\"><classCode>STX000713</classCode><className>FINANCIAL CRIME COUNTERMEASURES</className><classCode/><className/></classificationItem><classificationItem score=\"78\"><classCode>STX000759</classCode><className>FRAUD &amp; FINANCIAL CRIME</className><classCode/><className/></classificationItem><classificationItem score=\"76\"><classCode>STX000969</classCode><className>INVESTIGATIONS</className><classCode/><className/></classificationItem><classificationItem score=\"73\"><classCode>STX000535</classCode><className>CONTROLLED SUBSTANCES CRIME</className><classCode/><className/></classificationItem><classificationItem score=\"73\"><classCode>N922120CC</classCode><className>LAW ENFORCEMENT</className><classCode/><className/></classificationItem><classificationItem score=\"73\"><classCode>STX001678</classCode><className>TAX FRAUD</className><classCode>Z3VpZD11cm46dG9waWM6QUQ3NTEzQ0ZENTYxNEY1MDgwREQ3OTcwNUIyRjczNDY7cGFyZW50Z3VpZD11cm46dG9waWM6QjUxMzkyMTA2MTNDNDhDOUJDMkY5MkRGRDY1NjZBQjg</classCode><className>Tax Fraud</className></classificationItem><classificationItem score=\"70\"><classCode>STX001688</classCode><className>TAXES &amp; TAXATION</className><classCode/><className/></classificationItem><classificationItem score=\"66\"><classCode>ST000CTIZ</classCode><className>SCANDALS</className><classCode/><className/></classificationItem><classificationItem score=\"63\"><classCode>STX001681</classCode><className>TAX LAW</className><classCode>Z3VpZD11cm46dG9waWM6OTNEM0E2OEE0RkQyNEY1MDhBQzdGMkQ4ODI4QTJDODE7cGFyZW50Z3VpZD11cm46dG9waWM6MUFEMUQ2QTA1OUZCNEE5RjkzNTA2RERFMUNEOTk1RTI</classCode><className>Tax</className></classificationItem><classificationItem score=\"63\"><classCode>ST0008X0D</classCode><className>UNOFFICIAL ECONOMY</className><classCode/><className/></classificationItem><classificationItem score=\"62\"><classCode>STX000587</classCode><className>EMBARGOES &amp; SANCTIONS</className><classCode/><className/></classificationItem><classificationItem score=\"56\"><classCode>ST000DDVK</classCode><className>MIDDLE MANAGEMENT</className><classCode/><className/></classificationItem><classificationItem score=\"50\"><classCode>STX001710</classCode><className>TERRORISM</className><classCode>Z3VpZD11cm46dG9waWM6ODg4MDhDQ0I2QkY5NDU2Rjg1RDNEREFBODk1Nzg1QTY7cGFyZW50Z3VpZD11cm46dG9waWM6RjgwNUY4MjJCMTg5NDgzRUJBMDQwNkM4NkUyNTJBMEY</classCode><className>Terrorism</className></classificationItem></classification><classification classificationScheme=\"industry\"><classificationItem score=\"91\"><classCode>N541211MM</classCode><className>ACCOUNTING &amp; AUDITING FIRMS</className><classCode/><className/></classificationItem><classificationItem score=\"90\"><classCode>N541211GM</classCode><className>ACCOUNTING</className><classCode/><className/></classificationItem><classificationItem score=\"89\"><classCode>N520000CC</classCode><className>BANKING &amp; FINANCE</className><classCode/><className/></classificationItem><classificationItem score=\"89\"><classCode>ST0009RX6</classCode><classCode/><className/></classificationItem></classification><classification classificationScheme=\"city\"><classificationItem score=\"79\"><classCode>GX013</classCode><className>CANBERRA, AUSTRALIA</className><classCode/><className/></classificationItem></classification><classification classificationScheme=\"state\"><classificationItem score=\"79\"><classCode>GS006</classCode><className>AUSTRALIAN CAPITAL TERRITORY</className><classCode/><className/></classificationItem></classification><classification classificationScheme=\"country\"><classificationItem score=\"94\"><classCode>GC301</classCode><className>AUSTRALIA</className><classCode/><className/></classificationItem></classification></classificationGroup></metadata></articleDoc></content></entry>"}