{"prediction_class": "Money laundering", "prediction_score": "0.58", "name": "Westpac", "title": "Westpac's record $1.3 billion AUSTRAC money laundering fine explained", "published": "2020-09-24T00:00:00Z", "updated": "2020-11-15T20:05:48Z", "cleaned_article": "[TITLE] Westpac's record $1.3 billion AUSTRAC money laundering fine explained [TITLE] \n\nWestpac has agreed to pay the largest fine in Australian corporate history - a $1.3 billion civil penalty for more than 23 million breaches of anti-money laundering laws. But what exactly did it do wrong and how does the penalty stack up?What are the laws Westpac broke? To help police and security agencies stop international crime and terrorism the Federal Government passed the Anti-Money Laundering and Counter-Terrorism Financing Act (2006). This law places many requirements on financial institutions and other key groups that handle large or cross-border money movements to report certain transactions. [...] \n\nAUSTRAC - the Australian Transaction Reports and Analysis Centre - is the Government agency charged with enforcing those requirements and analysing the information submitted to detect possible criminal or terrorism activity. How did the bank break the law? The biggest breach was Westpac's failure to properly report more than 19.5 million instructions to transfer money overseas or bring foreign funds into Australia, totalling more than $11 billion. Financial institutions are required to submit a report to AUSTRAC within 10 days of an instruction to make an international transfer.In many cases, Westpac also failed to pass on information about the origin of these transfers, or the source of funds to other banks involved in the transactions. It also failed to keep records about where the money came from in some cases.Westpac has also admitted it failed to properly assess and monitor the risks associated with some of these foreign transfers, some of which were with banks in \"higher risk jurisdictions\" including Iraq, Lebanon, Ukraine, Zimbabwe and Democratic Republic of Congo. The bank also failed to make adequate checks on some customers who were sending regular payments overseas, and also failed to pick up on payment patterns typical of child exploitation activities, despite repeated warnings from AUSTRAC for banks to do this. Did anyone get hurt?In its original statement of claim against Westpac, AUSTRAC revealed it had uncovered a dozen customers using the bank's LitePay service to make suspicious money transfers to the Philippines.After the regulator launched its action against Westpac, a subsequent review uncovered a further 250 customers who made suspicious transactions to the Philippines, other parts of South-East Asia and Mexico. All 262 customers exhibited tell-tale signs of engaging in overseas child exploitation.There were frequent transfers of relatively small amounts to multiple overseas recipients using LitePay and other Westpac services.In several cases, the customers also travelled to the Philippines, which Westpac should have been aware of due to activity on their accounts. The clear implication is that these payments were made for child exploitation, such as the live streaming of child sex or procurement of children for sex, while these people were overseas. The first 12 customers identified alone had transferred almost half a million dollars to the Philippines in more than 3,000 separate transactions.\"Over 3,000 transactions translates to over 3,000 occasions where a child endured unimaginable, yet preventable, sexual and physical trauma while seemingly Westpac didn't care enough to undertake their regulatory oversight.\"Aside from the likelihood that Westpac services were exploited by paedophiles, the bank's failure to properly record and report many overseas transactions could have allowed criminals, terrorists and sanctioned individuals or governments to transfer money into or out of Australia without detection. How does the fine compare?Westpac's fine is an Australian record, not only for money laundering breaches, but for corporate misconduct in general. The previous highest penalty was the Commonwealth Bank's $700 million fine in 2018, also for money laundering reporting breaches. The majority of CBA's roughly 54,000 breaches related to the failure of its \"Intelligent Deposit Machines\" to record the reports legally required for any transactions of $10,000 or more.However, Westpac's fine per breach ($56.52) is relatively modest compared to CBA (around $13,000) and Tabcorp (around $417,000). UBS bank analyst Jon Mott said, if anything, the fine was a bit smaller than he thought it would be. \"Although all fines are disappointing, this settlement was lower than our expectations for around $1.5 billion.\"AUSTRAC's concise statement of claim outlined the magnitude of the theoretical maximum fine Westpac could have faced.\"Westpac has contravened the act on over 23 million occasions, each contravention attracting a [maximum] civil penalty between $17 million and $21 million,\" the regulator noted.Assuming 23 million contraventions at the lower end of those maximum penalties, that would have added up to a potential maximum fine of $391 trillion. Westpac's current share market value is around $60 billion.What does this mean for Westpac?While $1.3 billion is a lot of money, it is about the same as the cash profit Westpac reported in its most recent quarterly trading update - so it's about three months worth of the bank's earnings.Westpac had already set aside $900 million to cover the potential penalty in this case in its half-year results, so it will have to stump up an extra $400 million out of its full-year profit.What the penalties for Westpac, CBA and Tabcorp do achieve is making it more expensive for them to be lax on their AUSTRAC reporting obligations than it is to invest the money to do them properly. AUSTRAC's chief executive Nicole Rose said she started noticing that effect after the CBA fine. \"Since the Commonwealth Bank action, we've had an incredible increase in suspicious matter reporting that's come in,\" she said.", "raw_cleaned_article": "<h2>Westpac's record $1.3 billion AUSTRAC money laundering fine explained</h2><p><b>Westpac has agreed to pay the largest fine in Australian corporate history - a $1.3 billion civil penalty for more than 23 million breaches of anti-money laundering laws.</b> But what exactly did it do wrong and how does the penalty stack up?<b>What are the laws Westpac broke?</b> To help police and security agencies stop international crime and terrorism the Federal Government passed the Anti-Money Laundering and Counter-Terrorism Financing Act (2006). This law places many requirements on financial institutions and other key groups that handle large or cross-border money movements to report certain transactions.</p><p>[...]</p><p>AUSTRAC - the Australian Transaction Reports and Analysis Centre - is the Government agency charged with enforcing those requirements and analysing the information submitted to detect possible criminal or terrorism activity. How did the bank break the law? <b>The biggest breach was Westpac's failure to properly report more than 19.5 million instructions to transfer money overseas or bring foreign funds into Australia, totalling more than $11 billion.</b> Financial institutions are required to submit a report to AUSTRAC within 10 days of an instruction to make an international transfer.</p><p>[...]</p><p>AUSTRAC - the Australian Transaction Reports and Analysis Centre - is the Government agency charged with enforcing those requirements and analysing the information submitted to detect possible criminal or terrorism activity. <b>In many cases, Westpac also failed to pass on information about the origin of these transfers, or the source of funds to other banks involved in the transactions.</b> It also failed to keep records about where the money came from in some cases.<b>Westpac has also admitted it failed to properly assess and monitor the risks associated with some of these foreign transfers, some of which were with banks in \"higher risk jurisdictions\" including Iraq, Lebanon, Ukraine, Zimbabwe and Democratic Republic of Congo.</b> The bank also failed to make adequate checks on some customers who were sending regular payments overseas, and also failed to pick up on payment patterns typical of child exploitation activities, despite repeated warnings from AUSTRAC for banks to do this. Did anyone get hurt?<b>In its original statement of claim against Westpac, AUSTRAC revealed it had uncovered a dozen customers using the bank's LitePay service to make suspicious money transfers to the Philippines.</b><b>After the regulator launched its action against Westpac, a subsequent review uncovered a further 250 customers who made suspicious transactions to the Philippines, other parts of South-East Asia and Mexico.</b> All 262 customers exhibited tell-tale signs of engaging in overseas child exploitation.<b>There were frequent transfers of relatively small amounts to multiple overseas recipients using LitePay and other Westpac services.</b><b>In several cases, the customers also travelled to the Philippines, which Westpac should have been aware of due to activity on their accounts.</b> The clear implication is that these payments were made for child exploitation, such as the live streaming of child sex or procurement of children for sex, while these people were overseas. The first 12 customers identified alone had transferred almost half a million dollars to the Philippines in more than 3,000 separate transactions.<b>\"Over 3,000 transactions translates to over 3,000 occasions where a child endured unimaginable, yet preventable, sexual and physical trauma while seemingly Westpac didn't care enough to undertake their regulatory oversight.\"</b><b>Aside from the likelihood that Westpac services were exploited by paedophiles, the bank's failure to properly record and report many overseas transactions could have allowed criminals, terrorists and sanctioned individuals or governments to transfer money into or out of Australia without detection.</b> How does the fine compare?<b>Westpac's fine is an Australian record, not only for money laundering breaches, but for corporate misconduct in general.</b> The previous highest penalty was the Commonwealth Bank's $700 million fine in 2018, also for money laundering reporting breaches. The majority of CBA's roughly 54,000 breaches related to the failure of its \"Intelligent Deposit Machines\" to record the reports legally required for any transactions of $10,000 or more.<b>However, Westpac's fine per breach ($56.52) is relatively modest compared to CBA (around $13,000) and Tabcorp (around $417,000).</b> UBS bank analyst Jon Mott said, if anything, the fine was a bit smaller than he thought it would be. \"Although all fines are disappointing, this settlement was lower than our expectations for around $1.5 billion.\"<b>AUSTRAC's concise statement of claim outlined the magnitude of the theoretical maximum fine Westpac could have faced.</b><b>\"Westpac has contravened the act on over 23 million occasions, each contravention attracting a [maximum] civil penalty between $17 million and $21 million,\" the regulator noted.</b><b>Assuming 23 million contraventions at the lower end of those maximum penalties, that would have added up to a potential maximum fine of $391 trillion. Westpac's current share market value is around $60 billion.</b><b>What does this mean for Westpac?</b><b>While $1.3 billion is a lot of money, it is about the same as the cash profit Westpac reported in its most recent quarterly trading update - so it's about three months worth of the bank's earnings.</b><b>Westpac had already set aside $900 million to cover the potential penalty in this case in its half-year results, so it will have to stump up an extra $400 million out of its full-year profit.</b><b>What the penalties for Westpac, CBA and Tabcorp do achieve is making it more expensive for them to be lax on their AUSTRAC reporting obligations than it is to invest the money to do them properly.</b> AUSTRAC's chief executive Nicole Rose said she started noticing that effect after the CBA fine. \"Since the Commonwealth Bank action, we've had an incredible increase in suspicious matter reporting that's come in,\" she said.</p>", "original_content": "<entry xmlns=\"http://www.w3.org/2005/Atom\"><id>urn:contentItem:60X5-TKH1-JCM0-634P-00000-00</id><title>Westpac's record $1.3 billion AUSTRAC money laundering fine explained</title><published>2020-09-24T00:00:00Z</published><updated>2020-11-15T20:05:48Z</updated><author><name>LexisNexis</name></author><content type=\"application/xml\"><!--Transformation version 1.23--><articleDoc xmlns=\"\" xmlns:xsi=\"http://www.w3.org/2001/XMLSchema-instance\" xsi:noNamespaceSchemaLocation=\"http://www.lexisnexis.com/xmlschemas/content/public/articledoc/1/\" schemaVersion=\"1.8\" xml:lang=\"en\"><articleDocHead><itemInfo/></articleDocHead><nitf:body xmlns:nitf=\"http://iptc.org/std/NITF/2006-10-18/\"><nitf:body.head><nitf:hedline><nitf:hl1>Westpac's record $1.3 billion AUSTRAC money laundering fine explained</nitf:hl1></nitf:hedline><nitf:byline><author><person><nameText>By business reporter Michael Janda</nameText></person></author></nitf:byline></nitf:body.head><nitf:body.content><bodyText><p nitf:lede=\"true\">Westpac has agreed to pay the largest fine in Australian corporate history - a $1.3 billion civil penalty for more than 23 million breaches of anti-money laundering laws.</p><p nitf:lede=\"true\">But what exactly did it do wrong and how does the penalty stack up?</p><p nitf:lede=\"true\">What are the laws Westpac broke?</p><p>To help police and security agencies stop international crime and terrorism the Federal Government passed the Anti-Money Laundering and Counter-Terrorism Financing Act (2006).</p><p>This law places many requirements on financial institutions and other key groups that handle large or cross-border money movements to report certain transactions.</p><p>According to the Federal Government's Department of Home Affairs, the five major requirements are for organisations to:</p><p><list><listItem><label>\u2022</label><bodyText><p>Register with the regulator if they are captured by the laws</p></bodyText></listItem><listItem><label>\u2022</label><bodyText><p>Set up and maintain adequate systems to monitor for money laundering and terrorism financing risks</p></bodyText></listItem><listItem><label>\u2022</label><bodyText><p>Know their customers by verifying their identity</p></bodyText></listItem><listItem><label>\u2022</label><bodyText><p>Report any suspicious transactions to the regulator within specified time periods</p></bodyText></listItem><listItem><label>\u2022</label><bodyText><p>Keep appropriate records of transactions</p></bodyText></listItem></list></p><p>AUSTRAC - the Australian Transaction Reports and Analysis Centre - is the Government agency charged with enforcing those requirements and analysing the information submitted to detect possible criminal or terrorism activity.</p><p>How did the bank break the law?</p><p>The biggest breach was <url normalizedValue=\"http://www.abc.net.au/news/2020-09-24/westpac-settles-austrac-money-laundering-case/12696438\">Westpac's failure to properly report more than 19.5 million instructions to transfer money overseas or bring foreign funds into Australia</url>, totalling more than $11 billion.</p><p>Financial institutions are required to submit a report to AUSTRAC within 10 days of an instruction to make an international transfer.</p><p>In many cases, Westpac also failed to pass on information about the origin of these transfers, or the source of funds to other banks involved in the transactions.</p><p>It also failed to keep records about where the money came from in some cases.</p><p><url normalizedValue=\"/news/2019-11-20/westpac-to-face-fines-anti-money-laundering-terrorism-breaches/11720474\">Westpac has also admitted it failed to properly assess and monitor the risks associated with some of these foreign transfers</url>, some of which were with banks in \"higher risk jurisdictions\" including Iraq, Lebanon, Ukraine, Zimbabwe and Democratic Republic of Congo.</p><p>The bank also failed to make adequate checks on some customers who were sending regular payments overseas, and also failed to pick up on payment patterns typical of child exploitation activities, despite repeated warnings from AUSTRAC for banks to do this.</p><p>Did anyone get hurt?</p><p>In its original statement of claim against Westpac, <url normalizedValue=\"/news/2019-11-21/how-westpac-inadvertently-facilitated-paedophilia/11725414\">AUSTRAC revealed it had uncovered a dozen customers using the bank's LitePay service to make suspicious money transfers to the Philippines</url>.</p><p>After the regulator launched its action against Westpac, a subsequent review uncovered a further 250 customers who made suspicious transactions to the Philippines, other parts of South-East Asia and Mexico.</p><p>All 262 customers exhibited tell-tale signs of engaging in overseas child exploitation.</p><p>There were frequent transfers of relatively small amounts to multiple overseas recipients using LitePay and other Westpac services.</p><p>In several cases, the customers also travelled to the Philippines, which Westpac should have been aware of due to activity on their accounts.</p><p>The clear implication is that these payments were made for child exploitation, such as the live streaming of child sex or procurement of children for sex, while these people were overseas.</p><p>The first 12 customers identified alone had transferred almost half a million dollars to the Philippines in more than 3,000 separate transactions.</p><p>When AUSTRAC first launched the case, child protection advocate Hetty Johnston from Bravehearts outlined the human effect of the failure to detect and report these transactions earlier.</p><p>\"Over 3,000 transactions translates to over 3,000 occasions where a child endured unimaginable, yet preventable, sexual and physical trauma while seemingly Westpac didn't care enough to undertake their regulatory oversight.\"</p><p>Aside from the likelihood that Westpac services were exploited by paedophiles, the bank's failure to properly record and report many overseas transactions could have allowed criminals, terrorists and sanctioned individuals or governments to transfer money into or out of Australia without detection.</p><p>How does the fine compare?</p><p>Westpac's fine is an Australian record, not only for money laundering breaches, but for corporate misconduct in general.</p><p>The previous highest penalty was the Commonwealth Bank's $700 million fine in 2018, also for money laundering reporting breaches.</p><p>The majority of CBA's roughly 54,000 breaches related to the failure of its \"Intelligent Deposit Machines\" to record the reports legally required for any transactions of $10,000 or more.</p><p>Gambling company Tabcorp was fined $45 million in March 2017 for its own breaches of anti-money laundering requirements by failing to alert AUSTRAC to suspicious behaviour 108 times over a five-year period.</p><p>However, Westpac's fine per breach ($56.52) is relatively modest compared to CBA (around $13,000) and Tabcorp (around $417,000).</p><p>UBS bank analyst Jon Mott said, if anything, the fine was a bit smaller than he thought it would be.</p><p>\"Although all fines are disappointing, this settlement was lower than our expectations for around $1.5 billion.\"</p><p>AUSTRAC's concise statement of claim outlined the magnitude of the theoretical maximum fine Westpac could have faced.</p><p>\"Westpac has contravened the act on over 23 million occasions, each contravention attracting a [maximum] civil penalty between $17 million and $21 million,\" the regulator noted.</p><p>Assuming 23 million contraventions at the lower end of those maximum penalties, that would have added up to a potential maximum fine of $391 trillion. Westpac's current share market value is around $60 billion.</p><p>What does this mean for Westpac?</p><p>While $1.3 billion is a lot of money, it is about the same as <url normalizedValue=\"/news/2020-08-18/asx-recover-wall-street-nasdaq-record-high-reporting-season/12568088\">the cash profit Westpac reported in its most recent quarterly trading update</url> - so it's about three months worth of the bank's earnings.</p><p>Westpac had already set aside $900 million to cover the potential penalty in this case in its half-year results, so it will have to stump up an extra $400 million out of its full-year profit.</p><p>What the penalties for Westpac, CBA and Tabcorp do achieve is making it more expensive for them to be lax on their AUSTRAC reporting obligations than it is to invest the money to do them properly.</p><p>AUSTRAC's chief executive Nicole Rose said she started noticing that effect after the CBA fine.</p><p>\"Since the Commonwealth Bank action, we've had an incredible increase in suspicious matter reporting that's come in,\" she said.</p><p>\"Businesses have really started to take this very, very seriously.\"</p></bodyText></nitf:body.content></nitf:body><metadata><dc:metadata xmlns:dc=\"http://purl.org/dc/elements/1.1/\"><dc:identifier identifierScheme=\"DOC-ID\">ABCPNW-12696746</dc:identifier><dc:source sourceScheme=\"royaltyReportingKey\">ABCPNW2020</dc:source><dc:identifier identifierScheme=\"PGUID\">urn:contentItem:60X5-TKH1-JCM0-634P-00000-00</dc:identifier><dc:source sourceScheme=\"productContentSetIdentifier\">300224</dc:source><dc:date dateType=\"last-updated\">2020-09-23</dc:date></dc:metadata><wordCount number=\"1105\"/><timeReceived>1:06 PM AEST</timeReceived><publicationInfo><copyright>Copyright 2020 Australian Broadcasting Corporation All Rights Reserved</copyright><publicationName>ABC Premium News (Australia)</publicationName><publicationLogo><logo><inlineObject><locator><locatorKey><keyName name=\"object-key\"/><keyValue value=\"37478\"/></locatorKey><locatorParameters><parameter name=\"object-type\" value=\"201\"/><parameter name=\"object-smi\" value=\"LOGOS\"/><parameter name=\"componentseq\" value=\"1\"/></locatorParameters></locator></inlineObject></logo></publicationLogo><publicationDate day=\"24\" month=\"09\" year=\"2020\"><dateText>September 24, 2020 Thursday</dateText></publicationDate><classification classificationScheme=\"publicationtype\"><classificationItem><className>Newswire</className></classificationItem></classification><classification classificationScheme=\"publicationtype\"><classificationItem><className>Web-based Publications</className></classificationItem></classification></publicationInfo><classification classificationScheme=\"language\"><classificationItem classificationScheme=\"lang.english\"><className>ENGLISH</className></classificationItem></classification><classificationGroup classificationScheme=\"licensor.indexing-terms\"><classification classificationScheme=\"licensor.country\"><classificationItem><className>Australia</className></classificationItem><classificationItem><className>Asia</className></classificationItem><classificationItem><className>Philippines</className></classificationItem></classification><classification classificationScheme=\"licensor.subject\"><classificationItem><className>Business, Economics and Finance</className></classificationItem><classificationItem><className>Business, Economics and Finance/Industry/Banking</className></classificationItem></classification></classificationGroup><classificationGroup classificationScheme=\"indexing-terms\"><classification classificationScheme=\"legal\"><classificationItem><className>Criminal Law &amp; Procedure</className><classCode>Z3VpZD11cm46dG9waWM6NEU0RkE1OUQwNUQwNDgxODhEODZCMjkzOTg3NThBNzk7cGFyZW50Z3VpZD0</classCode><classificationItem score=\"97\"><className>General Overview</className><classCode>Z3VpZD11cm46dG9waWM6MUM4RjZFOEE4MDc3NDE4QjhCMkQwNzc2QTM0OUQ5NjI7cGFyZW50Z3VpZD11cm46dG9waWM6QzBDQzA4NEVCN0Q0NEZCRkEwNjY3Qzk3MDA3NzlCMjU</classCode></classificationItem></classificationItem></classification><classification classificationScheme=\"subject\"><classificationItem score=\"93\"><classCode>STX000722</classCode><className>FINES &amp; PENALTIES</className><classCode/><className/></classificationItem><classificationItem score=\"90\"><classCode>STX000713</classCode><className>FINANCIAL CRIME COUNTERMEASURES</className><classCode/><className/></classificationItem><classificationItem score=\"90\"><classCode>N920000CC</classCode><className>GOVERNMENT &amp; PUBLIC ADMINISTRATION</className><classCode>Z3VpZD11cm46dG9waWM6MjdEQjE4OUJDMzQxNDNEMEI0RTI1QUFCMzJENjEwRTA7cGFyZW50Z3VpZD11cm46dG9waWM6MUFEMUQ2QTA1OUZCNEE5RjkzNTA2RERFMUNEOTk1RTI</classCode><className>Governments</className></classificationItem><classificationItem score=\"90\"><classCode>STX001159</classCode><className>MONEY LAUNDERING</className><classCode>Z3VpZD11cm46dG9waWM6QzBDQzA4NEVCN0Q0NEZCRkEwNjY3Qzk3MDA3NzlCMjU7cGFyZW50Z3VpZD11cm46dG9waWM6NkUzNTQ1QUZBM0Y5NDcyQjk4N0I5Mjg0QzU3NDk0MDI</classCode><className>Money Laundering</className></classificationItem><classificationItem score=\"90\"><classCode>ST0009FJK</classCode><className>NEGATIVE PERSONAL NEWS</className><classCode/><className/></classificationItem><classificationItem score=\"90\"><classCode>STX001710</classCode><className>TERRORISM</className><classCode>Z3VpZD11cm46dG9waWM6ODg4MDhDQ0I2QkY5NDU2Rjg1RDNEREFBODk1Nzg1QTY7cGFyZW50Z3VpZD11cm46dG9waWM6RjgwNUY4MjJCMTg5NDgzRUJBMDQwNkM4NkUyNTJBMEY</classCode><className>Terrorism</className></classificationItem><classificationItem score=\"78\"><classCode>STLL000CVGE</classCode><className>CHILDREN'S RIGHTS</className><classCode/><className/></classificationItem><classificationItem score=\"78\"><classCode>ST000DLA3</classCode><className>ECONOMICS</className><classCode/><className/></classificationItem><classificationItem score=\"78\"><classCode>STX001500</classCode><className>RISK MANAGEMENT</className><classCode/><className/></classificationItem><classificationItem score=\"77\"><classCode>STX000417</classCode><className>COUNTERTERRORISM</className><classCode/><className/></classificationItem><classificationItem score=\"77\"><classCode>ST000DN6S</classCode><className>COUNTERTERRORISM LAWS</className><classCode/><className/></classificationItem><classificationItem score=\"77\"><classCode>ST0008ZBX</classCode><className>INTERNATIONAL LAW</className><classCode>Z3VpZD11cm46dG9waWM6QUJBMkUzQ0QwN0E0NEM4RDgzMjM1QTREMkU3RDdBODQ7cGFyZW50Z3VpZD0</classCode><className>International Law</className></classificationItem><classificationItem score=\"73\"><classCode>ST000DL87</classCode><className>DEMOCRACIES</className><classCode/><className/></classificationItem><classificationItem score=\"71\"><classCode>STX000037</classCode><className>AGENCY RULEMAKING</className><classCode>Z3VpZD11cm46dG9waWM6QkRFNDkwODkxNDVGNDI1NDg0RUU3RjREMTgwNEJEQzA7cGFyZW50Z3VpZD11cm46dG9waWM6NjMxMjc0MUIzQjkzNEM4MEI4NkZGQjVCREJCRDk4OUM</classCode><className>Agency Rulemaking</className></classificationItem><classificationItem score=\"70\"><classCode>ST000A7IS</classCode><className>ASSOCIATIONS &amp; ORGANIZATIONS</className><classCode/><className/></classificationItem></classification><classification classificationScheme=\"industry\"><classificationItem score=\"90\"><classCode>N520000CC</classCode><className>BANKING &amp; FINANCE</className><classCode/><className/></classificationItem><classificationItem score=\"78\"><classCode>STX001500</classCode><className>RISK MANAGEMENT</className><classCode/><className/></classificationItem><classificationItem score=\"78\"><classCode>ST0009RX6</classCode><classCode/><className/></classificationItem></classification><classification classificationScheme=\"country\"><classificationItem score=\"95\"><classCode>GC301</classCode><className>AUSTRALIA</className><classCode/><className/></classificationItem><classificationItem score=\"93\"><classCode>GC310</classCode><className>PHILIPPINES</className><classCode/><className/></classificationItem><classificationItem score=\"92\"><classCode>GT113</classCode><className>ASIA</className><classCode/><className/></classificationItem><classificationItem score=\"79\"><classCode>GC394</classCode><className>CONGO, THE DEMOCRATIC REPUBLIC OF THE</className><classCode/><className/></classificationItem><classificationItem score=\"79\"><classCode>GC358</classCode><className>IRAQ</className><classCode/><className/></classificationItem><classificationItem score=\"79\"><classCode>GR138</classCode><className>SOUTH-EASTERN ASIA</className><classCode/><className/></classificationItem><classificationItem score=\"79\"><classCode>GC581</classCode><className>UKRAINE</className><classCode/><className/></classificationItem><classificationItem score=\"78\"><classCode>GC373</classCode><className>LEBANON</className><classCode/><className/></classificationItem></classification></classificationGroup></metadata></articleDoc></content></entry>"}