{"prediction_class": "Regulatory Breaches Tax Evasion Smuggling of goods", "prediction_score": "0.99", "name": "Westpac", "title": "ASIC, Westpac face off over rate rigging", "published": "2016-04-06T00:00:00Z", "updated": "2020-11-15T19:58:21Z", "cleaned_article": "[TITLE] ASIC, Westpac face off over rate rigging [TITLE] \n\nThe chair of the corporate watchdog, Greg Medcraft, has hit back at claims by the big banks that he misunderstands the money markets as they face lawsuits over interest rate rigging. ANZ Banking Group and Westpac Banking Corp are fighting legal action brought against them by the Australian Securities and Investments Commission, which is suing them for unconscionable conduct and market manipulation involving influencing the key benchmark interest rate to favour their trading positions. The banks have said ASIC misunderstands how money markets and interest rate risk operate, an argument strongly refuted by Mr Medcraft. \"[As] Someone with 30 years in banking, I think I understand how banks hedge. I also understand how banks potentially manipulate,\" Mr Medcraft told The Australian Financial Review at the AFR Banking & Wealth Summit on Wednesday [...] \n\n\"If the rate was pushed up or down and what does this mean for a lot of Australians? That's the issue people haven't delved into. At different points of time, different people are affected.\" \"Why we launch [a case] is either massive consumer detriment or market integrity, these are big,\" Mr Medcraft, who spent 30 years in investment banking at Societe Generale and co-founded the American Securitisation Forum, said. Westpac chief executive Brian Hartzer also vowed to fight allegations it manipulated the bank bill swap rate, as he confirmed the bank had not stood down any staff over the affair. \"We think ASIC's got it wrong, therefore we still employ those people and they're still doing their jobs,\" Mr Hartzer told journalists in Sydney. ASIC has published taped conversations between traders in court documents alleging manipulation of the key benchmark rate, but Mr Hartzer on Wednesday said the bank believed there were valid reasons for the traders' comments. [...] \n\nMr Maxsted said ASIC's case \"had nothing to culture\" but a view of ASIC that some of the trading in 2010 and 2011 was \"against the law\". \"We say the behaviour of our senior trader and the others is not along those lines at all, that is one of our senior Treasury people, he's got a huge job to do to manage our balance sheet and that's what he was doing,\" Westpac was pulled into the major rate-rigging case on Tuesday after ASIC launched proceedings following a three-year investigation alleging 16 cases of manipulation of the bank bill swap (BBSW) reference rate during two years.ANZ is already facing allegations  it manipulated the rate on 44 separate occasions during a similar period. The cases are a civil action that carry a fine of $1 million for each transgression, which suggests a possible total fine of more than $16 million for Westpac and $44 million for ANZ. ANZ offered as much as $50 million to settle its case but negotiations reached a stalemate after the bank refused to concede it manipulated the BBSW. The decision by Australia's biggest banks to take on the regulator rather than settle is in stark contrast to other parts of the world, where banks accused of manipulating interest rates agreed to mutlibillion-dollar fines. So far, global banks have paid several regulators more than $7 billion in penalties relating to rigging the London Inter-Bank Offer Rate.  Mr Medcraft also hit out at the banks for being tardy in their co-operation as they stall for time in the hope the time allowed by law to pursue action expires.", "raw_cleaned_article": "<h2>ASIC, Westpac face off over rate rigging</h2><p>The chair of the corporate watchdog, Greg Medcraft, has hit back at claims by the big banks that he misunderstands the money markets as they face lawsuits over interest rate rigging. <b>ANZ Banking Group and Westpac Banking Corp are fighting legal action brought against them by the Australian Securities and Investments Commission, which is suing them for unconscionable conduct and market manipulation involving influencing the key benchmark interest rate to favour their trading positions.</b> The banks have said ASIC misunderstands how money markets and interest rate risk operate, an argument strongly refuted by Mr Medcraft. \"[As] Someone with 30 years in banking, I think I understand how banks hedge. I also understand how banks potentially manipulate,\" Mr Medcraft told The Australian Financial Review at the AFR Banking & Wealth Summit on Wednesday</p><p>[...]</p><p>\"If the rate was pushed up or down and what does this mean for a lot of Australians? That's the issue people haven't delved into. At different points of time, different people are affected.\" \"Why we launch [a case] is either massive consumer detriment or market integrity, these are big,\" Mr Medcraft, who spent 30 years in investment banking at Societe Generale and co-founded the American Securitisation Forum, said. <b>Westpac chief executive Brian Hartzer also vowed to fight allegations it manipulated the bank bill swap rate, as he confirmed the bank had not stood down any staff over the affair.</b> \"We think ASIC's got it wrong, therefore we still employ those people and they're still doing their jobs,\" Mr Hartzer told journalists in Sydney. ASIC has published taped conversations between traders in court documents alleging manipulation of the key benchmark rate, but Mr Hartzer on Wednesday said the bank believed there were valid reasons for the traders' comments.</p><p>[...]</p><p>Mr Maxsted said ASIC's case \"had nothing to culture\" but a view of ASIC that some of the trading in 2010 and 2011 was \"against the law\". \"We say the behaviour of our senior trader and the others is not along those lines at all, that is one of our senior Treasury people, he's got a huge job to do to manage our balance sheet and that's what he was doing,\" <b>Westpac was pulled into the major rate-rigging case on Tuesday after ASIC launched proceedings following a three-year investigation alleging 16 cases of manipulation of the bank bill swap (BBSW) reference rate during two years.</b></p><p>[...]</p><p>Mr Maxsted said ASIC's case \"had nothing to culture\" but a view of ASIC that some of the trading in 2010 and 2011 was \"against the law\". <b>ANZ is already facing allegations  it manipulated the rate on 44 separate occasions during a similar period. The cases are a civil action that carry a fine of $1 million for each transgression, which suggests a possible total fine of more than $16 million for Westpac and $44 million for ANZ. ANZ offered as much as $50 million to settle its case but negotiations reached a stalemate after the bank refused to concede it manipulated the BBSW.</b> The decision by Australia's biggest banks to take on the regulator rather than settle is in stark contrast to other parts of the world, where banks accused of manipulating interest rates agreed to mutlibillion-dollar fines. So far, global banks have paid several regulators more than $7 billion in penalties relating to rigging the London Inter-Bank Offer Rate.  Mr Medcraft also hit out at the banks for being tardy in their co-operation as they stall for time in the hope the time allowed by law to pursue action expires.</p>", "original_content": "<entry xmlns=\"http://www.w3.org/2005/Atom\"><id>urn:contentItem:5JG8-3091-DY19-C4CX-00000-00</id><title>ASIC, Westpac face off over rate rigging</title><published>2016-04-06T00:00:00Z</published><updated>2020-11-15T19:58:21Z</updated><author><name>LexisNexis</name></author><content type=\"application/xml\"><!--Transformation version 1.23--><articleDoc xmlns=\"\" xmlns:xsi=\"http://www.w3.org/2001/XMLSchema-instance\" xsi:noNamespaceSchemaLocation=\"http://www.lexisnexis.com/xmlschemas/content/public/articledoc/1/\" schemaVersion=\"1.8\" xml:lang=\"en\"><articleDocHead><itemInfo/></articleDocHead><nitf:body xmlns:nitf=\"http://iptc.org/std/NITF/2006-10-18/\"><nitf:body.head><nitf:hedline><nitf:hl1>ASIC, Westpac face off over rate rigging</nitf:hl1></nitf:hedline><nitf:byline><author><person><nameText>Clancy Yeates and Jonathan Shapiro</nameText></person></author></nitf:byline></nitf:body.head><nitf:body.content><bodyText><p nitf:lede=\"true\">The chair of the corporate watchdog, Greg Medcraft, has hit back at claims by the big banks that he misunderstands the money markets as they face lawsuits over interest rate rigging.</p><p nitf:lede=\"true\">ANZ Banking Group and Westpac Banking Corp are fighting legal action brought against them by the Australian Securities and Investments Commission, which is suing them for unconscionable conduct and market manipulation involving influencing the key benchmark interest rate to favour their trading positions.</p><p nitf:lede=\"true\">The banks have said ASIC misunderstands how money markets and interest rate risk operate, an argument strongly refuted by Mr Medcraft.</p><p>\"[As] Someone with 30 years in banking, I think I understand how banks hedge. I also understand how banks potentially manipulate,\" Mr Medcraft told The Australian Financial Review at the <url normalizedValue=\"http://www.afr.com/business/banking-and-finance/live-greg-medcraft-jesse-mcwaters-at-afrs-banking-and-wealth-summit-2016-20160405-gnzcfl\">AFR Banking &amp; Wealth Summit on Wednesday</url></p><p>He said the implications of interest rate manipulation were not well understood by the public.</p><p>\"If the rate was pushed up or down and what does this mean for a lot of Australians? That's the issue people haven't delved into. At different points of time, different people are affected.\"</p><p>\"Why we launch [a case] is either massive consumer detriment or market integrity, these are big,\" Mr Medcraft, who spent 30 years in investment banking at Societe Generale and co-founded the American Securitisation Forum, said.</p><p>The simmering tensions between ASIC and the big banks come as Prime Minister Malcolm Turnbull joined calls for banks to clean up their act, at a lunch address to commemorate Westpac's bicentennial.</p><p>Westpac chairman Lindsay Maxsted said it would vigorously fight the ASIC case and rejected the bank had a cultural problem.</p><p>\"They say our bank manipulated the market, they say our bank acted unconscionably, how can we agree to that when we didn't,\" Mr Maxsted said.\"Obviously, we are not perfect and from time to time that is tested ... but we say there is not a broader cultural problem at Westpac.\"</p><p>Westpac chief executive Brian Hartzer also vowed to fight allegations it manipulated the bank bill swap rate, as he confirmed the bank had not stood down any staff over the affair.</p><p>\"We think ASIC's got it wrong, therefore we still employ those people and they're still doing their jobs,\" Mr Hartzer told journalists in Sydney.</p><p>ASIC has published taped conversations between traders in court documents alleging manipulation of the key benchmark rate, but Mr Hartzer on Wednesday said the bank believed there were valid reasons for the traders' comments.</p><p>According to ASIC's court document, Westpac managing director group treasury Colin Roden told another Westpac banker, Sophie Johnston: \"I know it's completely wrong but f--- it, I might as well, I thought f--- it. We've got so much money on it we just had to do it, right?\"</p><p>When asked about this comment, Mr Hartzer said the bank believed there were \"perfectly reasonable\" explanations for it.</p><p>He said the date of the incident in question, exactly six years ago to the day, was the first trading session after the Easter weekend, which had led to a build-up in interest rate risk.</p><p>\"There was a lot of activity going on in the markets and a big balance sheet is very complex,\" Mr Hartzer said.</p><p>Mr Maxsted said ASIC's case \"had nothing to culture\" but a view of ASIC that some of the trading in 2010 and 2011 was \"against the law\".</p><p>\"We say the behaviour of our senior trader and the others is not along those lines at all, that is one of our senior Treasury people, he's got a huge job to do to manage our balance sheet and that's what he was doing,\"</p><p><url normalizedValue=\"http://www.afr.com/business/banking-and-finance/westpac-pulled-into-asic-raterigging-case-20160405-gnz2l2\">Westpac was pulled into the major rate-rigging case on Tuesday</url> after ASIC launched proceedings following a three-year investigation alleging 16 cases of manipulation of the bank bill swap (BBSW) reference rate during two years.</p><p>Street Talk revealed on Tuesday afternoon that ASIC would be taking action against Westpac for the potential rigging of the bank bill swap rate and later the regulator issued a statement of claim against the bank</p><p>ANZ is already facing allegations  it manipulated the rate on <url normalizedValue=\"http://www.afr.com/business/banking-and-finance/financial-services/how-anz-were-alleged-to-manipulate-the-bbsw-20160304-gnaw26\">44 separate occasions</url> during a similar period. The cases are a civil action that carry a fine of $1 million for each transgression, which suggests a possible total fine of more than $16 million for Westpac and $44 million for ANZ. ANZ offered as much as $50 million to settle its case but negotiations reached a stalemate after the bank refused to concede it manipulated the BBSW.</p><p>The decision by Australia's biggest banks to take on the regulator rather than settle is in stark contrast to other parts of the world, where banks accused of manipulating interest rates agreed to mutlibillion-dollar fines. So far, global banks have paid several regulators more than $7 billion in penalties relating to rigging the London Inter-Bank Offer Rate. </p><p>Mr Medcraft also hit out at the banks for being tardy in their co-operation as they stall for time in the hope the time allowed by law to pursue action expires.</p><p>\"They have been co-operating but they have been somewhat tardy, particularly in light of the statute of limitations. The problem is banks should be aware and they are aware of the statute of limitations and if they want to negotiate or settle then our recommendation is we won't be discouraged by the statute of limitations . It just reduces the time available for negotiations.\"</p></bodyText></nitf:body.content></nitf:body><metadata><dc:metadata xmlns:dc=\"http://purl.org/dc/elements/1.1/\"><dc:identifier identifierScheme=\"DOC-ID\">AGEAUS-1007768415</dc:identifier><dc:source sourceScheme=\"royaltyReportingKey\">AGEAUS2016</dc:source><dc:identifier identifierScheme=\"PGUID\">urn:contentItem:5JG8-3091-DY19-C4CX-00000-00</dc:identifier><dc:source sourceScheme=\"productContentSetIdentifier\">404060</dc:source><dc:date dateType=\"last-updated\">2019-10-03</dc:date></dc:metadata><wordCount number=\"888\"/><timeReceived>09:43 PM GMT</timeReceived><publicationInfo><copyright>Copyright 2016 Fairfax Media Publications Pty. Limited All Rights Reserved</copyright><publicationName>The Age (Melbourne, Australia) - Online</publicationName><publicationDate day=\"06\" month=\"04\" year=\"2016\"><dateText>April 6, 2016 Wednesday</dateText></publicationDate><classification classificationScheme=\"publicationtype\"><classificationItem><className>Web Publication</className></classificationItem></classification><classification classificationScheme=\"publicationtype\"><classificationItem><className>Web-based Publications</className></classificationItem></classification></publicationInfo><classification classificationScheme=\"language\"><classificationItem classificationScheme=\"lang.english\"><className>ENGLISH</className></classificationItem></classification><classificationGroup classificationScheme=\"indexing-terms\"><classification classificationScheme=\"company\"><classificationItem score=\"91\"><classCode>CC0002RXP</classCode><className>WESTPAC BANKING CORP</className></classificationItem><classificationItem score=\"91\"><classCode>CC00091HS</classCode><className>AUSTRALIA &amp; NEW ZEALAND BANKING GROUP LTD</className></classificationItem><classificationItem score=\"91\"><classCode>CC00083FD</classCode><className>SOCIETE GENERALE SA</className></classificationItem></classification><classification classificationScheme=\"industry\"><classificationItem score=\"91\"><className>NAICS522110 COMMERCIAL BANKING</className></classificationItem><classificationItem score=\"91\"><className>SIC6029 COMMERCIAL BANKS, NEC</className></classificationItem><classificationItem score=\"91\"><className>NAICS524210 INSURANCE AGENCIES &amp; BROKERAGES</className></classificationItem><classificationItem score=\"91\"><className>NAICS523920 PORTFOLIO MANAGEMENT</className></classificationItem><classificationItem score=\"91\"><className>SIC6411 INSURANCE AGENTS, BROKERS, &amp; SERVICE</className></classificationItem><classificationItem score=\"91\"><className>SIC6282 INVESTMENT ADVICE</className></classificationItem><classificationItem score=\"91\"><className>NAICS523110 INVESTMENT BANKING &amp; SECURITIES DEALING</className></classificationItem></classification><classification classificationScheme=\"ticker\"><classificationItem score=\"91\"><className>WBK (NYSE)</className></classificationItem><classificationItem score=\"91\"><className>WBC (NZX)</className></classificationItem><classificationItem score=\"91\"><className>WBC (ASX)</className></classificationItem><classificationItem score=\"91\"><className>ANZ (NZX)</className></classificationItem><classificationItem score=\"91\"><className>ANZ (ASX)</className></classificationItem><classificationItem score=\"91\"><className>GLE (PAR)</className></classificationItem><classificationItem score=\"91\"><className>GLE (BIT)</className></classificationItem></classification></classificationGroup><classificationGroup classificationScheme=\"licensor.indexing-terms\"><classification classificationScheme=\"licensor.subject\"><classificationItem><className>Financial Services</className></classificationItem><classificationItem><className>Banking and Finance</className></classificationItem><classificationItem><className>Banking &amp; Finance</className></classificationItem></classification></classificationGroup><classificationGroup classificationScheme=\"indexing-terms\"><classification classificationScheme=\"subject\"><classificationItem score=\"93\"><classCode>ST000DLZ7</classCode><className>MARKET MANIPULATION</className><classCode/><className/></classificationItem><classificationItem score=\"92\"><classCode>STX001976</classCode><className>SECURITIES &amp; OTHER INVESTMENTS</className><classCode/><className/></classificationItem><classificationItem score=\"91\"><classCode>STX000943</classCode><className>INTEREST RATES</className><classCode/><className/></classificationItem><classificationItem score=\"91\"><classCode>STX001648</classCode><className>SUITS &amp; CLAIMS</className><classCode/><className/></classificationItem><classificationItem score=\"90\"><classCode>ST000DM4X</classCode><className>ANTITRUST LITIGATION</className><classCode/><className/></classificationItem><classificationItem score=\"90\"><classCode>N523930MC</classCode><className>INVESTMENT ADVISERS</className><classCode>Z3VpZD11cm46dG9waWM6ODQ2M0Q5NUExRUZENEY2NDkzMzlDMDVFNjFCNTY3MTQ7cGFyZW50Z3VpZD11cm46dG9waWM6RkFFMTQ3ODhCRDYyNDkyN0IwQkEyQzRCRDlFMEM5ODc</classCode><className>Investment Advisers</className></classificationItem><classificationItem score=\"90\"><classCode>STX001040</classCode><className>LITIGATION</className><classCode/><className/></classificationItem><classificationItem score=\"89\"><classCode>N523920MM</classCode><className>INVESTMENT MANAGEMENT</className><classCode/><className/></classificationItem><classificationItem score=\"78\"><classCode>N926150GC</classCode><className>BANKING &amp; FINANCE REGULATION</className><classCode/><className/></classificationItem><classificationItem score=\"78\"><classCode>ST000D1BY</classCode><className>EXECUTIVES</className><classCode/><className/></classificationItem><classificationItem score=\"78\"><classCode>ST0008XMR</classCode><className>LAW &amp; LEGAL SYSTEM</className><classCode/><className/></classificationItem><classificationItem score=\"78\"><classCode>ST0009FJK</classCode><className>NEGATIVE PERSONAL NEWS</className><classCode/><className/></classificationItem><classificationItem score=\"78\"><classCode>STX001661</classCode><className>SWAP TRANSACTIONS</className><classCode/><className/></classificationItem><classificationItem score=\"77\"><classCode>STX000719</classCode><className>FINANCIAL RISK MANAGEMENT</className><classCode/><className/></classificationItem><classificationItem score=\"77\"><classCode>STX001066</classCode><className>MANAGERS &amp; SUPERVISORS</className><classCode/><className/></classificationItem><classificationItem score=\"73\"><classCode>STX001149</classCode><className>MISCONDUCT</className><classCode/><className/></classificationItem><classificationItem score=\"73\"><classCode>ST0009Y2D</classCode><className>SECURITIZATION</className><classCode/><className/></classificationItem><classificationItem score=\"60\"><classCode>STX001865</classCode><className>WRITERS</className><classCode/><className/></classificationItem><classificationItem score=\"50\"><classCode>ST0009EOQ</classCode><className>PRIME MINISTERS</className><classCode/><className/></classificationItem></classification><classification classificationScheme=\"industry\"><classificationItem score=\"93\"><classCode>N520000CC</classCode><className>BANKING &amp; FINANCE</className><classCode/><className/></classificationItem><classificationItem score=\"93\"><classCode>ST000DLZ7</classCode><className>MARKET MANIPULATION</className><classCode/><className/></classificationItem><classificationItem score=\"93\"><classCode>ST0009RX6</classCode><classCode/><className/></classificationItem><classificationItem score=\"92\"><classCode>N524200CC</classCode><className>INSURANCE AGENCIES &amp; BROKERAGES</className><classCode/><className/></classificationItem><classificationItem score=\"92\"><classCode>STX001976</classCode><className>SECURITIES &amp; OTHER INVESTMENTS</className><classCode/><className/></classificationItem><classificationItem score=\"91\"><classCode>STX000943</classCode><className>INTEREST RATES</className><classCode/><className/></classificationItem><classificationItem score=\"90\"><classCode>N524000CC</classCode><className>INSURANCE</className><classCode/><className/></classificationItem><classificationItem score=\"90\"><classCode>N523930MC</classCode><className>INVESTMENT ADVISERS</className><classCode>Z3VpZD11cm46dG9waWM6ODQ2M0Q5NUExRUZENEY2NDkzMzlDMDVFNjFCNTY3MTQ7cGFyZW50Z3VpZD11cm46dG9waWM6RkFFMTQ3ODhCRDYyNDkyN0IwQkEyQzRCRDlFMEM5ODc</classCode><className>Investment Advisers</className></classificationItem><classificationItem score=\"90\"><classCode>ST000A2VZ</classCode><classCode/><className/></classificationItem><classificationItem score=\"89\"><classCode>N523920MM</classCode><className>INVESTMENT MANAGEMENT</className><classCode/><className/></classificationItem><classificationItem score=\"78\"><classCode>N926150GC</classCode><className>BANKING &amp; FINANCE REGULATION</className><classCode/><className/></classificationItem><classificationItem score=\"78\"><classCode>STX001661</classCode><className>SWAP TRANSACTIONS</className><classCode/><className/></classificationItem><classificationItem score=\"77\"><classCode>STX000719</classCode><className>FINANCIAL RISK MANAGEMENT</className><classCode/><className/></classificationItem><classificationItem score=\"73\"><classCode>ST0009Y2D</classCode><className>SECURITIZATION</className><classCode/><className/></classificationItem><classificationItem score=\"60\"><classCode>STX001865</classCode><className>WRITERS</className><classCode/><className/></classificationItem></classification><classification classificationScheme=\"person\"><classificationItem score=\"58\"><classCode>PE000DKCB</classCode><className>MALCOLM TURNBULL</className><classCode/><className/></classificationItem></classification><classification classificationScheme=\"city\"><classificationItem score=\"90\"><classCode>GX015</classCode><className>MELBOURNE, AUSTRALIA</className><classCode/><className/></classificationItem><classificationItem score=\"79\"><classCode>GX014</classCode><className>SYDNEY, AUSTRALIA</className><classCode/><className/></classificationItem></classification><classification classificationScheme=\"state\"><classificationItem score=\"92\"><classCode>GS007</classCode><className>VICTORIA, AUSTRALIA</className><classCode/><className/></classificationItem></classification><classification classificationScheme=\"country\"><classificationItem score=\"96\"><classCode>GC301</classCode><className>AUSTRALIA</className><classCode/><className/></classificationItem><classificationItem score=\"79\"><classCode>GC351</classCode><className>NEW ZEALAND</className><classCode/><className/></classificationItem><classificationItem score=\"58\"><classCode>GR156</classCode><className>AUSTRALIA &amp; NEW ZEALAND</className><classCode/><className/></classificationItem></classification></classificationGroup></metadata></articleDoc></content></entry>"}