{"prediction_class": "Money laundering", "prediction_score": "1.0", "name": "Westpac", "title": "Vizard misled court, says judge;Court rules against bookkeeper in $2m fraud case", "published": "2006-12-07T00:00:00Z", "updated": "2020-11-15T19:40:18Z", "cleaned_article": "[TITLE] Vizard misled court, says judge;Court rules against bookkeeper in $2m fraud case [TITLE] \n\nSTEVE Vizard's credibility, torn apart by insider trading admissions a year ago, was further shredded yesterday by a Supreme Court judge who found the former comedian and businessman misled, obfuscated and feigned forgetfulness in a case against his disgraced bookkeeper. In a case that pitched the insider trader against a convicted fraudster, Justice Hartley Hansen decided neither Vizard nor his bookkeeper, Roy Hilliard, could be believed. But the judge ultimately agreed with claims by Westpac that the bank mistakenly honoured more than $2 million of cheques drawn by Hilliard against Vizard's bank accounts, and that Hilliard had benefited from the money.After adding interest and costs, Westpac will demand about $3 million from Hilliard, who pleaded guilty last year to falsifying the accounts of Vizard's Performing Arts Services. Hilliard always admitted he took the money, but claimed it was authorised by Vizard as part of a money-laundering exercise to minimise tax. Vizard said this was rubbish. [...] \n\n\"He impressed me as a person alert to the main chance,\" the judge said, adding Vizard was \"firm and certain when it suited the case . . . (but) defensive and forgetful and even engaged in false denial when it did not suit the case\". At other times, his performance ranged \"from false denial to obfuscation and feigned forgetfulness\". He also made damning findings about Vizard's role in relation to a fax, received by the bank in early 1996, that Westpac claimed was forged by Hilliard. The fax, apparently signed by Vizard, authorised the bookkeeper to write cheques of more than $50,000. There was perhaps one redeeming feature for Vizard: the judge rejected Hilliard's claims that his boss fabricated entries of six artworks in the register of the Vizard Foundation to claim tax deductions. Vizard's lawyer said the disgraced television producer welcomed the decision as it \"vindicates the Vizards' position that they have been the objects of an elaborate fraud\".", "raw_cleaned_article": "<h2>Vizard misled court, says judge;Court rules against bookkeeper in $2m fraud case</h2><p>STEVE Vizard's credibility, torn apart by insider trading admissions a year ago, was further shredded yesterday by a Supreme Court judge who found the former comedian and businessman misled, obfuscated and feigned forgetfulness in a case against his disgraced bookkeeper. <b>In a case that pitched the insider trader against a convicted fraudster, Justice Hartley Hansen decided neither Vizard nor his bookkeeper, Roy Hilliard, could be believed. But the judge ultimately agreed with claims by Westpac that the bank mistakenly honoured more than $2 million of cheques drawn by Hilliard against Vizard's bank accounts, and that Hilliard had benefited from the money.</b></p><p>[...]</p><p>STEVE Vizard's credibility, torn apart by insider trading admissions a year ago, was further shredded yesterday by a Supreme Court judge who found the former comedian and businessman misled, obfuscated and feigned forgetfulness in a case against his disgraced bookkeeper. <b>After adding interest and costs, Westpac will demand about $3 million from Hilliard, who pleaded guilty last year to falsifying the accounts of Vizard's Performing Arts Services.</b> Hilliard always admitted he took the money, but claimed it was authorised by Vizard as part of a money-laundering exercise to minimise tax. Vizard said this was rubbish.</p><p>[...]</p><p>\"He impressed me as a person alert to the main chance,\" the judge said, adding Vizard was \"firm and certain when it suited the case . . . (but) defensive and forgetful and even engaged in false denial when it did not suit the case\". At other times, his performance ranged \"from false denial to obfuscation and feigned forgetfulness\". <b>He also made damning findings about Vizard's role in relation to a fax, received by the bank in early 1996, that Westpac claimed was forged by Hilliard. The fax, apparently signed by Vizard, authorised the bookkeeper to write cheques of more than $50,000.</b> There was perhaps one redeeming feature for Vizard: the judge rejected Hilliard's claims that his boss fabricated entries of six artworks in the register of the Vizard Foundation to claim tax deductions. Vizard's lawyer said the disgraced television producer welcomed the decision as it \"vindicates the Vizards' position that they have been the objects of an elaborate fraud\".</p>", "original_content": "<entry xmlns=\"http://www.w3.org/2005/Atom\"><id>urn:contentItem:4P0N-K030-TXN5-S1XF-00000-00</id><title>Vizard misled court, says judge;Court rules against bookkeeper in $2m fraud case</title><published>2006-12-07T00:00:00Z</published><updated>2020-11-15T19:40:18Z</updated><author><name>LexisNexis</name></author><content type=\"application/xml\"><!--Transformation version 1.23--><articleDoc xmlns=\"\" xmlns:xsi=\"http://www.w3.org/2001/XMLSchema-instance\" xsi:noNamespaceSchemaLocation=\"http://www.lexisnexis.com/xmlschemas/content/public/articledoc/1/\" schemaVersion=\"1.8\" xml:lang=\"en\"><articleDocHead><itemInfo><sourceSectionInfo><positionSection>NEWS</positionSection><positionSequence>Pg. 3</positionSequence></sourceSectionInfo></itemInfo></articleDocHead><nitf:body xmlns:nitf=\"http://iptc.org/std/NITF/2006-10-18/\"><nitf:body.head><nitf:hedline><nitf:hl1>Vizard misled court, says judge</nitf:hl1><nitf:hl2>Court rules against bookkeeper in $2m fraud case</nitf:hl2></nitf:hedline><nitf:byline><author><person><nameText>LEONIE WOOD</nameText></person></author></nitf:byline></nitf:body.head><nitf:body.content><bodyText><p nitf:lede=\"true\">STEVE Vizard's credibility, torn apart by insider trading admissions a year ago, was further shredded yesterday by a Supreme Court judge who found the former comedian and businessman misled, obfuscated and feigned forgetfulness in a case against his disgraced bookkeeper.</p><p>In a case that pitched the insider trader against a convicted fraudster, Justice Hartley Hansen decided neither Vizard nor his bookkeeper, Roy Hilliard, could be believed. But the judge ultimately agreed with claims by Westpac that the bank mistakenly honoured more than $2 million of cheques drawn by Hilliard against Vizard's bank accounts, and that Hilliard had benefited from the money.</p><p>After adding interest and costs, Westpac will demand about $3 million from Hilliard, who pleaded guilty last year to falsifying the accounts of Vizard's Performing Arts Services.</p><p>Hilliard always admitted he took the money, but claimed it was authorised by Vizard as part of a money-laundering exercise to minimise tax.</p><p>Vizard said this was rubbish.</p><p>Justice Hansen noted both Vizard and Hilliard were \"variously described by counsel as a liar and a thief and much more besides. Neither was a satisfactory witness.\"</p><p>The judge said Hilliard had admitted to lying, false accounting, misleading his investment partner, breaching fiduciary duties, laundering money, deceiving the Tax Office, and taking company records without authorisation. He rejected Hilliard's evidence.</p><p>As for Vizard, Justice Hansen said \"the consistent strand is a lack of candour\".</p><p>\"He impressed me as a person alert to the main chance,\" the judge said, adding Vizard was \"firm and certain when it suited the case . . . (but) defensive and forgetful and even engaged in false denial when it did not suit the case\".</p><p>At other times, his performance ranged \"from false denial to obfuscation and feigned forgetfulness\".</p><p>He also made damning findings about Vizard's role in relation to a fax, received by the bank in early 1996, that Westpac claimed was forged by Hilliard. The fax, apparently signed by Vizard, authorised the bookkeeper to write cheques of more than $50,000.</p><p>There was perhaps one redeeming feature for Vizard: the judge rejected Hilliard's claims that his boss fabricated entries of six artworks in the register of the Vizard Foundation to claim tax deductions.</p><p>Vizard's lawyer said the disgraced television producer welcomed the decision as it \"vindicates the Vizards' position that they have been the objects of an elaborate fraud\".</p><p>Leon Zwier of Arnold Bloch Leibler claimed Hilliard's defence was rejected \"out of hand\", and said the Vizard family was \"pleased that these events are now behind them\".</p></bodyText></nitf:body.content></nitf:body><metadata><dc:metadata xmlns:dc=\"http://purl.org/dc/elements/1.1/\"><dc:identifier identifierScheme=\"PGUID\">urn:contentItem:4P0N-K030-TXN5-S1XF-00000-00</dc:identifier><dc:identifier identifierScheme=\"DOC-ID\">AGEMLB-5cinrt3g4k4n39u3cf3</dc:identifier><dc:source sourceScheme=\"royaltyReportingKey\">AGEMLB2006</dc:source><dc:source sourceScheme=\"productContentSetIdentifier\">314239</dc:source><dc:date dateType=\"last-updated\">2010-05-14</dc:date></dc:metadata><wordCount number=\"439\"/><publicationInfo><copyright>Copyright 2006 The Age Company Limited All Rights Reserved</copyright><publicationName>The Age (Melbourne, Australia)</publicationName><edition>First Edition</edition><publicationDate day=\"07\" month=\"12\" year=\"2006\"><dateText>December 7, 2006 Thursday</dateText></publicationDate><classification classificationScheme=\"publicationtype\"><classificationItem><className>Newspaper</className></classificationItem></classification></publicationInfo><classification classificationScheme=\"language\"><classificationItem classificationScheme=\"lang.english\"><className>ENGLISH</className></classificationItem></classification><classificationGroup classificationScheme=\"licensor.indexing-terms\"><classification classificationScheme=\"licensor.region\"><classificationItem><className>Melbourne</className></classificationItem></classification><classification classificationScheme=\"licensor.subject\"><classificationItem><className>People/Name/Vizard/Steve/Business</className></classificationItem><classificationItem><className>Company/WESTPAC BANKING CORP</className></classificationItem><classificationItem><className>Law/Cases</className></classificationItem><classificationItem><className>Verdict</className></classificationItem></classification></classificationGroup><classificationGroup classificationScheme=\"indexing-terms\"><classification classificationScheme=\"legal\"><classificationItem><className>Criminal Law &amp; Procedure</className><classCode>Z3VpZD11cm46dG9waWM6NEU0RkE1OUQwNUQwNDgxODhEODZCMjkzOTg3NThBNzk7cGFyZW50Z3VpZD0</classCode><classificationItem score=\"57\"><className>General Overview</className><classCode>Z3VpZD11cm46dG9waWM6MUM4RjZFOEE4MDc3NDE4QjhCMkQwNzc2QTM0OUQ5NjI7cGFyZW50Z3VpZD11cm46dG9waWM6QzBDQzA4NEVCN0Q0NEZCRkEwNjY3Qzk3MDA3NzlCMjU</classCode></classificationItem></classificationItem></classification><classification classificationScheme=\"subject\"><classificationItem score=\"93\"><classCode>STX000984</classCode><className>JUDGES</className><classCode>Z3VpZD11cm46dG9waWM6OTg1QUIzNkIwNzk5NDQ4NzhGMDdDQjVGNEYyRjY5OTI7cGFyZW50Z3VpZD11cm46dG9waWM6NURENzJGNTEyQzM0NEREQUI2RkVCRTM4RTc1RTZBREU</classCode><className>Judges</className></classificationItem><classificationItem score=\"92\"><classCode>ST0009FJK</classCode><className>NEGATIVE PERSONAL NEWS</className><classCode/><className/></classificationItem><classificationItem score=\"90\"><classCode>STX001883</classCode><className>DECISIONS &amp; RULINGS</className><classCode/><className/></classificationItem><classificationItem score=\"90\"><classCode>STX000759</classCode><className>FRAUD &amp; FINANCIAL CRIME</className><classCode/><className/></classificationItem><classificationItem score=\"90\"><classCode>STX001040</classCode><className>LITIGATION</className><classCode/><className/></classificationItem><classificationItem score=\"90\"><classCode>ST0009QD4</classCode><className>NEGATIVE BUSINESS NEWS</className><classCode/><className/></classificationItem><classificationItem score=\"78\"><classCode>ST000A4JJ</classCode><className>GUILTY PLEAS</className><classCode>Z3VpZD11cm46dG9waWM6OUFCRjAwOERDM0JGNDQ4QjhEODU0MDYxOUE3QUY2RjM7cGFyZW50Z3VpZD11cm46dG9waWM6Qjc1MDBENkU0ODJCNDQ5MzkxNEFERjkzQTYwODQzRDA</classCode><className>Guilty Pleas</className></classificationItem><classificationItem score=\"78\"><classCode>STX000924</classCode><className>INSIDER TRADING</className><classCode>Z3VpZD11cm46dG9waWM6OEI5MDhDNzIzREUxNDczRjkyNDlDQUQ0NTY4REJBNzU7cGFyZW50Z3VpZD11cm46dG9waWM6QzI0MUY3RDMxMTg0NDQxNzlGRTk4NTEzM0IyNDhFODQ</classCode><className>Insider Trading</className></classificationItem><classificationItem score=\"78\"><classCode>N922110CC</classCode><className>LAW COURTS &amp; TRIBUNALS</className><classCode/><className/></classificationItem><classificationItem score=\"78\"><classCode>ST0009ZVD</classCode><className>SUPREME COURTS</className><classCode/><className/></classificationItem><classificationItem score=\"78\"><classCode>STX001796</classCode><className>VERDICTS</className><classCode>Z3VpZD11cm46dG9waWM6QTVENDU3Q0RGQjI0NEM1REEyOUUyRjI5OURFRjQ5MTQ7cGFyZW50Z3VpZD11cm46dG9waWM6MEUzMkE2MTZCMThENDAwNDhCM0I4RDA2OURFRDAwNDI</classCode><className>Verdicts</className></classificationItem><classificationItem score=\"78\"><classCode>STX001849</classCode><className>WITNESSES</className><classCode/><className/></classificationItem><classificationItem score=\"77\"><classCode>STX001159</classCode><className>MONEY LAUNDERING</className><classCode>Z3VpZD11cm46dG9waWM6QzBDQzA4NEVCN0Q0NEZCRkEwNjY3Qzk3MDA3NzlCMjU7cGFyZW50Z3VpZD11cm46dG9waWM6NkUzNTQ1QUZBM0Y5NDcyQjk4N0I5Mjg0QzU3NDk0MDI</classCode><className>Money Laundering</className></classificationItem><classificationItem score=\"74\"><classCode>N541110GM</classCode><className>LAWYERS</className><classCode/><className/></classificationItem><classificationItem score=\"69\"><classCode>ST0009UHU</classCode><className>VISUAL &amp; PERFORMING ARTS</className><classCode/><className/></classificationItem><classificationItem score=\"66\"><classCode>ST20031561</classCode><className>FIDUCIARY DUTIES</className><classCode/><className/></classificationItem></classification><classification classificationScheme=\"industry\"><classificationItem score=\"90\"><classCode>N520000CC</classCode><className>BANKING &amp; FINANCE</className><classCode/><className/></classificationItem><classificationItem score=\"90\"><classCode>ST0009RX6</classCode><classCode/><className/></classificationItem><classificationItem score=\"78\"><classCode>STX000924</classCode><className>INSIDER TRADING</className><classCode>Z3VpZD11cm46dG9waWM6OEI5MDhDNzIzREUxNDczRjkyNDlDQUQ0NTY4REJBNzU7cGFyZW50Z3VpZD11cm46dG9waWM6QzI0MUY3RDMxMTg0NDQxNzlGRTk4NTEzM0IyNDhFODQ</classCode><className>Insider Trading</className></classificationItem><classificationItem score=\"74\"><classCode>N541110GM</classCode><className>LAWYERS</className><classCode/><className/></classificationItem></classification><classification classificationScheme=\"city\"><classificationItem score=\"91\"><classCode>GX015</classCode><className>MELBOURNE, AUSTRALIA</className><classCode/><className/></classificationItem></classification><classification classificationScheme=\"state\"><classificationItem score=\"88\"><classCode>GS007</classCode><className>VICTORIA, AUSTRALIA</className><classCode/><className/></classificationItem></classification><classification classificationScheme=\"country\"><classificationItem score=\"90\"><classCode>GC301</classCode><className>AUSTRALIA</className><classCode/><className/></classificationItem></classification></classificationGroup></metadata></articleDoc></content></entry>"}