{"prediction_class": "Money laundering", "prediction_score": "1.0", "name": "Westpac", "title": "Westpac Bank caught in USD 6 billion money laundering sting", "published": "2013-05-29T00:00:00Z", "updated": "2020-11-15T20:09:13Z", "cleaned_article": "[TITLE] Westpac Bank caught in USD 6 billion money laundering sting [TITLE] \n\nSydney, May 29 (ANI): Multinational financial services provider Westpac Bank has been reportedly caught in an international money laundering sting, termed the biggest ever, with American prosecutors seizing 45 bank accounts worth six billion dollars. According to the Sydney Morning Herald, 36.9 million dollars from the seized amount has been deposited in three accounts of the bank, which is one of the Australia's biggest banks. According to the report, the trail was allegedly left by Costa Rica-based Liberty Reserve, a currency-transfer and payment-processing company that allowed customers to move money anonymously from one account to another through 17 countries including Australia, via the internet with almost no questions asked.However, a Westpac spokeswoman said the bank has measures in place to combat money laundering, and has been working closely with regulators and law enforcement agencies. Describing Liberty Reserve as a 'financial hub of the cyber-crime world', prosecutors have said that cyber criminals across the world use the company to distribute, store and launder illegal activity proceedings such as credit card fraud, identity theft, investment fraud, computer hacking, child pornography and narcotics trafficking. The report said that Liberty Reserve has processed 55 million illicit transactions worldwide for one million users as it allegedly did not require users to validate their identities and allowed users to open accounts using fictitious names.", "raw_cleaned_article": "<h2>Westpac Bank caught in USD 6 billion money laundering sting</h2><p><b>Sydney, May 29 (ANI): Multinational financial services provider Westpac Bank has been reportedly caught in an international money laundering sting, termed the biggest ever, with American prosecutors seizing 45 bank accounts worth six billion dollars.</b> According to the Sydney Morning Herald, 36.9 million dollars from the seized amount has been deposited in three accounts of the bank, which is one of the Australia's biggest banks. According to the report, the trail was allegedly left by Costa Rica-based Liberty Reserve, a currency-transfer and payment-processing company that allowed customers to move money anonymously from one account to another through 17 countries including Australia, via the internet with almost no questions asked.<b>However, a Westpac spokeswoman said the bank has measures in place to combat money laundering, and has been working closely with regulators and law enforcement agencies.</b> Describing Liberty Reserve as a 'financial hub of the cyber-crime world', prosecutors have said that cyber criminals across the world use the company to distribute, store and launder illegal activity proceedings such as credit card fraud, identity theft, investment fraud, computer hacking, child pornography and narcotics trafficking. The report said that Liberty Reserve has processed 55 million illicit transactions worldwide for one million users as it allegedly did not require users to validate their identities and allowed users to open accounts using fictitious names.</p>", "original_content": "<entry xmlns=\"http://www.w3.org/2005/Atom\"><id>urn:contentItem:58HT-8BM1-F11P-X1TJ-00000-00</id><title>Westpac Bank caught in USD 6 billion money laundering sting</title><published>2013-05-29T00:00:00Z</published><updated>2020-11-15T20:09:13Z</updated><author><name>LexisNexis</name></author><content type=\"application/xml\"><!--Transformation version 1.23--><articleDoc xmlns=\"\" xmlns:xsi=\"http://www.w3.org/2001/XMLSchema-instance\" xsi:noNamespaceSchemaLocation=\"http://www.lexisnexis.com/xmlschemas/content/public/articledoc/1/\" schemaVersion=\"1.8\" xml:lang=\"en\"><articleDocHead><itemInfo/></articleDocHead><nitf:body xmlns:nitf=\"http://iptc.org/std/NITF/2006-10-18/\"><nitf:body.head><nitf:hedline><nitf:hl1>Westpac Bank caught in USD 6 billion money laundering sting</nitf:hl1></nitf:hedline><nitf:byline><author><person><nameText>ANI</nameText></person></author></nitf:byline></nitf:body.head><nitf:body.content><bodyText><p nitf:lede=\"true\">Sydney, May 29 (ANI): Multinational financial services provider Westpac Bank has been reportedly caught in an international money laundering sting, termed the biggest ever, with American prosecutors seizing 45 bank accounts worth six billion dollars.</p><p>According to the Sydney Morning Herald, 36.9 million dollars from the seized amount has been deposited in three accounts of the bank, which is one of the Australia's biggest banks.</p><p>According to the report, the trail was allegedly left by Costa Rica-based Liberty Reserve, a currency-transfer and payment-processing company that allowed customers to move money anonymously from one account to another through 17 countries including Australia, via the internet with almost no questions asked.</p><p>However, a Westpac spokeswoman said the bank has measures in place to combat money laundering, and has been working closely with regulators and law enforcement agencies.</p><p>Describing Liberty Reserve as a 'financial hub of the cyber-crime world', prosecutors have said that cyber criminals across the world use the company to distribute, store and launder illegal activity proceedings such as credit card fraud, identity theft, investment fraud, computer hacking, child pornography and narcotics trafficking.</p><p>The report said that Liberty Reserve has processed 55 million illicit transactions worldwide for one million users as it allegedly did not require users to validate their identities and allowed users to open accounts using fictitious names.</p><p>The company operated one of the world's most widely used digital currencies, allowing users to send and receive 'instant, real-time currency', according to the indictment in U.S. federal court in Manhattan.</p><p>A U.S. attorney said the alleged crimes involved only Liberty Reserve and its operators, and not any other digital currency.</p><p>A notice pasted across Liberty Reserve's website said that the domain 'has been seized by the United States Global Illicit Financial Team.' The website is no longer accessible and attempts to reach Liberty Reserve by phone and mail have not been rendered immediate success.</p><p>The seven defendants charged in the case have been slapped with one count of conspiracy to commit money laundering, which carries a maximum term of 20 years jail.</p><p>They have also been charged with one count of conspiracy to operate an unlicensed money transmitting business and of operation of an unlicensed money transmitting business, where both the charges carry a maximum jail term of five years, the report added. (ANI)</p></bodyText></nitf:body.content></nitf:body><metadata><dc:metadata xmlns:dc=\"http://purl.org/dc/elements/1.1/\"><dc:identifier identifierScheme=\"DOC-ID\">27339366</dc:identifier><dc:source sourceScheme=\"royaltyReportingKey\">ANEINT2013</dc:source><dc:identifier identifierScheme=\"PGUID\">urn:contentItem:58HT-8BM1-F11P-X1TJ-00000-00</dc:identifier><dc:source sourceScheme=\"productContentSetIdentifier\">344861</dc:source><dc:date dateType=\"last-updated\">2014-01-30</dc:date></dc:metadata><wordCount number=\"418\"/><publicationInfo><copyright>Copyright 2013 Asian News International (ANI). Provided by Syndigate.info, an Albawaba.com company All Rights Reserved</copyright><publicationName>Asian News International (ANI)</publicationName><publicationLogo><logo><inlineObject><locator><locatorKey><keyName name=\"object-key\"/><keyValue value=\"61584\"/></locatorKey><locatorParameters><parameter name=\"object-type\" value=\"201\"/><parameter name=\"object-smi\" value=\"LOGOS\"/><parameter name=\"componentseq\" value=\"1\"/></locatorParameters></locator></inlineObject></logo></publicationLogo><publicationDate day=\"29\" month=\"05\" year=\"2013\"><dateText>May 29, 2013 Wednesday</dateText></publicationDate><classification classificationScheme=\"publicationtype\"><classificationItem><className>Newspaper</className></classificationItem></classification><classification classificationScheme=\"publicationtype\"><classificationItem><className>Newspapers</className></classificationItem></classification></publicationInfo><classification classificationScheme=\"language\"><classificationItem classificationScheme=\"lang.english\"><className>ENGLISH</className></classificationItem></classification><classificationGroup classificationScheme=\"indexing-terms\"><classification classificationScheme=\"legal\"><classificationItem><className>Constitutional Law</className><classCode>Z3VpZD11cm46dG9waWM6QkI5QzFFRjAxMEFFNDMxOThENUE1RjVCQUYzQkQ2RjQ7cGFyZW50Z3VpZD0</classCode><classificationItem score=\"97\"><className>General Overview</className><classCode>Z3VpZD11cm46dG9waWM6OEMyNzYyQ0REMTlENEFBOTg3RDUwQjREQjQwMzJFNzI7cGFyZW50Z3VpZD11cm46dG9waWM6QkI5QzFFRjAxMEFFNDMxOThENUE1RjVCQUYzQkQ2RjQ</classCode></classificationItem></classificationItem><classificationItem><className>Criminal Law &amp; Procedure</className><classCode>Z3VpZD11cm46dG9waWM6NEU0RkE1OUQwNUQwNDgxODhEODZCMjkzOTg3NThBNzk7cGFyZW50Z3VpZD0</classCode><classificationItem score=\"96\"><className>General Overview</className><classCode>Z3VpZD11cm46dG9waWM6MUM4RjZFOEE4MDc3NDE4QjhCMkQwNzc2QTM0OUQ5NjI7cGFyZW50Z3VpZD11cm46dG9waWM6QzBDQzA4NEVCN0Q0NEZCRkEwNjY3Qzk3MDA3NzlCMjU</classCode></classificationItem></classificationItem></classification><classification classificationScheme=\"subject\"><classificationItem score=\"91\"><classCode>STX001932</classCode><className>CRIME, LAW ENFORCEMENT &amp; CORRECTIONS</className><classCode/><className/></classificationItem><classificationItem score=\"90\"><classCode>ST0009FJK</classCode><className>NEGATIVE PERSONAL NEWS</className><classCode/><className/></classificationItem><classificationItem score=\"90\"><classCode>STX000759</classCode><className>FRAUD &amp; FINANCIAL CRIME</className><classCode/><className/></classificationItem><classificationItem score=\"90\"><classCode>STX001159</classCode><className>MONEY LAUNDERING</className><classCode>Z3VpZD11cm46dG9waWM6QzBDQzA4NEVCN0Q0NEZCRkEwNjY3Qzk3MDA3NzlCMjU7cGFyZW50Z3VpZD11cm46dG9waWM6NkUzNTQ1QUZBM0Y5NDcyQjk4N0I5Mjg0QzU3NDk0MDI</classCode><className>Money Laundering</className></classificationItem><classificationItem score=\"90\"><classCode>ST000DM8S</classCode><className>FALSE IDENTITY</className><classCode/><className/></classificationItem><classificationItem score=\"90\"><classCode>ST0008ZGX</classCode><className>CYBERCRIME</className><classCode/><className/></classificationItem><classificationItem score=\"90\"><classCode>N922130TM</classCode><className>PUBLIC PROSECUTORS</className><classCode/><className/></classificationItem><classificationItem score=\"89\"><classCode>ST000DEW4</classCode><className>DIGITAL CURRENCY</className><classCode/><className/></classificationItem><classificationItem score=\"89\"><classCode>STX000369</classCode><className>CONSPIRACY</className><classCode>Z3VpZD11cm46dG9waWM6Q0FGMDkyQTE0NTI1NEUyNkE0NjUxM0E2OTBDQjQ0NUU7cGFyZW50Z3VpZD11cm46dG9waWM6NzZBMzM3QjFDOTcxNENCNzhBNTE0MzVGMzBBMzdERUY</classCode><className>Conspiracy</className></classificationItem><classificationItem score=\"89\"><classCode>ST000959S</classCode><className>CRIMINAL OFFENSES</className><classCode>Z3VpZD11cm46dG9waWM6REE3RUI5RUNDMTgyNDU3Rjk2QUMwOTVBOUI1NDNFOTY7cGFyZW50Z3VpZD11cm46dG9waWM6NEU0RkE1OUQwNUQwNDgxODhEODZCMjkzOTg3NThBNzk</classCode><className>Criminal Offenses</className></classificationItem><classificationItem score=\"79\"><classCode>ST000DMT1</classCode><className>PATENT COURTS</className><classCode/><className/></classificationItem><classificationItem score=\"78\"><classCode>STX000713</classCode><className>FINANCIAL CRIME COUNTERMEASURES</className><classCode/><className/></classificationItem><classificationItem score=\"78\"><classCode>STX001925</classCode><className>BUSINESS OPERATIONS</className><classCode/><className/></classificationItem><classificationItem score=\"78\"><classCode>STX000350</classCode><className>COMPUTER CRIME</className><classCode>Z3VpZD11cm46dG9waWM6NUZBMUY1NEJCRTYyNEU2NDgwMzk4QzhBOTBEMTk1MDU7cGFyZW50Z3VpZD11cm46dG9waWM6REE3RUI5RUNDMTgyNDU3Rjk2QUMwOTVBOUI1NDNFOTY</classCode><className>Computer Crimes</className></classificationItem><classificationItem score=\"77\"><classCode>ST000A4JV</classCode><className>INDICTMENTS</className><classCode>Z3VpZD11cm46dG9waWM6NUZBQzg5RTRGNTcwNDVFOEFDRjJFODQwOTc3NTFFOEU7cGFyZW50Z3VpZD11cm46dG9waWM6MUFFNkY3ODg0ODk4NEEwNTk4Q0RDNUQwMUI4NzgzMkM</classCode><className>Indictments</className></classificationItem><classificationItem score=\"77\"><classCode>ST000A4J3</classCode><className>JAIL SENTENCING</className><classCode/><className/></classificationItem><classificationItem score=\"73\"><classCode>STX000535</classCode><className>CONTROLLED SUBSTANCES CRIME</className><classCode/><className/></classificationItem><classificationItem score=\"72\"><classCode>N922110CC</classCode><className>LAW COURTS &amp; TRIBUNALS</className><classCode/><className/></classificationItem><classificationItem score=\"72\"><classCode>STX000882</classCode><className>IDENTITY THEFT</className><classCode>Z3VpZD11cm46dG9waWM6Q0QzNDc4RTM3RjNENDA3RUJFMjFEODQ5OTUzODI4Q0Y7cGFyZW50Z3VpZD11cm46dG9waWM6OTdGN0NBMjhBN0VBNDYzOEFCRkQyNDc2RDJDMzc3Mjg</classCode><className>Identity Theft</className></classificationItem><classificationItem score=\"69\"><classCode>STX001353</classCode><className>PORNOGRAPHY</className><classCode/><className/></classificationItem><classificationItem score=\"68\"><classCode>N922120CC</classCode><className>LAW ENFORCEMENT</className><classCode/><className/></classificationItem><classificationItem score=\"52\"><classCode>ST00093Q7</classCode><className>CHILD PORNOGRAPHY</className><classCode>Z3VpZD11cm46dG9waWM6NDE0MDI4Mjg5QUU3NDA2NTkyQTVFMjJCRDRFNjkwRDc7cGFyZW50Z3VpZD11cm46dG9waWM6RkQwRTk5MUFBNjMxNDJGQUJGMDJBNjIzOTZEMUZBQTc</classCode><className>Child Pornography</className></classificationItem><classificationItem score=\"51\"><classCode>ST000CY59</classCode><className>DRUG TRAFFICKING</className><classCode/><className/></classificationItem></classification><classification classificationScheme=\"industry\"><classificationItem score=\"91\"><classCode>N520000CC</classCode><className>BANKING &amp; FINANCE</className><classCode/><className/></classificationItem><classificationItem score=\"90\"><classCode>ST0008ZGX</classCode><className>CYBERCRIME</className><classCode/><className/></classificationItem><classificationItem score=\"90\"><classCode>ST0009RX6</classCode><classCode/><className/></classificationItem><classificationItem score=\"89\"><classCode>ST000DEW4</classCode><className>DIGITAL CURRENCY</className><classCode/><className/></classificationItem><classificationItem score=\"78\"><classCode>STX000350</classCode><className>COMPUTER CRIME</className><classCode>Z3VpZD11cm46dG9waWM6NUZBMUY1NEJCRTYyNEU2NDgwMzk4QzhBOTBEMTk1MDU7cGFyZW50Z3VpZD11cm46dG9waWM6REE3RUI5RUNDMTgyNDU3Rjk2QUMwOTVBOUI1NDNFOTY</classCode><className>Computer Crimes</className></classificationItem><classificationItem score=\"74\"><classCode>STX000954</classCode><className>INTERNET &amp; WWW</className><classCode/><className/></classificationItem><classificationItem score=\"74\"><classCode>STX000354</classCode><className>COMPUTER NETWORKS</className><classCode/><className/></classificationItem><classificationItem score=\"70\"><classCode>STX000424</classCode><className>CREDIT CARDS</className><classCode/><className/></classificationItem></classification><classification classificationScheme=\"city\"><classificationItem score=\"79\"><classCode>GX601</classCode><className>NEW YORK, NY, USA</className><classCode/><className/></classificationItem><classificationItem score=\"74\"><classCode>GX014</classCode><className>SYDNEY, AUSTRALIA</className><classCode/><className/></classificationItem></classification><classification classificationScheme=\"country\"><classificationItem score=\"93\"><classCode>GC343</classCode><className>UNITED STATES</className><classCode/><className/></classificationItem><classificationItem score=\"89\"><classCode>GC301</classCode><className>AUSTRALIA</className><classCode/><className/></classificationItem><classificationItem score=\"72\"><classCode>GC388</classCode><className>COSTA RICA</className><classCode/><className/></classificationItem></classification></classificationGroup></metadata></articleDoc></content></entry>"}