{"prediction_class": "Money laundering", "prediction_score": "1.0", "name": "Westpac", "title": "Gangs use big banks to launder $5m a day;Exclusive - Special investigation", "published": "2017-09-15T00:00:00Z", "updated": "2020-11-15T20:09:13Z", "cleaned_article": "[TITLE] Gangs use big banks to launder $5m a day;Exclusive - Special investigation [TITLE] \n\nWhat it meant, though, was that some banks continued to receive and shift drug funds despite making multiple Austrac reports about the launderers' activity, Mr Chevis said. \"This has turned an anti-money-laundering law into a 'money laundering' law. There is at least one instance of the absurd situation of a single money launderer being reported over 100 times by a single bank for making 100 suspicious deposits,\" he said. $29m through Westpac, CBAIn a Perth court in April this year, a fresh-faced 30-year-old from Hong Kong, Ka Sing Lai, was jailed for 10 years for using Westpac and Commonwealth Bank accounts to launder at least $29 million in drug funds out of Australia.Lai's operation was as simple as it was effective: he ferried money runners to up to 10 Westpac and CBA branches in Perth a day, depositing up to $500,000 into accounts opened by Australian front companies created by other Hong Kong nationals. Lai made 163 bank transactions before he was arrested in late 2015. Eight months later, in August 2016, evidence emerged suggesting he was back in business. A second Hong Kong national, Chi Ming To, who police first identified as a driver for Lai, was pulled over in NSW. When police searched his car, they found $550,000 cash in the boot. Despite being touted publicly by Justice Minister Michael Keenan as a major blow to organised crime, the arrest of Lai is privately described by senior police as a pyrrhic win in a fight in which they have been overwhelmed by money launderers' easy ability to evade banking controls. [...] \n\nBy the time of his arrest a few minutes later, Li had deposited $289,000 in drug funds. It had taken him 10 hours over two days. Chinese national Jun Yu Huang was an old hand at exploiting the banking system. In the 2000s, he had multiple stints in prison, including for setting up bank accounts with false IDs to commit fraud. Police documents reveal that for five months in early 2013, Huang paid a Chinese woman to ferry large amounts of cash in green Woolworths bags to various banks in Sydney's CBD. Huang then took over, using false IDs to set up accounts at money-remitting businesses that specialise in moving funds offshore. Huang used the NAB, Westpac and CBA accounts of these remitters to deposit and move suspected drug cash to Asia. Over six weeks, Huang moved $3.2 million out of Australia, the bulk of which was moved through Westpac accounts. Mr McTaggart said that if banks had conducted proper due diligence by demanding and verifying Huang's true identity and quizzing him about the source and purpose of the funds, it might have deterred him. Since Huang's arrest, the major banks have stopped allowing money remitters to use the banks' accounts to move funds offshore. But the banks still move funds themselves and are vulnerable to fake IDs and \"cleanskins\".Then there is the case of 21-year-old Vietnamese national Ahn Cat Chu. Chu had been in Australia for just seven weeks on a student visa. When she was searched by police, they found 23 blue slips of paper revealing she had deposited $204,005 in just three hours at Westpac, ANZ and CBA branches near Sydney's Chinatown. She had entered the banks multiple times in a highly suspicious fashion, depositing amounts all under $10,000. When police seized her phone, they discovered that instructions had been texted to her from a cellphone in Vietnam.", "raw_cleaned_article": "<h2>Gangs use big banks to launder $5m a day;Exclusive - Special investigation</h2><p>What it meant, though, was that some banks continued to receive and shift drug funds despite making multiple Austrac reports about the launderers' activity, Mr Chevis said. \"This has turned an anti-money-laundering law into a 'money laundering' law. There is at least one instance of the absurd situation of a single money launderer being reported over 100 times by a single bank for making 100 suspicious deposits,\" he said. <b>$29m through Westpac, CBA</b></p><p>[...]</p><p>What it meant, though, was that some banks continued to receive and shift drug funds despite making multiple Austrac reports about the launderers' activity, Mr Chevis said. <b>In a Perth court in April this year, a fresh-faced 30-year-old from Hong Kong, Ka Sing Lai, was jailed for 10 years for using Westpac and Commonwealth Bank accounts to launder at least $29 million in drug funds out of Australia.</b><b>Lai's operation was as simple as it was effective: he ferried money runners to up to 10 Westpac and CBA branches in Perth a day, depositing up to $500,000 into accounts opened by Australian front companies created by other Hong Kong nationals.</b> Lai made 163 bank transactions before he was arrested in late 2015. Eight months later, in August 2016, evidence emerged suggesting he was back in business. A second Hong Kong national, Chi Ming To, who police first identified as a driver for Lai, was pulled over in NSW. When police searched his car, they found $550,000 cash in the boot. Despite being touted publicly by Justice Minister Michael Keenan as a major blow to organised crime, the arrest of Lai is privately described by senior police as a pyrrhic win in a fight in which they have been overwhelmed by money launderers' easy ability to evade banking controls.</p><p>[...]</p><p>By the time of his arrest a few minutes later, Li had deposited $289,000 in drug funds. It had taken him 10 hours over two days. Chinese national Jun Yu Huang was an old hand at exploiting the banking system. In the 2000s, he had multiple stints in prison, including for setting up bank accounts with false IDs to commit fraud. Police documents reveal that for five months in early 2013, Huang paid a Chinese woman to ferry large amounts of cash in green Woolworths bags to various banks in Sydney's CBD. Huang then took over, using false IDs to set up accounts at money-remitting businesses that specialise in moving funds offshore. <b>Huang used the NAB, Westpac and CBA accounts of these remitters to deposit and move suspected drug cash to Asia. Over six weeks, Huang moved $3.2 million out of Australia, the bulk of which was moved through Westpac accounts. Mr McTaggart said that if banks had conducted proper due diligence by demanding and verifying Huang's true identity and quizzing him about the source and purpose of the funds, it might have deterred him. Since Huang's arrest, the major banks have stopped allowing money remitters to use the banks' accounts to move funds offshore. But the banks still move funds themselves and are vulnerable to fake IDs and \"cleanskins\".</b></p><p>[...]</p><p>By the time of his arrest a few minutes later, Li had deposited $289,000 in drug funds. It had taken him 10 hours over two days. <b>Then there is the case of 21-year-old Vietnamese national Ahn Cat Chu. Chu had been in Australia for just seven weeks on a student visa. When she was searched by police, they found 23 blue slips of paper revealing she had deposited $204,005 in just three hours at Westpac, ANZ and CBA branches near Sydney's Chinatown.</b> She had entered the banks multiple times in a highly suspicious fashion, depositing amounts all under $10,000. When police seized her phone, they discovered that instructions had been texted to her from a cellphone in Vietnam.</p>", "original_content": "<entry xmlns=\"http://www.w3.org/2005/Atom\"><id>urn:contentItem:5PGC-X7G1-F0J6-J20W-00000-00</id><title>Gangs use big banks to launder $5m a day;Exclusive - Special investigation</title><published>2017-09-15T00:00:00Z</published><updated>2020-11-15T20:09:13Z</updated><author><name>LexisNexis</name></author><content type=\"application/xml\"><!--Transformation version 1.23--><articleDoc xmlns=\"\" xmlns:xsi=\"http://www.w3.org/2001/XMLSchema-instance\" xsi:noNamespaceSchemaLocation=\"http://www.lexisnexis.com/xmlschemas/content/public/articledoc/1/\" schemaVersion=\"1.8\" xml:lang=\"en\"><articleDocHead><itemInfo><sourceSectionInfo><positionSection>NEWS</positionSection><positionSequence>Pg. 1</positionSequence></sourceSectionInfo></itemInfo></articleDocHead><nitf:body xmlns:nitf=\"http://iptc.org/std/NITF/2006-10-18/\"><nitf:body.head><nitf:hedline><nitf:hl1>Gangs use big banks to launder $5m a day</nitf:hl1><nitf:hl2>Exclusive - Special investigation</nitf:hl2></nitf:hedline><nitf:byline><author><person><nameText>Nick McKenzie, Richard Baker, Georgina Mitchell</nameText></person></author></nitf:byline></nitf:body.head><nitf:body.content><bodyText><p nitf:lede=\"true\">Gaping holes in the anti-money-laundering systems of Australia's big banks are being exploited by crime groups to wash up to $5 million in drug cash a day, according to confidential briefings by federal and state policing agencies.</p><p nitf:lede=\"true\">New details of police investigations reveal that the big four banks - Westpac, ANZ, NAB and CBA - have all been used by money-laundering syndicates to launder drug funds offshore. .</p><p nitf:lede=\"true\">Syndicates are also suspected to have infiltrated the franchises of mid-tier banks.</p><p nitf:lede=\"true\">Police have gathered intelligence that an outlaw bikie group is examining acquiring the franchise of a mid-tier bank, while the Bank of Queensland's Punchbowl branch in Sydney was closed after Mexican cartel drug money was washed through its accounts in 2010.</p><p>An Australian Crime Commission \"high risk funds\" investigation, which was examining the movement of illicit cash to the former Yugoslavia in 2012, identified a Bendigo Bank franchise that seemed to be involved.</p><p>The decision by anti-money-laundering agency Austrac last month to launch legal action against the Commonwealth Bank lifted the lid on that bank's alleged lack of oversight of massive money flows.</p><p>But the latest revelations underscore what is an open secret in the law enforcement and banking communities: weak laws and questionable banking practices have enabled crime figures to open individual or company accounts or deposit funds with minimal or false identification and quietly move millions of dollars.</p><p>Government officials said the public would be shocked to know the amount of drug money that was laundered on a daily basis and the ease with which it finds its way out of Australia.</p><p>The former national coordinator of the Commonwealth Asset Confiscation Taskforce, Nick McTaggart, who recently worked for Austrac as a senior adviser, said the failure of major banks and other financial institutions to carry out basic due diligence likely placed them in breach of \"know your customer\" requirements.</p><p>Exacerbating the problem is the failure of financial institutions to share information with each other, or to access information from the federal government or police, including biometric, intelligence and tax data. \"Most financial institutions are just ticking the compliance boxes rather than doing the necessary due diligence,\" Mr McTaggart said.</p><p>\"Technologies such as electronic funds transfer capability also present huge problems. Any criminal can get a company created today and bounce all the money into one account and then send it offshore and walk away from the company. No one will ask questions of the company for months.\"</p><p>He welcomed the Turnbull government's proposed toughening of company director identification laws and whistleblower provisions, but added: \"The government can do more to assist.\"</p><p>Anti-money-laundering expert John Chevis, who advises the UN Office of Drugs and Crime, said one key anti-laundering provision had backfired. Laws prohibit the banks from telling customers they have been reported to Austrac. The provision is ostensibly designed to avoid tipping them off in the unlikely event that police or Austrac launch an inquiry.</p><p>What it meant, though, was that some banks continued to receive and shift drug funds despite making multiple Austrac reports about the launderers' activity, Mr Chevis said.</p><p>\"This has turned an anti-money-laundering law into a 'money laundering' law. There is at least one instance of the absurd situation of a single money launderer being reported over 100 times by a single bank for making 100 suspicious deposits,\" he said.</p><p>$29m through Westpac, CBA</p><p>In a Perth court in April this year, a fresh-faced 30-year-old from Hong Kong, Ka Sing Lai, was jailed for 10 years for using Westpac and Commonwealth Bank accounts to launder at least $29 million in drug funds out of Australia.</p><p>Lai's operation was as simple as it was effective: he ferried money runners to up to 10 Westpac and CBA branches in Perth a day, depositing up to $500,000 into accounts opened by Australian front companies created by other Hong Kong nationals.</p><p>Lai made 163 bank transactions before he was arrested in late 2015. Eight months later, in August 2016, evidence emerged suggesting he was back in business.</p><p>A second Hong Kong national, Chi Ming To, who police first identified as a driver for Lai, was pulled over in NSW. When police searched his car, they found $550,000 cash in the boot. Despite being touted publicly by Justice Minister Michael Keenan as a major blow to organised crime, the arrest of Lai is privately described by senior police as a pyrrhic win in a fight in which they have been overwhelmed by money launderers' easy ability to evade banking controls.</p><p>On bail, back to the banks</p><p>There's a familiar pattern to these events. On November 18, 2013, Hong Kong resident Peter Li flew into Sydney. He was granted a tourist visa and headed straight to The Star casino. In a bathroom, he was handed a yellow shopping bag that police suspect was filled with hundreds of thousands of dollars in drug money.</p><p>Just over 24 hours later, Li entered the ANZ's Sydney CBD branch on York Street and opened two accounts. He listed the casino as his place of residence.</p><p>Then he handed over $50,000 in cash, asking for $1000 to be placed into one account and the remaining $49,000 into the second. Two days later, he shifted $20,000 from his second ANZ account into the first, into which he deposited a further $50,000 in cash.</p><p>He then flew to Perth and entered an ANZ branch, directing a teller to make two transfers of $35,000 from his ANZ accounts to two separate Hong Kong bank accounts. Federal agents reconstructed these events after customs officers found Li carrying $147,000 in cash when he tried to leave Australia five days after his arrival.</p><p>Li was charged with money-laundering offences and released on bail on December 4, subject to the condition that he deposit no more than $2000 into any Australian bank account.</p><p>Happy Valentine's Day</p><p>Ten weeks later, on February 14, 2014, Li walked into an ANZ branch in Sydney carrying a bag stuffed with suspected drug funds.</p><p>Over the next four hours, he made 10 deposits at various ANZ branches within a few kilometres of each other. After running out of CBD ANZ bank branches, Li changed his clothes and returned to the first branch he had visited. There, he made an 11th deposit of $9500, just under the $10,000 amount that triggers a mandatory suspicious deposit notification to Austrac.</p><p>Li's 11 deposits of $9,500 were made into the same ANZ account using a series of false names and phone numbers. On the same day, Li repeated this exercise at six NAB branches, depositing between $9000 and $9500 each time. Under the current legislative regime, the banks have no clear obligation to either demand verified identification, quiz Li about his activities or talk to other banks about Li's conduct.</p><p>The law prohibits banking staff from telling Li they considered his conduct suspicious enough to report to Austrac.</p><p>So Li kept at it. A few days later, Li chose NAB and CBA branches to deposit multiple cash amounts under $10,000. After attempting to make his 11th cash deposit into the same CBA account, a teller asked Li for his name. He refused to answer and the teller called police.</p><p>By the time of his arrest a few minutes later, Li had deposited $289,000 in drug funds. It had taken him 10 hours over two days.</p><p>Chinese national Jun Yu Huang was an old hand at exploiting the banking system. In the 2000s, he had multiple stints in prison, including for setting up bank accounts with false IDs to commit fraud. Police documents reveal that for five months in early 2013, Huang paid a Chinese woman to ferry large amounts of cash in green Woolworths bags to various banks in Sydney's CBD. Huang then took over, using false IDs to set up accounts at money-remitting businesses that specialise in moving funds offshore.</p><p>Huang used the NAB, Westpac and CBA accounts of these remitters to deposit and move suspected drug cash to Asia. Over six weeks, Huang moved $3.2 million out of Australia, the bulk of which was moved through Westpac accounts. Mr McTaggart said that if banks had conducted proper due diligence by demanding and verifying Huang's true identity and quizzing him about the source and purpose of the funds, it might have deterred him. Since Huang's arrest, the major banks have stopped allowing money remitters to use the banks' accounts to move funds offshore. But the banks still move funds themselves and are vulnerable to fake IDs and \"cleanskins\".</p><p>Then there is the case of 21-year-old Vietnamese national Ahn Cat Chu. Chu had been in Australia for just seven weeks on a student visa. When she was searched by police, they found 23 blue slips of paper revealing she had deposited $204,005 in just three hours at Westpac, ANZ and CBA branches near Sydney's Chinatown.</p><p>She had entered the banks multiple times in a highly suspicious fashion, depositing amounts all under $10,000.</p><p>When police seized her phone, they discovered that instructions had been texted to her from a cellphone in Vietnam.</p><p>Banks respond</p><p>Law enforcement sources said that while all banks could do far more to prevent money laundering, the CBA had been targeted by Austrac because its complacency and failure to address problems with its automatic cash deposit system were egregious.</p><p>NAB's chief risk officer David Gall told Fairfax Media that despite extensive efforts to prevent money laundering, \"people with bad intentions will always try to commit crime\".</p><p>\"That's why as a bank and an industry we have to always be vigilant and work with regulators, government and police to find new and smarter ways to prevent financial crime,\" he said.</p><p>A spokesman for Westpac said the bank was investing heavily in \"verifying the identity of our customers (for example, in the case of online banking, through the use of external data verification), monitoring the activities of those customers over time, reporting any suspicious matters detected to Austrac and terminating customer relationships where appropriate\".</p><p>The Bendigo Bank said the franchise that had sent funds to the former Yugoslavia had been \"appropriately monitored and any matters requiring reporting under legislation were submitted\".</p><p>The Bank of Queensland declined to comment on the allegation involving its now defunct Punchbowl branch.</p></bodyText></nitf:body.content></nitf:body><metadata><dc:metadata xmlns:dc=\"http://purl.org/dc/elements/1.1/\"><dc:identifier identifierScheme=\"DOC-ID\">SMHRLD-doc6wojma05yfc1mkjfyewy</dc:identifier><dc:source sourceScheme=\"royaltyReportingKey\">SMHRLD2017</dc:source><dc:identifier identifierScheme=\"PGUID\">urn:contentItem:5PGC-X7G1-F0J6-J20W-00000-00</dc:identifier><dc:source sourceScheme=\"productContentSetIdentifier\">314237</dc:source><dc:date dateType=\"last-updated\">2019-10-01</dc:date></dc:metadata><wordCount number=\"1719\"/><publicationInfo><copyright>Copyright 2017 John Fairfax Publications Pty Ltd All Rights Reserved</copyright><publicationName>Sydney Morning Herald (Australia)</publicationName><edition>Print &amp; First Editions</edition><publicationDate day=\"15\" month=\"09\" year=\"2017\"><dateText>September 15, 2017 Friday</dateText></publicationDate><classification classificationScheme=\"publicationtype\"><classificationItem><className>Newspaper</className></classificationItem></classification><classification classificationScheme=\"publicationtype\"><classificationItem><className>Newspapers</className></classificationItem></classification></publicationInfo><classification classificationScheme=\"language\"><classificationItem classificationScheme=\"lang.english\"><className>ENGLISH</className></classificationItem></classification><classificationGroup classificationScheme=\"indexing-terms\"><classification classificationScheme=\"company\"><classificationItem score=\"90\"><classCode>CC0005NBT</classCode><className>BANK OF QUEENSLAND LTD</className></classificationItem><classificationItem score=\"90\"><classCode>CC0004TGM</classCode><className>BENDIGO &amp; ADELAIDE BANK LTD</className></classificationItem></classification><classification classificationScheme=\"industry\"><classificationItem score=\"90\"><className>NAICS522110 COMMERCIAL BANKING</className></classificationItem><classificationItem score=\"90\"><className>SIC6021 NATIONAL COMMERCIAL BANKS</className></classificationItem><classificationItem score=\"90\"><className>NAICS525910 OPEN-END INVESTMENT FUNDS</className></classificationItem><classificationItem score=\"90\"><className>SIC6722 MANAGEMENT INVESTMENT OFFICES, OPEN-END</className></classificationItem><classificationItem score=\"90\"><className>SIC6029 COMMERCIAL BANKS, NEC</className></classificationItem></classification><classification classificationScheme=\"ticker\"><classificationItem score=\"90\"><className>BOQ (ASX)</className></classificationItem><classificationItem score=\"90\"><className>BEN (ASX)</className></classificationItem></classification></classificationGroup><classificationGroup classificationScheme=\"licensor.indexing-terms\"><classification classificationScheme=\"licensor.subject\"><classificationItem><className>Crime/Organised Crime</className></classificationItem><classificationItem><className>Crime/Money Laundering</className></classificationItem><classificationItem><className>Industry/Banking</className></classificationItem></classification></classificationGroup><classificationGroup classificationScheme=\"indexing-terms\"><classification classificationScheme=\"legal\"><classificationItem><className>Criminal Law &amp; Procedure</className><classCode>Z3VpZD11cm46dG9waWM6NEU0RkE1OUQwNUQwNDgxODhEODZCMjkzOTg3NThBNzk7cGFyZW50Z3VpZD0</classCode><classificationItem score=\"99\"><className>General Overview</className><classCode>Z3VpZD11cm46dG9waWM6MUM4RjZFOEE4MDc3NDE4QjhCMkQwNzc2QTM0OUQ5NjI7cGFyZW50Z3VpZD11cm46dG9waWM6QzBDQzA4NEVCN0Q0NEZCRkEwNjY3Qzk3MDA3NzlCMjU</classCode></classificationItem></classificationItem></classification><classification classificationScheme=\"subject\"><classificationItem score=\"92\"><classCode>STX001932</classCode><className>CRIME, LAW ENFORCEMENT &amp; CORRECTIONS</className><classCode/><className/></classificationItem><classificationItem score=\"90\"><classCode>STX000713</classCode><className>FINANCIAL CRIME COUNTERMEASURES</className><classCode/><className/></classificationItem><classificationItem score=\"90\"><classCode>STX000969</classCode><className>INVESTIGATIONS</className><classCode/><className/></classificationItem><classificationItem score=\"90\"><classCode>N922120CC</classCode><className>LAW ENFORCEMENT</className><classCode/><className/></classificationItem><classificationItem score=\"90\"><classCode>STX001159</classCode><className>MONEY LAUNDERING</className><classCode>Z3VpZD11cm46dG9waWM6QzBDQzA4NEVCN0Q0NEZCRkEwNjY3Qzk3MDA3NzlCMjU7cGFyZW50Z3VpZD11cm46dG9waWM6NkUzNTQ1QUZBM0Y5NDcyQjk4N0I5Mjg0QzU3NDk0MDI</classCode><className>Money Laundering</className></classificationItem><classificationItem score=\"89\"><classCode>STX000535</classCode><className>CONTROLLED SUBSTANCES CRIME</className><classCode/><className/></classificationItem><classificationItem score=\"89\"><classCode>ST0009FJK</classCode><className>NEGATIVE PERSONAL NEWS</className><classCode/><className/></classificationItem><classificationItem score=\"87\"><classCode>N920000CC</classCode><className>GOVERNMENT &amp; PUBLIC ADMINISTRATION</className><classCode>Z3VpZD11cm46dG9waWM6MjdEQjE4OUJDMzQxNDNEMEI0RTI1QUFCMzJENjEwRTA7cGFyZW50Z3VpZD11cm46dG9waWM6MUFEMUQ2QTA1OUZCNEE5RjkzNTA2RERFMUNEOTk1RTI</classCode><className>Governments</className></classificationItem><classificationItem score=\"78\"><classCode>STX000162</classCode><className>BANK FAILURES</className><classCode/><className/></classificationItem><classificationItem score=\"78\"><classCode>STX000429</classCode><className>CRIME RATES</className><classCode/><className/></classificationItem><classificationItem score=\"78\"><classCode>ST000D4JV</classCode><className>CRIMINAL INVESTIGATIONS</className><classCode/><className/></classificationItem><classificationItem score=\"78\"><classCode>STX001040</classCode><className>LITIGATION</className><classCode/><className/></classificationItem><classificationItem score=\"78\"><classCode>ST0009QD4</classCode><className>NEGATIVE BUSINESS NEWS</className><classCode/><className/></classificationItem><classificationItem score=\"77\"><classCode>ST000DN6R</classCode><className>PUBLIC OFFICIALS</className><classCode/><className/></classificationItem><classificationItem score=\"77\"><classCode>ST000D1CF</classCode><className>WHISTLEBLOWERS</className><classCode/><className/></classificationItem><classificationItem score=\"76\"><classCode>ST000DLPN</classCode><className>EMPLOYMENT HISTORY</className><classCode/><className/></classificationItem><classificationItem score=\"73\"><classCode>STX000261</classCode><className>CARTELS</className><classCode/><className/></classificationItem><classificationItem score=\"73\"><classCode>ST000DKU4</classCode><className>UNITED NATIONS</className><classCode/><className/></classificationItem><classificationItem score=\"73\"><classCode>ST0009XGN</classCode><className>WHISTLEBLOWER PROTECTION</className><classCode>Z3VpZD11cm46dG9waWM6NzE0MzVFMkM4NkQwNDQ4NTgzRTc1NDBERUY0QzdERTg7cGFyZW50Z3VpZD11cm46dG9waWM6MTE3QUQwOTA0MUYzNDlCMEFFMjUwRUNDM0RDRkM5QzM</classCode><className>Whistleblower Protection Act</className></classificationItem><classificationItem score=\"68\"><classCode>STX000184</classCode><className>BIOMETRICS</className><classCode/><className/></classificationItem><classificationItem score=\"68\"><classCode>STX001648</classCode><className>SUITS &amp; CLAIMS</className><classCode/><className/></classificationItem><classificationItem score=\"67\"><classCode>ST0008XMR</classCode><className>LAW &amp; LEGAL SYSTEM</className><classCode/><className/></classificationItem></classification><classification classificationScheme=\"industry\"><classificationItem score=\"92\"><classCode>N520000CC</classCode><className>BANKING &amp; FINANCE</className><classCode/><className/></classificationItem><classificationItem score=\"92\"><classCode>ST0009RX6</classCode><classCode/><className/></classificationItem><classificationItem score=\"78\"><classCode>STX000162</classCode><className>BANK FAILURES</className><classCode/><className/></classificationItem></classification><classification classificationScheme=\"city\"><classificationItem score=\"89\"><classCode>GX014</classCode><className>SYDNEY, AUSTRALIA</className><classCode/><className/></classificationItem></classification><classification classificationScheme=\"state\"><classificationItem score=\"92\"><classCode>GS002</classCode><className>QUEENSLAND, AUSTRALIA</className><classCode/><className/></classificationItem></classification><classification classificationScheme=\"country\"><classificationItem score=\"97\"><classCode>GC301</classCode><className>AUSTRALIA</className><classCode/><className/></classificationItem></classification></classificationGroup></metadata></articleDoc></content></entry>"}