{"prediction_class": "Money laundering", "prediction_score": "0.99", "name": "Westpac", "title": "Westpac faces fines over 'serious and systemic' anti-money laundering breaches, AUSTRAC says", "published": "2019-11-20T00:00:00Z", "updated": "2020-11-15T20:11:47Z", "cleaned_article": "[TITLE] Westpac faces fines over 'serious and systemic' anti-money laundering breaches, AUSTRAC says [TITLE] \n\nAUSTRAC has applied to the Federal Court for civil penalty orders against Westpac for deficient oversight of its anti-money laundering and terrorism financing obligations. The bank is alleged to have breached the Anti-Money Laundering and Counter-Terrorism Financing (AML-CTF) Act on more than 23 million occasions.The anti-money laundering regulator is alleging Westpac failed to report more than 19.5 million international funds transfer instructions to it over a period of five years, for money moving into and out of Australia.Related to these transfers, AUSTRAC alleges Westpac \"allowed correspondent banks to access its banking environment and the Australian Payments System without conducting appropriate due diligence\".Among the serious breaches alleged, AUSTRAC says Westpac failed to \"carry out appropriate due diligence on customers sending money to the Philippines and South East Asia for known child exploitation risks\".In a very brief statement before the media at Parliament House, AUSTRAC's chief executive officer Nicole Rose described Westpac's behaviour as \"serious and systemic non-compliance\". \"These AML-CTF laws are in place to protect Australia's financial system, businesses and the community from criminal exploitation,\" she said. \"Serious and systemic non-compliance leaves our financial system open to being exploited by criminals.\"AUSTRAC's statement of claim outlines the magnitude of the theoretical maximum fine Westpac could face.\"Westpac has contravened the act on over 23 million occasions, each contravention attracting a civil penalty between $17 million and $21 million,\" the regulator noted. Assuming 23 million contraventions at the lower end of those maximum penalties, it amounts to a potential maximum fine of $391 trillion. As highlighted in the Commonwealth Bank money laundering case, the actual penalty paid is likely to be much smaller - CBA was facing a theoretical maximum penalty of close to $1 trillion, but ended up settling with AUSTRAC for $700 million in penalties for 53,700 breaches.Westpac's leaders slammed for 'indifference' to problems AUSTRAC's statement of claim was even more damning of the bank and its management than its media statements. \"These contraventions are the result of systemic failures in its control environment, indifference by senior management and inadequate oversight by the board,\" it alleged.\"They stemmed from Westpac's failure to properly resource the AML-CTF function, to invest in appropriate IT systems and automated solutions and to remediate known compliance issues in a timely manner.\"They have occurred because Westpac adopted an ad hoc approach to ML/TF [money laundering/terrorism financing] risk management and compliance.\"The regulator said billions of dollars had passed through these arrangements with \"correspondent banks\" overseas over the past six years alone, noting that \"with a significant number of payments processed under these arrangements, Westpac did not and does not know where the funds originate\".AUSTRAC's lawyers said Westpac's failure to have appropriate anti-money laundering programs in place made the total number of breaches \"unquantifiable\".\"Westpac contravenes section81 of the act on each occasion it provides a designated service where it does not have a compliant Part A Program in place,\" they noted. \"These contraventions are too voluminous to quantify and are ongoing.\"Westpac could have been used by known paedophiles AUSTRAC's concise statement of claim said the bank's anti-money laundering monitoring failures may have allowed known paedophiles to transfer money that could have resulted in child exploitation.\"Westpac still has not implemented appropriate automated detection scenarios to monitor for the known child exploitation risks through other channels,\" the regulator argued.\"As a result, Westpac has failed to detect activity on its customers' accounts that is indicative of child exploitation.\" The regulator also cited 12 individual customers who had repeated patterns of frequent, low-value transactions through their accounts that were indicative of child exploitation risks, but were not reported to AUSTRAC. \"Some of the undetected transactions involved payments to alleged or suspected child exploitation facilitators,\" AUSTRAC submitted to the court.\"One customer opened a number of Westpac accounts after serving a custodial sentence for child exploitation offences.\"Westpac promptly identified activity on one account that was indicative of child exploitation, but failed to promptly review activity on other accounts. \"This customer continued to send frequent, low-value payments to the Philippines through channels that were not being monitored appropriately.\"Westpac 'has cooperated with AUSTRAC's investigationWestpac revealed the AUSTRAC investigation in its recent annual report, confirming it had been targeted in relation to the bank's \"processes, procedures and oversight\" of anti-money laundering and counter-terror financing regulations. The bank confirmed in that report it had received a number of notices from AUSTRAC relating to reporting failures, due diligence, risk assessment and transaction monitoring. AUSTRAC said the bank had been working with it to address these reporting problems.\"Westpac disclosed issues with its IFTI reporting, has cooperated with AUSTRAC's investigation and has commenced the process of uplifting its AML-CTF controls,\" Ms Rose added in a statement.Westpac's annual report had warned an enforcement action by AUSTRAC could result in civil proceedings and the payment of \"a significant financial penalty\", which Westpac is \"currently unable to reliably estimate\". The bank this morning confirmed it had received a legal statement of claim from AUSTRAC.\"Westpac has previously disclosed (including in its full-year 2019 reporting) that it had self-reported a failure to report a large number of international funds transfer instructions (IFTIs) to AUSTRAC and that AUSTRAC was also investigating a number of other areas relating to Westpac's processes, procedures and oversight,\" it responded in a statement.", "raw_cleaned_article": "<h2>Westpac faces fines over 'serious and systemic' anti-money laundering breaches, AUSTRAC says</h2><p><b>AUSTRAC has applied to the Federal Court for civil penalty orders against Westpac for deficient oversight of its anti-money laundering and terrorism financing obligations.</b> The bank is alleged to have breached the Anti-Money Laundering and Counter-Terrorism Financing (AML-CTF) Act on more than 23 million occasions.<b>The anti-money laundering regulator is alleging Westpac failed to report more than 19.5 million international funds transfer instructions to it over a period of five years, for money moving into and out of Australia.</b><b>Related to these transfers, AUSTRAC alleges Westpac \"allowed correspondent banks to access its banking environment and the Australian Payments System without conducting appropriate due diligence\".</b><b>Among the serious breaches alleged, AUSTRAC says Westpac failed to \"carry out appropriate due diligence on customers sending money to the Philippines and South East Asia for known child exploitation risks\".</b><b>In a very brief statement before the media at Parliament House, AUSTRAC's chief executive officer Nicole Rose described Westpac's behaviour as \"serious and systemic non-compliance\".</b> \"These AML-CTF laws are in place to protect Australia's financial system, businesses and the community from criminal exploitation,\" she said. \"Serious and systemic non-compliance leaves our financial system open to being exploited by criminals.\"<b>AUSTRAC's statement of claim outlines the magnitude of the theoretical maximum fine Westpac could face.</b><b>\"Westpac has contravened the act on over 23 million occasions, each contravention attracting a civil penalty between $17 million and $21 million,\" the regulator noted.</b> Assuming 23 million contraventions at the lower end of those maximum penalties, it amounts to a potential maximum fine of $391 trillion. As highlighted in the Commonwealth Bank money laundering case, the actual penalty paid is likely to be much smaller - CBA was facing a theoretical maximum penalty of close to $1 trillion, but ended up settling with AUSTRAC for $700 million in penalties for 53,700 breaches.<b>Westpac's leaders slammed for 'indifference' to problems</b> AUSTRAC's statement of claim was even more damning of the bank and its management than its media statements. \"These contraventions are the result of systemic failures in its control environment, indifference by senior management and inadequate oversight by the board,\" it alleged.<b>\"They stemmed from Westpac's failure to properly resource the AML-CTF function, to invest in appropriate IT systems and automated solutions and to remediate known compliance issues in a timely manner.</b><b>\"They have occurred because Westpac adopted an ad hoc approach to ML/TF [money laundering/terrorism financing] risk management and compliance.\"</b><b>The regulator said billions of dollars had passed through these arrangements with \"correspondent banks\" overseas over the past six years alone, noting that \"with a significant number of payments processed under these arrangements, Westpac did not and does not know where the funds originate\".</b><b>AUSTRAC's lawyers said Westpac's failure to have appropriate anti-money laundering programs in place made the total number of breaches \"unquantifiable\".</b><b>\"Westpac contravenes section81 of the act on each occasion it provides a designated service where it does not have a compliant Part A Program in place,\" they noted.</b> \"These contraventions are too voluminous to quantify and are ongoing.\"<b>Westpac could have been used by known paedophiles</b> AUSTRAC's concise statement of claim said the bank's anti-money laundering monitoring failures may have allowed known paedophiles to transfer money that could have resulted in child exploitation.<b>\"Westpac still has not implemented appropriate automated detection scenarios to monitor for the known child exploitation risks through other channels,\" the regulator argued.</b><b>\"As a result, Westpac has failed to detect activity on its customers' accounts that is indicative of child exploitation.\"</b> The regulator also cited 12 individual customers who had repeated patterns of frequent, low-value transactions through their accounts that were indicative of child exploitation risks, but were not reported to AUSTRAC. \"Some of the undetected transactions involved payments to alleged or suspected child exploitation facilitators,\" AUSTRAC submitted to the court.<b>\"One customer opened a number of Westpac accounts after serving a custodial sentence for child exploitation offences.</b><b>\"Westpac promptly identified activity on one account that was indicative of child exploitation, but failed to promptly review activity on other accounts.</b> \"This customer continued to send frequent, low-value payments to the Philippines through channels that were not being monitored appropriately.\"<b>Westpac 'has cooperated with AUSTRAC's investigation</b><b>Westpac revealed the AUSTRAC investigation in its recent annual report, confirming it had been targeted in relation to the bank's \"processes, procedures and oversight\" of anti-money laundering and counter-terror financing regulations.</b> The bank confirmed in that report it had received a number of notices from AUSTRAC relating to reporting failures, due diligence, risk assessment and transaction monitoring. AUSTRAC said the bank had been working with it to address these reporting problems.<b>\"Westpac disclosed issues with its IFTI reporting, has cooperated with AUSTRAC's investigation and has commenced the process of uplifting its AML-CTF controls,\" Ms Rose added in a statement.</b><b>Westpac's annual report had warned an enforcement action by AUSTRAC could result in civil proceedings and the payment of \"a significant financial penalty\", which Westpac is \"currently unable to reliably estimate\".</b> The bank this morning confirmed it had received a legal statement of claim from AUSTRAC.<b>\"Westpac has previously disclosed (including in its full-year 2019 reporting) that it had self-reported a failure to report a large number of international funds transfer instructions (IFTIs) to AUSTRAC and that AUSTRAC was also investigating a number of other areas relating to Westpac's processes, procedures and oversight,\" it responded in a statement.</b></p>", "original_content": "<entry xmlns=\"http://www.w3.org/2005/Atom\"><id>urn:contentItem:5XJ8-FGH1-JBF5-T0N0-00000-00</id><title>Westpac faces fines over 'serious and systemic' anti-money laundering breaches, AUSTRAC says</title><published>2019-11-20T00:00:00Z</published><updated>2020-11-15T20:11:47Z</updated><author><name>LexisNexis</name></author><content type=\"application/xml\"><!--Transformation version 1.23--><articleDoc xmlns=\"\" xmlns:xsi=\"http://www.w3.org/2001/XMLSchema-instance\" xsi:noNamespaceSchemaLocation=\"http://www.lexisnexis.com/xmlschemas/content/public/articledoc/1/\" schemaVersion=\"1.8\" xml:lang=\"en\"><articleDocHead><itemInfo/></articleDocHead><nitf:body xmlns:nitf=\"http://iptc.org/std/NITF/2006-10-18/\"><nitf:body.head><nitf:hedline><nitf:hl1>Westpac faces fines over 'serious and systemic' anti-money laundering breaches, AUSTRAC says</nitf:hl1></nitf:hedline><nitf:byline><author><person><nameText>By business reporter Michael Janda and senior business correspondent Peter Ryan</nameText></person></author></nitf:byline></nitf:body.head><nitf:body.content><bodyText><p nitf:lede=\"true\">AUSTRAC has applied to the Federal Court for civil penalty orders against Westpac for deficient oversight of its anti-money laundering and terrorism financing obligations.</p><p nitf:lede=\"true\">The bank is alleged to have breached the Anti-Money Laundering and Counter-Terrorism Financing (AML-CTF) Act on more than 23 million occasions.</p><p nitf:lede=\"true\">The anti-money laundering regulator is alleging Westpac failed to report more than 19.5 million international funds transfer instructions to it over a period of five years, for money moving into and out of Australia.</p><p>Related to these transfers, AUSTRAC alleges Westpac \"allowed correspondent banks to access its banking environment and the Australian Payments System without conducting appropriate due diligence\".</p><p>Among the serious breaches alleged, AUSTRAC says Westpac failed to \"carry out appropriate due diligence on customers sending money to the Philippines and South East Asia for known child exploitation risks\".</p><p>In a very brief statement before the media at Parliament House, AUSTRAC's chief executive officer Nicole Rose described Westpac's behaviour as \"serious and systemic non-compliance\".</p><p>\"These AML-CTF laws are in place to protect Australia's financial system, businesses and the community from criminal exploitation,\" she said.</p><p>\"Serious and systemic non-compliance leaves our financial system open to being exploited by criminals.\"</p><p>AUSTRAC's statement of claim outlines the magnitude of the theoretical maximum fine Westpac could face.</p><p>\"Westpac has contravened the act on over 23 million occasions, each contravention attracting a civil penalty between $17 million and $21 million,\" the regulator noted.</p><p>Assuming 23 million contraventions at the lower end of those maximum penalties, it amounts to a potential maximum fine of $391 trillion.</p><p>As highlighted in the Commonwealth Bank money laundering case, the actual penalty paid is likely to be much smaller - CBA was facing a theoretical maximum penalty of close to $1 trillion, but ended up <url normalizedValue=\"http://www.abc.net.au/news/2018-06-04/commonwealth-bank-pay-$700-million-fine-money-laundering-breach/9831064\">settling with AUSTRAC for $700 million in penalties for 53,700 breaches</url>.</p><p>Westpac's leaders slammed for 'indifference' to problems</p><p>AUSTRAC's statement of claim was even more damning of the bank and its management than its media statements.</p><p>\"These contraventions are the result of systemic failures in its control environment, indifference by senior management and inadequate oversight by the board,\" it alleged.</p><p>\"They stemmed from Westpac's failure to properly resource the AML-CTF function, to invest in appropriate IT systems and automated solutions and to remediate known compliance issues in a timely manner.</p><p>\"They have occurred because Westpac adopted an ad hoc approach to ML/TF [money laundering/terrorism financing] risk management and compliance.\"</p><p>The regulator said billions of dollars had passed through these arrangements with \"correspondent banks\" overseas over the past six years alone, noting that \"with a significant number of payments processed under these arrangements, Westpac did not and does not know where the funds originate\".</p><p>AUSTRAC's lawyers said Westpac's failure to have appropriate anti-money laundering programs in place made the total number of breaches \"unquantifiable\".</p><p>\"Westpac contravenes section81 of the act on each occasion it provides a designated service where it does not have a compliant Part A Program in place,\" they noted.</p><p>\"These contraventions are too voluminous to quantify and are ongoing.\"</p><p>Westpac could have been used by known paedophiles</p><p>AUSTRAC's concise statement of claim said the bank's anti-money laundering monitoring failures may have allowed known paedophiles to transfer money that could have resulted in child exploitation.</p><p>\"Westpac still has not implemented appropriate automated detection scenarios to monitor for the known child exploitation risks through other channels,\" the regulator argued.</p><p>\"As a result, Westpac has failed to detect activity on its customers' accounts that is indicative of child exploitation.\"</p><p>The regulator also cited 12 individual customers who had repeated patterns of frequent, low-value transactions through their accounts that were indicative of child exploitation risks, but were not reported to AUSTRAC.</p><p>\"Some of the undetected transactions involved payments to alleged or suspected child exploitation facilitators,\" AUSTRAC submitted to the court.</p><p>\"One customer opened a number of Westpac accounts after serving a custodial sentence for child exploitation offences.</p><p>\"Westpac promptly identified activity on one account that was indicative of child exploitation, but failed to promptly review activity on other accounts.</p><p>\"This customer continued to send frequent, low-value payments to the Philippines through channels that were not being monitored appropriately.\"</p><p>Westpac 'has cooperated with AUSTRAC's investigation</p><p><url normalizedValue=\"/news/2019-10-24/westpac-misconduct-costs-head-toward-2-billion/11633554\">Westpac revealed the AUSTRAC investigation in its recent annual report</url>, confirming it had been targeted in relation to the bank's \"processes, procedures and oversight\" of anti-money laundering and counter-terror financing regulations.</p><p>The bank confirmed in that report it had received a number of notices from AUSTRAC relating to reporting failures, due diligence, risk assessment and transaction monitoring.</p><p>AUSTRAC said the bank had been working with it to address these reporting problems.</p><p>\"Westpac disclosed issues with its IFTI reporting, has cooperated with AUSTRAC's investigation and has commenced the process of uplifting its AML-CTF controls,\" Ms Rose added in a statement.</p><p>Westpac's annual report had warned an enforcement action by AUSTRAC could result in civil proceedings and the payment of \"a significant financial penalty\", which Westpac is \"currently unable to reliably estimate\".</p><p>The bank this morning confirmed it had received a legal statement of claim from AUSTRAC.</p><p>\"Westpac has previously disclosed (including in its full-year 2019 reporting) that it had self-reported a failure to report a large number of international funds transfer instructions (IFTIs) to AUSTRAC and that AUSTRAC was also investigating a number of other areas relating to Westpac's processes, procedures and oversight,\" it responded in a statement.</p><p>\"Westpac is currently reviewing AUSTRAC's statement of claim and will issue a further statement to the ASX once it has been assessed.\"</p><p>CBA's money laundering scandal, <url normalizedValue=\"/news/2017-08-03/cba-risks-massive-fines-over-law-breaches/8770992\">first revealed by the ABC in August 2017</url>, expedited the scheduled retirement of chief executive Ian Narev and added to pressure that led to the banking royal commission.</p></bodyText></nitf:body.content></nitf:body><metadata><dc:metadata xmlns:dc=\"http://purl.org/dc/elements/1.1/\"><dc:identifier identifierScheme=\"DOC-ID\">ABCPNW-TOPNWS11720474</dc:identifier><dc:source sourceScheme=\"royaltyReportingKey\">ABCPNW2019</dc:source><dc:identifier identifierScheme=\"PGUID\">urn:contentItem:5XJ8-FGH1-JBF5-T0N0-00000-00</dc:identifier><dc:source sourceScheme=\"productContentSetIdentifier\">300224</dc:source><dc:date dateType=\"last-updated\">2019-11-19</dc:date></dc:metadata><wordCount number=\"1071\"/><timeReceived>9:16 AM AEST</timeReceived><publicationInfo><copyright>Copyright 2019 Australian Broadcasting Corporation All Rights Reserved</copyright><publicationName>ABC Premium News (Australia)</publicationName><publicationLogo><logo><inlineObject><locator><locatorKey><keyName name=\"object-key\"/><keyValue value=\"37478\"/></locatorKey><locatorParameters><parameter name=\"object-type\" value=\"201\"/><parameter name=\"object-smi\" value=\"LOGOS\"/><parameter name=\"componentseq\" value=\"1\"/></locatorParameters></locator></inlineObject></logo></publicationLogo><publicationDate day=\"20\" month=\"11\" year=\"2019\"><dateText>November 20, 2019 Wednesday</dateText></publicationDate><classification classificationScheme=\"publicationtype\"><classificationItem><className>Newswire</className></classificationItem></classification><classification classificationScheme=\"publicationtype\"><classificationItem><className>Newswires &amp; Press Releases</className></classificationItem></classification></publicationInfo><classification classificationScheme=\"language\"><classificationItem classificationScheme=\"lang.english\"><className>ENGLISH</className></classificationItem></classification><classificationGroup classificationScheme=\"licensor.indexing-terms\"><classification classificationScheme=\"licensor.country\"><classificationItem><className>Australia</className></classificationItem></classification><classification classificationScheme=\"licensor.subject\"><classificationItem><className>Business, Economics and Finance:Industry:Banking</className></classificationItem><classificationItem><className>Business, Economics and Finance/Regulation</className></classificationItem><classificationItem><className>Law, Crime and Justice/Fraud and Corporate Crime</className></classificationItem></classification></classificationGroup><classificationGroup classificationScheme=\"indexing-terms\"><classification classificationScheme=\"legal\"><classificationItem><className>Criminal Law &amp; Procedure</className><classCode>Z3VpZD11cm46dG9waWM6NEU0RkE1OUQwNUQwNDgxODhEODZCMjkzOTg3NThBNzk7cGFyZW50Z3VpZD0</classCode><classificationItem score=\"99\"><className>General Overview</className><classCode>Z3VpZD11cm46dG9waWM6MUM4RjZFOEE4MDc3NDE4QjhCMkQwNzc2QTM0OUQ5NjI7cGFyZW50Z3VpZD11cm46dG9waWM6QzBDQzA4NEVCN0Q0NEZCRkEwNjY3Qzk3MDA3NzlCMjU</classCode></classificationItem></classificationItem></classification><classification classificationScheme=\"subject\"><classificationItem score=\"92\"><classCode>STX000713</classCode><className>FINANCIAL CRIME COUNTERMEASURES</className><classCode/><className/></classificationItem><classificationItem score=\"91\"><classCode>STX000722</classCode><className>FINES &amp; PENALTIES</className><classCode/><className/></classificationItem><classificationItem score=\"90\"><classCode>STX001932</classCode><className>CRIME, LAW ENFORCEMENT &amp; CORRECTIONS</className><classCode/><className/></classificationItem><classificationItem score=\"90\"><classCode>STX001159</classCode><className>MONEY LAUNDERING</className><classCode>Z3VpZD11cm46dG9waWM6QzBDQzA4NEVCN0Q0NEZCRkEwNjY3Qzk3MDA3NzlCMjU7cGFyZW50Z3VpZD11cm46dG9waWM6NkUzNTQ1QUZBM0Y5NDcyQjk4N0I5Mjg0QzU3NDk0MDI</classCode><className>Money Laundering</className></classificationItem><classificationItem score=\"90\"><classCode>ST0009FJK</classCode><className>NEGATIVE PERSONAL NEWS</className><classCode/><className/></classificationItem><classificationItem score=\"89\"><classCode>ST000A4J6</classCode><className>CRIMINAL FINES</className><classCode>Z3VpZD11cm46dG9waWM6NUY4M0RBNUNERDlGNEI1QUJFMDc4QzU5OTU4RjNDRTY7cGFyZW50Z3VpZD11cm46dG9waWM6MUIzQ0NGRDZERUU3NERCODg2MEZFMDI2RTI0RTA3RTc</classCode><className>Fines</className></classificationItem><classificationItem score=\"89\"><classCode>ST000DMT1</classCode><className>PATENT COURTS</className><classCode/><className/></classificationItem><classificationItem score=\"89\"><classCode>STX001710</classCode><className>TERRORISM</className><classCode>Z3VpZD11cm46dG9waWM6ODg4MDhDQ0I2QkY5NDU2Rjg1RDNEREFBODk1Nzg1QTY7cGFyZW50Z3VpZD11cm46dG9waWM6RjgwNUY4MjJCMTg5NDgzRUJBMDQwNkM4NkUyNTJBMEY</classCode><className>Terrorism</className></classificationItem><classificationItem score=\"78\"><classCode>STX000408</classCode><className>CORPORATE WRONGDOING</className><classCode/><className/></classificationItem><classificationItem score=\"78\"><classCode>STX000417</classCode><className>COUNTERTERRORISM</className><classCode/><className/></classificationItem><classificationItem score=\"78\"><classCode>ST000DLA3</classCode><className>ECONOMICS</className><classCode/><className/></classificationItem><classificationItem score=\"78\"><classCode>STX000759</classCode><className>FRAUD &amp; FINANCIAL CRIME</className><classCode/><className/></classificationItem><classificationItem score=\"78\"><classCode>N922110CC</classCode><className>LAW COURTS &amp; TRIBUNALS</className><classCode/><className/></classificationItem><classificationItem score=\"78\"><classCode>N921120CC</classCode><className>LEGISLATIVE BODIES</className><classCode/><className/></classificationItem><classificationItem score=\"78\"><classCode>STX001500</classCode><className>RISK MANAGEMENT</className><classCode/><className/></classificationItem><classificationItem score=\"73\"><classCode>STLL000CVGE</classCode><className>CHILDREN'S RIGHTS</className><classCode/><className/></classificationItem><classificationItem score=\"72\"><classCode>ST000D1BY</classCode><className>EXECUTIVES</className><classCode/><className/></classificationItem></classification><classification classificationScheme=\"industry\"><classificationItem score=\"90\"><classCode>N520000CC</classCode><className>BANKING &amp; FINANCE</className><classCode/><className/></classificationItem><classificationItem score=\"90\"><classCode>ST0009RX6</classCode><classCode/><className/></classificationItem><classificationItem score=\"78\"><classCode>STX001500</classCode><className>RISK MANAGEMENT</className><classCode/><className/></classificationItem></classification><classification classificationScheme=\"country\"><classificationItem score=\"95\"><classCode>GC301</classCode><className>AUSTRALIA</className><classCode/><className/></classificationItem><classificationItem score=\"79\"><classCode>GT113</classCode><className>ASIA</className><classCode/><className/></classificationItem><classificationItem score=\"79\"><classCode>GC310</classCode><className>PHILIPPINES</className><classCode/><className/></classificationItem><classificationItem score=\"79\"><classCode>GR138</classCode><className>SOUTH-EASTERN ASIA</className><classCode/><className/></classificationItem></classification></classificationGroup></metadata></articleDoc></content></entry>"}