{"prediction_class": "Money laundering", "prediction_score": "1.0", "name": "Westpac", "title": "ORGANISED CRIME;The new Mob", "published": "2004-11-20T00:00:00Z", "updated": "2020-11-15T19:37:19Z", "cleaned_article": "[TITLE] ORGANISED CRIME;The new Mob [TITLE] \n\nThis year alone the Russian mafia has been caught out in far more schemes than simply child pornography. They include an attempted kidnap, extortion, prostitution racket and jury rigging in Sydney, where two mafia godfathers were discovered to have set up shop. In Alice Springs, their attempted extortion of bookmakers failed triggering a crash in the Telstra network as retribution and hundreds of thousands of dollars has been stolen from Northern Territory bank accounts through internet and e-mail scams. Sex slaves brought to the Northern Territory were this year identified as victims of the Russian mafia. In Melbourne a number of Russian figures made the police top-50 gangster list. In Brisbane after the hijacking a company website, millions were fleeced from Westpac bank accounts. And in Canberra, Russia's ambassador to Australia, Leonid Moiseev, signalled his desire to work more closely with Australian authorities to help solve the problem. Just one sophisticated trick in the Russian mafia's armoury is a system known as \"Trojan Horsing\". This involves hacking into a personal computer, recording the keystrokes and then stripping bank accounts. [...] \n\n2004: Hundreds of Australians charged for accessing child pornography websites run by the Russian mafia. 2004: Two Australian gambling companies blackmailed. 2003: Faked ANZ and Westpac bank websites, thought to have been set up online from Russia, are investigated. 2001: A Gold Coast man steals art, jewellery and a luxury boat, and while on trial says he did it to pay off debts to the Russian mafia. 2001: Russians found money laundering on the Gold Coast.", "raw_cleaned_article": "<h2>ORGANISED CRIME;The new Mob</h2><p>This year alone the Russian mafia has been caught out in far more schemes than simply child pornography. They include an attempted kidnap, extortion, prostitution racket and jury rigging in Sydney, where two mafia godfathers were discovered to have set up shop. In Alice Springs, their attempted extortion of bookmakers failed triggering a crash in the Telstra network as retribution and hundreds of thousands of dollars has been stolen from Northern Territory bank accounts through internet and e-mail scams. <b>Sex slaves brought to the Northern Territory were this year identified as victims of the Russian mafia. In Melbourne a number of Russian figures made the police top-50 gangster list. In Brisbane after the hijacking a company website, millions were fleeced from Westpac bank accounts.</b> And in Canberra, Russia's ambassador to Australia, Leonid Moiseev, signalled his desire to work more closely with Australian authorities to help solve the problem. Just one sophisticated trick in the Russian mafia's armoury is a system known as \"Trojan Horsing\". This involves hacking into a personal computer, recording the keystrokes and then stripping bank accounts.</p><p>[...]</p><p>2004: Hundreds of Australians charged for accessing child pornography websites run by the Russian mafia. 2004: Two Australian gambling companies blackmailed. <b>2003: Faked ANZ and Westpac bank websites, thought to have been set up online from Russia, are investigated.</b> 2001: A Gold Coast man steals art, jewellery and a luxury boat, and while on trial says he did it to pay off debts to the Russian mafia. 2001: Russians found money laundering on the Gold Coast.</p>", "original_content": "<entry xmlns=\"http://www.w3.org/2005/Atom\"><id>urn:contentItem:4DV0-5X80-015G-X00W-00000-00</id><title>ORGANISED CRIME;The new Mob</title><published>2004-11-20T00:00:00Z</published><updated>2020-11-15T19:37:19Z</updated><author><name>LexisNexis</name></author><content type=\"application/xml\"><!--Transformation version 1.23--><articleDoc xmlns=\"\" xmlns:xsi=\"http://www.w3.org/2001/XMLSchema-instance\" xsi:noNamespaceSchemaLocation=\"http://www.lexisnexis.com/xmlschemas/content/public/articledoc/1/\" schemaVersion=\"1.8\" xml:lang=\"en\"><articleDocHead><itemInfo><sourceSectionInfo><positionSection>MAGAZINE; Pg. W07</positionSection></sourceSectionInfo></itemInfo></articleDocHead><nitf:body xmlns:nitf=\"http://iptc.org/std/NITF/2006-10-18/\"><nitf:body.head><nitf:hedline><nitf:hl1>ORGANISED CRIME;<br/>The new Mob</nitf:hl1></nitf:hedline><nitf:byline>TONY BAKER and MILES KEMP</nitf:byline></nitf:body.head><nitf:body.content><bodyText><p nitf:lede=\"true\">The Russian mafia has spun its web of evil all the way to Australia, write TONY BAKER and MILES KEMP.</p><p nitf:lede=\"true\"> FROM child pornography to massive tax-scam money laundering by way of caviar smuggling, murder and even a Telstra phone network crash in Alice Springs, the Russian mafia has emerged as a major force in organised criminal activity in Australia.</p><p nitf:lede=\"true\">The child pornography crackdown which last month convulsed the nation as part of a global web is the latest example of the spreading tentacles of Russia's czars of crime.</p><p nitf:lede=\"true\">\"There is no doubt that the Russian mafia are well established in Australia,\" says Paul Wilson, Professor of Criminology at Queensland's Bond University and one of the world's leading criminologists.</p><p>The first signs of infiltration surfaced on the Gold Coast.</p><p>Soon after the breakup of the Soviet Union in the early 1990s, authorities warned organised crime gangs were looking for fresh fields.</p><p> Australian crime authorities believe the Russian mafia has been active on the Gold Coast for at least three years. And they say they are \"extremely dangerous\". The lure of the Gold Coast is prestige property at, by world standards, a bargain price.</p><p>Co-ordinator of Defence and Strategic Studies at Curtin University, Dr Alexey Muraviev, says position, prestige and the symbols of capitalism are the trademarks of criminals from the former Soviet Union.</p><p>And as with Miami, in the US, the towers of the Gold Coast have been like a beacon to those seeking to extend their empires into the West.</p><p>Known generically as the Russian mafia, they have been attracted by global interest in such events as the Sydney Olympics and news of solid legitimate investments to be made with foreign cash in our real-estate hot spots.</p><p>\"Prestige, reputation and making a splash is a special factor in the mindset of these people and that means you have to go high value and say I live there,\" Dr Muraviev says.</p><p>\"They are legalising funds, accumulating property to launder money and the eastern seaboard in the minds of former Soviets is the place normally associated with Australia.\"</p><p>The problem for authorities is that while property accumulation is the legitimate side to their business, the Russian mafia has many other criminal tentacles reaching their way into Australian society by onshore operatives and offshore cybercrime experts.</p><p>\"Most of these people are (also) very violent,\" says Prof Wilson.</p><p>\"Three years ago, Queensland's Crime and Misconduct Commission reported that the Russian mafia had made significant inroads into the Gold Coast.\"</p><p>For decades, Australians have been accustomed to thinking of organised crime, where it exists at all, as being low-level low-life in Sydney and Melbourne, the Chinese Tongs and Sicilian-American mafia, the Cosa Nostra.</p><p>But there is overwhelming evidence that globally the Russian version is vastly bigger, nastier in its capacity for violence and, above all, far more technologically sophisticated.</p><p>Dr Muraviev says, so far, there has been an element of protection for places with lesser international lifestyle reputations such as Adelaide. But with cybercrime a Russian mafia specialty, we are a nearby destination.</p><p>The Australian Crime Commission last month released an audit of 100 organised crime groups in Australia, the Russians identified as among them.</p><p>The Australian Institute of Criminology warned the Russians had at least a presence throughout Australia and, in May, Victorian Police Commissioner Christine Nixon warned the Russian mafia had become one of the \"major threats\" to law and order.</p><p>This year alone the Russian mafia has been caught out in far more schemes than simply child pornography. They include an attempted kidnap, extortion, prostitution racket and jury rigging in Sydney, where two mafia godfathers were discovered to have set up shop.</p><p>In Alice Springs, their attempted extortion of bookmakers failed triggering a crash in the Telstra network as retribution and hundreds of thousands of dollars has been stolen from Northern Territory bank accounts through internet and e-mail scams.</p><p>Sex slaves brought to the Northern Territory were this year identified as victims of the Russian mafia. In Melbourne a number of Russian figures made the police top-50 gangster list. In Brisbane after the hijacking a company website, millions were fleeced from Westpac bank accounts.</p><p>And in Canberra, Russia's ambassador to Australia, Leonid Moiseev, signalled his desire to work more closely with Australian authorities to help solve the problem.</p><p>Just one sophisticated trick in the Russian mafia's armoury is a system known as \"Trojan Horsing\". This involves hacking into a personal computer, recording the keystrokes and then stripping bank accounts.</p><p>They target corporate and small business.</p><p>\"Small business are particularly vulnerable, because they don't have the resources to fight back,\" Prof Wilson says.</p><p>The child pornography ring was broken by a taskforce of the American FBI, which followed a money trail of credit-card transactions to Minsk, capital of Belarus, in what was the Soviet Union.</p><p>By the time investigators zeroed in on the Australian connections, links had been established to Paris and Madrid as well as the US.</p><p>But this is only part of what law enforcement agencies have come to realise is a worldwide threat.</p><p>Australian author Greg Wilson, who has made a special study of the rise of the new hoodlums, argues that the homeland milieu is on their side.</p><p>\"They come to a country like the US or Australia and it's so simple for them,\" he says.</p><p>Not only that, the Mr Bigs need not even be here but instead tapping into a keyboard - or having young hackers do it for them - in the fleshpots of the world they seem to be readily able to exploit and pervert. Interconnectedness is criminalised and Australianised.</p><p>Ten years and growing, Eastern European organised crime in Australia</p><p>2004: Hundreds of Australians charged for accessing child pornography websites run by the Russian mafia.</p><p>2004: Two Australian gambling companies blackmailed.</p><p>2003: Faked ANZ and Westpac bank websites, thought to have been set up online from Russia, are investigated.</p><p>2001: A Gold Coast man steals art, jewellery and a luxury boat, and while on trial says he did it to pay off debts to the Russian mafia.</p><p>2001: Russians found money laundering on the Gold Coast.</p><p>2000: Former</p><p>KGB colonel Geuannadi Bernovski is murdered in Queensland, allegedly by a fellow Russian.</p><p>2000: The first high-ranking warning that Russian mafia figures are targeting Australia comes from NSW police commissioner Peter Ryan.</p><p>1998: Two Queensland businessmen claim they were the target of an extortion racket run by Russian criminals.</p><p>1993: First significant post-Soviet organised crime incursion identified when a Victorian drug importation scam is broken up by Customs and police.</p></bodyText></nitf:body.content></nitf:body><metadata><dc:metadata xmlns:dc=\"http://purl.org/dc/elements/1.1/\"><dc:identifier identifierScheme=\"DOC-ID\">ADVSUN-ADV0411201W07328654</dc:identifier><dc:source sourceScheme=\"royaltyReportingKey\">THEADVERTISERLTD</dc:source><dc:identifier identifierScheme=\"PGUID\">urn:contentItem:4DV0-5X80-015G-X00W-00000-00</dc:identifier><dc:source sourceScheme=\"productContentSetIdentifier\">244790</dc:source><dc:date dateType=\"last-updated\">2020-06-21</dc:date></dc:metadata><wordCount number=\"1129\"/><publicationInfo><publicationName>The Advertiser</publicationName><copyright>Copyright 2004 Nationwide News Pty Limited</copyright><publicationDate day=\"20\" month=\"11\" year=\"2004\"><dateText>November 20, 2004 Saturday</dateText></publicationDate><classification classificationScheme=\"publicationtype\"><classificationItem><className>Newspapers</className></classificationItem></classification></publicationInfo><classification classificationScheme=\"language\"><classificationItem><className>ENGLISH</className></classificationItem></classification><classificationGroup classificationScheme=\"indexing-terms\"><classification classificationScheme=\"organization\"><classificationItem score=\"67\"><className>AUSTRALIAN CRIME COMMISSION\u00a0</className></classificationItem></classification></classificationGroup><classificationGroup classificationScheme=\"indexing-terms\"><classification classificationScheme=\"legal\"><classificationItem><className>Criminal Law &amp; Procedure</className><classCode>Z3VpZD11cm46dG9waWM6NEU0RkE1OUQwNUQwNDgxODhEODZCMjkzOTg3NThBNzk7cGFyZW50Z3VpZD0</classCode><classificationItem score=\"95\"><className>Elements</className><classCode>Z3VpZD11cm46dG9waWM6NDExQzM3QUQ3MDNGNDEyNjkwNURBRUUzQjdENDA4RDk7cGFyZW50Z3VpZD11cm46dG9waWM6OTlGQjFGMEI1MTJDNEFDREI2QURDMjZEQ0NCQzk0Mzc</classCode></classificationItem><classificationItem score=\"96\"><className>General Overview</className><classCode>Z3VpZD11cm46dG9waWM6MjEyQUZGRjM5QTg4NEJGOTk4QTRFN0NBRkVEQTE3Q0U7cGFyZW50Z3VpZD11cm46dG9waWM6NDE0MDI4Mjg5QUU3NDA2NTkyQTVFMjJCRDRFNjkwRDc</classCode></classificationItem><classificationItem score=\"91\"><className>General Overview</className><classCode>Z3VpZD11cm46dG9waWM6MUM4RjZFOEE4MDc3NDE4QjhCMkQwNzc2QTM0OUQ5NjI7cGFyZW50Z3VpZD11cm46dG9waWM6QzBDQzA4NEVCN0Q0NEZCRkEwNjY3Qzk3MDA3NzlCMjU</classCode></classificationItem></classificationItem></classification><classification classificationScheme=\"subject\"><classificationItem score=\"91\"><classCode>STX001266</classCode><className>ORGANIZED CRIME</className><classCode/><className/></classificationItem><classificationItem score=\"90\"><classCode>STX001932</classCode><className>CRIME, LAW ENFORCEMENT &amp; CORRECTIONS</className><classCode/><className/></classificationItem><classificationItem score=\"90\"><classCode>STX001159</classCode><className>MONEY LAUNDERING</className><classCode>Z3VpZD11cm46dG9waWM6QzBDQzA4NEVCN0Q0NEZCRkEwNjY3Qzk3MDA3NzlCMjU7cGFyZW50Z3VpZD11cm46dG9waWM6NkUzNTQ1QUZBM0Y5NDcyQjk4N0I5Mjg0QzU3NDk0MDI</classCode><className>Money Laundering</className></classificationItem><classificationItem score=\"90\"><classCode>ST0009FJK</classCode><className>NEGATIVE PERSONAL NEWS</className><classCode/><className/></classificationItem><classificationItem score=\"89\"><classCode>STX001678</classCode><className>TAX FRAUD</className><classCode>Z3VpZD11cm46dG9waWM6QUQ3NTEzQ0ZENTYxNEY1MDgwREQ3OTcwNUIyRjczNDY7cGFyZW50Z3VpZD11cm46dG9waWM6QjUxMzkyMTA2MTNDNDhDOUJDMkY5MkRGRDY1NjZBQjg</classCode><className>Tax Fraud</className></classificationItem><classificationItem score=\"78\"><classCode>ST00093Q7</classCode><className>CHILD PORNOGRAPHY</className><classCode>Z3VpZD11cm46dG9waWM6NDE0MDI4Mjg5QUU3NDA2NTkyQTVFMjJCRDRFNjkwRDc7cGFyZW50Z3VpZD11cm46dG9waWM6RkQwRTk5MUFBNjMxNDJGQUJGMDJBNjIzOTZEMUZBQTc</classCode><className>Child Pornography</className></classificationItem><classificationItem score=\"78\"><classCode>ST0008ZGX</classCode><className>CYBERCRIME</className><classCode/><className/></classificationItem><classificationItem score=\"78\"><classCode>STX001353</classCode><className>PORNOGRAPHY</className><classCode/><className/></classificationItem><classificationItem score=\"78\"><classCode>STX001585</classCode><className>SMUGGLING</className><classCode>Z3VpZD11cm46dG9waWM6NzZCNDNCMENDOTVGNEFBNEE0RTBGREIyQ0IzMjk0QUI7cGFyZW50Z3VpZD11cm46dG9waWM6MTYyODU4NTlDMkZFNEUzRTk1RUZGNzQyNjVEOEI5REU</classCode><className>Smuggling</className></classificationItem><classificationItem score=\"74\"><classCode>ST0009JY5</classCode><className>COLLEGE &amp; UNIVERSITY PROFESSORS</className><classCode/><className/></classificationItem><classificationItem score=\"68\"><classCode>STX001149</classCode><className>MISCONDUCT</className><classCode/><className/></classificationItem></classification><classification classificationScheme=\"industry\"><classificationItem score=\"78\"><classCode>ST0008ZGX</classCode><className>CYBERCRIME</className><classCode/><className/></classificationItem><classificationItem score=\"74\"><classCode>ST0009JY5</classCode><className>COLLEGE &amp; UNIVERSITY PROFESSORS</className><classCode/><className/></classificationItem><classificationItem score=\"73\"><classCode>STX001455</classCode><className>REAL ESTATE</className><classCode/><className/></classificationItem><classificationItem score=\"71\"><classCode>ST000A2W7</classCode><classCode/><className/></classificationItem></classification><classification classificationScheme=\"city\"><classificationItem score=\"92\"><classCode>GX014</classCode><className>SYDNEY, AUSTRALIA</className><classCode/><className/></classificationItem><classificationItem score=\"73\"><classCode>GX015</classCode><className>MELBOURNE, AUSTRALIA</className><classCode/><className/></classificationItem></classification><classification classificationScheme=\"state\"><classificationItem score=\"74\"><classCode>GR215</classCode><className>SOUTHEAST USA</className><classCode/><className/></classificationItem><classificationItem score=\"73\"><classCode>GS002</classCode><className>QUEENSLAND, AUSTRALIA</className><classCode/><className/></classificationItem></classification><classification classificationScheme=\"country\"><classificationItem score=\"96\"><classCode>GC301</classCode><className>AUSTRALIA</className><classCode/><className/></classificationItem><classificationItem score=\"92\"><classCode>GC578</classCode><className>RUSSIAN FEDERATION</className><classCode/><className/></classificationItem><classificationItem score=\"92\"><classCode>GC343</classCode><className>UNITED STATES</className><classCode/><className/></classificationItem></classification></classificationGroup></metadata></articleDoc></content></entry>"}