{"prediction_class": "Money laundering", "prediction_score": "1.0", "name": "Westpac", "title": "Experts warn 'inconsistent' laws make luxury goods an easy target for moneylaundering", "published": "2019-12-29T00:00:00Z", "updated": "2020-11-15T20:09:13Z", "cleaned_article": "[TITLE] Experts warn 'inconsistent' laws make luxury goods an easy target for moneylaundering [TITLE] \n\nAn AUSTRAC spokeswoman said the financial sector was obliged to put in place systems and controls that protect from criminal abuse, while also reporting on financial transactions and suspicious activity. \"AUSTRAC works closely with Australian businesses to educate them about their money laundering and terrorism financing risks and helps them recognise and mitigate these risks,\" she said. But Ronald Pol, a senior researcher at LaTrobe University, said Westpac's alleged 23 million breaches of anti-money laundering laws highlighted failures with the system as well as the bank's lack of compliance with reporting rules. \"The modern anti-money laundering experiment finds some criminals but is terrible at finding enough to have any real impact on crime. Banks are a much easier target for regulators,\" Dr Pol wrote in The Conversation. A spokesman for the Australian Criminal Intelligence Commission said buying luxury goods with dirty money had a lower risk of detection than other methods of money laundering.", "raw_cleaned_article": "<h2>Experts warn 'inconsistent' laws make luxury goods an easy target for moneylaundering</h2><p>An AUSTRAC spokeswoman said the financial sector was obliged to put in place systems and controls that protect from criminal abuse, while also reporting on financial transactions and suspicious activity. \"AUSTRAC works closely with Australian businesses to educate them about their money laundering and terrorism financing risks and helps them recognise and mitigate these risks,\" she said. <b>But Ronald Pol, a senior researcher at LaTrobe University, said Westpac's alleged 23 million breaches of anti-money laundering laws highlighted failures with the system as well as the bank's lack of compliance with reporting rules.</b> \"The modern anti-money laundering experiment finds some criminals but is terrible at finding enough to have any real impact on crime. Banks are a much easier target for regulators,\" Dr Pol wrote in The Conversation. A spokesman for the Australian Criminal Intelligence Commission said buying luxury goods with dirty money had a lower risk of detection than other methods of money laundering.</p>", "original_content": "<entry xmlns=\"http://www.w3.org/2005/Atom\"><id>urn:contentItem:5XVF-D7V1-JBJ7-N053-00000-00</id><title>Experts warn 'inconsistent' laws make luxury goods an easy target for moneylaundering</title><published>2019-12-29T00:00:00Z</published><updated>2020-11-15T20:09:13Z</updated><author><name>LexisNexis</name></author><content type=\"application/xml\"><!--Transformation version 1.23--><articleDoc xmlns=\"\" xmlns:xsi=\"http://www.w3.org/2001/XMLSchema-instance\" xsi:noNamespaceSchemaLocation=\"http://www.lexisnexis.com/xmlschemas/content/public/articledoc/1/\" schemaVersion=\"1.8\" xml:lang=\"en\"><articleDocHead><itemInfo/></articleDocHead><nitf:body xmlns:nitf=\"http://iptc.org/std/NITF/2006-10-18/\"><nitf:body.head><nitf:hedline><nitf:hl1>Experts warn 'inconsistent' laws make luxury goods an easy target for moneylaundering</nitf:hl1></nitf:hedline><nitf:byline><author><person><nameText>Andrew Taylor</nameText></person></author></nitf:byline><highlight><bodyText><p>Criminals add luxury goods to their shopping list of items to purchase with the proceeds of crime because of \"inconsistent\" anti-money laundering laws.</p></bodyText></highlight></nitf:body.head><nitf:body.content><bodyText><p nitf:lede=\"true\">Experts have warned laws to prevent money laundering and terrorist financing are weak and \"inconsistent\", with criminals adding luxury goods to their shopping list of items to purchase with the proceeds of crime.</p><p nitf:lede=\"true\">But legal experts warn increased regulation may infringe on privacy without halting the flow of dirty money.</p><p nitf:lede=\"true\">Liz Campbell, a professor of criminal law at Monash University, said an estimated $10-$15 billion was laundered in Australia each year despite efforts by law enforcement bodies such as AUSTRAC (the Australian Transaction Reports and Analysis Centre).</p><p>But anti-money laundering laws were \"inconsistent\" and did not cover some sectors at risk, she said. \"If I have a bundle of cash and I go in and buy myself a Rolex or a lot of expensive clothes, that's not going to be something that the seller has to report to AUSTRAC.\"</p><p>Professor Campbell said global crime syndicates were channelling dirty money into luxury goods because of a lack of regulation. She said unlike property transactions and financial institutions, records are not routinely kept of purchases of luxury goods such as watches, jewellery, artworks or antiques.</p><p>From January, European Union laws will compel auctioneers and art or antique dealers to report suspicious cash transactions. But Professor Campbell said crackdowns on money laundering in one country or sector may just displace criminal activity rather than curb it.</p><p>\"What that means is you're not actually preventing or changing the crime, you're just relocating it,\" she said.</p><p>More than $8.5 million worth of jewellery, cars and other luxury items were seized by the Australian Federal Police in November as part of an investigation into offshore funds allegedly being laundered in Australia.</p><p>Federal police also disrupted a syndicate in September that allegedly stole almost $2 million from superannuation accounts, laundering the funds overseas to buy jewellery and other \"untraceable assets\" before transferring the money back to Australia in crypto-currency.</p><p>Russell Wilson, a director of the Australian branch of Transparency International, said the current anti-money laundering regime \"does not place obligations on dealers in luxury or high value goods to ascertain the source of the funds used to purchase the goods or to report if they suspect that the funds may have been obtained from illegal activities\".</p><p>Ross Grantham, a professor of commercial law at the University of Queensland, said Australia's anti-money laundering laws did not \"really deal\" with buying luxury goods.</p><p>But he said \"unexplained wealth laws\" - which are now in place nationally and require convicted criminals to demonstrate their wealth was derived from legitimate sources - could capture luxury goods purchased with dirty money.</p><p>\"My personal view is we've gone as far as we probably should,\" Professor Grantham said.</p><p>\"We are concerned about the drug trade and preventing terrorism funding, but the price individual citizens have been asked to pay in terms of autonomy, freedom and privacy is getting pretty high.\"</p><p>The Financial Action Task Force, an inter-governmental body set up to combat money laundering, also criticised Australia in its <url normalizedValue=\"http://www.fatf-gafi.org/countries/a-c/australia/documents/fur-australia-2018.html\">latest report</url> for gaps in its laws.</p><p>An AFP spokeswoman said criminals are \"continuously looking for methods for laundering their funds and this can include the purchase of high-value goods as a way of moving or concealing criminal proceeds\", but Australia had \"a strong regime\" to fight such activities.</p><p>An AUSTRAC spokeswoman said the financial sector was obliged to put in place systems and controls that protect from criminal abuse, while also reporting on financial transactions and suspicious activity.</p><p>\"AUSTRAC works closely with Australian businesses to educate them about their money laundering and terrorism financing risks and helps them recognise and mitigate these risks,\" she said.</p><p>But Ronald Pol, a senior researcher at LaTrobe University, said Westpac's alleged 23 million breaches of anti-money laundering laws highlighted failures with the system as well as the bank's lack of compliance with reporting rules.</p><p>\"The modern anti-money laundering experiment finds some criminals but is terrible at finding enough to have any real impact on crime. Banks are a much easier target for regulators,\" Dr Pol <link service=\"DOCUMENT\"><marker>wrote</marker><locator><locatorKey><keyName name=\"lni\"/><keyValue value=\"\"/></locatorKey></locator></link> in The Conversation.</p><p>A spokesman for the Australian Criminal Intelligence Commission said buying luxury goods with dirty money had a lower risk of detection than other methods of money laundering.</p><p>\"In comparison to other forms of money laundering it is minor in terms of total value, and number of instances recorded,\" he said.</p><p>Transparency International noted in its 2017 report <url normalizedValue=\"https://www.transparency.org/whatwedo/publication/tainted_treasures_money_laundering_risks_in_luxury_markets\">Tainted Treasures: Money Laundering Risks in Luxury Markets</url> that the luxury sector was an attractive method of laundering illicit funds.</p><p>\"Luxury goods, super yachts and stately homes located at upmarket addresses can also bestow credibility on the corrupt, providing a sheen of legitimacy to people who benefit from stolen wealth,\" the report said.</p></bodyText></nitf:body.content></nitf:body><metadata><dc:metadata xmlns:dc=\"http://purl.org/dc/elements/1.1/\"><dc:identifier identifierScheme=\"DOC-ID\">SYMRLD-1520219942</dc:identifier><dc:source sourceScheme=\"royaltyReportingKey\">SYMRLD2019</dc:source><dc:identifier identifierScheme=\"PGUID\">urn:contentItem:5XVF-D7V1-JBJ7-N053-00000-00</dc:identifier><dc:source sourceScheme=\"productContentSetIdentifier\">404053</dc:source><dc:date dateType=\"last-updated\">2019-12-28</dc:date></dc:metadata><wordCount number=\"834\"/><timeReceived>00:00 GMT</timeReceived><publicationInfo><copyright>Copyright 2019 Fairfax Media Publications Pty. Limited All Rights Reserved</copyright><publicationName>The Sydney Morning Herald (Australia) - Online</publicationName><publicationDate day=\"29\" month=\"12\" year=\"2019\"><dateText>December 29, 2019 Sunday</dateText></publicationDate><classification classificationScheme=\"publicationtype\"><classificationItem><className>Web Publication</className></classificationItem></classification><classification classificationScheme=\"publicationtype\"><classificationItem><className>Web-based Publications</className></classificationItem></classification></publicationInfo><classification classificationScheme=\"language\"><classificationItem classificationScheme=\"lang.english\"><className>ENGLISH</className></classificationItem></classification><classificationGroup classificationScheme=\"indexing-terms\"><classification classificationScheme=\"organization\"><classificationItem score=\"55\"><classCode>ST000D73F</classCode><className>EUROPEAN UNION</className></classificationItem></classification></classificationGroup><classificationGroup classificationScheme=\"licensor.indexing-terms\"><classification classificationScheme=\"licensor.subject\"><classificationItem><className>National</className></classificationItem></classification></classificationGroup><classificationGroup classificationScheme=\"indexing-terms\"><classification classificationScheme=\"legal\"><classificationItem><className>Criminal Law &amp; Procedure</className><classCode>Z3VpZD11cm46dG9waWM6NEU0RkE1OUQwNUQwNDgxODhEODZCMjkzOTg3NThBNzk7cGFyZW50Z3VpZD0</classCode><classificationItem score=\"99\"><className>General Overview</className><classCode>Z3VpZD11cm46dG9waWM6MUM4RjZFOEE4MDc3NDE4QjhCMkQwNzc2QTM0OUQ5NjI7cGFyZW50Z3VpZD11cm46dG9waWM6QzBDQzA4NEVCN0Q0NEZCRkEwNjY3Qzk3MDA3NzlCMjU</classCode></classificationItem></classificationItem></classification><classification classificationScheme=\"subject\"><classificationItem score=\"90\"><classCode>ST0009JY5</classCode><className>COLLEGE &amp; UNIVERSITY PROFESSORS</className><classCode/><className/></classificationItem><classificationItem score=\"90\"><classCode>STX001932</classCode><className>CRIME, LAW ENFORCEMENT &amp; CORRECTIONS</className><classCode/><className/></classificationItem><classificationItem score=\"90\"><classCode>STX000713</classCode><className>FINANCIAL CRIME COUNTERMEASURES</className><classCode/><className/></classificationItem><classificationItem score=\"90\"><classCode>STX001159</classCode><className>MONEY LAUNDERING</className><classCode>Z3VpZD11cm46dG9waWM6QzBDQzA4NEVCN0Q0NEZCRkEwNjY3Qzk3MDA3NzlCMjU7cGFyZW50Z3VpZD11cm46dG9waWM6NkUzNTQ1QUZBM0Y5NDcyQjk4N0I5Mjg0QzU3NDk0MDI</classCode><className>Money Laundering</className></classificationItem><classificationItem score=\"90\"><classCode>ST0009FJK</classCode><className>NEGATIVE PERSONAL NEWS</className><classCode/><className/></classificationItem><classificationItem score=\"89\"><classCode>N611310QM</classCode><className>LAW SCHOOLS</className><classCode/><className/></classificationItem><classificationItem score=\"89\"><classCode>ST0008X5W</classCode><className>SPECIAL INVESTIGATIVE FORCES</className><classCode/><className/></classificationItem><classificationItem score=\"78\"><classCode>STX000129</classCode><className>AUCTIONS</className><classCode/><className/></classificationItem><classificationItem score=\"78\"><classCode>ST0009J0N</classCode><className>CRIMINAL LAW</className><classCode>Z3VpZD11cm46dG9waWM6NEU0RkE1OUQwNUQwNDgxODhEODZCMjkzOTg3NThBNzk7cGFyZW50Z3VpZD0</classCode><className>Criminal Law &amp; Procedure</className></classificationItem><classificationItem score=\"78\"><classCode>ST000DEW4</classCode><className>DIGITAL CURRENCY</className><classCode/><className/></classificationItem><classificationItem score=\"78\"><classCode>STX001717</classCode><className>LARCENY &amp; THEFT</className><classCode>Z3VpZD11cm46dG9waWM6MkQxNjZDNzE1NDc3NDIyNDhFNjM0MDNERERCNUVCM0M7cGFyZW50Z3VpZD11cm46dG9waWM6OTdGN0NBMjhBN0VBNDYzOEFCRkQyNDc2RDJDMzc3Mjg</classCode><className>Larceny &amp; Theft</className></classificationItem><classificationItem score=\"78\"><classCode>N922120CC</classCode><className>LAW ENFORCEMENT</className><classCode/><className/></classificationItem><classificationItem score=\"78\"><classCode>STX001266</classCode><className>ORGANIZED CRIME</className><classCode/><className/></classificationItem><classificationItem score=\"78\"><classCode>STX001710</classCode><className>TERRORISM</className><classCode>Z3VpZD11cm46dG9waWM6ODg4MDhDQ0I2QkY5NDU2Rjg1RDNEREFBODk1Nzg1QTY7cGFyZW50Z3VpZD11cm46dG9waWM6RjgwNUY4MjJCMTg5NDgzRUJBMDQwNkM4NkUyNTJBMEY</classCode><className>Terrorism</className></classificationItem><classificationItem score=\"76\"><classCode>STX000969</classCode><className>INVESTIGATIONS</className><classCode/><className/></classificationItem><classificationItem score=\"73\"><classCode>ST0009J09</classCode><className>COMMERCIAL LAW</className><classCode/><className/></classificationItem><classificationItem score=\"73\"><classCode>ST000A4JU</classCode><className>CRIMINAL CONVICTIONS</className><classCode/><className/></classificationItem><classificationItem score=\"73\"><classCode>ST0009PXO</classCode><className>EUROPEAN UNION LAW</className><classCode/><className/></classificationItem><classificationItem score=\"73\"><classCode>ST00007237</classCode><className>INVASION OF PRIVACY</className><classCode>Z3VpZD11cm46dG9waWM6MEYyNUYzRjAzRTE3NDQyREFEMTc4RDg0RkQ2QkYyRkY7cGFyZW50Z3VpZD11cm46dG9waWM6QzREMTA1OTgyODY3NDc2NjlFRjUzNDE5RTM4QjY4NzM</classCode><className>Invasion of Privacy</className></classificationItem><classificationItem score=\"73\"><classCode>ST0008XMR</classCode><className>LAW &amp; LEGAL SYSTEM</className><classCode/><className/></classificationItem><classificationItem score=\"71\"><classCode>N4493310M</classCode><className>ANTIQUE DEALERS</className><classCode/><className/></classificationItem><classificationItem score=\"66\"><classCode>ST000CTII</classCode><className>ANTIQUES &amp; COLLECTIBLES</className><classCode/><className/></classificationItem><classificationItem score=\"66\"><classCode>ST000D73F</classCode><className>EUROPEAN UNION</className><classCode/><className/></classificationItem><classificationItem score=\"63\"><classCode>N922120QM</classCode><className>POLICE FORCES</className><classCode/><className/></classificationItem></classification><classification classificationScheme=\"industry\"><classificationItem score=\"91\"><classCode>STX001052</classCode><className>LUXURY GOODS</className><classCode/><className/></classificationItem><classificationItem score=\"90\"><classCode>ST0009JY5</classCode><className>COLLEGE &amp; UNIVERSITY PROFESSORS</className><classCode/><className/></classificationItem><classificationItem score=\"89\"><classCode>N611310QM</classCode><className>LAW SCHOOLS</className><classCode/><className/></classificationItem><classificationItem score=\"78\"><classCode>ST000DEW4</classCode><className>DIGITAL CURRENCY</className><classCode/><className/></classificationItem><classificationItem score=\"78\"><classCode>STX000720</classCode><className>FINE JEWELRY</className><classCode/><className/></classificationItem><classificationItem score=\"73\"><classCode>N520000CC</classCode><className>BANKING &amp; FINANCE</className><classCode/><className/></classificationItem><classificationItem score=\"71\"><classCode>N4493310M</classCode><className>ANTIQUE DEALERS</className><classCode/><className/></classificationItem><classificationItem score=\"70\"><classCode>ST0009SPP</classCode><className>REAL ESTATE TRANSACTIONS</className><classCode/><className/></classificationItem><classificationItem score=\"66\"><classCode>ST000CTII</classCode><className>ANTIQUES &amp; COLLECTIBLES</className><classCode/><className/></classificationItem></classification><classification classificationScheme=\"city\"><classificationItem score=\"73\"><classCode>GX014</classCode><className>SYDNEY, AUSTRALIA</className><classCode/><className/></classificationItem></classification><classification classificationScheme=\"state\"><classificationItem score=\"58\"><classCode>GS002</classCode><className>QUEENSLAND, AUSTRALIA</className><classCode/><className/></classificationItem></classification><classification classificationScheme=\"country\"><classificationItem score=\"95\"><classCode>GC301</classCode><className>AUSTRALIA</className><classCode/><className/></classificationItem><classificationItem score=\"55\"><classCode>ST00099QF</classCode><className>EUROPEAN UNION MEMBER STATES</className><classCode/><className/></classificationItem></classification></classificationGroup></metadata></articleDoc></content></entry>"}