{"prediction_class": "Money laundering", "prediction_score": "0.99", "name": "Westpac", "title": "Westpac in crisis talks with largest investors amid money-laundering scandal;Legal action accusing bank of 23m law breaches hits share price and could lead to class actions", "published": "2019-11-25T00:00:00Z", "updated": "2020-11-15T20:11:47Z", "cleaned_article": "[TITLE] Westpac in crisis talks with largest investors amid money-laundering scandal;Legal action accusing bank of 23m law breaches hits share price and could lead to class actions [TITLE] \n\nLast Wednesday, Australia's financial intelligence agency, Austrac, launched legal action against       \u00a0    Westpac, accusing it of more than 23m breaches of anti-money laundering and counter-terrorism finance laws involving $11bn in transactions, including transfers potentially linked to child exploitation.The case is likely to lead to fines in excess of $1bn. Commonwealth Bank has already agreed to a $700m fine as a result of failures to properly oversee the use of its ATM machines in breach of money-laundering controls. But its case involved just 53,000 breaches, compared with 23m for Westpac.The investigation is likely to consider whether Westpac directors have breached their duties as directors, whether there have been breaches of the continuous disclosure rules, which require public companies to inform the market of all matters that could affect the share price, and whether there are any other corporate conduct matters that contravene legislation. Aside from the question of whether the directors performed their duties as stewards of the company on behalf of the shareholders, there will be other questions as well.Meanwhile, the law firm Phi Finney McDonald is investigating a class action against Westpac on behalf of shareholders who acquired shares before 19 November 2019.It will allege the bank breached its continuous disclosure obligations. \"Austrac's allegations against Westpac are deeply troubling,\" said Tim Finney, Phi Finney McDonald director. \"Modern institutional investors take corporate governance issues extremely seriously. The suggestion that a major bank could be so lax with its anti-money laundering systems that it potentially facilitated child abuse and exploitation is about as serious as it gets.\" [...] \n\nSign up to receive the top stories from Guardian Australia every morning On Sunday Westpac's chairman, Lindsay Maxsted, broke his silence on the crisis gripping the bank, issuing an update on the bank's response to the Austrac investigations. Among the actions he flagged were an immediate closure of LitePay, which was allegedly used by paedophile networks to send payments to the Philippines, without raising any red flags, and doubling the number of staff working in financial crime to 750 people. Maxsted said it would add $80m to the bank's costs in 2020. But contrary to reports that executive bonuses had been scrapped, the release said that 2019 short-term variable bonuses had been \"withheld\" for the full executive team, \"subject to the assessment of accountability\".", "raw_cleaned_article": "<h2>Westpac in crisis talks with largest investors amid money-laundering scandal;Legal action accusing bank of 23m law breaches hits share price and could lead to class actions</h2><p><b>Last Wednesday, Australia's financial intelligence agency, Austrac, launched legal action against       \u00a0    Westpac, accusing it of more than 23m breaches of anti-money laundering and counter-terrorism finance laws involving $11bn in transactions, including transfers potentially linked to child exploitation.</b><b>The case is likely to lead to fines in excess of $1bn. Commonwealth Bank has already agreed to a $700m fine as a result of failures to properly oversee the use of its ATM machines in breach of money-laundering controls. But its case involved just 53,000 breaches, compared with 23m for Westpac.</b><b>The investigation is likely to consider whether Westpac directors have breached their duties as directors, whether there have been breaches of the continuous disclosure rules, which require public companies to inform the market of all matters that could affect the share price, and whether there are any other corporate conduct matters that contravene legislation.</b> Aside from the question of whether the directors performed their duties as stewards of the company on behalf of the shareholders, there will be other questions as well.<b>Meanwhile, the law firm Phi Finney McDonald is investigating a class action against Westpac on behalf of shareholders who acquired shares before 19 November 2019.</b><b>It will allege the bank breached its continuous disclosure obligations. \"Austrac's allegations against Westpac are deeply troubling,\" said Tim Finney, Phi Finney McDonald director.</b> \"Modern institutional investors take corporate governance issues extremely seriously. The suggestion that a major bank could be so lax with its anti-money laundering systems that it potentially facilitated child abuse and exploitation is about as serious as it gets.\"</p><p>[...]</p><p>Sign up to receive the top stories from Guardian Australia every morning <b>On Sunday Westpac's chairman, Lindsay Maxsted, broke his silence on the crisis gripping the bank, issuing an update on the bank's response to the Austrac investigations.</b> Among the actions he flagged were an immediate closure of LitePay, which was allegedly used by paedophile networks to send payments to the Philippines, without raising any red flags, and doubling the number of staff working in financial crime to 750 people. Maxsted said it would add $80m to the bank's costs in 2020. But contrary to reports that executive bonuses had been scrapped, the release said that 2019 short-term variable bonuses had been \"withheld\" for the full executive team, \"subject to the assessment of accountability\".</p>", "original_content": "<entry xmlns=\"http://www.w3.org/2005/Atom\"><id>urn:contentItem:5XKC-FJ31-F021-60G6-00000-00</id><title>Westpac in crisis talks with largest investors amid money-laundering scandal;Legal action accusing bank of 23m law breaches hits share price and could lead to class actions</title><published>2019-11-25T00:00:00Z</published><updated>2020-11-15T20:11:47Z</updated><author><name>LexisNexis</name></author><content type=\"application/xml\"><!--Transformation version 1.23--><articleDoc xmlns=\"\" xmlns:xsi=\"http://www.w3.org/2001/XMLSchema-instance\" xsi:noNamespaceSchemaLocation=\"http://www.lexisnexis.com/xmlschemas/content/public/articledoc/1/\" schemaVersion=\"1.8\" xml:lang=\"en\"><articleDocHead><itemInfo><sourceSectionInfo><positionSection>AUSTRALIA NEWS</positionSection><positionSequence>Version:1</positionSequence></sourceSectionInfo></itemInfo></articleDocHead><nitf:body xmlns:nitf=\"http://iptc.org/std/NITF/2006-10-18/\"><nitf:body.head><nitf:hedline><nitf:hl1>Westpac in crisis talks with largest investors amid money-laundering scandal</nitf:hl1><nitf:hl2>Legal action accusing bank of 23m law breaches hits share price and could lead to class actions</nitf:hl2></nitf:hedline><nitf:byline><author><person><nameText>Anne Davies</nameText></person></author></nitf:byline></nitf:body.head><nitf:body.content><bodyText><p nitf:lede=\"true\">Westpac is holding crisis talks with its largest institutional investors as legal action over allegations by the money-laundering regulator that the bank breached laws more than 23m times ignited investigations by a raft of other corporate and financial regulators.</p><p nitf:lede=\"true\">Shares in the nation's second biggest bank continued to slide on Monday - down a further 1% to $24.50 at midday in a rising market - and credit ratings agency Moody's issued a report saying the events unfolding were \"ratings negative\".</p><p nitf:lede=\"true\">The bank will also likely face a spate of class actions, with the first expected to be brought by law firm Phi Finney McDonald on behalf of shareholders.</p><p nitf:lede=\"true\">Last Wednesday, Australia's financial intelligence agency, <url normalizedValue=\"https://www.theguardian.com/australia-news/2019/nov/20/westpac-accused-of-more-than-23m-breaches-of-anti-money-laundering-laws\">Austrac, launched legal action</url> against       \u00a0    <url normalizedValue=\"https://www.theguardian.com/australia-news/2019/nov/20/westpac-accused-of-more-than-23m-breaches-of-anti-money-laundering-laws\">Westpac</url>, accusing it of more than 23m breaches of anti-money laundering and counter-terrorism finance laws involving $11bn in transactions, including transfers potentially linked to child exploitation.</p><p>The case is likely to lead to fines in excess of $1bn. Commonwealth Bank has already agreed to a $700m fine as a result of failures to properly oversee the use of its ATM machines in breach of money-laundering controls. But its case involved just 53,000 breaches, compared with 23m for Westpac.</p><p>Westpac now faces further investigations, which could impact directly on the bank's directors and senior executives.</p><p>Both the Australian Securities and Investments commission (Asic), which has responsibility for corporate conduct and the Australian Prudential Regulatory Authority (Apra), which oversees the governance and financial health of deposit taking institutions, have stepped in.</p><p>\"Asic can confirm that it commenced an investigation on Thursday, 21 November 2019, concerning possible breaches of legislation it administers arising from Austrac's actions in relation to Westpac,\" a spokesperson said.</p><p>The investigation is likely to consider whether Westpac directors have breached their duties as directors, whether there have been breaches of the continuous disclosure rules, which require public companies to inform the market of all matters that could affect the share price, and whether there are any other corporate conduct matters that contravene legislation.</p><p>Aside from the question of whether the directors performed their duties as stewards of the company on behalf of the shareholders, there will be other questions as well.</p><p>Two weeks ago <url normalizedValue=\"https://www.theguardian.com/australia-news/2019/nov/20/westpac-accused-of-more-than-23m-breaches-of-anti-money-laundering-laws\">Westpac announced a $2.5 billion capital raising</url> which it said would be used to bolster its balance sheet. $2bn was raised from institutional shareholders and a further $500m was raised from retail investors, at a generous discount to the then share price. But investors who took up the placement are now significantly underwater following the precipitous slide in the share price since last Wednesday's bombshell revelations.</p><p>Offer documents disclosed the Austrac investigation as a key risk, but did not say the matter involved 23m possible breaches.</p><p>Asic is also responsible for issuing financial services licences, which Westpac and other banks hold. Those licences carry a requirement to act honestly and fairly and this too is set to be investigated by Asic.</p><p>Meanwhile, the law firm Phi Finney McDonald is investigating a class action against Westpac on behalf of shareholders who acquired shares before 19 November 2019.</p><p>It will allege the bank breached its continuous disclosure obligations. \"Austrac's allegations against Westpac are deeply troubling,\" said Tim Finney, Phi Finney McDonald director.</p><p>\"Modern institutional investors take corporate governance issues extremely seriously. The suggestion that a major bank could be so lax with its anti-money laundering systems that it potentially facilitated child abuse and exploitation is about as serious as it gets.\"</p><p>The Apra investigation is likely to focus on governance issues and whether the actions of Westpac transgressed the Banking Executive Accountability Regime (Bear).</p><p>The Bear, which establishes heightened standards of accountability among authorised deposit-taking institutions such as the major banks, came into force in July 2018 as a response to the revelations in the banking royal commission.</p><p>It spells out the responsibilities of directors and executives of financial institutions and is the main way the government hoped to restore some faith in the battered sector. It also includes enhanced prudential reporting and controls, which could hit Westpac's bottom line.</p><p>While the bulk of breaches are alleged to have occurred before the Bear came into effect, Austrac claims some continued as recently as Wednesday, when it filed its lawsuit.</p><p>\"Apra confirms it is looking into governance issues at Westpac following the Austrac action,\" a spokesman said.</p><p>\"Apra is considering whether the alleged breaches (and any potential penalties) have implications under Bear, or raise other prudential concerns that require a response from Apra.</p><p>\"However, as the treasurer noted, the Bear is not retrospective, and therefore its potential application may hinge on the timing of the alleged offences,\" it said.</p><p>But sources said Apra could potentially take action under other pre-existing powers.</p><p><url normalizedValue=\"https://www.theguardian.com/australia-news/2019/nov/20/westpac-accused-of-more-than-23m-breaches-of-anti-money-laundering-laws\">Sign up to receive the top stories from Guardian Australia every morning</url></p><p>In July, Apra made Westpac add an extra $500m to its prudential capital buffer for identified weaknesses in Westpac's governance and non-financial risk management, following a self-assessment by the three other banks in the wake of the CBA revelations of breaches of the money-laundering laws.</p><p>\"Apra is currently monitoring a major remediation program the bank is carrying out to address identified weaknesses,\" the regulator's spokesman said.</p><p>On Sunday Westpac's chairman, Lindsay Maxsted, broke his silence on the crisis gripping the bank, issuing an update on the bank's response to the Austrac investigations.</p><p>Among the actions he flagged were an immediate closure of LitePay, which was allegedly used by paedophile networks to send payments to the Philippines, without raising any red flags, and doubling the number of staff working in financial crime to 750 people. Maxsted said it would add $80m to the bank's costs in 2020.</p><p>But contrary to reports that executive bonuses had been scrapped, the release said that 2019 short-term variable bonuses had been \"withheld\" for the full executive team, \"subject to the assessment of accountability\".</p><p>Meanwhile, Westpac's executives and the board have scheduled crisis meetings with institutional investors, which include many of the largest superannuation funds.</p><p>The Australian Council of Superannuation Investors, which represents $2.2 trillion invested in Australian companies, is one of the bodies which will be seeking answers before it makes recommendations to its member companies on actions they can take.</p><p>Chief executive Louise Davidson said the failure of the board alleged by Austrac was \"incredibly concerning\", especially in light of the long time period over which these issues occurred.</p><p>\"We expect the board and CEO of Westpac to clearly explain how the issues identified by Austrac occurred and where accountability will fall. Investors take these matters seriously and will be engaging with the board ahead of the AGM.\"</p><p>Westpac's AGM is due to be held on 12 December.</p><p>Moody's issued a report saying: \"The allegations are credit-negative because of the damage to the bank's reputation and the adverse financial impact from potential fines and costs related to remedial actions. \"</p><p>While Moody's said it was too early to estimate the value of any potential penalties, it noted that Commonwealth Bank has been fined $700 million by Austrac in relation to its breaches.</p><p>The ratings agency concluded that a similar sized fine would be manageable for the smaller Westpac, given the $6.8 billion profit the bank reported for the fiscal year ending 30 June (fiscal 2019).</p></bodyText></nitf:body.content></nitf:body><metadata><dc:metadata xmlns:dc=\"http://purl.org/dc/elements/1.1/\"><dc:identifier identifierScheme=\"DOC-ID\">GUARDN-58125052</dc:identifier><dc:source sourceScheme=\"royaltyReportingKey\">GUARDN2019</dc:source><dc:identifier identifierScheme=\"PGUID\">urn:contentItem:5XKC-FJ31-F021-60G6-00000-00</dc:identifier><dc:source sourceScheme=\"productContentSetIdentifier\">138620</dc:source><dc:date dateType=\"last-updated\">2019-11-25</dc:date></dc:metadata><wordCount number=\"1307\"/><timeReceived>6:16 AM GMT</timeReceived><publicationInfo><copyright>Copyright 2019 The Guardian, a division of Transcontinental Media Group Inc. All Rights Reserved</copyright><publicationName>The Guardian(London)</publicationName><publicationLogo><logo><inlineObject><locator><locatorKey><keyName name=\"object-key\"/><keyValue value=\"28075\"/></locatorKey><locatorParameters><parameter name=\"object-type\" value=\"201\"/><parameter name=\"object-smi\" value=\"LOGOS\"/><parameter name=\"componentseq\" value=\"1\"/></locatorParameters></locator></inlineObject></logo></publicationLogo><publicationDate day=\"25\" month=\"11\" year=\"2019\"><dateText>November 25, 2019 Monday</dateText></publicationDate><classification classificationScheme=\"publicationtype\"><classificationItem><className>Newspaper</className></classificationItem></classification><classification classificationScheme=\"publicationtype\"><classificationItem><className>Newspapers</className></classificationItem></classification></publicationInfo><classification classificationScheme=\"language\"><classificationItem classificationScheme=\"lang.english\"><className>ENGLISH</className></classificationItem></classification><classificationGroup classificationScheme=\"indexing-terms\"><classification classificationScheme=\"legal\"><classificationItem><className>Criminal Law &amp; Procedure</className><classCode>Z3VpZD11cm46dG9waWM6NEU0RkE1OUQwNUQwNDgxODhEODZCMjkzOTg3NThBNzk7cGFyZW50Z3VpZD0</classCode><classificationItem score=\"94\"><className>General Overview</className><classCode>Z3VpZD11cm46dG9waWM6MUM4RjZFOEE4MDc3NDE4QjhCMkQwNzc2QTM0OUQ5NjI7cGFyZW50Z3VpZD11cm46dG9waWM6QzBDQzA4NEVCN0Q0NEZCRkEwNjY3Qzk3MDA3NzlCMjU</classCode></classificationItem></classificationItem></classification><classification classificationScheme=\"subject\"><classificationItem score=\"91\"><classCode>STX001669</classCode><className>TALKS &amp; MEETINGS</className><classCode/><className/></classificationItem><classificationItem score=\"90\"><classCode>N926150GC</classCode><className>BANKING &amp; FINANCE REGULATION</className><classCode/><className/></classificationItem><classificationItem score=\"90\"><classCode>STX000713</classCode><className>FINANCIAL CRIME COUNTERMEASURES</className><classCode/><className/></classificationItem><classificationItem score=\"90\"><classCode>STX000969</classCode><className>INVESTIGATIONS</className><classCode/><className/></classificationItem><classificationItem score=\"90\"><classCode>ST0008XMR</classCode><className>LAW &amp; LEGAL SYSTEM</className><classCode/><className/></classificationItem><classificationItem score=\"90\"><classCode>STX001040</classCode><className>LITIGATION</className><classCode/><className/></classificationItem><classificationItem score=\"90\"><classCode>STX001159</classCode><className>MONEY LAUNDERING</className><classCode>Z3VpZD11cm46dG9waWM6QzBDQzA4NEVCN0Q0NEZCRkEwNjY3Qzk3MDA3NzlCMjU7cGFyZW50Z3VpZD11cm46dG9waWM6NkUzNTQ1QUZBM0Y5NDcyQjk4N0I5Mjg0QzU3NDk0MDI</classCode><className>Money Laundering</className></classificationItem><classificationItem score=\"90\"><classCode>ST0009QD4</classCode><className>NEGATIVE BUSINESS NEWS</className><classCode/><className/></classificationItem><classificationItem score=\"90\"><classCode>ST0009FJK</classCode><className>NEGATIVE PERSONAL NEWS</className><classCode/><className/></classificationItem><classificationItem score=\"90\"><classCode>ST000CZTI</classCode><className>STOCK PRICES</className><classCode/><className/></classificationItem><classificationItem score=\"89\"><classCode>ST000CTIZ</classCode><className>SCANDALS</className><classCode/><className/></classificationItem><classificationItem score=\"89\"><classCode>STX001561</classCode><className>SHAREHOLDERS</className><classCode>Z3VpZD11cm46dG9waWM6NEI2QjYxNjkwMTkzNDhFRUExNjlFRjVFRUU3NDhBQkE7cGFyZW50Z3VpZD11cm46dG9waWM6MDQ3M0RFODczN0I4NDg2RjlFRDNFMUNBODRDQTU0Q0E</classCode><className>Shareholders</className></classificationItem><classificationItem score=\"78\"><classCode>STX001928</classCode><className>COMPANY ACTIVITIES &amp; MANAGEMENT</className><classCode/><className/></classificationItem><classificationItem score=\"78\"><classCode>ST000D4JV</classCode><className>CRIMINAL INVESTIGATIONS</className><classCode/><className/></classificationItem><classificationItem score=\"78\"><classCode>STX000759</classCode><className>FRAUD &amp; FINANCIAL CRIME</className><classCode/><className/></classificationItem><classificationItem score=\"78\"><classCode>STX001976</classCode><className>SECURITIES &amp; OTHER INVESTMENTS</className><classCode/><className/></classificationItem><classificationItem score=\"77\"><classCode>ST000D1BY</classCode><className>EXECUTIVES</className><classCode/><className/></classificationItem><classificationItem score=\"77\"><classCode>STX000714</classCode><className>FINANCIAL RATINGS</className><classCode/><className/></classificationItem><classificationItem score=\"75\"><classCode>N541110GM</classCode><className>LAWYERS</className><classCode/><className/></classificationItem><classificationItem score=\"73\"><classCode>STLL000CVGE</classCode><className>CHILDREN'S RIGHTS</className><classCode/><className/></classificationItem><classificationItem score=\"73\"><classCode>STX000417</classCode><className>COUNTERTERRORISM</className><classCode/><className/></classificationItem><classificationItem score=\"69\"><classCode>STX000938</classCode><className>INTELLIGENCE SERVICES</className><classCode/><className/></classificationItem><classificationItem score=\"53\"><classCode>STX001710</classCode><className>TERRORISM</className><classCode>Z3VpZD11cm46dG9waWM6ODg4MDhDQ0I2QkY5NDU2Rjg1RDNEREFBODk1Nzg1QTY7cGFyZW50Z3VpZD11cm46dG9waWM6RjgwNUY4MjJCMTg5NDgzRUJBMDQwNkM4NkUyNTJBMEY</classCode><className>Terrorism</className></classificationItem></classification><classification classificationScheme=\"industry\"><classificationItem score=\"90\"><classCode>N926150GC</classCode><className>BANKING &amp; FINANCE REGULATION</className><classCode/><className/></classificationItem><classificationItem score=\"90\"><classCode>ST000CZTI</classCode><className>STOCK PRICES</className><classCode/><className/></classificationItem><classificationItem score=\"89\"><classCode>N520000CC</classCode><className>BANKING &amp; FINANCE</className><classCode/><className/></classificationItem><classificationItem score=\"78\"><classCode>ST00090O3</classCode><className>BANKING &amp; FINANCE REGULATION &amp; POLICY</className><classCode/><className/></classificationItem><classificationItem score=\"78\"><classCode>STX001976</classCode><className>SECURITIES &amp; OTHER INVESTMENTS</className><classCode/><className/></classificationItem><classificationItem score=\"78\"><classCode>ST0009RX6</classCode><classCode/><className/></classificationItem><classificationItem score=\"77\"><classCode>N561450MM</classCode><className>CREDIT BUREAUS</className><classCode/><className/></classificationItem><classificationItem score=\"77\"><classCode>STX000714</classCode><className>FINANCIAL RATINGS</className><classCode/><className/></classificationItem><classificationItem score=\"75\"><classCode>N541110GM</classCode><className>LAWYERS</className><classCode/><className/></classificationItem><classificationItem score=\"73\"><classCode>ST0008WTK</classCode><className>INSURANCE REGULATORY BODIES</className><classCode>Z3VpZD11cm46dG9waWM6NTk2QzZCOTc1QzgxNEI0REFDNjYwM0UxMzNDOEEwQUE7cGFyZW50Z3VpZD11cm46dG9waWM6MDM4MzQ2QUYzMTY0NDQzQTkxRDQwRUUzRUM5RDg0OEM</classCode><className>Regulators</className></classificationItem><classificationItem score=\"73\"><classCode>N510000CC</classCode><className>MEDIA &amp; TELECOMMUNICATIONS</className><classCode/><className/></classificationItem><classificationItem score=\"72\"><classCode>STX001912</classCode><className>RETAIL &amp; WHOLESALE TRADE</className><classCode/><className/></classificationItem><classificationItem score=\"71\"><classCode>ST00629349</classCode><className>CREDIT RATINGS</className><classCode/><className/></classificationItem></classification><classification classificationScheme=\"country\"><classificationItem score=\"91\"><classCode>GC301</classCode><className>AUSTRALIA</className><classCode/><className/></classificationItem></classification></classificationGroup></metadata></articleDoc></content></entry>"}