{"prediction_class": "Money laundering", "prediction_score": "0.99", "name": "Westpac", "title": "Australian banking ends a year from hell as 'the face of unconscionable greed';Scandal after scandal tarnished the banks in 2019, which began with a royal commission and ended with allegations of enabling paedophilia", "published": "2019-12-27T00:00:00Z", "updated": "2020-11-15T19:37:19Z", "cleaned_article": "[TITLE] Australian banking ends a year from hell as 'the face of unconscionable greed';Scandal after scandal tarnished the banks in 2019, which began with a royal commission and ended with allegations of enabling paedophilia [TITLE] \n\nWhile commissioner Kenneth Hayne was damning of banking's culture of greed, the report did not contain harsher measures some in the industry feared, and company share prices jumped in relief. But in the past few months plans by some in the industry for a quick return to business as usual, which included lobbying against responsible lending rules set down by the corporate regulator, have fallen to pieces. Westpac, which had been leading the push, looked to be gaining ground after a court victory in August against the corporate regulator, the Australian Securities and Investments Commission, over responsible lending standards. Asic has appealed against the ruling, and in late December signalled it would not be backing down on responsible lending standards by launching legal action against Volkswagen's finance arm over almost 50,000 car loans it says weren't properly assessed.But any hope the back to business project might succeed was smashed to smithereens in November when Austrac, the agency responsible for monitoring the flow of money through the economy, hit Westpac with a mammoth lawsuit alleging millions of breaches of anti-money laundering laws, including failing to detect or stop several thousand transactions consistent with child exploitation in the Philippines. Money for paedophiles. A new low for an industry already neck deep in muck.Unsurprisingly, Westpac's chairman, Lindsay Maxsted, and chief executive Brian Hartzer handed in their resignations. In the week before Christmas, the corporate cop shovelled more of the smelly stuff into the faces of executives at NAB in a federal court lawsuit alleging it broke the law more than 10,000 times by charging customers fees for services they never received and failing to keep proper records of financial advice. NAB is also facing the prospect of action against it by Austrac, which in the past few years has emerged as the banking sector's most feared regulator due to the seriousness of the laws it administers and the huge fines it can levy, which can climb well into the billions of dollars. [...] \n\nChronican has been acting as CEO since February, when chairman Ken Henry and chief executive Andrew Thorburn resigned after being       \u00a0    beaten up by Hayne in his report. McEwan became CEO just three weeks ago but his scant time in the top job wasn't enough to save him from Schacht. It was a repeat performance for Schacht - six days earlier, he had delivered an even angrier speech to Westpac's top brass at its annual meeting at the same venue, Sydney's International Convention Centre. Schacht said he had been a NAB shareholder since 2003 and attended most of the bank's AGMs since then. But he hadn't detected an improvement in the bank's management. [...] \n\nSchacht is right that Australia's banks are no strangers to scandal. It's arguable a cowboy culture in the industry stretches as far back as the Victorian land boom of the 1880s and 1890s, when soaring property prices and easy credit provided by a string of fledgling banks and building societies helped create a speculative financial bubble - the pricking of which saw fortunes destroyed and corrupt premier James Munro bankrupted and beaten in the street. Westpac, then known as the Bank of New South Wales, did not escape unscathed - it lost out after lending money to some of the speculators.The big banks - ANZ, Commonwealth, NAB and Westpac - may be nicknamed the \"four pillars\" of the Australian economy, but they have also behaved in a less than solid fashion. Over the decades, they have more or less taken it in turns to be the bad bank.In 1992, Westpac, Australia's oldest bank, turned in the country's biggest corporate loss at the time, of $1.56bn, after writing off $2.6bn in disastrous loans on commercial property. The AGM went for two days and the managing director, Frank Conroy, resigned. NAB hit trouble in the \"rogue trader\" affair of the early 2000s in which four foreign exchange traders trousered hefty bonuses by hiding hundreds of millions of dollars in trading losses. The scandal eventually cost the head of chief executive Frank Cicutto. Australia's banks survived the global financial crisis in good financial shape, thanks in part to the Rudd government guaranteeing their debts, but nonetheless ANZ managed to get itself into trouble by backing stockbroker Opes Prime. [...] \n\nThey have all been tarred by the financial planning debacle that was one of the main drivers behind the royal commission last year, although initially misconduct at CBA was most prominent. CBA also led the way at getting in trouble with Austrac, paying $700m in June last year to settle a case in which the regulator accused it of more than 53,000 breaches of the law. All big four banks tried to rig a key interest rate benchmark, the BBSW, to their benefit and against the interests of their customers - although Westpac copped the brunt of bad publicity because it made the quixotic decision to fight a lawsuit brought by the Australian Securities and Investments Commission rather than settle, as the others did. And there is more to come.Federal court judge Michael Wigney hit Westpac with a fine of $9.15m over the behaviour of just one financial adviser Company accounts are normally pretty dry reading but buried deep in NAB's annual report is a list of looming problems that provides a good summary of what's ahead for the entire sector in the coming 12 months. Note 29, \"contingent liabilities\", lays out the problems that NAB knows it has but on which it has so far been unable to put a price tag. [...] \n\nCosts across the industry of compensating customers it has ripped off and fixing up long-neglected systems designed to make sure it doesn't happen again are projected at $10bn. And they could well go higher. On Thursday, federal court judge Michael Wigney hit Westpac with a fine of $9.15m over the behaviour of just one financial adviser who earned fat commissions by tipping his clients into inappropriate superannuation and insurance products created by the bank.", "raw_cleaned_article": "<h2>Australian banking ends a year from hell as 'the face of unconscionable greed';Scandal after scandal tarnished the banks in 2019, which began with a royal commission and ended with allegations of enabling paedophilia</h2><p>While commissioner Kenneth Hayne was damning of banking's culture of greed, the report did not contain harsher measures some in the industry feared, and company share prices jumped in relief. But in the past few months plans by some in the industry for a quick return to business as usual, which included lobbying against responsible lending rules set down by the corporate regulator, have fallen to pieces. <b>Westpac, which had been leading the push, looked to be gaining ground after a court victory in August against the corporate regulator, the Australian Securities and Investments Commission, over responsible lending standards.</b> Asic has appealed against the ruling, and in late December signalled it would not be backing down on responsible lending standards by launching legal action against Volkswagen's finance arm over almost 50,000 car loans it says weren't properly assessed.</p><p>[...]</p><p>While commissioner Kenneth Hayne was damning of banking's culture of greed, the report did not contain harsher measures some in the industry feared, and company share prices jumped in relief. <b>But any hope the back to business project might succeed was smashed to smithereens in November when Austrac, the agency responsible for monitoring the flow of money through the economy, hit Westpac with a mammoth lawsuit alleging millions of breaches of anti-money laundering laws, including failing to detect or stop several thousand transactions consistent with child exploitation in the Philippines.</b> Money for paedophiles. A new low for an industry already neck deep in muck.<b>Unsurprisingly, Westpac's chairman, Lindsay Maxsted, and chief executive Brian Hartzer handed in their resignations.</b> In the week before Christmas, the corporate cop shovelled more of the smelly stuff into the faces of executives at NAB in a federal court lawsuit alleging it broke the law more than 10,000 times by charging customers fees for services they never received and failing to keep proper records of financial advice. NAB is also facing the prospect of action against it by Austrac, which in the past few years has emerged as the banking sector's most feared regulator due to the seriousness of the laws it administers and the huge fines it can levy, which can climb well into the billions of dollars.</p><p>[...]</p><p>Chronican has been acting as CEO since February, when chairman Ken Henry and chief executive Andrew Thorburn resigned after being       \u00a0    beaten up by Hayne in his report. McEwan became CEO just three weeks ago but his scant time in the top job wasn't enough to save him from Schacht. <b>It was a repeat performance for Schacht - six days earlier, he had delivered an even angrier speech to Westpac's top brass at its annual meeting at the same venue, Sydney's International Convention Centre.</b> Schacht said he had been a NAB shareholder since 2003 and attended most of the bank's AGMs since then. But he hadn't detected an improvement in the bank's management.</p><p>[...]</p><p>Schacht is right that Australia's banks are no strangers to scandal. It's arguable a cowboy culture in the industry stretches as far back as the Victorian land boom of the 1880s and 1890s, when soaring property prices and easy credit provided by a string of fledgling banks and building societies helped create a speculative financial bubble - the pricking of which saw fortunes destroyed and corrupt premier James Munro bankrupted and beaten in the street. <b>Westpac, then known as the Bank of New South Wales, did not escape unscathed - it lost out after lending money to some of the speculators.</b></p><p>[...]</p><p>Schacht is right that Australia's banks are no strangers to scandal. <b>The big banks - ANZ, Commonwealth, NAB and Westpac - may be nicknamed the \"four pillars\" of the Australian economy, but they have also behaved in a less than solid fashion.</b> Over the decades, they have more or less taken it in turns to be the bad bank.<b>In 1992, Westpac, Australia's oldest bank, turned in the country's biggest corporate loss at the time, of $1.56bn, after writing off $2.6bn in disastrous loans on commercial property. The AGM went for two days and the managing director, Frank Conroy, resigned.</b> NAB hit trouble in the \"rogue trader\" affair of the early 2000s in which four foreign exchange traders trousered hefty bonuses by hiding hundreds of millions of dollars in trading losses. The scandal eventually cost the head of chief executive Frank Cicutto. Australia's banks survived the global financial crisis in good financial shape, thanks in part to the Rudd government guaranteeing their debts, but nonetheless ANZ managed to get itself into trouble by backing stockbroker Opes Prime.</p><p>[...]</p><p>They have all been tarred by the financial planning debacle that was one of the main drivers behind the royal commission last year, although initially misconduct at CBA was most prominent. CBA also led the way at getting in trouble with Austrac, paying $700m in June last year to settle a case in which the regulator accused it of more than 53,000 breaches of the law. <b>All big four banks tried to rig a key interest rate benchmark, the BBSW, to their benefit and against the interests of their customers - although Westpac copped the brunt of bad publicity because it made the quixotic decision to fight a lawsuit brought by the Australian Securities and Investments Commission rather than settle, as the others did.</b> And there is more to come.</p><p>[...]</p><p>They have all been tarred by the financial planning debacle that was one of the main drivers behind the royal commission last year, although initially misconduct at CBA was most prominent. <b>Federal court judge Michael Wigney hit Westpac with a fine of $9.15m over the behaviour of just one financial adviser</b> Company accounts are normally pretty dry reading but buried deep in NAB's annual report is a list of looming problems that provides a good summary of what's ahead for the entire sector in the coming 12 months. Note 29, \"contingent liabilities\", lays out the problems that NAB knows it has but on which it has so far been unable to put a price tag.</p><p>[...]</p><p>Costs across the industry of compensating customers it has ripped off and fixing up long-neglected systems designed to make sure it doesn't happen again are projected at $10bn. And they could well go higher. <b>On Thursday, federal court judge Michael Wigney hit Westpac with a fine of $9.15m over the behaviour of just one financial adviser who earned fat commissions by tipping his clients into inappropriate superannuation and insurance products created by the bank.</b></p>", "original_content": "<entry xmlns=\"http://www.w3.org/2005/Atom\"><id>urn:contentItem:5XV8-H261-F021-632N-00000-00</id><title>Australian banking ends a year from hell as 'the face of unconscionable greed';Scandal after scandal tarnished the banks in 2019, which began with a royal commission and ended with allegations of enabling paedophilia</title><published>2019-12-27T00:00:00Z</published><updated>2020-11-15T19:37:19Z</updated><author><name>LexisNexis</name></author><content type=\"application/xml\"><!--Transformation version 1.23--><articleDoc xmlns=\"\" xmlns:xsi=\"http://www.w3.org/2001/XMLSchema-instance\" xsi:noNamespaceSchemaLocation=\"http://www.lexisnexis.com/xmlschemas/content/public/articledoc/1/\" schemaVersion=\"1.8\" xml:lang=\"en\"><articleDocHead><itemInfo><sourceSectionInfo><positionSection>AUSTRALIA NEWS</positionSection><positionSequence>Version:1</positionSequence></sourceSectionInfo></itemInfo></articleDocHead><nitf:body xmlns:nitf=\"http://iptc.org/std/NITF/2006-10-18/\"><nitf:body.head><nitf:hedline><nitf:hl1>Australian banking ends a year from hell as 'the face of unconscionable greed'</nitf:hl1><nitf:hl2>Scandal after scandal tarnished the banks in 2019, which began with a royal commission and ended with allegations of enabling paedophilia</nitf:hl2></nitf:hedline><nitf:byline><author><person><nameText>Ben Butler</nameText></person></author></nitf:byline></nitf:body.head><nitf:body.content><bodyText><p nitf:lede=\"true\">When a politician can lambast your entire industry for its shockingly poor behaviour and earn applause rather than laughter, you've got a problem.</p><p nitf:lede=\"true\">But that was the situation National Australia Bank's new chairman, Phil Chronican, found himself in at his company's <url normalizedValue=\"https://www.theguardian.com/australia-news/2019/dec/18/nab-chief-admits-banks-drive-for-profit-helped-create-industry-crisis\">annual shareholder meeting</url> on 18 December as the Australian banking industry's year from hell tottered towards its end.</p><p nitf:lede=\"true\">\"You are the unacceptable face of capitalism because you have failed to obey the law,\" former Labor senator Chris Schacht told Chronican and the NAB board. \"You are the face of unconscionable greed.\"</p><p nitf:lede=\"true\">For the banking industry, it has been a bad end to a year that started with some promise.</p><p>In February, the sector seized on the release of the final report of the banking royal commission as an opportunity to draw a line under years of scandals - including charging dead people fees, signing up vulnerable people to useless insurance and systematically undermining the retirement nest eggs of workers through high charges and poor investment returns.</p><p>While commissioner Kenneth Hayne was damning of banking's culture of greed, the report did not contain harsher measures some in the industry feared, and company share prices jumped in relief.</p><p>But in the past few months plans by some in the industry for a quick return to business as usual, which included lobbying against responsible lending rules set down by the corporate regulator, have fallen to pieces.</p><p>Westpac, which had been leading the push, looked to be gaining ground after a court victory in August against the corporate regulator, the Australian Securities and Investments Commission, over <url normalizedValue=\"https://www.theguardian.com/australia-news/2019/dec/18/nab-chief-admits-banks-drive-for-profit-helped-create-industry-crisis\">responsible lending standards</url>.</p><p>Asic has appealed against the ruling, and in late December signalled it would not be backing down on responsible lending standards by <url normalizedValue=\"https://www.theguardian.com/australia-news/2019/dec/18/nab-chief-admits-banks-drive-for-profit-helped-create-industry-crisis\">launching legal action against Volkswagen's finance arm</url> over almost 50,000 car loans it says weren't properly assessed.</p><p>But any hope the back to business project might succeed was smashed to smithereens in November when Austrac, the agency responsible for monitoring the flow of money through the economy, <url normalizedValue=\"https://www.theguardian.com/australia-news/2019/dec/18/nab-chief-admits-banks-drive-for-profit-helped-create-industry-crisis\">hit Westpac with a mammoth lawsuit</url> alleging millions of breaches of anti-money laundering laws, including failing to detect or stop several thousand transactions consistent with child exploitation in the Philippines.</p><p>Money for paedophiles. A new low for an industry already neck deep in muck.</p><p>Unsurprisingly, Westpac's chairman, Lindsay Maxsted, and <url normalizedValue=\"https://www.theguardian.com/australia-news/2019/dec/18/nab-chief-admits-banks-drive-for-profit-helped-create-industry-crisis\">chief executive Brian Hartzer</url> handed in their resignations.</p><p>In the week before Christmas, the corporate cop shovelled more of the smelly stuff into the faces of executives at NAB in a federal court lawsuit alleging it broke the law more than 10,000 times by charging customers fees for services they never received and failing to keep proper records of financial advice.</p><p>NAB is also facing the prospect of action against it by Austrac, which in the past few years has emerged as the banking sector's most feared regulator due to the seriousness of the laws it administers and the huge fines it can levy, which can climb well into the billions of dollars.</p><p>All this was no doubt weighing on the minds of Chronican and NAB's chief executive, Ross McEwan, during the recent AGM.</p><p>Reflecting the turmoil in the sector this year, neither has been in the job for long.</p><p>Chronican has been acting as CEO since February, when chairman Ken Henry and chief executive Andrew Thorburn <url normalizedValue=\"https://www.theguardian.com/australia-news/2019/dec/18/nab-chief-admits-banks-drive-for-profit-helped-create-industry-crisis\">resigned</url> after being       \u00a0    <url normalizedValue=\"https://www.theguardian.com/australia-news/2019/dec/18/nab-chief-admits-banks-drive-for-profit-helped-create-industry-crisis\">beaten up by Hayne</url> in his report.</p><p>McEwan became CEO just three weeks ago but his scant time in the top job wasn't enough to save him from Schacht.</p><p>It was a repeat performance for Schacht - six days earlier, he had delivered an <url normalizedValue=\"https://www.theguardian.com/australia-news/2019/dec/18/nab-chief-admits-banks-drive-for-profit-helped-create-industry-crisis\">even angrier speech</url> to Westpac's top brass at its annual meeting at the same venue, Sydney's International Convention Centre.</p><p>Schacht said he had been a NAB shareholder since 2003 and attended most of the bank's AGMs since then.</p><p>But he hadn't detected an improvement in the bank's management.</p><p>\"Every time there was a scandal, the same words that you said today and the same words of Mr McEwan - we'll be better,\" he said.</p><p>\"We will get on top of it.</p><p>\"But next year another bloody scandal turned up, something else went wrong. It has not changed, and that is the worrying thing about the bank.\"</p><p>Standards in banking were even lower than in politics, he said.</p><p>\"I gotta tell you, if I had done 1% of what this board had allowed to happen, I would have been thrown out of Parliament House, drowned in Lake Burley Griffin and everyone would have cheered.\"</p><p>Schacht is right that Australia's banks are no strangers to scandal.</p><p>It's arguable a cowboy culture in the industry stretches as far back as the Victorian land boom of the 1880s and 1890s, when soaring property prices and easy credit provided by a string of fledgling banks and building societies helped create a speculative financial bubble - the pricking of which saw fortunes destroyed and corrupt premier James Munro bankrupted and beaten in the street.</p><p>Westpac, then known as the Bank of New South Wales, did not escape unscathed - it lost out after lending money to some of the speculators.</p><p>The big banks - ANZ, Commonwealth, NAB and Westpac - may be nicknamed the \"four pillars\" of the Australian economy, but they have also behaved in a less than solid fashion.</p><p>Over the decades, they have more or less taken it in turns to be the bad bank.</p><p>In 1992, Westpac, Australia's oldest bank, turned in the country's biggest corporate loss at the time, of $1.56bn, after writing off $2.6bn in disastrous loans on commercial property. The AGM went for two days and the managing director, Frank Conroy, resigned.</p><p>NAB hit trouble in the \"rogue trader\" affair of the early 2000s in which four foreign exchange traders trousered hefty bonuses by hiding hundreds of millions of dollars in trading losses. The scandal eventually cost the head of chief executive Frank Cicutto.</p><p>Australia's banks survived the global financial crisis in good financial shape, thanks in part to the Rudd government guaranteeing their debts, but nonetheless ANZ managed to get itself into trouble by backing stockbroker Opes Prime.</p><p>Opes Prime collapsed in 2008 owing $1bn, including $650m to ANZ, after efforts by executives to cover up a $300m hole in its accounts failed.</p><p>The affair was a wild ride involving fast cars, members of Melbourne's underworld and colourful Sydney lawyer Chris Murphy, whose account was at the centre of the collapse.</p><p>ANZ also loaned about $1bn to Indian business couple Pankaj and Radhika Oswal to build a fertiliser plant on the Burrup Peninsula. The loan went bad amid allegations of fraud and the bank had to pay the couple more than $200m to settle a highly embarrassing lawsuit.</p><p>But more recently the banks have stopped taking it in turns to misbehave, with scandals coming so thick and fast it's almost impossible to keep up.</p><p>They have all been tarred by the financial planning debacle that was one of the main drivers behind the royal commission last year, although initially misconduct at CBA was most prominent.</p><p>CBA also led the way at getting in trouble with Austrac, paying $700m in June last year to settle a case in which the regulator accused it of more than 53,000 breaches of the law.</p><p>All big four banks tried to rig a key interest rate benchmark, the BBSW, to their benefit and against the interests of their customers - although Westpac copped the brunt of bad publicity because it made the quixotic decision to fight a lawsuit brought by the Australian Securities and Investments Commission rather than settle, as the others did.</p><p>And there is more to come.</p><p>Federal court judge Michael Wigney hit Westpac with a fine of $9.15m over the behaviour of just one financial adviser</p><p>Company accounts are normally pretty dry reading but buried deep in NAB's annual report is a list of looming problems that provides a good summary of what's ahead for the entire sector in the coming 12 months.</p><p>Note 29, \"contingent liabilities\", lays out the problems that NAB knows it has but on which it has so far been unable to put a price tag.</p><p>These include a class action in the US over the BBSW, lawsuits in the UK over business loans its former subsidiary Clydesdale Bank wrote there and, of course, an Austrac investigation.</p><p>In addition to Asic's fee-for-no-service lawsuit it is sweating on the outcome of another industry-wide investigation by the corporate regulator into junk credit card insurance, an issue over which it faces another class action.</p><p>It is also waiting on the outcome of Asic lawsuits over service fees wrongly charged by its superannuation trustee company, Nulis, and an <url normalizedValue=\"https://www.theguardian.com/australia-news/2019/dec/18/nab-chief-admits-banks-drive-for-profit-helped-create-industry-crisis\">introducer scheme</url> that saw gym owners and hairdressers get kickbacks for bringing homeloan customers to the bank.</p><p>On top of that, it is also being audited by the Taxation Office over its claims for deductions due to research and development spending.</p><p>The other banks also face more pain at the hands of an Asic whose spine has been stiffened by the royal commission.</p><p>Costs across the industry of compensating customers it has ripped off and fixing up long-neglected systems designed to make sure it doesn't happen again are projected at $10bn.</p><p>And they could well go higher.</p><p>On Thursday, federal court judge Michael Wigney hit Westpac with a fine of $9.15m over the behaviour of just one financial adviser who earned fat commissions by tipping his clients into inappropriate superannuation and insurance products created by the bank.</p><p>But those kinds of stings are dwarfed by a monster fine, likely to be in excess of a billion dollars, that Westpac is expected to pay to settle the Austrac case.</p><p>The bank seems to have lost some of the anti-regulator attitude that saw it fight lawsuits tooth and nail and prompted Hartzer to complain at a meeting last year with the prudential regulator that it was \"unfair\" that all the banks had to do a comprehensive review of their cultural failings because \"nothing has gone wrong to CBA's scale\".</p><p>Well, it has now.</p></bodyText></nitf:body.content></nitf:body><metadata><dc:metadata xmlns:dc=\"http://purl.org/dc/elements/1.1/\"><dc:identifier identifierScheme=\"DOC-ID\">GUARDN-58979916</dc:identifier><dc:source sourceScheme=\"royaltyReportingKey\">GUARDN2019</dc:source><dc:identifier identifierScheme=\"PGUID\">urn:contentItem:5XV8-H261-F021-632N-00000-00</dc:identifier><dc:source sourceScheme=\"productContentSetIdentifier\">138620</dc:source><dc:date dateType=\"last-updated\">2019-12-27</dc:date></dc:metadata><wordCount number=\"1655\"/><timeReceived>7:00 PM GMT</timeReceived><publicationInfo><copyright>Copyright 2019 The Guardian, a division of Transcontinental Media Group Inc. All Rights Reserved</copyright><publicationName>The Guardian(London)</publicationName><publicationLogo><logo><inlineObject><locator><locatorKey><keyName name=\"object-key\"/><keyValue value=\"28075\"/></locatorKey><locatorParameters><parameter name=\"object-type\" value=\"201\"/><parameter name=\"object-smi\" value=\"LOGOS\"/><parameter name=\"componentseq\" value=\"1\"/></locatorParameters></locator></inlineObject></logo></publicationLogo><publicationDate day=\"27\" month=\"12\" year=\"2019\"><dateText>December 27, 2019 Friday</dateText></publicationDate><classification classificationScheme=\"publicationtype\"><classificationItem><className>Newspaper</className></classificationItem></classification><classification classificationScheme=\"publicationtype\"><classificationItem><className>Newspapers</className></classificationItem></classification></publicationInfo><classification classificationScheme=\"language\"><classificationItem classificationScheme=\"lang.english\"><className>ENGLISH</className></classificationItem></classification><classificationGroup classificationScheme=\"indexing-terms\"><classification classificationScheme=\"company\"><classificationItem score=\"92\"><classCode>CC0001V19</classCode><className>NATIONAL AUSTRALIA BANK LTD</className></classificationItem></classification><classification classificationScheme=\"industry\"><classificationItem score=\"92\"><className>NAICS522293 INTERNATIONAL TRADE FINANCING</className></classificationItem><classificationItem score=\"92\"><className>NAICS522120 SAVINGS INSTITUTIONS</className></classificationItem><classificationItem score=\"92\"><className>NAICS522110 COMMERCIAL BANKING</className></classificationItem><classificationItem score=\"92\"><className>SIC6082 FOREIGN TRADE &amp; INTERNATIONAL BANKING INSTITUTIONS</className></classificationItem><classificationItem score=\"92\"><className>SIC6081 BRANCHES &amp; AGENCIES OF FOREIGN BANKS</className></classificationItem></classification><classification classificationScheme=\"ticker\"><classificationItem score=\"92\"><className>NAB (ASX)</className></classificationItem></classification></classificationGroup><classificationGroup classificationScheme=\"indexing-terms\"><classification classificationScheme=\"subject\"><classificationItem score=\"90\"><classCode>STX000951</classCode><className>INTERNATIONAL TRADE</className><classCode/><className/></classificationItem><classificationItem score=\"90\"><classCode>N522293CC</classCode><className>INTERNATIONAL TRADE FINANCING</className><classCode/><className/></classificationItem><classificationItem score=\"90\"><classCode>ST0009FJK</classCode><className>NEGATIVE PERSONAL NEWS</className><classCode/><className/></classificationItem><classificationItem score=\"89\"><classCode>ST000D4OZ</classCode><className>CHILD SEXUAL ABUSE</className><classCode>Z3VpZD11cm46dG9waWM6OTBBQjYwQkYwN0ZGNDQzOTlEMjIyRDEyMkE1RTAwRjc7cGFyZW50Z3VpZD11cm46dG9waWM6NzFENzYyRUI3RjFENEUwOEIyN0U0NEZBQjE5RjExMzk</classCode><className>Abuse of Children</className></classificationItem><classificationItem score=\"89\"><classCode>STX001040</classCode><className>LITIGATION</className><classCode/><className/></classificationItem><classificationItem score=\"89\"><classCode>STX001555</classCode><className>SEX OFFENSES</className><classCode>Z3VpZD11cm46dG9waWM6RkQwRTk5MUFBNjMxNDJGQUJGMDJBNjIzOTZEMUZBQTc7cGFyZW50Z3VpZD11cm46dG9waWM6RjgwNUY4MjJCMTg5NDgzRUJBMDQwNkM4NkUyNTJBMEY</classCode><className>Sex Crimes</className></classificationItem><classificationItem score=\"87\"><classCode>STX001648</classCode><className>SUITS &amp; CLAIMS</className><classCode/><className/></classificationItem><classificationItem score=\"79\"><classCode>ST000DMT1</classCode><className>PATENT COURTS</className><classCode/><className/></classificationItem><classificationItem score=\"78\"><classCode>STX001561</classCode><className>SHAREHOLDERS</className><classCode>Z3VpZD11cm46dG9waWM6NEI2QjYxNjkwMTkzNDhFRUExNjlFRjVFRUU3NDhBQkE7cGFyZW50Z3VpZD11cm46dG9waWM6MDQ3M0RFODczN0I4NDg2RjlFRDNFMUNBODRDQTU0Q0E</classCode><className>Shareholders</className></classificationItem><classificationItem score=\"77\"><classCode>N926150GC</classCode><className>BANKING &amp; FINANCE REGULATION</className><classCode/><className/></classificationItem><classificationItem score=\"77\"><classCode>N921120CC</classCode><className>LEGISLATIVE BODIES</className><classCode/><className/></classificationItem><classificationItem score=\"77\"><classCode>STX001480</classCode><className>RESIGNATIONS</className><classCode/><className/></classificationItem><classificationItem score=\"77\"><classCode>STX001976</classCode><className>SECURITIES &amp; OTHER INVESTMENTS</className><classCode/><className/></classificationItem><classificationItem score=\"77\"><classCode>ST000CZTI</classCode><className>STOCK PRICES</className><classCode/><className/></classificationItem><classificationItem score=\"75\"><classCode>STX000426</classCode><className>CREDIT REGULATION</className><classCode/><className/></classificationItem><classificationItem score=\"75\"><classCode>ST0008XMR</classCode><className>LAW &amp; LEGAL SYSTEM</className><classCode/><className/></classificationItem><classificationItem score=\"74\"><classCode>ST000DIJW</classCode><className>PRICES</className><classCode/><className/></classificationItem><classificationItem score=\"73\"><classCode>STLL000CVGE</classCode><className>CHILDREN'S RIGHTS</className><classCode/><className/></classificationItem><classificationItem score=\"73\"><classCode>STX001042</classCode><className>LOBBYING</className><classCode/><className/></classificationItem><classificationItem score=\"73\"><classCode>ST000DPI6</classCode><className>VULNERABLE ADULTS</className><classCode/><className/></classificationItem><classificationItem score=\"72\"><classCode>ST000DLOW</classCode><className>BUSINESS AS USUAL</className><classCode/><className/></classificationItem><classificationItem score=\"72\"><classCode>ST0009Y72</classCode><className>CHRISTMAS</className><classCode/><className/></classificationItem><classificationItem score=\"72\"><classCode>ST0008X5Q</classCode><className>SHAREHOLDER MEETINGS</className><classCode>Z3VpZD11cm46dG9waWM6NTQzNjBDNjkzMDg4NEIxOEFERDREN0Y3RDM1MkRGNTA7cGFyZW50Z3VpZD11cm46dG9waWM6NEI2QjYxNjkwMTkzNDhFRUExNjlFRjVFRUU3NDhBQkE</classCode><className>Meetings &amp; Voting</className></classificationItem><classificationItem score=\"72\"><classCode>STX001669</classCode><className>TALKS &amp; MEETINGS</className><classCode/><className/></classificationItem><classificationItem score=\"70\"><classCode>STX000713</classCode><className>FINANCIAL CRIME COUNTERMEASURES</className><classCode/><className/></classificationItem><classificationItem score=\"69\"><classCode>STX000104</classCode><className>APPEALS</className><classCode/><className/></classificationItem><classificationItem score=\"69\"><classCode>ST000D1BY</classCode><className>EXECUTIVES</className><classCode/><className/></classificationItem><classificationItem score=\"69\"><classCode>STX001159</classCode><className>MONEY LAUNDERING</className><classCode>Z3VpZD11cm46dG9waWM6QzBDQzA4NEVCN0Q0NEZCRkEwNjY3Qzk3MDA3NzlCMjU7cGFyZW50Z3VpZD11cm46dG9waWM6NkUzNTQ1QUZBM0Y5NDcyQjk4N0I5Mjg0QzU3NDk0MDI</classCode><className>Money Laundering</className></classificationItem><classificationItem score=\"64\"><classCode>N922110CC</classCode><className>LAW COURTS &amp; TRIBUNALS</className><classCode/><className/></classificationItem><classificationItem score=\"51\"><classCode>ST000971E</classCode><className>PRICE INCREASES</className><classCode/><className/></classificationItem></classification><classification classificationScheme=\"industry\"><classificationItem score=\"94\"><classCode>N520000CC</classCode><className>BANKING &amp; FINANCE</className><classCode/><className/></classificationItem><classificationItem score=\"94\"><classCode>ST0009RX6</classCode><classCode/><className/></classificationItem><classificationItem score=\"90\"><classCode>ST00090O3</classCode><className>BANKING &amp; FINANCE REGULATION &amp; POLICY</className><classCode/><className/></classificationItem><classificationItem score=\"90\"><classCode>N522293CC</classCode><className>INTERNATIONAL TRADE FINANCING</className><classCode/><className/></classificationItem><classificationItem score=\"90\"><classCode>N522120FM</classCode><className>SAVINGS &amp; LOANS</className><classCode/><className/></classificationItem><classificationItem score=\"77\"><classCode>N926150GC</classCode><className>BANKING &amp; FINANCE REGULATION</className><classCode/><className/></classificationItem><classificationItem score=\"77\"><classCode>STX001976</classCode><className>SECURITIES &amp; OTHER INVESTMENTS</className><classCode/><className/></classificationItem><classificationItem score=\"77\"><classCode>ST000CZTI</classCode><className>STOCK PRICES</className><classCode/><className/></classificationItem><classificationItem score=\"75\"><classCode>STX000426</classCode><className>CREDIT REGULATION</className><classCode/><className/></classificationItem><classificationItem score=\"73\"><classCode>N510000CC</classCode><className>MEDIA &amp; TELECOMMUNICATIONS</className><classCode/><className/></classificationItem><classificationItem score=\"69\"><classCode>STX001313</classCode><className>PERSONAL FINANCE</className><classCode/><className/></classificationItem><classificationItem score=\"51\"><classCode>ST000971E</classCode><className>PRICE INCREASES</className><classCode/><className/></classificationItem></classification><classification classificationScheme=\"country\"><classificationItem score=\"79\"><classCode>GC310</classCode><className>PHILIPPINES</className><classCode/><className/></classificationItem></classification></classificationGroup></metadata></articleDoc></content></entry>"}