{"prediction_class": "Fraud Embezzlement Misappropriation", "prediction_score": "0.66", "name": "Westpac", "title": "Bank misconduct is 'very, very serious'", "published": "2018-04-20T00:00:00Z", "updated": "2020-11-15T19:40:18Z", "cleaned_article": "[TITLE] Bank misconduct is 'very, very serious' [TITLE] \n\n\"It is important that we recognise that in these areas of corporations law, they are not victimless crimes. They are not some sort of lesser crime,\" Mr Morrison said.  \"The impact that can occur to individuals - and very large numbers of individuals - is very, very serious. So if there is a potential complacency about behaviour in institutions, we need to set the tone through the law and the penalties that apply so people understand that misleading regulators about serious issues such as this is no victimless offence and it won't carry a victimless penalty, it will carry a very stern one.\"  After week of damaging revelations at the banking royal commission over the conduct of the Commonwealth Bank of Australia, Westpac and AMP - which included evidence of bad financial advice, charging customers for services not provided, continuing to charge dead customers and misleading regulators - Mr Morrison said it was important to stress that the       \u00a0    overall financial system remained stable and the commission's focus was on behaviour. \"I can assure Australians that despite the very disturbing and indeed shocking revelations we've seen in the royal commission particularly of late, that these issues, while as abhorrent as they are, are completely separate from any question about the stability and strength of Australia's banking and financial system. That is rock solid,\" he said. He pleaded with customers not to take out their anger on frontline bank staff like tellers.", "raw_cleaned_article": "<h2>Bank misconduct is 'very, very serious'</h2><p>\"It is important that we recognise that in these areas of corporations law, they are not victimless crimes. They are not some sort of lesser crime,\" Mr Morrison said.  \"The impact that can occur to individuals - and very large numbers of individuals - is very, very serious. So if there is a potential complacency about behaviour in institutions, we need to set the tone through the law and the penalties that apply so people understand that misleading regulators about serious issues such as this is no victimless offence and it won't carry a victimless penalty, it will carry a very stern one.\"  <b>After week of damaging revelations at the banking royal commission over the conduct of the Commonwealth Bank of Australia, Westpac and AMP - which included evidence of bad financial advice, charging customers for services not provided, continuing to charge dead customers and misleading regulators - Mr Morrison said it was important to stress that the       \u00a0    overall financial system remained stable and the commission's focus was on behaviour.</b> \"I can assure Australians that despite the very disturbing and indeed shocking revelations we've seen in the royal commission particularly of late, that these issues, while as abhorrent as they are, are completely separate from any question about the stability and strength of Australia's banking and financial system. That is rock solid,\" he said. He pleaded with customers not to take out their anger on frontline bank staff like tellers.</p>", "original_content": "<entry xmlns=\"http://www.w3.org/2005/Atom\"><id>urn:contentItem:5S4T-JWC1-JBJ7-N3F2-00000-00</id><title>Bank misconduct is 'very, very serious'</title><published>2018-04-20T00:00:00Z</published><updated>2020-11-15T19:40:18Z</updated><author><name>LexisNexis</name></author><content type=\"application/xml\"><!--Transformation version 1.23--><articleDoc xmlns=\"\" xmlns:xsi=\"http://www.w3.org/2001/XMLSchema-instance\" xsi:noNamespaceSchemaLocation=\"http://www.lexisnexis.com/xmlschemas/content/public/articledoc/1/\" schemaVersion=\"1.8\" xml:lang=\"en\"><articleDocHead><itemInfo/></articleDocHead><nitf:body xmlns:nitf=\"http://iptc.org/std/NITF/2006-10-18/\"><nitf:body.head><nitf:hedline><nitf:hl1>Bank misconduct is 'very, very serious'</nitf:hl1></nitf:hedline><nitf:byline><author><person><nameText>Andrew Tillett</nameText></person></author></nitf:byline><highlight><bodyText><p>Existing fines were a cost of doing business, government says, as it unveils new penalties.</p></bodyText></highlight></nitf:body.head><nitf:body.content><bodyText><p nitf:lede=\"true\">The Treasurer Scott Morrison says the AMP board has to bear its share of responsibility for the misconduct of the financial services giant.</p><p nitf:lede=\"true\">Announcing increasing penalties for financial sector misconduct, Mr Morrison noted the resignation of AMP's chief executive Craig Meller: \"Now today we've had a very, very senior-level resignation from the AMP, and that doesn't surprise me in the wake of what was brought before the royal commission this week.</p><p nitf:lede=\"true\">\"But let's not forget it's not just chief executives here. Boards at the end of the day are responsible for these organisations, and there will be a lot of focus on executives, where executives haven't been able to deliver here, at the end of the day, the boards of these organisations are the custodians, really, of the governance, and I am sure that that will have plenty of attention, as the commission carries on its important work.</p><p>\"But equally ASIC has a job to do and I have no doubt that as this process unfolds, there will be criticisms levelled there at the past practices of ASIC, and that's why Kelly [O'Dwyer] and I have acted to ensure that they have had those resources now.\"</p><p>Financial Services Minister Kelly O'Dwyer said that longer jail sentences and heftier fines are needed for crooks in the financial sector because companies were not being dissuaded by existing sanctions and simply treating them as \"a cost of doing business\", </p><p>Announcing a <url normalizedValue=\"http://www.afr.com/news/criminal-penalties-fines-boosted-amid-banking-commission-outrage-20180419-h0yzm5\">suite of new penalties for corporate misconduct</url> - includings fines of up to $210 million - Ms O'Dwyer and Treasurer Scott Morrison said the industry had to change its culture and behaviour and realise innocent people were being hurt and losing their life savings because of its failings.</p><p>\"It is important that we recognise that in these areas of corporations law, they are not victimless crimes. They are not some sort of lesser crime,\" Mr Morrison said. </p><p>\"The impact that can occur to individuals - and very large numbers of individuals - is very, very serious. So if there is a potential complacency about behaviour in institutions, we need to set the tone through the law and the penalties that apply so people understand that misleading regulators about serious issues such as this is no victimless offence and it won't carry a victimless penalty, it will carry a very stern one.\" </p><p>After week of <url normalizedValue=\"http://www.afr.com/business/banking-and-finance/banking-royal-commission-day-14-cba-westpac-anz-20180418-h0yykp?0009#1029556421\">damaging revelations at the banking royal commission over the conduct of the Commonwealth Bank of Australia, Westpac and AMP</url> - which included evidence of bad financial advice, charging customers for services not provided, continuing to charge dead customers and misleading regulators - Mr Morrison said it was important to stress that the       \u00a0    <url normalizedValue=\"http://www.afr.com/brand/chanticleer/murray-puts-the-banking-royal-commission-in-perspective-20171205-gzzd0n\">overall financial system remained stable</url> and the commission's focus was on behaviour.</p><p>\"I can assure Australians that despite the very disturbing and indeed shocking revelations we've seen in the royal commission particularly of late, that these issues, while as abhorrent as they are, are completely separate from any question about the stability and strength of Australia's banking and financial system. That is rock solid,\" he said.</p><p>He pleaded with customers not to take out their anger on frontline bank staff like tellers.</p><p>\"We need to remember when we go into our banks and we're working with bank staff and things like that, then I'm sure they feel as equally disappointed as anyone else,\" he said.</p><p>As banks have seen their profits surge to record levels, Ms O'Dwyer pointed out many of the penalties had not been updated into 20 years. </p><p>\"It is no wonder that there are some corporations out there who might simply see penalties as the cost of doing business. Well, no more,\" she said.</p><p>The new penalties include up to 10 years jail and maximum fines of $945,000 for individuals who breach the Corporations Act, while companies would face fines of of $9.45 million or 10 per cent of annual turnover, whichever is the largest, capped at $210 million.</p><p>Civil penalties will increase tenfold with maximum fines of either $1.05 million for individuals and $10.5 million for corporations, or three times the benefit gained or loss avoided, or 10 per cent annual turnover, again whichever is the largest.</p><p>The Australian Securities and Investment Commission will also have expanded powers to ban individuals working in the sector, cancel licences and use evidence gathered through telephone intercepts to launch prosecutions.</p><p>\"These reforms will give ASIC much greater flexibility to investigate, to prosecute and to ensure those who commit serious offences are brought to task and that we deter those who would engage in this conduct by ensuring that there is appropriate punishment to fit the crime,\" Ms O'Dwyer said.</p><p>Mr Morrison said the new penalties had not been prepared in response to the royal commission's evidence.</p><p>He said the government had begun working on a new penalty regime in October 2016 following former Commonwealth Bank chief David Murray's financial systems inquiry.</p><p>\"This is not something that has just happened. This is something that has had a long gestation period,\" he said.</p><p>\"The fact that we can stand here before you today and announce the outcome of this long period demonstrates we have been working on this for a long period of time.\"</p><p>Opposition finance minister Jim Chalmers attacked the government's sincerity after it had been \"covering up the serious scandals in the financial sector for years\" and reluctantly agreed to the royal commission.</p><p>\"Labor believes Commissioner [Kenneth] Hayne should have the time and resources to finish his job properly, the penalties for those who have done the wrong thing should be as strong as possible, and compensation for victims of proven wrongdoing should also be considered,\" he said.</p><p>\"Of course we support tougher penalties for wrongdoing in the financial sector - we just don't trust the Liberals to do it properly.\"</p></bodyText></nitf:body.content></nitf:body><metadata><dc:metadata xmlns:dc=\"http://purl.org/dc/elements/1.1/\"><dc:identifier identifierScheme=\"DOC-ID\">AFRONL-1029558787</dc:identifier><dc:source sourceScheme=\"royaltyReportingKey\">AFRONL2018</dc:source><dc:identifier identifierScheme=\"PGUID\">urn:contentItem:5S4T-JWC1-JBJ7-N3F2-00000-00</dc:identifier><dc:source sourceScheme=\"productContentSetIdentifier\">429670</dc:source><dc:date dateType=\"last-updated\">2018-04-21</dc:date></dc:metadata><wordCount number=\"970\"/><timeReceived>11:39 AM GMT</timeReceived><publicationInfo><copyright>Copyright 2018 Fairfax Media Publications Pty. Limited All Rights Reserved</copyright><publicationName>AFR Online</publicationName><publicationDate day=\"20\" month=\"04\" year=\"2018\"><dateText>April 20, 2018 Friday</dateText></publicationDate><classification classificationScheme=\"publicationtype\"><classificationItem><className>Web Publication</className></classificationItem></classification><classification classificationScheme=\"publicationtype\"><classificationItem><className>Industry Trade Press</className></classificationItem></classification></publicationInfo><classification classificationScheme=\"language\"><classificationItem classificationScheme=\"lang.english\"><className>ENGLISH</className></classificationItem></classification><classificationGroup classificationScheme=\"indexing-terms\"><classification classificationScheme=\"company\"><classificationItem score=\"61\"><classCode>CC0002GHH</classCode><className>COMMONWEALTH BANK OF AUSTRALIA LTD</className></classificationItem></classification><classification classificationScheme=\"ticker\"><classificationItem score=\"61\"><className>CBA (ASX)</className></classificationItem></classification></classificationGroup><classificationGroup classificationScheme=\"licensor.indexing-terms\"><classification classificationScheme=\"licensor.subject\"><classificationItem><className>Politics</className></classificationItem><classificationItem><className>News</className></classificationItem></classification></classificationGroup><classificationGroup classificationScheme=\"indexing-terms\"><classification classificationScheme=\"subject\"><classificationItem score=\"90\"><classCode>STX001149</classCode><className>MISCONDUCT</className><classCode/><className/></classificationItem><classificationItem score=\"78\"><classCode>STX000722</classCode><className>FINES &amp; PENALTIES</className><classCode/><className/></classificationItem><classificationItem score=\"78\"><classCode>ST000A7IS</classCode><className>ASSOCIATIONS &amp; ORGANIZATIONS</className><classCode/><className/></classificationItem><classificationItem score=\"77\"><classCode>ST000D1BY</classCode><className>EXECUTIVES</className><classCode/><className/></classificationItem><classificationItem score=\"73\"><classCode>STX001550</classCode><className>SENTENCING</className><classCode>Z3VpZD11cm46dG9waWM6MUIzQ0NGRDZERUU3NERCODg2MEZFMDI2RTI0RTA3RTc7cGFyZW50Z3VpZD11cm46dG9waWM6NEU0RkE1OUQwNUQwNDgxODhEODZCMjkzOTg3NThBNzk</classCode><className>Sentencing</className></classificationItem><classificationItem score=\"70\"><classCode>ST000A4J6</classCode><className>CRIMINAL FINES</className><classCode>Z3VpZD11cm46dG9waWM6NUY4M0RBNUNERDlGNEI1QUJFMDc4QzU5OTU4RjNDRTY7cGFyZW50Z3VpZD11cm46dG9waWM6MUIzQ0NGRDZERUU3NERCODg2MEZFMDI2RTI0RTA3RTc</classCode><className>Fines</className></classificationItem><classificationItem score=\"65\"><classCode>ST000A4J3</classCode><className>JAIL SENTENCING</className><classCode/><className/></classificationItem><classificationItem score=\"60\"><classCode>ST000CTIZ</classCode><className>SCANDALS</className><classCode/><className/></classificationItem></classification><classification classificationScheme=\"industry\"><classificationItem score=\"89\"><classCode>N520000CC</classCode><className>BANKING &amp; FINANCE</className><classCode/><className/></classificationItem></classification></classificationGroup></metadata></articleDoc></content></entry>"}