{"prediction_class": "Money laundering", "prediction_score": "1.0", "name": "Westpac", "title": "Hayne fallout 'to run five years in the courts'", "published": "2020-02-01T00:00:00Z", "updated": "2020-11-15T20:16:26Z", "cleaned_article": "[TITLE] Hayne fallout 'to run five years in the courts' [TITLE] \n\nNAB declined to respond on Friday, pointing to new chairman Phil Chronican's commentary at last December's annual meeting. \"We will not let time dull the impact of the royal commission, nor will we gloss over its findings,\" Mr Chronican said. The commissioner's reservations about Brian Hartzer turned out to be prescient, with the Westpac chief executive embroiled last November in an Austrac money-laundering scandal which is likely to cost the nation's second-biggest bank a $1bn penalty.", "raw_cleaned_article": "<h2>Hayne fallout 'to run five years in the courts'</h2><p>NAB declined to respond on Friday, pointing to new chairman Phil Chronican's commentary at last December's annual meeting. \"We will not let time dull the impact of the royal commission, nor will we gloss over its findings,\" Mr Chronican said. <b>The commissioner's reservations about Brian Hartzer turned out to be prescient, with the Westpac chief executive embroiled last November in an Austrac money-laundering scandal which is likely to cost the nation's second-biggest bank a $1bn penalty.</b></p>", "original_content": "<entry xmlns=\"http://www.w3.org/2005/Atom\"><id>urn:contentItem:5Y3R-29T1-F0JP-W317-00000-00</id><title>Hayne fallout 'to run five years in the courts'</title><published>2020-02-01T00:00:00Z</published><updated>2020-11-15T20:16:26Z</updated><author><name>LexisNexis</name></author><content type=\"application/xml\"><!--Transformation version 1.23--><articleDoc xmlns=\"\" xmlns:xsi=\"http://www.w3.org/2001/XMLSchema-instance\" xsi:noNamespaceSchemaLocation=\"http://www.lexisnexis.com/xmlschemas/content/public/articledoc/1/\" schemaVersion=\"1.8\" xml:lang=\"en\"><articleDocHead><itemInfo><sourceSectionInfo><positionSection>BUSINESS</positionSection><positionSequence>Pg. 28</positionSequence></sourceSectionInfo></itemInfo></articleDocHead><nitf:body xmlns:nitf=\"http://iptc.org/std/NITF/2006-10-18/\"><nitf:body.head><nitf:hedline><nitf:hl1>Hayne fallout 'to run five years in the courts'</nitf:hl1></nitf:hedline><nitf:byline><author><person><nameText>RICHARD GLUYAS, EXCLUSIVE</nameText></person></author></nitf:byline></nitf:body.head><nitf:body.content><bodyText><p nitf:lede=\"true\">The financial services industry faces a gruelling five years of complex regulatory litigation, creating a further layer of pressure for a comprehensive overhaul of a pernicious culture that led to the 2018 Hayne royal commission.</p><p nitf:lede=\"true\">A year after royal commissioner Ken Hayne's final report, former Federal Court judge Ray Finkelstein said the court system would take \"five years or so\" to deal with cases brought by ASIC, which could bring about significant change in the culture of major corporations in the way that Mr Hayne expected.</p><p nitf:lede=\"true\">\"How long the change in culture lasts will depend on whether ASIC is successful in significant cases and the types of orders that the court will make,\" Mr Finkelstein told The Weekend Australian.</p><p nitf:lede=\"true\">Since Mr Hayne's expressionless handover of his report to Josh Frydenberg in an excruciating made-for-TV moment, lawyers have reacquainted themselves with their families, witnesses have been trying to repair shattered reputations, and the major banks have made an art form of public contrition.</p><p>While an uneasy peace has now taken hold, the churn beneath the surface could power a medium-sized city.</p><p>Of Mr Hayne's 76 sweeping recommendations, 54 apply to the federal government, with Mr Frydenberg releasing draft legislation on Friday to implement 22 of them. The Treasurer said all recommendations requiring legislation would be introduced by the end of this year.</p><p>Westpac, for example, has made solid progress - 22 recommendations have either been ticked off or partly completed, with the remaining 27 awaiting legislation or regulation - but this takes no account of the royal commission's spectacularly long tail. Mr Finkelstein's assessment of a five-year litigation program chimed with the view of a senior bank executive, who said \"anyone who thinks this (the royal commission) is over is kidding themselves\".</p><p>\"But for me, what's unclear is whether industry behaviour has fundamentally changed,\" the executive said.</p><p>\"We're remediating absolutely everything bar the kitchen sink, but we're only going to know if the culture has changed in five years' time. At the moment we're in the post-GFC doldrums so we won't know if we've dealt with things until we've experienced a full business cycle.\" A full slate of commercial litigation, featuring all the major banks, will serve as a major management distraction as the big four try to leverage any recovery in the faltering economy.</p><p>However, when the dust finally settles, there's a ready reckoner provided by Mr Hayne to measure the success of the industry's cultural transformation.</p><p>The commissioner's half-dozen commandments are: obey the law, do not mislead or deceive, act fairly, provide services that are fit for purpose, deliver services with reasonable care and skill, and act in the customer's best interests.</p><p>While disarmingly simple, they're devilishly hard to achieve, judging by the industry's ignominious track record.</p><p>If you want to know why, Hayne again comes to the rescue - look no further than volume one, page one of the commissioner's three-volume magnum opus where he makes four key observations.</p><p>They include the link between misconduct and remuneration, an asymmetry of power between financial services companies and their customers, conflicts of interest where self-interest almost always trumps duties, and a failure to hold entities to account.</p><p>Given the pain the industry has suffered in the past two years, which is likely to continue for another half-decade, the surprising thing about the Hayne final report was the immediate, $19bn rally in major-bank share prices.</p><p>A widely anticipated crackdown on responsible lending obligations, which many feared would trigger a credit crunch, failed to eventuate, sparking an extraordinary relief rally.</p><p>On the downside, Mr Hayne eviscerated the nation's timid financial regulators and presaged a more aggressive response to industry misconduct.</p><p>Conflicted remuneration structures, particularly in the mortgage broking industry, came under attack and have mostly become a thing of the past.</p><p>Also, as the commissioner recommended, the Banking Executive Accountability Regime will soon be extended to the insurance and superannuation industries.</p><p>While the reforms were milder than pessimists had anticipated, the real sting came a week later when Mr Hayne's devastating -critique of National Australia Bank chairman Ken Henry and its chief executive Andrew Thorburn precipitated the pair's resignations.</p><p>Page 411 of volume one, which remains seared into Thorburn's memory, says a \"wide gap between the public face NAB seeks to show and what it does in practice remains\". \"I thought it telling that Dr Henry seemed unwilling to accept any criticism of how the board had dealt with some issues,\" the commissioner says.</p><p>NAB declined to respond on Friday, pointing to new chairman Phil Chronican's commentary at last December's annual meeting.</p><p>\"We will not let time dull the impact of the royal commission, nor will we gloss over its findings,\" Mr Chronican said.</p><p>The commissioner's reservations about Brian Hartzer turned out to be prescient, with the Westpac chief executive embroiled last November in an Austrac money-laundering scandal which is likely to cost the nation's second-biggest bank a $1bn penalty.</p><p>Mr Hartzer resigned and John McFarlane will succeed Lindsay Maxsted as chairman. While Mr Hartzer told the royal commission's hearings that Westpac had sought to \"reset\" its relationship with ASIC, Mr Hayne said \"only time will tell if that proves to be right\".</p><p>Acting Westpac chief executive Peter King told The Weekend Australian the bank was determined to maintain its focus on improving culture and conduct and learning from the \"confronting lessons of the past\". \"Every case study was a reminder of the impact on customers when things go wrong,\" Mr King said.</p><p>\"We have implemented new policies and approaches for supporting vulnerable customers, including a new dedicated team responsible for ensuring customers in vulnerable circumstances have the best possible experience in dealing with us.\" Commonwealth Bank, as it turned out, had a full dress rehearsal for the royal commission with its own Austrac crisis in 2017, incurring a $700m penalty for multiple transgressions of anti-money-laundering laws.</p><p>Chief executive Matt Comyn convinced Mr Hayne that his contrition was genuine, prompting the commissioner to say the CBA boss was \"well aware of the size and nature of the tasks that lie ahead\".</p><p>Mr Comyn said on Friday there was no better way of learning about an institution than by \"putting yourself in the shoes of its customers, and the case study approach was very helpful for that reason\".</p><p>\"While the process and findings of the royal commission were challenging, they were also very valuable and I learned a great deal,\" he said. \"We had not done enough to consider the needs of our customers when making decisions; in particular, we did not think carefully enough about the needs of customers experiencing hardship.</p><p>\"We had also become complacent about risks that were non-financial in nature, and as a result problems took too long to identify and too long to fix.</p><p>\"Also, responsibility for important outcomes was too often shared among multiple people, without clear accountability or consequences for non-delivery.\" Shayne Elliott had a similar impact on the commissioner, who said the ANZ chief was also \"well aware of the tasks that lie ahead\".</p><p>Asked to single out the most confronting of ANZ's case studies, deputy chief executive Alexis -George nominated some former Landmark customers in Queensland, especially a farming family \"who we let down badly\".</p><p>\"We didn't act in their best interests at the time and that failure continues to help guide our thinking about customer outcomes today,\" Ms George said.</p><p>ANZ, she said, had changed its pay structure to reduce the risk of poor outcomes, strengthened board and management oversight and introduced new accountability principles, and published a guide on how to treat farmers in financial distress, with enforcement taken only as a last resort.</p><p>The banks opposed the royal commission before it was called by an embattled Turnbull government, which was desperate to avoid losing a vote on the floor of the House of Representatives.</p><p>But now, having had their reputations thoroughly trashed, the industry has staged an about-face.</p><p>They're in unanimous agreement that it was a worthwhile and necessary exercise. \"Put simply, yes,\" Mr Comyn said.</p><p>\"Behaviours and practices across the industry led to really poor outcomes for customers.That was unacceptable and we are working hard to ensure that never happens again.\"</p></bodyText></nitf:body.content></nitf:body><metadata><dc:metadata xmlns:dc=\"http://purl.org/dc/elements/1.1/\"><dc:identifier identifierScheme=\"DOC-ID\">THEAUS-7efb161c43ec11eaa12ad41748d247fee173db3d36d8a87b9236530ab05d90e1</dc:identifier><dc:source sourceScheme=\"royaltyReportingKey\">THEAUS2020</dc:source><dc:identifier identifierScheme=\"PGUID\">urn:contentItem:5Y3R-29T1-F0JP-W317-00000-00</dc:identifier><dc:source sourceScheme=\"productContentSetIdentifier\">244777</dc:source><dc:date dateType=\"last-updated\">2020-01-31</dc:date></dc:metadata><wordCount number=\"1435\"/><publicationInfo><copyright>Copyright 2020 Nationwide News Pty Limited All Rights Reserved</copyright><publicationName>The Australian</publicationName><edition>Australian Edition</edition><publicationDate day=\"01\" month=\"02\" year=\"2020\"><dateText>February 1, 2020 Saturday</dateText></publicationDate><classification classificationScheme=\"publicationtype\"><classificationItem><className>Newspaper</className></classificationItem></classification><classification classificationScheme=\"publicationtype\"><classificationItem><className>Newspapers</className></classificationItem></classification></publicationInfo><classification classificationScheme=\"language\"><classificationItem classificationScheme=\"lang.english\"><className>ENGLISH</className></classificationItem></classification><classificationGroup classificationScheme=\"indexing-terms\"><classification classificationScheme=\"subject\"><classificationItem score=\"90\"><classCode>ST0009FJK</classCode><className>NEGATIVE PERSONAL NEWS</className><classCode/><className/></classificationItem><classificationItem score=\"89\"><classCode>STX000231</classCode><className>BUSINESS FORECASTS</className><classCode/><className/></classificationItem><classificationItem score=\"89\"><classCode>STX001020</classCode><className>LEGISLATION</className><classCode/><className/></classificationItem><classificationItem score=\"89\"><classCode>STX001040</classCode><className>LITIGATION</className><classCode/><className/></classificationItem><classificationItem score=\"79\"><classCode>ST000DMT1</classCode><className>PATENT COURTS</className><classCode/><className/></classificationItem><classificationItem score=\"78\"><classCode>ST0008XKI</classCode><className>BUSINESS CLIMATE &amp; CONDITIONS</className><classCode/><className/></classificationItem><classificationItem score=\"78\"><classCode>ST0009J09</classCode><className>COMMERCIAL LAW</className><classCode/><className/></classificationItem><classificationItem score=\"74\"><classCode>N541110GM</classCode><className>LAWYERS</className><classCode/><className/></classificationItem><classificationItem score=\"73\"><classCode>ST0008X0S</classCode><className>ECONOMIC RECOVERY</className><classCode/><className/></classificationItem><classificationItem score=\"73\"><classCode>N920000CC</classCode><className>GOVERNMENT &amp; PUBLIC ADMINISTRATION</className><classCode>Z3VpZD11cm46dG9waWM6MjdEQjE4OUJDMzQxNDNEMEI0RTI1QUFCMzJENjEwRTA7cGFyZW50Z3VpZD11cm46dG9waWM6MUFEMUQ2QTA1OUZCNEE5RjkzNTA2RERFMUNEOTk1RTI</classCode><className>Governments</className></classificationItem><classificationItem score=\"72\"><classCode>STX000984</classCode><className>JUDGES</className><classCode>Z3VpZD11cm46dG9waWM6OTg1QUIzNkIwNzk5NDQ4NzhGMDdDQjVGNEYyRjY5OTI7cGFyZW50Z3VpZD11cm46dG9waWM6NURENzJGNTEyQzM0NEREQUI2RkVCRTM4RTc1RTZBREU</classCode><className>Judges</className></classificationItem><classificationItem score=\"72\"><classCode>N922110CC</classCode><className>LAW COURTS &amp; TRIBUNALS</className><classCode/><className/></classificationItem><classificationItem score=\"67\"><classCode>ST000D1BY</classCode><className>EXECUTIVES</className><classCode/><className/></classificationItem></classification><classification classificationScheme=\"industry\"><classificationItem score=\"90\"><classCode>N520000CC</classCode><className>BANKING &amp; FINANCE</className><classCode/><className/></classificationItem><classificationItem score=\"90\"><classCode>ST00090O3</classCode><className>BANKING &amp; FINANCE REGULATION &amp; POLICY</className><classCode/><className/></classificationItem><classificationItem score=\"90\"><classCode>ST0009RX6</classCode><classCode/><className/></classificationItem><classificationItem score=\"74\"><classCode>N541110GM</classCode><className>LAWYERS</className><classCode/><className/></classificationItem><classificationItem score=\"68\"><classCode>STX001704</classCode><className>TELEVISION PROGRAMMING</className><classCode/><className/></classificationItem></classification></classificationGroup></metadata></articleDoc></content></entry>"}