{"prediction_class": "Money laundering", "prediction_score": "1.0", "name": "Westpac", "title": "Westpac case is 'off the charts': Porter", "published": "2019-11-22T00:00:00Z", "updated": "2020-11-15T19:58:28Z", "cleaned_article": "[TITLE] Westpac case is 'off the charts': Porter [TITLE] \n\nAttorney-General Christian Porter said the size and scale of the wrongdoing was of \"enormous concern\", indicating any penalties could exceed the $700 million levelled at CBA for similar offences. Attorney-General Christian Porter said the money laundering breaches levelled against Westpac are \"off the charts\" and indicated that the bank can expect a fine well over the $700 million slapped on Commonwealth Bank for similar offences. Mr Porter, who would approve any settlement, said the \"unbelievably serious\" allegations of millions of money laundering compliance breaches, some related to financing child pornography and exploitation, were of \"enormous concern\" to the Morrison government. \"I think common sense would tell us that if the Commonwealth Bank matter was at the level of utmost seriousness, this looks like it's off the charts,\" Mr Porter told The Australian Financial Review.He was speaking a day after the financial crimes regulator AUSTRAC accused Westpac of 23 million breaches of anti-money laundering and counter-terrorism finance laws. Senior executives at both financial regulators, the Australian Securities and Investments Commission and the Australian Prudential Regulation Authority, met on Thursday to consider launching their own investigations as Prime Minister Scott Morrison said the bank's board needed to reflect on the future of chief executive Brian Hartzer.Mr Porter said he \"will keep a watching brief\" on the AUSTRAC prosecution of Westpac and he would be involved in the consideration of any monetary penalty. \"I have to understand it, interrogate it, analyse it, determine whether it's appropriate in all of the circumstances,\" he said. \"But you're obviously looking to ensure that whatever outcome occurs, that the people are held - and the organisation is held - responsible in a big way for the size and scale of its misfeasance. \"And the size and scale of the wrongdoing here looks to be incredible.\" [...] \n\n\"If there is evidence ultimately that the failures of a bank, or banks, have enabled and facilitated these unbelievably serious offences, then that is something that the government would be enormously concerned about.\" ASIC weighs action The corporate regulator is considering launching a formal investigation into whether Westpac breached company law, while the prudential regulator is considering if the scandal triggered the new accountability regime imposed on bank executives. The regulators have been given additional funding and powers to take action against banks in the wake of the banking royal commission. It is understood that while ASIC has not begun an official investigation, there are concerns at the commissioner level that the problems identified by AUSTRAC, especially its accusation of senior management \"indifference\" to the issues, could point to potential deficiencies in the way in which the bank assesses non-financial risk. This is a core area of focus for ASIC chairman James Shipton.Another action that APRA will consider is a prudential inquiry, which could lead to a capital penalty being imposed on Westpac. This is what happened with Commonwealth Bank when it faced anti-money laundering action in 2017, which led to additional capital of $1 billion being imposed. The capital required ensured it acted on recommendations in a report delivered by an APRA-appointed panel chaired by former regulator John Laker. \"If we had another case like the CBA, which was being played out in the public domain, then very clearly the public would expect to know what is the regulatory action being taken,\" APRA chairman Wayne Byres said in April.The BEAR regime allows APRA to target individual senior executives, in an attempt to introduce more personal accountability for banking transgressions. The apparent oversights at Westpac could fall into the responsibility of senior managers in the bank's financial crime function, the chief risk officer, or senior lawyers, sources familiar with the \"accountability maps\" provided to APRA said. Elizabeth Sheedy, a risk management expert from Macquarie University, said the principle underlying the BEAR was \"if everyone is responsible, no-one is responsible\". She said early signs from enforcement of the UK version of the law, known as the 'senior managers regime', have been encouraging. [...] \n\nMr Hartzer also said on the call that while he accepts that most of the material in the AUSTRAC statement of claim was an accurate reflection of what had gone wrong at the bank, he challenged the accusation that he and other senior management were \"indifferent\". \"At a senior executive level, for the board, for me personally, in no way have we been indifferent on this,\" he said. ASIC could also investigate the role of the Westpac board in managing anti-money laundering compliance. In a report issued on October 2 on the oversight of non-financial risks by directors and officers, ASIC said the effectiveness of board risk committees could be improved. Across seven large financial institutions it examined, ASIC found that \"all too often, management was operating outside of board-approved risk appetites for non-financial risks, particularly compliance risk\".", "raw_cleaned_article": "<h2>Westpac case is 'off the charts': Porter</h2><p>Attorney-General Christian Porter said the size and scale of the wrongdoing was of \"enormous concern\", indicating any penalties could exceed the $700 million levelled at CBA for similar offences. <b>Attorney-General Christian Porter said the money laundering breaches levelled against Westpac are \"off the charts\" and indicated that the bank can expect a fine well over the $700 million slapped on Commonwealth Bank for similar offences.</b> Mr Porter, who would approve any settlement, said the \"unbelievably serious\" allegations of millions of money laundering compliance breaches, some related to financing child pornography and exploitation, were of \"enormous concern\" to the Morrison government. \"I think common sense would tell us that if the Commonwealth Bank matter was at the level of utmost seriousness, this looks like it's off the charts,\" Mr Porter told The Australian Financial Review.</p><p>[...]</p><p>Attorney-General Christian Porter said the size and scale of the wrongdoing was of \"enormous concern\", indicating any penalties could exceed the $700 million levelled at CBA for similar offences. <b>He was speaking a day after the financial crimes regulator AUSTRAC accused Westpac of 23 million breaches of anti-money laundering and counter-terrorism finance laws.</b> Senior executives at both financial regulators, the Australian Securities and Investments Commission and the Australian Prudential Regulation Authority, met on Thursday to consider launching their own investigations as Prime Minister Scott Morrison said the bank's board needed to reflect on the future of chief executive Brian Hartzer.<b>Mr Porter said he \"will keep a watching brief\" on the AUSTRAC prosecution of Westpac and he would be involved in the consideration of any monetary penalty.</b> \"I have to understand it, interrogate it, analyse it, determine whether it's appropriate in all of the circumstances,\" he said. \"But you're obviously looking to ensure that whatever outcome occurs, that the people are held - and the organisation is held - responsible in a big way for the size and scale of its misfeasance. \"And the size and scale of the wrongdoing here looks to be incredible.\"</p><p>[...]</p><p>\"If there is evidence ultimately that the failures of a bank, or banks, have enabled and facilitated these unbelievably serious offences, then that is something that the government would be enormously concerned about.\" ASIC weighs action <b>The corporate regulator is considering launching a formal investigation into whether Westpac breached company law, while the prudential regulator is considering if the scandal triggered the new accountability regime imposed on bank executives.</b> The regulators have been given additional funding and powers to take action against banks in the wake of the banking royal commission. It is understood that while ASIC has not begun an official investigation, there are concerns at the commissioner level that the problems identified by AUSTRAC, especially its accusation of senior management \"indifference\" to the issues, could point to potential deficiencies in the way in which the bank assesses non-financial risk. This is a core area of focus for ASIC chairman James Shipton.</p><p>[...]</p><p>\"If there is evidence ultimately that the failures of a bank, or banks, have enabled and facilitated these unbelievably serious offences, then that is something that the government would be enormously concerned about.\" <b>Another action that APRA will consider is a prudential inquiry, which could lead to a capital penalty being imposed on Westpac.</b> This is what happened with Commonwealth Bank when it faced anti-money laundering action in 2017, which led to additional capital of $1 billion being imposed. The capital required ensured it acted on recommendations in a report delivered by an APRA-appointed panel chaired by former regulator John Laker. \"If we had another case like the CBA, which was being played out in the public domain, then very clearly the public would expect to know what is the regulatory action being taken,\" APRA chairman Wayne Byres said in April.The BEAR regime allows APRA to target individual senior executives, in an attempt to introduce more personal accountability for banking transgressions. <b>The apparent oversights at Westpac could fall into the responsibility of senior managers in the bank's financial crime function, the chief risk officer, or senior lawyers, sources familiar with the \"accountability maps\" provided to APRA said.</b> Elizabeth Sheedy, a risk management expert from Macquarie University, said the principle underlying the BEAR was \"if everyone is responsible, no-one is responsible\". She said early signs from enforcement of the UK version of the law, known as the 'senior managers regime', have been encouraging.</p><p>[...]</p><p>Mr Hartzer also said on the call that while he accepts that most of the material in the AUSTRAC statement of claim was an accurate reflection of what had gone wrong at the bank, he challenged the accusation that he and other senior management were \"indifferent\". \"At a senior executive level, for the board, for me personally, in no way have we been indifferent on this,\" he said. <b>ASIC could also investigate the role of the Westpac board in managing anti-money laundering compliance.</b> In a report issued on October 2 on the oversight of non-financial risks by directors and officers, ASIC said the effectiveness of board risk committees could be improved. Across seven large financial institutions it examined, ASIC found that \"all too often, management was operating outside of board-approved risk appetites for non-financial risks, particularly compliance risk\".</p>", "original_content": "<entry xmlns=\"http://www.w3.org/2005/Atom\"><id>urn:contentItem:5XJJ-GHK1-DY19-C2CV-00000-00</id><title>Westpac case is 'off the charts': Porter</title><published>2019-11-22T00:00:00Z</published><updated>2020-11-15T19:58:28Z</updated><author><name>LexisNexis</name></author><content type=\"application/xml\"><!--Transformation version 1.23--><articleDoc xmlns=\"\" xmlns:xsi=\"http://www.w3.org/2001/XMLSchema-instance\" xsi:noNamespaceSchemaLocation=\"http://www.lexisnexis.com/xmlschemas/content/public/articledoc/1/\" schemaVersion=\"1.8\" xml:lang=\"en\"><articleDocHead><itemInfo/></articleDocHead><nitf:body xmlns:nitf=\"http://iptc.org/std/NITF/2006-10-18/\"><nitf:body.head><nitf:hedline><nitf:hl1>Westpac case is 'off the charts': Porter</nitf:hl1></nitf:hedline><nitf:byline><author><person><nameText>James Eyers and Michael Pelly</nameText></person></author></nitf:byline><highlight><bodyText><p>Attorney-General Christian Porter said the size and scale of the wrongdoing was of \"enormous concern\", indicating any penalties could exceed the $700 million levelled at CBA for similar offences.</p></bodyText></highlight></nitf:body.head><nitf:body.content><bodyText><p nitf:lede=\"true\">Attorney-General Christian Porter said the money laundering breaches levelled against Westpac are \"off the charts\" and indicated that the bank can expect a fine well over the $700 million slapped on <url normalizedValue=\"https://www.afr.com/companies/financial-services/commonwealth-bank-settles-austrac-case-for-700m-20180604-h10wzu\">Commonwealth Bank for similar offences</url>.</p><p nitf:lede=\"true\">Mr Porter, who would approve any settlement, said the \"unbelievably serious\" allegations of millions of money laundering compliance breaches, some related to financing child pornography and exploitation, were of \"enormous concern\" to the Morrison government.</p><p nitf:lede=\"true\">\"I think common sense would tell us that if the Commonwealth Bank matter was at the level of utmost seriousness, this looks like it's off the charts,\" Mr Porter told The Australian Financial Review.</p><p nitf:lede=\"true\">He was speaking a day after the financial crimes regulator AUSTRAC accused Westpac of 23 million breaches of anti-money laundering and counter-terrorism finance laws.</p><p>Senior executives at both financial regulators, the Australian Securities and Investments Commission and the Australian Prudential Regulation Authority, met on Thursday to consider launching their own investigations as Prime Minister Scott Morrison said the bank's board <url normalizedValue=\"https://www.afr.com/politics/federal/westpac-board-should-reflect-on-ceo-s-future-pm-20191121-p53cnb\">needed to reflect on the future of chief executive Brian Hartzer</url>.</p><p>Mr Hartzer and chairman Lindsay Maxsted refused requests for interviews on Thursday as Westpac shares slid for a second day, closing down 2 per cent.</p><p>Mr Porter said he \"will keep a watching brief\" on the AUSTRAC prosecution of Westpac and he would be involved in the consideration of any monetary penalty.</p><p>\"I have to understand it, interrogate it, analyse it, determine whether it's appropriate in all of the circumstances,\" he said. \"But you're obviously looking to ensure that whatever outcome occurs, that the people are held - and the organisation is held - responsible in a big way for the size and scale of its misfeasance.</p><p>\"And the size and scale of the wrongdoing here looks to be incredible.\"</p><p>The case raised a \"a really important question\", Mr Porter said.</p><p>\"The whole point about efforts the government makes to prevent money laundering - and the laws that we pass to make money laundering illegal - is that money laundering is an offence that facilitates other offences,\" he said.</p><p>\"It facilitates terrorism. Its facilitates slave trade. It facilitates child paedophilia rings. It's a facilitating offence.</p><p>\"If there is evidence ultimately that the failures of a bank, or banks, have enabled and facilitated these unbelievably serious offences, then that is something that the government would be enormously concerned about.\"</p><p>ASIC weighs action</p><p>The corporate regulator is considering launching a formal investigation into whether Westpac breached company law, while the prudential regulator is considering if the scandal triggered the new accountability regime imposed on bank executives.</p><p>The regulators have been given additional funding and powers to take action against banks in the wake of the banking royal commission.</p><p>It is understood that while ASIC has not begun an official investigation, there are concerns at the commissioner level that the problems identified by AUSTRAC, especially its accusation of senior management \"indifference\" to the issues, could point to potential deficiencies in the way in which the bank assesses non-financial risk. This is a core area of focus for ASIC chairman James Shipton.</p><p>The accusation of Westpac executive indifference <url normalizedValue=\"https://www.afr.com/companies/financial-services/hartzer-rejects-claim-of-bank-indifference-20191120-p53ces\">has been rejected by Mr Hartzer</url>.</p><p>The prudential regulator is also considering whether the Bank Executive Accountability Regime, which started in July 2018, might be triggered by AUSTRAC's alleged breaches or whether other prudential concerns are raised.</p><p>The BEAR regime is not retrospective and its potential application will therefore hinge on the timing of the alleged offences.</p><p>Another action that APRA will consider is a prudential inquiry, which could lead to a capital penalty being imposed on Westpac.</p><p>This is what happened with Commonwealth Bank when it faced anti-money laundering action in 2017, which led to additional capital of $1 billion being imposed. The capital required ensured it acted on recommendations in a report delivered by an APRA-appointed panel chaired by former regulator John Laker.</p><p>\"If we had another case like the CBA, which was being played out in the public domain, then very clearly the public would expect to know what is the regulatory action being taken,\" APRA chairman Wayne Byres said in April.</p><p>First test of the accountability regime</p><p>The BEAR regime allows APRA to target individual senior executives, in an attempt to introduce more personal accountability for banking transgressions.</p><p>The apparent oversights at Westpac could fall into the responsibility of senior managers in the bank's financial crime function, the chief risk officer, or senior lawyers, sources familiar with the \"accountability maps\" provided to APRA said.</p><p>Elizabeth Sheedy, a risk management expert from Macquarie University, said the principle underlying the BEAR was \"if everyone is responsible, no-one is responsible\".</p><p>She said early signs from enforcement of the UK version of the law, known as the 'senior managers regime', have been encouraging.</p><p>\"There will be somebody who is responsible for [anti-money laundering] and if they haven't been actioning matters over the last 18 months since BEAR came in, there could be a case there,\" she said.</p><p>Two corporate lawyers, who spoke anonymously because they work for major banks, said the material in the AUSTRAC statement of claim could also trigger potential breaches of two sections of the Corporations Act.</p><p>They are section 912A, which creates a general duty to act \"efficiently, honestly and fairly\", and section 180, which contains a duty to take the care and diligence expected of a reasonable person.</p><p>Both duties are relatively vague and ASIC would need to gather more information than that contained in the AUSTRAC statement of claim before determining whether there had been any breach.</p><p>The government recently bolstered the sanctions for breaching section 912A by attaching a new remedy that allows courts to levy penalties of up to $525 million for some companies and $1.05 million for individuals.</p><p>\"I would be astounded if ASIC didn't investigate this thoroughly,\" said one commercial barrister, who declined to be named.</p><p>Whether any action is taken by either regulator will follow a forensic assessment of what senior executives knew about the issues to determine if their responses were adequate.</p><p>Questions of timing</p><p>Mr Hartzer, in a media call on Wednesday afternoon, provided some detail about when the AUSTRAC reporting problems were identified, and when senior managements found out about the broader failures to do proper due diligence on customers, which would be core issues for any investigation.</p><p>Senior management had found about the under-reporting of the \"international fund transfer instructions\" in July last year, he said, and reported them to the regulator a month later.</p><p>This led to AUSTRAC \"asking broader questions about our [anti-money laundering and counter-terrorism finance] program, they gave us a bunch of notices to dig into different things,\" he added.</p><p>\"The issues on customer due diligence is a relatively new issue. The first time I heard personally anything about it was a month ago, and I heard it at a fairly high level that we were being asked some questions about that.\"</p><p>Mr Hartzer also said on the call that while he accepts that most of the material in the AUSTRAC statement of claim was an accurate reflection of what had gone wrong at the bank, he challenged the accusation that he and other senior management were \"indifferent\".</p><p>\"At a senior executive level, for the board, for me personally, in no way have we been indifferent on this,\" he said.</p><p>ASIC could also investigate the role of the Westpac board in managing anti-money laundering compliance.</p><p>In a report issued on October 2 on the oversight of non-financial risks by directors and officers, ASIC said the effectiveness of board risk committees could be improved.</p><p>Across seven large financial institutions it examined, ASIC found that \"all too often, management was operating outside of board-approved risk appetites for non-financial risks, particularly compliance risk\".</p><p>\"Material information about non-financial risk was often buried in dense, voluminous board packs. It was difficult to identify key non-financial risk issues in information presented to the board,\" ASIC said.</p></bodyText></nitf:body.content></nitf:body><metadata><dc:metadata xmlns:dc=\"http://purl.org/dc/elements/1.1/\"><dc:identifier identifierScheme=\"DOC-ID\">AFRONL-1520208899</dc:identifier><dc:source sourceScheme=\"royaltyReportingKey\">AFRONL2019</dc:source><dc:identifier identifierScheme=\"PGUID\">urn:contentItem:5XJJ-GHK1-DY19-C2CV-00000-00</dc:identifier><dc:source sourceScheme=\"productContentSetIdentifier\">429670</dc:source><dc:date dateType=\"last-updated\">2019-11-21</dc:date></dc:metadata><wordCount number=\"1398\"/><timeReceived>00:00 GMT</timeReceived><publicationInfo><copyright>Copyright 2019 Fairfax Media Publications Pty. Limited All Rights Reserved</copyright><publicationName>AFR Online</publicationName><publicationDate day=\"22\" month=\"11\" year=\"2019\"><dateText>November 22, 2019 Friday</dateText></publicationDate><classification classificationScheme=\"publicationtype\"><classificationItem><className>Web Publication</className></classificationItem></classification><classification classificationScheme=\"publicationtype\"><classificationItem><className>Industry Trade Press</className></classificationItem></classification></publicationInfo><classification classificationScheme=\"language\"><classificationItem classificationScheme=\"lang.english\"><className>ENGLISH</className></classificationItem></classification><classificationGroup classificationScheme=\"licensor.indexing-terms\"><classification classificationScheme=\"licensor.subject\"><classificationItem><className>Banking &amp; Finance</className></classificationItem></classification></classificationGroup><classificationGroup classificationScheme=\"indexing-terms\"><classification classificationScheme=\"legal\"><classificationItem><className>Criminal Law &amp; Procedure</className><classCode>Z3VpZD11cm46dG9waWM6NEU0RkE1OUQwNUQwNDgxODhEODZCMjkzOTg3NThBNzk7cGFyZW50Z3VpZD0</classCode><classificationItem score=\"99\"><className>General Overview</className><classCode>Z3VpZD11cm46dG9waWM6MUM4RjZFOEE4MDc3NDE4QjhCMkQwNzc2QTM0OUQ5NjI7cGFyZW50Z3VpZD11cm46dG9waWM6QzBDQzA4NEVCN0Q0NEZCRkEwNjY3Qzk3MDA3NzlCMjU</classCode></classificationItem></classificationItem></classification><classification classificationScheme=\"subject\"><classificationItem score=\"90\"><classCode>STX000128</classCode><className>ATTORNEYS GENERAL</className><classCode/><className/></classificationItem><classificationItem score=\"90\"><classCode>N926150GC</classCode><className>BANKING &amp; FINANCE REGULATION</className><classCode/><className/></classificationItem><classificationItem score=\"90\"><classCode>STX000759</classCode><className>FRAUD &amp; FINANCIAL CRIME</className><classCode/><className/></classificationItem><classificationItem score=\"90\"><classCode>STX001159</classCode><className>MONEY LAUNDERING</className><classCode>Z3VpZD11cm46dG9waWM6QzBDQzA4NEVCN0Q0NEZCRkEwNjY3Qzk3MDA3NzlCMjU7cGFyZW50Z3VpZD11cm46dG9waWM6NkUzNTQ1QUZBM0Y5NDcyQjk4N0I5Mjg0QzU3NDk0MDI</classCode><className>Money Laundering</className></classificationItem><classificationItem score=\"90\"><classCode>ST0009FJK</classCode><className>NEGATIVE PERSONAL NEWS</className><classCode/><className/></classificationItem><classificationItem score=\"89\"><classCode>STX000713</classCode><className>FINANCIAL CRIME COUNTERMEASURES</className><classCode/><className/></classificationItem><classificationItem score=\"89\"><classCode>STX000969</classCode><className>INVESTIGATIONS</className><classCode/><className/></classificationItem><classificationItem score=\"88\"><classCode>ST000D1BY</classCode><className>EXECUTIVES</className><classCode/><className/></classificationItem><classificationItem score=\"78\"><classCode>ST000A4CY</classCode><className>BANKING &amp; FINANCE REGULATORY COMPLIANCE</className><classCode/><className/></classificationItem><classificationItem score=\"78\"><classCode>STX000417</classCode><className>COUNTERTERRORISM</className><classCode/><className/></classificationItem><classificationItem score=\"78\"><classCode>STX000722</classCode><className>FINES &amp; PENALTIES</className><classCode/><className/></classificationItem><classificationItem score=\"78\"><classCode>STX001149</classCode><className>MISCONDUCT</className><classCode/><className/></classificationItem><classificationItem score=\"78\"><classCode>ST0009QD4</classCode><className>NEGATIVE BUSINESS NEWS</className><classCode/><className/></classificationItem><classificationItem score=\"77\"><classCode>STX001932</classCode><className>CRIME, LAW ENFORCEMENT &amp; CORRECTIONS</className><classCode/><className/></classificationItem><classificationItem score=\"77\"><classCode>ST000959S</classCode><className>CRIMINAL OFFENSES</className><classCode>Z3VpZD11cm46dG9waWM6REE3RUI5RUNDMTgyNDU3Rjk2QUMwOTVBOUI1NDNFOTY7cGFyZW50Z3VpZD11cm46dG9waWM6NEU0RkE1OUQwNUQwNDgxODhEODZCMjkzOTg3NThBNzk</classCode><className>Criminal Offenses</className></classificationItem><classificationItem score=\"76\"><classCode>N921110CC</classCode><className>HEADS OF STATE &amp; GOVERNMENT</className><classCode/><className/></classificationItem><classificationItem score=\"76\"><classCode>STX001353</classCode><className>PORNOGRAPHY</className><classCode/><className/></classificationItem><classificationItem score=\"76\"><classCode>ST000CTIZ</classCode><className>SCANDALS</className><classCode/><className/></classificationItem><classificationItem score=\"76\"><classCode>STX001555</classCode><className>SEX OFFENSES</className><classCode>Z3VpZD11cm46dG9waWM6RkQwRTk5MUFBNjMxNDJGQUJGMDJBNjIzOTZEMUZBQTc7cGFyZW50Z3VpZD11cm46dG9waWM6RjgwNUY4MjJCMTg5NDgzRUJBMDQwNkM4NkUyNTJBMEY</classCode><className>Sex Crimes</className></classificationItem><classificationItem score=\"74\"><classCode>ST000DN6S</classCode><className>COUNTERTERRORISM LAWS</className><classCode/><className/></classificationItem><classificationItem score=\"73\"><classCode>STX001976</classCode><className>SECURITIES &amp; OTHER INVESTMENTS</className><classCode/><className/></classificationItem><classificationItem score=\"73\"><classCode>ST000CM6C</classCode><className>SLAVERY</className><classCode/><className/></classificationItem><classificationItem score=\"71\"><classCode>ST00093Q7</classCode><className>CHILD PORNOGRAPHY</className><classCode>Z3VpZD11cm46dG9waWM6NDE0MDI4Mjg5QUU3NDA2NTkyQTVFMjJCRDRFNjkwRDc7cGFyZW50Z3VpZD11cm46dG9waWM6RkQwRTk5MUFBNjMxNDJGQUJGMDJBNjIzOTZEMUZBQTc</classCode><className>Child Pornography</className></classificationItem><classificationItem score=\"71\"><classCode>ST000D4OZ</classCode><className>CHILD SEXUAL ABUSE</className><classCode>Z3VpZD11cm46dG9waWM6OTBBQjYwQkYwN0ZGNDQzOTlEMjIyRDEyMkE1RTAwRjc7cGFyZW50Z3VpZD11cm46dG9waWM6NzFENzYyRUI3RjFENEUwOEIyN0U0NEZBQjE5RjExMzk</classCode><className>Abuse of Children</className></classificationItem><classificationItem score=\"71\"><classCode>ST0009EOQ</classCode><className>PRIME MINISTERS</className><classCode/><className/></classificationItem><classificationItem score=\"68\"><classCode>STX001710</classCode><className>TERRORISM</className><classCode>Z3VpZD11cm46dG9waWM6ODg4MDhDQ0I2QkY5NDU2Rjg1RDNEREFBODk1Nzg1QTY7cGFyZW50Z3VpZD11cm46dG9waWM6RjgwNUY4MjJCMTg5NDgzRUJBMDQwNkM4NkUyNTJBMEY</classCode><className>Terrorism</className></classificationItem><classificationItem score=\"67\"><classCode>ST000A7IS</classCode><className>ASSOCIATIONS &amp; ORGANIZATIONS</className><classCode/><className/></classificationItem></classification><classification classificationScheme=\"industry\"><classificationItem score=\"90\"><classCode>N520000CC</classCode><className>BANKING &amp; FINANCE</className><classCode/><className/></classificationItem><classificationItem score=\"90\"><classCode>N926150GC</classCode><className>BANKING &amp; FINANCE REGULATION</className><classCode/><className/></classificationItem><classificationItem score=\"90\"><classCode>ST0009RX6</classCode><classCode/><className/></classificationItem><classificationItem score=\"78\"><classCode>ST00090O3</classCode><className>BANKING &amp; FINANCE REGULATION &amp; POLICY</className><classCode/><className/></classificationItem><classificationItem score=\"78\"><classCode>ST000A4CY</classCode><className>BANKING &amp; FINANCE REGULATORY COMPLIANCE</className><classCode/><className/></classificationItem><classificationItem score=\"73\"><classCode>STX001976</classCode><className>SECURITIES &amp; OTHER INVESTMENTS</className><classCode/><className/></classificationItem><classificationItem score=\"71\"><classCode>ST0008WTK</classCode><className>INSURANCE REGULATORY BODIES</className><classCode>Z3VpZD11cm46dG9waWM6NTk2QzZCOTc1QzgxNEI0REFDNjYwM0UxMzNDOEEwQUE7cGFyZW50Z3VpZD11cm46dG9waWM6MDM4MzQ2QUYzMTY0NDQzQTkxRDQwRUUzRUM5RDg0OEM</classCode><className>Regulators</className></classificationItem></classification><classification classificationScheme=\"person\"><classificationItem score=\"79\"><classCode>PE000DO37</classCode><className>SCOTT MORRISON</className><classCode/><className/></classificationItem></classification></classificationGroup></metadata></articleDoc></content></entry>"}