{"prediction_class": "Money laundering", "prediction_score": "1.0", "name": "Westpac", "title": "ASIC lurches from bad to worse", "published": "2020-08-24T00:00:00Z", "updated": "2020-11-15T20:03:07Z", "cleaned_article": "[TITLE] ASIC lurches from bad to worse [TITLE] \n\nStill, many turned down lucrative job offers from the banks in the hope that a revitalised ASIC would finally tackle corporate misconduct. That optimism is wilting now that ASIC has fallen out of favour in Canberra, after a string of humiliating legal losses, starting with its ill-fated battle over responsible lending. Not only did ASIC lose its high profile \"wagyu and shiraz\" case against Westpac, it had to be dissuaded from seeking special leave to appeal the case to the High Court in a final desperate attempt to secure victory. It was only after receiving sage counsel from Reserve Bank governor Philip Lowe and Treasury secretary Steven Kennedy that ASIC finally concluded that it was perhaps not in the national interest to create further legal uncertainty for bankers when the country is suffering its most severe economic downturn since the 1930s. But an even worse humiliation lay in store for ASIC in its case against two former directors of Tennis Australia for awarding television broadcast rights for the Australian Open to the Seven Network without a competitive tender process. [...] \n\nBut despite ASIC's tougher rhetoric, it hasn't gone unnoticed in the broader community that the corporate cop has yet to claim any major corporate scalp. Former AMP chairwoman Catherine Brenner has received a former letter from ASIC stating that no action will be taken against her, and ASIC is also understood to have dropped its investigation into Commonwealth Bank directors in the wake of the AUSTRAC scandal. ASIC is now understood to be interrogating Westpac directors over whether they adequately informed investors of alleged money-laundering violations before a major capital raising, but most believe they're likely to emerge unscathed. \"Directors' duties cases overall have not been a happy hunting ground for ASIC, or for regulators more generally,\" noted one. More profound observers, however, believe that ASIC's problems reflect deeper underlying causes than its failure to choose the right cases to prosecute, or even its blind adherence to the \"why not litigate\" formula.", "raw_cleaned_article": "<h2>ASIC lurches from bad to worse</h2><p>Still, many turned down lucrative job offers from the banks in the hope that a revitalised ASIC would finally tackle corporate misconduct. That optimism is wilting now that ASIC has fallen out of favour in Canberra, after a string of humiliating legal losses, starting with its ill-fated battle over responsible lending. <b>Not only did ASIC lose its high profile \"wagyu and shiraz\" case against Westpac, it had to be dissuaded from seeking special leave to appeal the case to the High Court in a final desperate attempt to secure victory.</b> It was only after receiving sage counsel from Reserve Bank governor Philip Lowe and Treasury secretary Steven Kennedy that ASIC finally concluded that it was perhaps not in the national interest to create further legal uncertainty for bankers when the country is suffering its most severe economic downturn since the 1930s. But an even worse humiliation lay in store for ASIC in its case against two former directors of Tennis Australia for awarding television broadcast rights for the Australian Open to the Seven Network without a competitive tender process.</p><p>[...]</p><p>But despite ASIC's tougher rhetoric, it hasn't gone unnoticed in the broader community that the corporate cop has yet to claim any major corporate scalp. Former AMP chairwoman Catherine Brenner has received a former letter from ASIC stating that no action will be taken against her, and ASIC is also understood to have dropped its investigation into Commonwealth Bank directors in the wake of the AUSTRAC scandal. <b>ASIC is now understood to be interrogating Westpac directors over whether they adequately informed investors of alleged money-laundering violations before a major capital raising, but most believe they're likely to emerge unscathed.</b> \"Directors' duties cases overall have not been a happy hunting ground for ASIC, or for regulators more generally,\" noted one. More profound observers, however, believe that ASIC's problems reflect deeper underlying causes than its failure to choose the right cases to prosecute, or even its blind adherence to the \"why not litigate\" formula.</p>", "original_content": "<entry xmlns=\"http://www.w3.org/2005/Atom\"><id>urn:contentItem:60P2-H4C1-JBJ7-N08S-00000-00</id><title>ASIC lurches from bad to worse</title><published>2020-08-24T00:00:00Z</published><updated>2020-11-15T20:03:07Z</updated><author><name>LexisNexis</name></author><content type=\"application/xml\"><!--Transformation version 1.23--><articleDoc xmlns=\"\" xmlns:xsi=\"http://www.w3.org/2001/XMLSchema-instance\" xsi:noNamespaceSchemaLocation=\"http://www.lexisnexis.com/xmlschemas/content/public/articledoc/1/\" schemaVersion=\"1.8\" xml:lang=\"en\"><articleDocHead><itemInfo/></articleDocHead><nitf:body xmlns:nitf=\"http://iptc.org/std/NITF/2006-10-18/\"><nitf:body.head><nitf:hedline><nitf:hl1>ASIC lurches from bad to worse</nitf:hl1></nitf:hedline><nitf:byline><author><person><nameText>Karen Maley</nameText></person></author></nitf:byline><highlight><bodyText><p>Frictions between ASIC commissioners are bubbling up at a time when the corporate cop has suffered some humiliating legal setbacks, causing many to wonder just what has gone wrong.</p></bodyText></highlight></nitf:body.head><nitf:body.content><bodyText><p nitf:lede=\"true\">What has gone so wrong with the Australian Securities and Investments Commission?</p><p nitf:lede=\"true\">There were widespread hopes that the Morrison government's moves to bolster its powers and budgetary resources would finally allow the country's top corporate cop to be able to tackle white-collar criminals.</p><p nitf:lede=\"true\">But a sense of gloom has now descended on ASIC amid signs that it is mired in decision-making paralysis at a time when tensions between the six commissioners are flaring regularly.</p><p nitf:lede=\"true\">The renewed sense of despondency is particularly difficult for ASIC's large legion of talented and committed staff, whose morale was badly battered by the excoriating criticisms made of their employer by the Hayne royal commission.</p><p nitf:lede=\"true\">Still, many turned down lucrative job offers from the banks in the hope that a revitalised ASIC would finally tackle corporate misconduct.</p><p>That optimism is wilting now that ASIC has fallen out of favour in Canberra, after a string of humiliating legal losses, starting with its ill-fated battle over responsible lending.</p><p>Not only did ASIC lose its high profile \"wagyu and shiraz\" case against Westpac, it had to be dissuaded from seeking special leave to appeal the case to the High Court in a final desperate attempt to secure victory.</p><p>It was only after receiving sage counsel from Reserve Bank governor Philip Lowe and Treasury secretary Steven Kennedy that ASIC finally concluded that it was perhaps not in the national interest to create further legal uncertainty for bankers when the country is suffering its most severe economic downturn since the 1930s.</p><p>But an even worse humiliation lay in store for ASIC in its case against two former directors of Tennis Australia for awarding television broadcast rights for the Australian Open to the Seven Network without a competitive tender process.</p><p>A Federal Court judge found that former Tennis Australia director Harold Mitchell breached his duties as a director three times, but <url normalizedValue=\"https://www.afr.com/companies/media-and-marketing/asic-failed-to-back-up-conspiracy-theories-in-mitchell-case-20200731-p55hal\">ruled the corporate cop failed to back up conspiracy theories in its case against him</url> and the sporting body's former president, Stephen Healy.</p><p>\"Much of ASIC's construction of its evidence displayed confirmatory bias,\" Justice Beach wrote in his judgment. \"The various cover-up and conspiracy theories that it floated turned out to lack substance.\"</p><p>(Not surprisingly, ASIC is understood to have decided not to appeal the Tennis Australia decision.)</p><p>All the same, two such high-profile legal losses coming in swift succession have inevitably raised questions about ASIC's judgment in choosing which cases it should prosecute.</p><p>But there's even greater consternation about ASIC's new-found determination to prosecute all cases, even when the corporate defendants are perfectly willing to concede that they were in the wrong, and are happy to pay a penalty.</p><p>ASIC's enthusiasm for a legal ruling no doubt reflects the savage criticism it received from the Hayne royal commission for its past preference for reaching settlements with misbehaving banks.</p><p>Still, many lawyers are critical that the corporate cop's inflexible adherence to its \"why not litigate?\" mantra means that it is overlooking other useful tools in the regulatory kit, <url normalizedValue=\"https://www.afr.com/companies/financial-services/asic-s-why-not-litigate-strategy-kills-enforceable-undertakings-20190516-p51o14\">such as enforceable undertakings</url>.</p><p>Indeed, leading lawyers were incredulous last week when ASIC announced that it had commenced proceedings in the Federal Court against <url normalizedValue=\"https://www.afr.com/companies/financial-services/asic-sues-westpac-first-state-over-fees-for-no-service-20200820-p55nn4\">two Westpac subsidiaries in a \"fee for no service\" case</url>.</p><p>Given that Westpac has said that the two subsidiaries involved accept the allegations and do not intend to defend the proceedings, it means that ASIC is handing over the responsibility for deciding the appropriate penalty to the court system.</p><p>The question in corporate and legal circles is why would a corporate regulator abdicate its responsibility in such a way?</p><p>\"The most likely explanation is that ASIC feels it doesn't have the confidence of the community, so they don't have confidence in their ability to defend decisions about penalty.\" said one leading chairman.</p><p>But, he added: \"It does seem they're paying scant regard to the broad costs to the community of lengthy legal processes.\"</p><p>Others argued that ASIC's enthusiasm for initiating legal proceedings reflected the desire to project a public image as a tough and fearsome regulator.</p><p>\"It's a problem with the culture,\" a leading lawyer said. \"The commissioners are all worried about the public face, and everything is being driven by what keeps the commissioners happy.\"</p><p>But despite ASIC's tougher rhetoric, it hasn't gone unnoticed in the broader community that the corporate cop has yet to claim any major corporate scalp.</p><p>Former AMP chairwoman Catherine Brenner has <url normalizedValue=\"https://www.afr.com/chanticleer/asic-finally-lets-brenner-separate-personal-and-business-20200810-p55kd6\">received a former letter from ASIC stating that no action will be taken</url> against her, and ASIC is also understood to have dropped its investigation into Commonwealth Bank directors in the wake of the AUSTRAC scandal.</p><p>ASIC is now understood to be interrogating Westpac directors over whether they adequately informed investors of alleged money-laundering violations before a major capital raising, but most believe they're likely to emerge unscathed.</p><p>\"Directors' duties cases overall have not been a happy hunting ground for ASIC, or for regulators more generally,\" noted one.</p><p>More profound observers, however, believe that ASIC's problems reflect deeper underlying causes than its failure to choose the right cases to prosecute, or even its blind adherence to the \"why not litigate\" formula.</p><p>They argue that the root of ASIC's dysfunction lies in its very structure.</p><p>ASIC has 10 divisions, which are headed by 10 executive directors. But overlaying that are six people in ASIC's senior leadership team - the chairman (James Shipton), two deputy chairs (Karen Chester and Daniel Crennan QC), along with three commissioners (Cathie Armour, Sean Hughes and Danielle Press).</p><p>Leading corporate figures confess they are baffled as to how the structure is supposed to work efficiently.</p><p>They point out that the six ASIC commissioners work full-time, but they're not executives with day-to day-responsibility. At the same time, the ASIC commissioners can't be compared with a normal corporate board, which is responsible for monitoring and overseeing the organisation.</p><p>This clumsy corporate structure creates a conflict between the executive directors, who are charged with running their various divisions, and the commissioners, who have some sort of oversight role of those divisions</p><p>Some ASIC commissioners make a deliberate attempt to avoid conflict with executive directors, and find other ways to fill in their time rather than second-guessing their decisions.</p><p>But other ASIC commissioners become extremely involved in the decision-making process, even when it concerns technical issues, and are more comfortable issuing directions, rather than discussing issues with their executive directors.</p><p>This, however, means that the executive directors are reduced to acting as little more than the secretariat for the ASIC commissioners.</p><p>This issue is understood to have played a role in last week's abrupt departure of ASIC executive director of financial services, Paul Newson, who only joined the corporate watchdog in June.</p><p>Newson's departure is understood to reflect a frustration at having his role overcrowded by ASIC commissioners.</p><p>The problem is that the confusion and lack of clarity over the respective roles of ASIC commissioners and executive directors makes it extremely unlikely that the corporate cop will be able to attract other senior executives from outside the organisation.</p></bodyText></nitf:body.content></nitf:body><metadata><dc:metadata xmlns:dc=\"http://purl.org/dc/elements/1.1/\"><dc:identifier identifierScheme=\"DOC-ID\">AFRONL-1520317388</dc:identifier><dc:source sourceScheme=\"royaltyReportingKey\">AFRONL2020</dc:source><dc:identifier identifierScheme=\"PGUID\">urn:contentItem:60P2-H4C1-JBJ7-N08S-00000-00</dc:identifier><dc:source sourceScheme=\"productContentSetIdentifier\">429670</dc:source><dc:date dateType=\"last-updated\">2020-08-26</dc:date></dc:metadata><wordCount number=\"1244\"/><timeReceived>00:00 GMT</timeReceived><publicationInfo><copyright>Copyright 2020 Fairfax Media Publications Pty. Limited All Rights Reserved</copyright><publicationName>AFR Online</publicationName><publicationDate day=\"24\" month=\"08\" year=\"2020\"><dateText>August 24, 2020 Monday</dateText></publicationDate><classification classificationScheme=\"publicationtype\"><classificationItem><className>Web Publication</className></classificationItem></classification><classification classificationScheme=\"publicationtype\"><classificationItem><className>Industry Trade Press</className></classificationItem></classification></publicationInfo><classification classificationScheme=\"language\"><classificationItem classificationScheme=\"lang.english\"><className>ENGLISH</className></classificationItem></classification><classificationGroup classificationScheme=\"indexing-terms\"><classification classificationScheme=\"company\"><classificationItem score=\"53\"><classCode>CC00031Y0</classCode><className>SEVEN GROUP HOLDINGS LTD</className></classificationItem></classification><classification classificationScheme=\"industry\"><classificationItem score=\"53\"><className>NAICS515120 TELEVISION BROADCASTING</className></classificationItem><classificationItem score=\"53\"><className>SIC4833 TELEVISION BROADCASTING STATIONS</className></classificationItem></classification><classification classificationScheme=\"ticker\"><classificationItem score=\"53\"><className>SVW (ASX)</className></classificationItem></classification></classificationGroup><classificationGroup classificationScheme=\"licensor.indexing-terms\"><classification classificationScheme=\"licensor.subject\"><classificationItem><className>Banking &amp; Finance</className></classificationItem></classification></classificationGroup><classificationGroup classificationScheme=\"indexing-terms\"><classification classificationScheme=\"subject\"><classificationItem score=\"90\"><classCode>N551112MM</classCode><className>HOLDING COMPANIES</className><classCode/><className/></classificationItem><classificationItem score=\"89\"><classCode>STX000369</classCode><className>CONSPIRACY</className><classCode>Z3VpZD11cm46dG9waWM6Q0FGMDkyQTE0NTI1NEUyNkE0NjUxM0E2OTBDQjQ0NUU7cGFyZW50Z3VpZD11cm46dG9waWM6NzZBMzM3QjFDOTcxNENCNzhBNTE0MzVGMzBBMzdERUY</classCode><className>Conspiracy</className></classificationItem><classificationItem score=\"89\"><classCode>STX001209</classCode><className>NEW ISSUES</className><classCode/><className/></classificationItem><classificationItem score=\"89\"><classCode>ST000DMT1</classCode><className>PATENT COURTS</className><classCode/><className/></classificationItem><classificationItem score=\"78\"><classCode>N926150GC</classCode><className>BANKING &amp; FINANCE REGULATION</className><classCode/><className/></classificationItem><classificationItem score=\"78\"><classCode>STX000408</classCode><className>CORPORATE WRONGDOING</className><classCode/><className/></classificationItem><classificationItem score=\"78\"><classCode>ST0009FJK</classCode><className>NEGATIVE PERSONAL NEWS</className><classCode/><className/></classificationItem><classificationItem score=\"78\"><classCode>ST00097CL</classCode><className>PUBLIC FINANCE AGENCIES &amp; TREASURIES</className><classCode/><className/></classificationItem><classificationItem score=\"78\"><classCode>ST0009ERN</classCode><className>TREASURY DEPARTMENTS</className><classCode/><className/></classificationItem><classificationItem score=\"77\"><classCode>STX000104</classCode><className>APPEALS</className><classCode/><className/></classificationItem><classificationItem score=\"77\"><classCode>STX000759</classCode><className>FRAUD &amp; FINANCIAL CRIME</className><classCode/><className/></classificationItem><classificationItem score=\"75\"><classCode>STX001149</classCode><className>MISCONDUCT</className><classCode/><className/></classificationItem><classificationItem score=\"73\"><classCode>ST00090NT</classCode><className>ECONOMIC CONDITIONS</className><classCode/><className/></classificationItem><classificationItem score=\"73\"><classCode>ST000DLOJ</classCode><className>GOVERNMENT ADVISORS &amp; MINISTERS</className><classCode/><className/></classificationItem><classificationItem score=\"71\"><classCode>STX000388</classCode><className>CONTRACTS &amp; BIDS</className><classCode/><className/></classificationItem><classificationItem score=\"71\"><classCode>STX000984</classCode><className>JUDGES</className><classCode>Z3VpZD11cm46dG9waWM6OTg1QUIzNkIwNzk5NDQ4NzhGMDdDQjVGNEYyRjY5OTI7cGFyZW50Z3VpZD11cm46dG9waWM6NURENzJGNTEyQzM0NEREQUI2RkVCRTM4RTc1RTZBREU</classCode><className>Judges</className></classificationItem><classificationItem score=\"71\"><classCode>N922110CC</classCode><className>LAW COURTS &amp; TRIBUNALS</className><classCode/><className/></classificationItem><classificationItem score=\"68\"><classCode>ST0008WZA</classCode><className>ECONOMIC DECLINE</className><classCode/><className/></classificationItem><classificationItem score=\"65\"><classCode>STX000551</classCode><className>ECONOMIC NEWS</className><classCode/><className/></classificationItem></classification><classification classificationScheme=\"industry\"><classificationItem score=\"90\"><classCode>N520000CC</classCode><className>BANKING &amp; FINANCE</className><classCode/><className/></classificationItem><classificationItem score=\"90\"><classCode>N515000CC</classCode><className>BROADCASTING INDUSTRY</className><classCode/><className/></classificationItem><classificationItem score=\"90\"><classCode>STX000218</classCode><className>BUDGETS</className><classCode/><className/></classificationItem><classificationItem score=\"90\"><classCode>N515120CC</classCode><className>TELEVISION INDUSTRY</className><classCode/><className/></classificationItem><classificationItem score=\"90\"><classCode>ST0009RX6</classCode><classCode/><className/></classificationItem><classificationItem score=\"89\"><classCode>STX001209</classCode><className>NEW ISSUES</className><classCode/><className/></classificationItem><classificationItem score=\"78\"><classCode>N926150GC</classCode><className>BANKING &amp; FINANCE REGULATION</className><classCode/><className/></classificationItem><classificationItem score=\"78\"><classCode>ST00097CL</classCode><className>PUBLIC FINANCE AGENCIES &amp; TREASURIES</className><classCode/><className/></classificationItem><classificationItem score=\"78\"><classCode>ST0009ERN</classCode><className>TREASURY DEPARTMENTS</className><classCode/><className/></classificationItem></classification><classification classificationScheme=\"city\"><classificationItem score=\"79\"><classCode>GX013</classCode><className>CANBERRA, AUSTRALIA</className><classCode/><className/></classificationItem></classification><classification classificationScheme=\"state\"><classificationItem score=\"79\"><classCode>GS006</classCode><className>AUSTRALIAN CAPITAL TERRITORY</className><classCode/><className/></classificationItem></classification><classification classificationScheme=\"country\"><classificationItem score=\"95\"><classCode>GC301</classCode><className>AUSTRALIA</className><classCode/><className/></classificationItem></classification></classificationGroup></metadata></articleDoc></content></entry>"}