{"prediction_class": "Regulatory Breaches Tax Evasion Smuggling of goods", "prediction_score": "0.76", "name": "Westpac", "title": "Australia: ASIC Enforcement Update demonstrates the power of ASIC to address market misconduct", "published": "2020-05-12T00:00:00Z", "updated": "2020-11-15T19:43:36Z", "cleaned_article": "[TITLE] Australia: ASIC Enforcement Update demonstrates the power of ASIC to address market misconduct [TITLE] \n\nThe Enforcement Update reflects these key priorities and conveys that ASIC has seen an increase in financial services-related results, summarised in the table below (in addition to a number of ongoing investigations and court proceedings): Misconduct type Criminal case Civil case Administrative Court enforceable undertaking Remediation outcome Total Credit1080110Dishonest conduct, misleading statements3440011Misappropriation, theft, fraud221005Other financial services misconduct11240329Total 7 7 37 0 4 55  An interesting case study in the Enforcement Update related to Westpac being ordered to pay $9.15 million penalty for 22 contraventions of the Corporations Act owing to poor financial advice from a failure to act in the best interests' of clients. A key takeaway is that Australian financial services licensees are directly liable for breaches committed by their financial advisers, and the penalties can be severe. What's next? The Enforcement Update has demonstrated that ASIC is willing and prepared to take action to protect markets and vulnerable individuals by pursuing financial services participants that breach laws and regulations. Although ASIC has indicated that it will shift its focus away from enforcement and investigation activities towards issues of immediate concern during COVID-19, financial services entities should not take this as an opportunity to relax their compliance with financial services laws.", "raw_cleaned_article": "<h2>Australia: ASIC Enforcement Update demonstrates the power of ASIC to address market misconduct</h2><p>The Enforcement Update reflects these key priorities and conveys that ASIC has seen an increase in financial services-related results, summarised in the table below (in addition to a number of ongoing investigations and court proceedings): Misconduct type Criminal case Civil case Administrative Court enforceable undertaking Remediation outcome Total Credit1080110Dishonest conduct, misleading statements3440011Misappropriation, theft, fraud221005Other financial services misconduct11240329Total 7 7 37 0 4 55  <b>An interesting case study in the Enforcement Update related to Westpac being ordered to pay $9.15 million penalty for 22 contraventions of the Corporations Act owing to poor financial advice from a failure to act in the best interests' of clients. A key takeaway is that Australian financial services licensees are directly liable for breaches committed by their financial advisers, and the penalties can be severe.</b> What's next? The Enforcement Update has demonstrated that ASIC is willing and prepared to take action to protect markets and vulnerable individuals by pursuing financial services participants that breach laws and regulations. Although ASIC has indicated that it will shift its focus away from enforcement and investigation activities towards issues of immediate concern during COVID-19, financial services entities should not take this as an opportunity to relax their compliance with financial services laws.</p>", "original_content": "<entry xmlns=\"http://www.w3.org/2005/Atom\"><id>urn:contentItem:5YWG-GYF1-JCF5-V41R-00000-00</id><title>Australia: ASIC Enforcement Update demonstrates the power of ASIC to address market misconduct</title><published>2020-05-12T00:00:00Z</published><updated>2020-11-15T19:43:36Z</updated><author><name>LexisNexis</name></author><content type=\"application/xml\"><!--Transformation version 1.23--><articleDoc xmlns=\"\" xmlns:xsi=\"http://www.w3.org/2001/XMLSchema-instance\" xsi:noNamespaceSchemaLocation=\"http://www.lexisnexis.com/xmlschemas/content/public/articledoc/1/\" schemaVersion=\"1.8\" xml:lang=\"en\"><articleDocHead><itemInfo/></articleDocHead><nitf:body xmlns:nitf=\"http://iptc.org/std/NITF/2006-10-18/\"><nitf:body.head><nitf:hedline><nitf:hl1>Australia: ASIC Enforcement Update demonstrates the power of ASIC to address market misconduct</nitf:hl1></nitf:hedline><nitf:byline><author><person><nameText>Michael Chaaya, Simon Johnson and Mark Wilks</nameText></person></author></nitf:byline></nitf:body.head><nitf:body.content><bodyText><p nitf:lede=\"true\">ASIC has released Report 660 ASIC Enforcement Update July to December 2019 (Enforcement Update), providing a useful snapshot of the regulator's increased litigation and enforcement activities. This follows the release of ASIC's Corporate Plan 2019-23, where ASIC vowed that it would increase its enforcement activities and strive to better prevent consumer harm.</p><p nitf:lede=\"true\">Although the update retrospectively reviews the period until 31 December 2019, in the face of COVID-19 ASIC has recalibrated its regulatory priorities to focus on challenges created by the pandemic and other highly significant matters. It is therefore likely that we will see a slight reduction in enforcement activities for the first half of 2020. More information on the changes to ASIC's priorities can be found  here.</p><p>ASIC's enforcement strategy and priorities</p><p>Corrs has previously discussed ASIC's Corporate Plan 2019-23 (the article can be found  here). Since releasing the article, in the period until December 2019 ASIC has further developed its enforcement strategy for 2019-20 (Focus 2019-20).</p><p>What stands out from Focus 2019-20 is the increased toolkit and powers that ASIC currently has at its disposal to address and correct market misconduct. ASIC's broad enforcement strategy involves the following:</p><p> Close and continuous monitoring program (CCM): under the CCM program, ASIC conducts onsite supervision of targeted regulated entities with a view to identifying deficiencies early. Although this program is not possible during COVID-19, ASIC has indicated that it will now undertake monitoring of firms remotely.Corporate governance taskforce: the taskforce is responsible for reviewing corporate governance practices, with a key objective being to understand and strengthen director and officer oversight in large, listed companies.Expanded oversight of financial markets: ASIC has expanded its oversight of governance, internal systems and controls relating to market infrastructure providers and intermediaries in wholesale over-the-counter markets.Enhanced enforcement discipline: ASIC's 'why not litigate?' approach to enforcement will continue to target cases of high deterrence value involving egregious harm or misconduct.Office of Enforcement: the Office, which was established in 2019, is responsible for ensuring ASIC maintains its well-publicised 'why not litigate?' stance and coordinating ASIC's enforcement strategy.Expanded enforcement toolkit: new laws have boosted ASIC's powers by increasing maximum prison terms for most serious offences and higher civil penalties for individuals and companies.Product intervention power and design and distribution obligations: ASIC's new product intervention powers allow ASIC to intervene when a financial or credit product have, or are likely to, result in a significant consumer detriment. Additionally, the 'design and distribution obligations' (set to commence in April 2021) are intended to require issuers and distributors to design, market and distribute financial and credit products that meet consumer needs. The Federal Court has recently affirmed ASIC's role in this space - see our earlier article  here.</p><p>The regulator has expressed that it will seek to cement positive changes in culture and conduct going forward through the use of the above strengthened supervisory and enforcement strategies.</p><p>Summary of enforcement results</p><p>In the wake of the Financial Services Royal Commission in 2019, ASIC was criticised for failing to prosecute and monitor corporate misconduct. It is clear from the Enforcement Update that ASIC has been seeking to correct this perception and has taken advantage of enhanced funding, increased regulatory tools and stronger civil and criminal penalties.</p><p>In summary, for the period 1 July to 31 December 2019:</p><p> 297 criminal charges were laid in summary prosecutions for strict liability offences and 154 individuals charged in summary prosecutions for strict liability offences;$12.9 million in civil penalties were imposed by the courts;48 individuals were removed or restricted from providing financial services or credit;$22.2 million in compensation and remediation was paid to consumers and investors; and60 investigations were commenced and 40 investigations were completed.</p><p>Financial services</p><p>A highlight of ASIC's Corporate Plan 2019-23 was that ASIC would prioritise the recommendations and referrals from the Financial Services Royal Commission, monitor superannuation and address harms caused through insurance.</p><p>The Enforcement Update reflects these key priorities and conveys that ASIC has seen an increase in financial services-related results, summarised in the table below (in addition to a number of ongoing investigations and court proceedings):</p><p><table><tgroup cols=\"7\" xml:id=\"tgroup_1\"><colspec align=\"left\" colname=\"col1\" colwidth=\"176\"/><colspec align=\"left\" colname=\"col2\" colwidth=\"56\"/><colspec align=\"left\" colname=\"col3\" colwidth=\"80\"/><colspec align=\"left\" colname=\"col4\" colwidth=\"56\"/><colspec align=\"left\" colname=\"col5\" colwidth=\"128\"/><colspec align=\"left\" colname=\"col6\" colwidth=\"80\"/><colspec align=\"left\" colname=\"col7\" colwidth=\"40\"/><tbody><row><entry colname=\"col1\">Misconduct type </entry><entry colname=\"col2\">Criminal case </entry><entry colname=\"col3\">Civil case </entry><entry colname=\"col4\">Administrative </entry><entry colname=\"col5\">Court enforceable undertaking </entry><entry colname=\"col6\">Remediation outcome </entry><entry colname=\"col7\">Total </entry></row><row><entry colname=\"col1\">Credit</entry><entry colname=\"col2\">1</entry><entry colname=\"col3\">0</entry><entry colname=\"col4\">8</entry><entry colname=\"col5\">0</entry><entry colname=\"col6\">1</entry><entry colname=\"col7\">10</entry></row><row><entry colname=\"col1\">Dishonest conduct, misleading statements</entry><entry colname=\"col2\">3</entry><entry colname=\"col3\">4</entry><entry colname=\"col4\">4</entry><entry colname=\"col5\">0</entry><entry colname=\"col6\">0</entry><entry colname=\"col7\">11</entry></row><row><entry colname=\"col1\">Misappropriation, theft, fraud</entry><entry colname=\"col2\">2</entry><entry colname=\"col3\">2</entry><entry colname=\"col4\">1</entry><entry colname=\"col5\">0</entry><entry colname=\"col6\">0</entry><entry colname=\"col7\">5</entry></row><row><entry colname=\"col1\">Other financial services misconduct</entry><entry colname=\"col2\">1</entry><entry colname=\"col3\">1</entry><entry colname=\"col4\">24</entry><entry colname=\"col5\">0</entry><entry colname=\"col6\">3</entry><entry colname=\"col7\">29</entry></row><row><entry colname=\"col1\">Total </entry><entry colname=\"col2\">7 </entry><entry colname=\"col3\">7 </entry><entry colname=\"col4\">37 </entry><entry colname=\"col5\">0 </entry><entry colname=\"col6\">4 </entry><entry colname=\"col7\">55 </entry></row></tbody></tgroup></table></p><p>An interesting case study in the Enforcement Update related to Westpac being ordered to pay $9.15 million penalty for 22 contraventions of the Corporations Act owing to poor financial advice from a failure to act in the best interests' of clients. A key takeaway is that Australian financial services licensees are directly liable for breaches committed by their financial advisers, and the penalties can be severe.</p><p>What's next?</p><p>The Enforcement Update has demonstrated that ASIC is willing and prepared to take action to protect markets and vulnerable individuals by pursuing financial services participants that breach laws and regulations. Although ASIC has indicated that it will shift its focus away from enforcement and investigation activities towards issues of immediate concern during COVID-19, financial services entities should not take this as an opportunity to relax their compliance with financial services laws.</p><p>The content of this article is intended to provide a general guide to the subject matter. Specialist advice should be sought about your specific circumstances.</p><p><table><tgroup cols=\"2\" xml:id=\"tgroup_2\"><colspec align=\"left\" colname=\"col1\" colwidth=\"384\"/><colspec align=\"left\" colname=\"col2\" colwidth=\"240\"/><tbody><row><entry colname=\"col1\">Chambers Asia Pacific Awards 2016 Winner - Australia  Client Service Award</entry><entry colname=\"col2\">Employer of Choice for Gender Equality (WGEA)  </entry></row></tbody></tgroup></table><br/> Mr Michael Chaaya<br/> Corrs Chambers Westgarth<br/> Level 17, 8 Chifley<br/> 8-12 Chifley Square<br/> Sydney<br/> NSW<br/> 2000<br/> AUSTRALIA<br/> Tel: 29210 6500<br/> Fax: 29210 6611<br/>E-mail: <email normalizedValue=\"mailto:jeremy.bojman@corrs.com.au\">jeremy.bojman@corrs.com.au</email><br/> URL: <url normalizedValue=\"http://www.corrs.com.au/insights\">www.corrs.com.au/insights</url><br/></p></bodyText></nitf:body.content></nitf:body><metadata><dc:metadata xmlns:dc=\"http://purl.org/dc/elements/1.1/\"><dc:identifier identifierScheme=\"DOC-ID\">MONDAQ-10932464</dc:identifier><dc:source sourceScheme=\"royaltyReportingKey\">MONDAQ2020</dc:source><dc:identifier identifierScheme=\"PGUID\">urn:contentItem:5YWG-GYF1-JCF5-V41R-00000-00</dc:identifier><dc:source sourceScheme=\"productContentSetIdentifier\">149522</dc:source><dc:date dateType=\"last-updated\">2020-05-12</dc:date></dc:metadata><wordCount number=\"1066\"/><publicationInfo><copyright>Copyright 2020 Mondaq Ltd. All Rights Reserved</copyright><publicationName>Mondaq Business Briefing</publicationName><publicationLogo><logo><inlineObject><locator><locatorKey><keyName name=\"object-key\"/><keyValue value=\"33716\"/></locatorKey><locatorParameters><parameter name=\"object-type\" value=\"201\"/><parameter name=\"object-smi\" value=\"LOGOS\"/><parameter name=\"componentseq\" value=\"1\"/></locatorParameters></locator></inlineObject></logo></publicationLogo><publicationDate day=\"12\" month=\"05\" year=\"2020\"><dateText>May 12, 2020 Tuesday</dateText></publicationDate><classification classificationScheme=\"publicationtype\"><classificationItem><className>Newswire</className></classificationItem></classification><classification classificationScheme=\"publicationtype\"><classificationItem><className>Newswires &amp; Press Releases</className></classificationItem></classification></publicationInfo><classification classificationScheme=\"language\"><classificationItem classificationScheme=\"lang.english\"><className>ENGLISH</className></classificationItem></classification><classificationGroup classificationScheme=\"licensor.indexing-terms\"><classification classificationScheme=\"licensor.company\"><classificationItem><className>Corrs Chambers Westgarth</className></classificationItem></classification><classification classificationScheme=\"licensor.country\"><classificationItem><className>Australia</className></classificationItem></classification><classification classificationScheme=\"licensor.subject\"><classificationItem><className>Finance and Banking</className></classificationItem><classificationItem><className>Corporate/Commercial Law</className></classificationItem><classificationItem><className>Consumer Protection</className></classificationItem><classificationItem><className>Strategy</className></classificationItem><classificationItem><className>Government Policy &amp; Public Finance</className></classificationItem></classification></classificationGroup><classificationGroup classificationScheme=\"indexing-terms\"><classification classificationScheme=\"subject\"><classificationItem score=\"91\"><classCode>ST0009FJK</classCode><className>NEGATIVE PERSONAL NEWS</className><classCode/><className/></classificationItem><classificationItem score=\"90\"><classCode>STX001149</classCode><className>MISCONDUCT</className><classCode/><className/></classificationItem><classificationItem score=\"89\"><classCode>STX000404</classCode><className>CORPORATE GOVERNANCE</className><classCode>Z3VpZD11cm46dG9waWM6MDQ3M0RFODczN0I4NDg2RjlFRDNFMUNBODRDQTU0Q0E7cGFyZW50Z3VpZD11cm46dG9waWM6RTJGRkVBNjc4MzI3NDA5MTlEMDI1NjU2NzMyNkYzNTc</classCode><className>Corporate Governance</className></classificationItem><classificationItem score=\"78\"><classCode>ST000DJQC</classCode><className>CONSUMERS</className><classCode/><className/></classificationItem><classificationItem score=\"78\"><classCode>STX000722</classCode><className>FINES &amp; PENALTIES</className><classCode/><className/></classificationItem><classificationItem score=\"78\"><classCode>N920000CC</classCode><className>GOVERNMENT &amp; PUBLIC ADMINISTRATION</className><classCode>Z3VpZD11cm46dG9waWM6MjdEQjE4OUJDMzQxNDNEMEI0RTI1QUFCMzJENjEwRTA7cGFyZW50Z3VpZD11cm46dG9waWM6MUFEMUQ2QTA1OUZCNEE5RjkzNTA2RERFMUNEOTk1RTI</classCode><className>Governments</className></classificationItem><classificationItem score=\"78\"><classCode>STX001040</classCode><className>LITIGATION</className><classCode/><className/></classificationItem><classificationItem score=\"78\"><classCode>ST0009J09</classCode><className>COMMERCIAL LAW</className><classCode/><className/></classificationItem><classificationItem score=\"78\"><classCode>STX001928</classCode><className>COMPANY ACTIVITIES &amp; MANAGEMENT</className><classCode/><className/></classificationItem><classificationItem score=\"78\"><classCode>ST0008X57</classCode><className>CONSUMER LAW</className><classCode>Z3VpZD11cm46dG9waWM6RDJBNDY2Rjc3Mzk4NDI3NUJDOTlCQTRCNzE2M0IwRTU7cGFyZW50Z3VpZD11cm46dG9waWM6REEyRTNDM0JGQzYyNEMyOEFGNTAwNUJEOUU1MDg4NjU</classCode><className>Consumer Protection</className></classificationItem><classificationItem score=\"78\"><classCode>N926110GJ</classCode><className>CONSUMER PROTECTION</className><classCode/><className/></classificationItem><classificationItem score=\"78\"><classCode>STX001211</classCode><className>NEW PRODUCTS</className><classCode/><className/></classificationItem><classificationItem score=\"76\"><classCode>STX000912</classCode><className>INFECTIOUS DISEASE</className><classCode/><className/></classificationItem><classificationItem score=\"76\"><classCode>ST000DOTH</classCode><className>COVID-19 CORONAVIRUS</className><classCode/><className/></classificationItem><classificationItem score=\"73\"><classCode>STX001960</classCode><className>PUBLIC POLICY</className><classCode/><className/></classificationItem><classificationItem score=\"73\"><classCode>STX001020</classCode><className>LEGISLATION</className><classCode/><className/></classificationItem><classificationItem score=\"73\"><classCode>STX001959</classCode><className>PUBLIC FINANCE</className><classCode/><className/></classificationItem></classification><classification classificationScheme=\"industry\"><classificationItem score=\"78\"><classCode>N520000CC</classCode><className>BANKING &amp; FINANCE</className><classCode/><className/></classificationItem><classificationItem score=\"78\"><classCode>ST00090O3</classCode><className>BANKING &amp; FINANCE REGULATION &amp; POLICY</className><classCode/><className/></classificationItem><classificationItem score=\"78\"><classCode>STX001211</classCode><className>NEW PRODUCTS</className><classCode/><className/></classificationItem><classificationItem score=\"78\"><classCode>STX001912</classCode><className>RETAIL &amp; WHOLESALE TRADE</className><classCode/><className/></classificationItem><classificationItem score=\"78\"><classCode>STX001836</classCode><className>WHOLESALERS</className><classCode/><className/></classificationItem></classification><classification classificationScheme=\"country\"><classificationItem score=\"90\"><classCode>GC301</classCode><className>AUSTRALIA</className><classCode/><className/></classificationItem></classification></classificationGroup></metadata></articleDoc></content></entry>"}