{"prediction_class": "Money laundering", "prediction_score": "0.99", "name": "Westpac", "title": "Australia: Inside Track: Superannuation, Funds Management & Financial Services - In the media, in practice & courts & cases", "published": "2020-06-24T00:00:00Z", "updated": "2020-11-15T19:52:28Z", "cleaned_article": "[TITLE] Australia: Inside Track: Superannuation, Funds Management & Financial Services - In the media, in practice & courts & cases [TITLE] \n\nFormer financial adviser and Royal Commission witness, Sam Henderson charged with dishonesty and defective disclosure offences Following an ASIC investigation, former Sydney financial adviser Sam Maxwell Henderson has been charged with three counts of dishonest conduct and two counts of giving a disclosure document knowing it to be defective. The charges relate to alleged false representations made by Mr Henderson that he had a Master of Commerce (10 June 2020).  More... Super information on superannuation Services Australia has launched a series of podcasts to help explain what the pandemic may mean for the receivers of Centrelink payments. The first episode in this special series focuses on early release of superannuation for people who may be under financial distress due to coronavirus ( 08 June 2020).  More... Westpac blames breaches of AUSTRAC guidelines on \"poor individual judgments\" Big Four bank Westpac has released the results of its investigation into AUSTRAC's allegations of money laundering and enabling child exploitation, saying there was no evidence of intentional wrongdoing (04 June 2020).  More... Major overhaul of AFSL system required to reflect new era of professionalism in financial planning The Financial Planning Association of Australia (FPA) launched its five-year policy platform by recommending a professional registration for individual financial planners replace the current system that requires an Australian Financial Services License (AFSL) to provide advice (03 June 2020).  More... Flexible governance structure needed A recent SCT determination has acted as a reminder to superannuation funds of their obligation to fully pursue insurance claims on behalf of members. In unprecedented times like the COVID-19 pandemic a governance structure that is flexible will allow superannuation funds to respond better, according to a panel ( Conference of Major Superannuation Funds (CMSF)(02 June 2020).  More...", "raw_cleaned_article": "<h2>Australia: Inside Track: Superannuation, Funds Management & Financial Services - In the media, in practice & courts & cases</h2><p>Former financial adviser and Royal Commission witness, Sam Henderson charged with dishonesty and defective disclosure offences Following an ASIC investigation, former Sydney financial adviser Sam Maxwell Henderson has been charged with three counts of dishonest conduct and two counts of giving a disclosure document knowing it to be defective. The charges relate to alleged false representations made by Mr Henderson that he had a Master of Commerce (10 June 2020).  More... Super information on superannuation Services Australia has launched a series of podcasts to help explain what the pandemic may mean for the receivers of Centrelink payments. The first episode in this special series focuses on early release of superannuation for people who may be under financial distress due to coronavirus ( 08 June 2020).  More... <b>Westpac blames breaches of AUSTRAC guidelines on \"poor individual judgments\" Big Four bank Westpac has released the results of its investigation into AUSTRAC's allegations of money laundering and enabling child exploitation, saying there was no evidence of intentional wrongdoing (04 June 2020).  More...</b> Major overhaul of AFSL system required to reflect new era of professionalism in financial planning The Financial Planning Association of Australia (FPA) launched its five-year policy platform by recommending a professional registration for individual financial planners replace the current system that requires an Australian Financial Services License (AFSL) to provide advice (03 June 2020).  More... Flexible governance structure needed A recent SCT determination has acted as a reminder to superannuation funds of their obligation to fully pursue insurance claims on behalf of members. In unprecedented times like the COVID-19 pandemic a governance structure that is flexible will allow superannuation funds to respond better, according to a panel ( Conference of Major Superannuation Funds (CMSF)(02 June 2020).  More...</p>", "original_content": "<entry xmlns=\"http://www.w3.org/2005/Atom\"><id>urn:contentItem:606N-7ST1-DYX7-J1Y9-00000-00</id><title>Australia: Inside Track: Superannuation, Funds Management &amp; Financial Services - In the media, in practice &amp; courts &amp; cases</title><published>2020-06-24T00:00:00Z</published><updated>2020-11-15T19:52:28Z</updated><author><name>LexisNexis</name></author><content type=\"application/xml\"><!--Transformation version 1.23--><articleDoc xmlns=\"\" xmlns:xsi=\"http://www.w3.org/2001/XMLSchema-instance\" xsi:noNamespaceSchemaLocation=\"http://www.lexisnexis.com/xmlschemas/content/public/articledoc/1/\" schemaVersion=\"1.8\" xml:lang=\"en\"><articleDocHead><itemInfo/></articleDocHead><nitf:body xmlns:nitf=\"http://iptc.org/std/NITF/2006-10-18/\"><nitf:body.head><nitf:hedline><nitf:hl1>Australia: Inside Track: Superannuation, Funds Management &amp; Financial Services - In the media, in practice &amp; courts &amp; cases</nitf:hl1></nitf:hedline></nitf:body.head><nitf:body.content><bodyText><p nitf:lede=\"true\">In the media</p><p nitf:lede=\"true\">Former financial adviser and Royal Commission witness, Sam Henderson charged with dishonesty and defective disclosure offences<br/> Following an ASIC investigation, former Sydney financial adviser Sam Maxwell Henderson has been charged with three counts of dishonest conduct and two counts of giving a disclosure document knowing it to be defective. The charges relate to alleged false representations made by Mr Henderson that he had a Master of Commerce (10 June 2020).  More...</p><p nitf:lede=\"true\">Super information on superannuation<br/> Services Australia has launched a series of podcasts to help explain what the pandemic may mean for the receivers of Centrelink payments. The first episode in this special series focuses on early release of superannuation for people who may be under financial distress due to coronavirus ( 08 June 2020).  More...</p><p nitf:lede=\"true\">Westpac blames breaches of AUSTRAC guidelines on \"poor individual judgments\"<br/> Big Four bank Westpac has released the results of its investigation into AUSTRAC's allegations of money laundering and enabling child exploitation, saying there was no evidence of intentional wrongdoing (04 June 2020).  More...</p><p>Major overhaul of AFSL system required to reflect new era of professionalism in financial planning<br/> The Financial Planning Association of Australia (FPA) launched its five-year policy platform by recommending a professional registration for individual financial planners replace the current system that requires an Australian Financial Services License (AFSL) to provide advice (03 June 2020).  More...</p><p>Flexible governance structure needed<br/> A recent SCT determination has acted as a reminder to superannuation funds of their obligation to fully pursue insurance claims on behalf of members. In unprecedented times like the COVID-19 pandemic a governance structure that is flexible will allow superannuation funds to respond better, according to a panel ( Conference of Major Superannuation Funds (CMSF)(02 June 2020).  More...</p><p>Who is morally responsible for compensating early release fraud?<br/> A new survey has confirmed continuing industry fund antipathy towards self-managed superannuation funds but less certainty about how they should be regulated. Reports indicate that scammers have been using shortcomings in the Government's MyGov regime and that the Australian Taxation Office (ATO) has, in some instances, signed off on early release with respect to fraudulent claims (02 June 2020).  More...</p><p>Thousands of dollars disappear overnight as scammers use myGov to steal super<br/> Scammers are taking advantage of the Government's early release superannuation scheme to steal money from Australians' nest eggs, and loopholes in myGov security could have something to do with it (01 June 2020).  More...</p><p>In practice and courts</p><p>APRA FAQ: treatment of the Minimum Transfer Amount limit where the base currency is foreign-denominated<br/> The APRA has published a frequently asked question (FAQ) providing guidance to all APRA-regulated entities in determining their requirements under CPS 226: Margining and Risk Mitigation for Non-centrally Cleared Derivatives. The FAQ is available on the APRA website at:  Margining and risk mitigation for non-centrally cleared derivatives - frequently asked questions (01 June 2020).</p><p>ASFA: Guidelines for debt agreement administrators<br/> We have made important temporary updates to the certified duties of debt agreement administrators, regarding proposals to vary debt agreements. These changes are currently in affect for six months (until 30 September 2020). For more information see  Practitioners: COVID-19 and changes to debt agreements. For updated general guidelines for practitioners, see  Practitioners: COVID-19 and updated advice from the Inspector-General.</p><p>Cases</p><p> Australian Securities and Investments Commission v Commonwealth Bank of Australia [2020] FCA 790<br/> CORPORATIONS - financial services - financial products - assessment of pecuniary penalty - declarations of contraventions - financial packages for rural customers - misleading representations - incorrect charging of fees and interest on loans - underpaying interest on savings - misleading or deceptive conduct - contraventions of ss 12DA(1), 12DB(1)(e) and (g) and 12DI(3) of the Australian Securities and Investments Commission Act 2001 (Cth) - breaches of general obligation to comply with financial services laws - failure to ensure that financial services covered by AFSL were provided efficiently, honestly and fairly - contraventions of ss 912A(1)(a) and (c) of the Corporations Act 2001 (Cth) - orders made</p><p> Ross v Paea trading as Bombora Cafe [2020] FCA 766<br/> INDUSTRIAL LAW - where Applicant employed as cook by First Respondent - where Applicant claims unpaid wages, annual leave, taxation and superannuation under Fair Work Act 2009 (Cth)('the Act') - whether the Restaurant Industry Award 2010 applies to First Respondent - whether First Respondent is employer under s 47 of the Act - whether First Respondent contravened the Act<br/> SUPERANNUATION - whether employee can sue employer where employer fails to make superannuation contributions to complying fund - nature of compulsory superannuation laws as tax in constitutional sense<br/> BANKRUPTCY - where First Respondent has filed for bankruptcy prior to Court reserving judgment - whether leave granted to Applicant to proceed under s 58(3)(b) of the Bankruptcy Act 1966 (Cth) - where Court has already heard evidence in the case - where trustee of bankrupt estate neither agrees nor objects to leave being granted<br/> PRACTICE AND PROCEDURE - where Applicant assisted by unadmitted acquaintance who appears to have been holding himself out as lawyer - whether judgment reasons should be referred to Law Society of New South Wales</p><p> Rushton v Commonwealth Superannuation Corporation [2020] FCA 777<br/> PRACTICE AND PROCEDURE - appeal from a decision of the Australian Financial Complaints Authority in relation to the applicant's eligibility for a spouse pension - objection to competency by the first respondent - interlocutory application by the first respondent seeking summary dismissal, a permanent stay or strike out of the originating application - notice of appeal struck out - applicant given an opportunity to file an amended notice of appeal. Superannuation Amendment (PSS Trust Deed) Instrument 2018; Federal Court Rules 2011 (Cth), rr 1.32, 16.21, 26.01, 33.12, 33.34</p><p> Rachael Goldberg v The Advice Spot t/a The Advice Spot [2020] FWC 2671<br/> Application for a remedy for alleged unfair dismissal - termination of employment - part time bookkeeper in small financial/accounting firm - jurisdictional objections - whether employer complied with Small Business Fair Dismissal Code - whether applicant's dismissal a case of genuine redundancy - applicant claimed real reasons for dismissal were her second pregnancy and moving a family loan out of the business - dismissed by email while overseas - toxic and unbearable work environment - no notice of redundancy - no consideration of alternative options - evidence of applicant preferred over that of respondent - insufficient financial evidence - dismissal was not a case of genuine redundancy - daily meetings not consultation about redundancy - Code not complied with - dismissal harsh, unjust and unreasonable - reinstatement inappropriate - compensation to be ordered - consultation likely to be a short period - Sprigg Formula does not produce a fair result in all the circumstances - compensation order of ten weeks' pay, plus superannuation - matter concluded.</p><p>This publication does not deal with every important topic or change in law and is not intended to be relied upon as a substitute for legal or other advice that may be relevant to the reader's specific circumstances. If you have found this publication of interest and would like to know more or wish to obtain legal advice relevant to your circumstances please contact one of the named individuals listed.</p><p><br/> Holding Redlich<br/> Level 8<br/> 555 Bourke Street<br/> Melbourne<br/> 3000<br/> AUSTRALIA<br/> Tel: 39321 9999<br/> Fax: 39321 9900<br/>E-mail: <email normalizedValue=\"mailto:inquiries@holdingredlich.com.au\">inquiries@holdingredlich.com.au</email><br/> URL: <url normalizedValue=\"http://www.holdingredlich.com.au\">www.holdingredlich.com.au</url></p></bodyText></nitf:body.content></nitf:body><metadata><dc:metadata xmlns:dc=\"http://purl.org/dc/elements/1.1/\"><dc:identifier identifierScheme=\"DOC-ID\">MONDAQ-10957796</dc:identifier><dc:source sourceScheme=\"royaltyReportingKey\">MONDAQ2020</dc:source><dc:identifier identifierScheme=\"PGUID\">urn:contentItem:606N-7ST1-DYX7-J1Y9-00000-00</dc:identifier><dc:source sourceScheme=\"productContentSetIdentifier\">149522</dc:source><dc:date dateType=\"last-updated\">2020-06-24</dc:date></dc:metadata><wordCount number=\"1345\"/><publicationInfo><copyright>Copyright 2020 Mondaq Ltd. All Rights Reserved</copyright><publicationName>Mondaq Business Briefing</publicationName><publicationLogo><logo><inlineObject><locator><locatorKey><keyName name=\"object-key\"/><keyValue value=\"33716\"/></locatorKey><locatorParameters><parameter name=\"object-type\" value=\"201\"/><parameter name=\"object-smi\" value=\"LOGOS\"/><parameter name=\"componentseq\" value=\"1\"/></locatorParameters></locator></inlineObject></logo></publicationLogo><publicationDate day=\"24\" month=\"06\" year=\"2020\"><dateText>June 24, 2020 Wednesday</dateText></publicationDate><classification classificationScheme=\"publicationtype\"><classificationItem><className>Newswire</className></classificationItem></classification><classification classificationScheme=\"publicationtype\"><classificationItem><className>Newswires &amp; Press Releases</className></classificationItem></classification></publicationInfo><classification classificationScheme=\"language\"><classificationItem classificationScheme=\"lang.english\"><className>ENGLISH</className></classificationItem></classification><classificationGroup classificationScheme=\"licensor.indexing-terms\"><classification classificationScheme=\"licensor.company\"><classificationItem><className>Holding Redlich</className></classificationItem></classification><classification classificationScheme=\"licensor.country\"><classificationItem><className>Australia</className></classificationItem></classification><classification classificationScheme=\"licensor.subject\"><classificationItem><className>Finance and Banking</className></classificationItem><classificationItem><className>Employment and HR</className></classificationItem><classificationItem><className>Retirement</className></classificationItem><classificationItem><className>Superannuation &amp; Pensions</className></classificationItem></classification></classificationGroup><classificationGroup classificationScheme=\"indexing-terms\"><classification classificationScheme=\"subject\"><classificationItem score=\"91\"><classCode>ST0009FJK</classCode><className>NEGATIVE PERSONAL NEWS</className><classCode/><className/></classificationItem><classificationItem score=\"90\"><classCode>ST000959S</classCode><className>CRIMINAL OFFENSES</className><classCode>Z3VpZD11cm46dG9waWM6REE3RUI5RUNDMTgyNDU3Rjk2QUMwOTVBOUI1NDNFOTY7cGFyZW50Z3VpZD11cm46dG9waWM6NEU0RkE1OUQwNUQwNDgxODhEODZCMjkzOTg3NThBNzk</classCode><className>Criminal Offenses</className></classificationItem><classificationItem score=\"90\"><classCode>STX000969</classCode><className>INVESTIGATIONS</className><classCode/><className/></classificationItem><classificationItem score=\"90\"><classCode>N523920MM</classCode><className>INVESTMENT MANAGEMENT</className><classCode/><className/></classificationItem><classificationItem score=\"90\"><classCode>STX001849</classCode><className>WITNESSES</className><classCode/><className/></classificationItem><classificationItem score=\"89\"><classCode>STX000759</classCode><className>FRAUD &amp; FINANCIAL CRIME</className><classCode/><className/></classificationItem><classificationItem score=\"78\"><classCode>STX000165</classCode><className>BANKING &amp; FINANCE ASSOCIATIONS</className><classCode/><className/></classificationItem><classificationItem score=\"78\"><classCode>ST000CZVT</classCode><className>CHILD PROTECTIVE SERVICES</className><classCode/><className/></classificationItem><classificationItem score=\"78\"><classCode>ST0008X6T</classCode><className>DERIVATIVE INSTRUMENTS</className><classCode/><className/></classificationItem><classificationItem score=\"78\"><classCode>ST000DANR</classCode><className>FALSE STATEMENTS</className><classCode/><className/></classificationItem><classificationItem score=\"78\"><classCode>STX001500</classCode><className>RISK MANAGEMENT</className><classCode/><className/></classificationItem><classificationItem score=\"75\"><classCode>ST000DOTH</classCode><className>COVID-19 CORONAVIRUS</className><classCode/><className/></classificationItem><classificationItem score=\"75\"><classCode>STX000912</classCode><className>INFECTIOUS DISEASE</className><classCode/><className/></classificationItem><classificationItem score=\"75\"><classCode>ST000DOXW</classCode><className>PANDEMICS</className><classCode/><className/></classificationItem><classificationItem score=\"73\"><classCode>STLL000CVGE</classCode><className>CHILDREN'S RIGHTS</className><classCode/><className/></classificationItem><classificationItem score=\"73\"><classCode>STX001159</classCode><className>MONEY LAUNDERING</className><classCode>Z3VpZD11cm46dG9waWM6QzBDQzA4NEVCN0Q0NEZCRkEwNjY3Qzk3MDA3NzlCMjU7cGFyZW50Z3VpZD11cm46dG9waWM6NkUzNTQ1QUZBM0Y5NDcyQjk4N0I5Mjg0QzU3NDk0MDI</classCode><className>Money Laundering</className></classificationItem><classificationItem score=\"73\"><classCode>ST0009ERM</classCode><className>TAX AUTHORITIES</className><classCode>Z3VpZD11cm46dG9waWM6OEQ3QzNDQzE2OTlGNDhENjkxMEVGQjQ0QUZGQzFDQzY7cGFyZW50Z3VpZD11cm46dG9waWM6MzdCMzU2REU0NThGNEFBNDg0NEYwMjExMjM4NDY5NDM</classCode><className>Collection Authority</className></classificationItem><classificationItem score=\"71\"><classCode>ST000DOTY</classCode><className>CORONAVIRUSES</className><classCode/><className/></classificationItem><classificationItem score=\"71\"><classCode>STX001688</classCode><className>TAXES &amp; TAXATION</className><classCode/><className/></classificationItem><classificationItem score=\"69\"><classCode>STX001347</classCode><className>POLLS &amp; SURVEYS</className><classCode/><className/></classificationItem><classificationItem score=\"66\"><classCode>ST000A7IS</classCode><className>ASSOCIATIONS &amp; ORGANIZATIONS</className><classCode/><className/></classificationItem><classificationItem score=\"54\"><classCode>STX002145</classCode><className>VIRUSES</className><classCode/><className/></classificationItem></classification><classification classificationScheme=\"industry\"><classificationItem score=\"91\"><classCode>N520000CC</classCode><className>BANKING &amp; FINANCE</className><classCode/><className/></classificationItem><classificationItem score=\"91\"><classCode>ST00093QP</classCode><className>FINANCIAL PLANNING</className><classCode/><className/></classificationItem><classificationItem score=\"90\"><classCode>N523920MM</classCode><className>INVESTMENT MANAGEMENT</className><classCode/><className/></classificationItem><classificationItem score=\"78\"><classCode>STX000165</classCode><className>BANKING &amp; FINANCE ASSOCIATIONS</className><classCode/><className/></classificationItem><classificationItem score=\"78\"><classCode>ST0008X6T</classCode><className>DERIVATIVE INSTRUMENTS</className><classCode/><className/></classificationItem><classificationItem score=\"78\"><classCode>STX001500</classCode><className>RISK MANAGEMENT</className><classCode/><className/></classificationItem><classificationItem score=\"78\"><classCode>ST0009RX6</classCode><classCode/><className/></classificationItem><classificationItem score=\"73\"><classCode>ST0009ERM</classCode><className>TAX AUTHORITIES</className><classCode>Z3VpZD11cm46dG9waWM6OEQ3QzNDQzE2OTlGNDhENjkxMEVGQjQ0QUZGQzFDQzY7cGFyZW50Z3VpZD11cm46dG9waWM6MzdCMzU2REU0NThGNEFBNDg0NEYwMjExMjM4NDY5NDM</classCode><className>Collection Authority</className></classificationItem><classificationItem score=\"63\"><classCode>ST0008XZ0</classCode><className>INSURANCE CLAIMS</className><classCode/><className/></classificationItem><classificationItem score=\"55\"><classCode>ST0009RO7</classCode><className>PODCASTING</className><classCode/><className/></classificationItem></classification><classification classificationScheme=\"city\"><classificationItem score=\"78\"><classCode>GX014</classCode><className>SYDNEY, AUSTRALIA</className><classCode/><className/></classificationItem></classification><classification classificationScheme=\"country\"><classificationItem score=\"94\"><classCode>GC301</classCode><className>AUSTRALIA</className><classCode/><className/></classificationItem></classification></classificationGroup></metadata></articleDoc></content></entry>"}