{"prediction_class": "Money laundering", "prediction_score": "0.99", "name": "Westpac", "title": "Westpac, mint in global tax evasion probe;Special investigation", "published": "2020-10-19T00:00:00Z", "updated": "2020-11-15T19:47:20Z", "cleaned_article": "[TITLE] Westpac, mint in global tax evasion probe;Special investigation [TITLE] \n\nWestpac Banking Corporation, the Perth Mint and hundreds of Australian citizens have been caught up in a global tax evasion probe into a Puerto Rican bank co-owned by a flamboyant American millionaire. Euro Pacific Bank, fronted by US financier and celebrity business commentator Peter Schiff, has been proscribed as a \"top tier\" organised crime threat to Australia because of its suspected use by Australian and international organised crime syndicates. International enforcement sources have confirmed Euro Pacific is the target of Operation Atlantis, an international tax probe by the \"J5\", a taskforce made up of tax chiefs of Australia, the US, Britain, the Netherlands and Canada that was set up after the Panama Papers leak. [...] \n\n\"We've complied with all sorts of requests for information,\" he said. \"We somehow got caught up in whatever's going on, but there are no valid allegations against the bank. I can tell you there is no tax evasion going on at the bank. The bank is not facilitating anything.\" But the revelations, uncovered in an investigation by The Age, The Sydney Morning Herald, 60 Minutes and The New York Times, will send a shudder through the banking world because Euro Pacific has relationships with major financial institutions that facilitate transactions for its 13,000 global customers. Euro Pacific marketing materials list the bank's existing or previous financial partners as Westpac and the West Australian government-owned Perth Mint, raising the possibility the Australian institutions have facilitated the activities of organised criminals or tax evaders. Euro Pacific's international partners include the New York Federal Reserve, UK bank NatWest, Canada's Bank of Montreal and Japan's Mizuho Bank. Several of those banks have also been targeted by Operation Atlantis, sources confirmed. All declined to respond to questions. The investigation was prompted by a major leak of the bank's financial data that was first obtained by Dutch authorities and, later, the J5. Documents suggest Euro Pacific's Australian clients have included Simon Anquetil, the Australian businessman jailed for engineering Plutus Payroll, the country's biggest tax scam.Westpac, which is still reeling from its $1.3 billion fine in September for breaking money laundering laws, was a Euro Pacific banking \"correspondent partner\" until 2018. The relationship meant Westpac facilitated the Puerto Rican bank's dealings with its Australian customers.The Perth Mint partnered with Euro Pacific to allow the bank's well-heeled customers to buy gold. Former federal police financial crime expert John Chevis said Westpac and the Perth Mint might have inadvertently facilitated tax evasion and money laundering by partnering with the Puerto Rican bank.", "raw_cleaned_article": "<h2>Westpac, mint in global tax evasion probe;Special investigation</h2><p><b>Westpac Banking Corporation, the Perth Mint and hundreds of Australian citizens have been caught up in a global tax evasion probe into a Puerto Rican bank co-owned by a flamboyant American millionaire.</b> Euro Pacific Bank, fronted by US financier and celebrity business commentator Peter Schiff, has been proscribed as a \"top tier\" organised crime threat to Australia because of its suspected use by Australian and international organised crime syndicates. International enforcement sources have confirmed Euro Pacific is the target of Operation Atlantis, an international tax probe by the \"J5\", a taskforce made up of tax chiefs of Australia, the US, Britain, the Netherlands and Canada that was set up after the Panama Papers leak.</p><p>[...]</p><p>\"We've complied with all sorts of requests for information,\" he said. \"We somehow got caught up in whatever's going on, but there are no valid allegations against the bank. I can tell you there is no tax evasion going on at the bank. The bank is not facilitating anything.\" But the revelations, uncovered in an investigation by The Age, The Sydney Morning Herald, 60 Minutes and The New York Times, will send a shudder through the banking world because Euro Pacific has relationships with major financial institutions that facilitate transactions for its 13,000 global customers. <b>Euro Pacific marketing materials list the bank's existing or previous financial partners as Westpac and the West Australian government-owned Perth Mint, raising the possibility the Australian institutions have facilitated the activities of organised criminals or tax evaders.</b> Euro Pacific's international partners include the New York Federal Reserve, UK bank NatWest, Canada's Bank of Montreal and Japan's Mizuho Bank. Several of those banks have also been targeted by Operation Atlantis, sources confirmed. All declined to respond to questions. The investigation was prompted by a major leak of the bank's financial data that was first obtained by Dutch authorities and, later, the J5. Documents suggest Euro Pacific's Australian clients have included Simon Anquetil, the Australian businessman jailed for engineering Plutus Payroll, the country's biggest tax scam.</p><p>[...]</p><p>\"We've complied with all sorts of requests for information,\" he said. \"We somehow got caught up in whatever's going on, but there are no valid allegations against the bank. I can tell you there is no tax evasion going on at the bank. The bank is not facilitating anything.\" <b>Westpac, which is still reeling from its $1.3 billion fine in September for breaking money laundering laws, was a Euro Pacific banking \"correspondent partner\" until 2018. The relationship meant Westpac facilitated the Puerto Rican bank's dealings with its Australian customers.</b><b>The Perth Mint partnered with Euro Pacific to allow the bank's well-heeled customers to buy gold. Former federal police financial crime expert John Chevis said Westpac and the Perth Mint might have inadvertently facilitated tax evasion and money laundering by partnering with the Puerto Rican bank.</b></p>", "original_content": "<entry xmlns=\"http://www.w3.org/2005/Atom\"><id>urn:contentItem:613B-T631-JD34-V37R-00000-00</id><title>Westpac, mint in global tax evasion probe;Special investigation</title><published>2020-10-19T00:00:00Z</published><updated>2020-11-15T19:47:20Z</updated><author><name>LexisNexis</name></author><content type=\"application/xml\"><!--Transformation version 1.23--><articleDoc xmlns=\"\" xmlns:xsi=\"http://www.w3.org/2001/XMLSchema-instance\" xsi:noNamespaceSchemaLocation=\"http://www.lexisnexis.com/xmlschemas/content/public/articledoc/1/\" schemaVersion=\"1.8\" xml:lang=\"en\"><articleDocHead><itemInfo><sourceSectionInfo><positionSection>NEWS</positionSection><positionSequence>Pg. 1</positionSequence></sourceSectionInfo></itemInfo></articleDocHead><nitf:body xmlns:nitf=\"http://iptc.org/std/NITF/2006-10-18/\"><nitf:body.head><nitf:hedline><nitf:hl1>Westpac, mint in global tax evasion probe</nitf:hl1><nitf:hl2>Special investigation</nitf:hl2></nitf:hedline><nitf:byline><author><person><nameText>Nick McKenzie, Charlotte Grieve and Joel Tozer</nameText></person></author></nitf:byline></nitf:body.head><nitf:body.content><bodyText><p nitf:lede=\"true\">Westpac Banking Corporation, the Perth Mint and hundreds of Australian citizens have been caught up in a global tax evasion probe into a Puerto Rican bank co-owned by a flamboyant American millionaire.</p><p nitf:lede=\"true\">Euro Pacific Bank, fronted by US financier and celebrity business commentator Peter Schiff, has been proscribed as a \"top tier\" organised crime threat to Australia because of its suspected use by Australian and international organised crime syndicates.</p><p nitf:lede=\"true\">International enforcement sources have confirmed Euro Pacific is the target of Operation Atlantis, an international tax probe by the \"J5\", a taskforce made up of tax chiefs of Australia, the US, Britain, the Netherlands and Canada that was set up after the Panama Papers leak.</p><p>Australia's deputy tax commissioner, Will Day, said about 100 Australians were being investigated and could be jailed for evading tax after simultaneous raids worldwide on January 24 in what he described as an \"unprecedented\" joint probe.</p><p>Euro Pacific's designation as an Australian Priority Organisation Target means police suspect Euro Pacific poses a grave organised crime threat to Australia. It is the most serious classification by the Australian Criminal Intelligence Commission.</p><p>Mr Schiff, who denies all wrongdoing, confirmed he had been visited by US tax authorities working in partnership with Australian authorities on January 24.</p><p>\"We've complied with all sorts of requests for information,\" he said. \"We somehow got caught up in whatever's going on, but there are no valid allegations against the bank. I can tell you there is no tax evasion going on at the bank. The bank is not facilitating anything.\"</p><p>But the revelations, uncovered in an investigation by The Age, The Sydney Morning Herald, 60 Minutes and The New York Times, will send a shudder through the banking world because Euro Pacific has relationships with major financial institutions that facilitate transactions for its 13,000 global customers.</p><p>Euro Pacific marketing materials list the bank's existing or previous financial partners as Westpac and the West Australian government-owned Perth Mint, raising the possibility the Australian institutions have facilitated the activities of organised criminals or tax evaders.</p><p>Euro Pacific's international partners include the New York Federal Reserve, UK bank NatWest, Canada's Bank of Montreal and Japan's Mizuho Bank. Several of those banks have also been targeted by Operation Atlantis, sources confirmed. All declined to respond to questions.</p><p>The investigation was prompted by a major leak of the bank's financial data that was first obtained by Dutch authorities and, later, the J5. Documents suggest Euro Pacific's Australian clients have included Simon Anquetil, the Australian businessman jailed for engineering Plutus Payroll, the country's biggest tax scam.</p><p>Others with Euro Pacific accounts include a Russian cyber criminal wanted by Australian and US authorities for running the world's biggest cyber malware attack and an Australian suspected of laundering cash for a billion-dollar drug-trafficking syndicate.</p><p>Westpac, which is still reeling from its $1.3 billion fine in September for breaking money laundering laws, was a Euro Pacific banking \"correspondent partner\" until 2018. The relationship meant Westpac facilitated the Puerto Rican bank's dealings with its Australian customers.</p><p>The Perth Mint partnered with Euro Pacific to allow the bank's well-heeled customers to buy gold. Former federal police financial crime expert John Chevis said Westpac and the Perth Mint might have inadvertently facilitated tax evasion and money laundering by partnering with the Puerto Rican bank.</p><p>The Perth Mint declined to comment on its relationship with Euro Pacific but cut ties just weeks after the Herald sent it questions. Westpac declined to comment.</p><p>Mr Day refused to name the target of Atlantis, citing his ongoing inquiry and privacy laws, but confirmed Atlantis was targeting large-scale tax evasion and money laundering. Australian accountants and lawyers advising Australians were among the targets of Operation Atlantis, Mr Day confirmed. \"We were concerned about that behaviour and what it was facilitating,\" Mr Day said. \"We [the tax chiefs] were concerned that it was a common threat to all of our countries.\"</p><p>Mr Schiff, Euro Pacific's major shareholder, is an advocate of using legal loopholes to minimise tax.</p></bodyText></nitf:body.content></nitf:body><metadata><dc:metadata xmlns:dc=\"http://purl.org/dc/elements/1.1/\"><dc:identifier identifierScheme=\"DOC-ID\">SMHRLD-doc7ct5bchmmh5go266aht</dc:identifier><dc:source sourceScheme=\"royaltyReportingKey\">SMHRLD2020</dc:source><dc:identifier identifierScheme=\"PGUID\">urn:contentItem:613B-T631-JD34-V37R-00000-00</dc:identifier><dc:source sourceScheme=\"productContentSetIdentifier\">314237</dc:source><dc:date dateType=\"last-updated\">2020-10-18</dc:date></dc:metadata><wordCount number=\"728\"/><publicationInfo><copyright>Copyright 2020 John Fairfax Publications Pty Ltd All Rights Reserved</copyright><publicationName>Sydney Morning Herald (Australia)</publicationName><edition>Print &amp; First Editions</edition><publicationDate day=\"19\" month=\"10\" year=\"2020\"><dateText>October 19, 2020 Monday</dateText></publicationDate><classification classificationScheme=\"publicationtype\"><classificationItem><className>Newspaper</className></classificationItem></classification><classification classificationScheme=\"publicationtype\"><classificationItem><className>Newspapers</className></classificationItem></classification></publicationInfo><classification classificationScheme=\"language\"><classificationItem classificationScheme=\"lang.english\"><className>ENGLISH</className></classificationItem></classification><classificationGroup classificationScheme=\"indexing-terms\"><classification classificationScheme=\"company\"><classificationItem score=\"93\"><classCode>CC0002RXP</classCode><className>WESTPAC BANKING CORP</className></classificationItem><classificationItem score=\"92\"><classCode>CC000A3F4</classCode><className>MINT WIRELESS LTD</className></classificationItem><classificationItem score=\"84\"><classCode>CC00026YS</classCode><className>BANK OF MONTREAL</className></classificationItem></classification><classification classificationScheme=\"industry\"><classificationItem score=\"93\"><className>NAICS522110 COMMERCIAL BANKING</className></classificationItem><classificationItem score=\"93\"><className>SIC6029 COMMERCIAL BANKS, NEC</className></classificationItem><classificationItem score=\"92\"><className>SIC7374 COMPUTER PROCESSING &amp; DATA PREPARATION &amp; PROCESSING SERVICES</className></classificationItem><classificationItem score=\"84\"><className>SIC6082 FOREIGN TRADE &amp; INTERNATIONAL BANKING INSTITUTIONS</className></classificationItem></classification><classification classificationScheme=\"ticker\"><classificationItem score=\"93\"><className>WBK (NYSE)</className></classificationItem><classificationItem score=\"93\"><className>WBC (NZX)</className></classificationItem><classificationItem score=\"93\"><className>WBC (ASX)</className></classificationItem><classificationItem score=\"92\"><className>MNW (ASX)</className></classificationItem><classificationItem score=\"84\"><className>BMO (TSX)</className></classificationItem><classificationItem score=\"84\"><className>BMO (NYSE)</className></classificationItem></classification></classificationGroup><classificationGroup classificationScheme=\"indexing-terms\"><classification classificationScheme=\"legal\"><classificationItem><className>Criminal Law &amp; Procedure</className><classCode>Z3VpZD11cm46dG9waWM6NEU0RkE1OUQwNUQwNDgxODhEODZCMjkzOTg3NThBNzk7cGFyZW50Z3VpZD0</classCode><classificationItem score=\"95\"><className>General Overview</className><classCode>Z3VpZD11cm46dG9waWM6MUM4RjZFOEE4MDc3NDE4QjhCMkQwNzc2QTM0OUQ5NjI7cGFyZW50Z3VpZD11cm46dG9waWM6QzBDQzA4NEVCN0Q0NEZCRkEwNjY3Qzk3MDA3NzlCMjU</classCode></classificationItem></classificationItem></classification><classification classificationScheme=\"subject\"><classificationItem score=\"94\"><classCode>STX001678</classCode><className>TAX FRAUD</className><classCode>Z3VpZD11cm46dG9waWM6QUQ3NTEzQ0ZENTYxNEY1MDgwREQ3OTcwNUIyRjczNDY7cGFyZW50Z3VpZD11cm46dG9waWM6QjUxMzkyMTA2MTNDNDhDOUJDMkY5MkRGRDY1NjZBQjg</classCode><className>Tax Fraud</className></classificationItem><classificationItem score=\"93\"><classCode>STX001676</classCode><className>TAX ENFORCEMENT</className><classCode/><className/></classificationItem><classificationItem score=\"91\"><classCode>STX000969</classCode><className>INVESTIGATIONS</className><classCode/><className/></classificationItem><classificationItem score=\"91\"><classCode>STX001688</classCode><className>TAXES &amp; TAXATION</className><classCode/><className/></classificationItem><classificationItem score=\"90\"><classCode>STX001932</classCode><className>CRIME, LAW ENFORCEMENT &amp; CORRECTIONS</className><classCode/><className/></classificationItem><classificationItem score=\"90\"><classCode>ST000DLYT</classCode><className>GOVERNMENT COIN &amp; CURRENCY PRODUCTION</className><classCode/><className/></classificationItem><classificationItem score=\"90\"><classCode>ST000DN8A</classCode><className>INTERNATIONAL TAXATION</className><classCode/><className/></classificationItem><classificationItem score=\"90\"><classCode>ST0009FJK</classCode><className>NEGATIVE PERSONAL NEWS</className><classCode/><className/></classificationItem><classificationItem score=\"89\"><classCode>STX000759</classCode><className>FRAUD &amp; FINANCIAL CRIME</className><classCode/><className/></classificationItem><classificationItem score=\"78\"><classCode>STX000951</classCode><className>INTERNATIONAL TRADE</className><classCode/><className/></classificationItem><classificationItem score=\"78\"><classCode>STX001266</classCode><className>ORGANIZED CRIME</className><classCode/><className/></classificationItem><classificationItem score=\"78\"><classCode>STX001822</classCode><className>WEALTHY PEOPLE</className><classCode/><className/></classificationItem><classificationItem score=\"77\"><classCode>ST0008ZGX</classCode><className>CYBERCRIME</className><classCode/><className/></classificationItem><classificationItem score=\"73\"><classCode>STX001159</classCode><className>MONEY LAUNDERING</className><classCode>Z3VpZD11cm46dG9waWM6QzBDQzA4NEVCN0Q0NEZCRkEwNjY3Qzk3MDA3NzlCMjU7cGFyZW50Z3VpZD11cm46dG9waWM6NkUzNTQ1QUZBM0Y5NDcyQjk4N0I5Mjg0QzU3NDk0MDI</classCode><className>Money Laundering</className></classificationItem><classificationItem score=\"72\"><classCode>ST0009FZ2</classCode><className>MALICIOUS SOFTWARE</className><classCode/><className/></classificationItem><classificationItem score=\"70\"><classCode>STX000072</classCode><className>ALLIANCES &amp; PARTNERSHIPS</className><classCode/><className/></classificationItem></classification><classification classificationScheme=\"industry\"><classificationItem score=\"92\"><classCode>N520000CC</classCode><className>BANKING &amp; FINANCE</className><classCode/><className/></classificationItem><classificationItem score=\"92\"><classCode>ST0009RX6</classCode><classCode/><className/></classificationItem><classificationItem score=\"77\"><classCode>ST0008ZGX</classCode><className>CYBERCRIME</className><classCode/><className/></classificationItem><classificationItem score=\"72\"><classCode>ST0009FZ2</classCode><className>MALICIOUS SOFTWARE</className><classCode/><className/></classificationItem></classification><classification classificationScheme=\"city\"><classificationItem score=\"90\"><classCode>GX014</classCode><className>SYDNEY, AUSTRALIA</className><classCode/><className/></classificationItem></classification><classification classificationScheme=\"state\"><classificationItem score=\"79\"><classCode>GS004</classCode><className>WESTERN AUSTRALIA, AUSTRALIA</className><classCode/><className/></classificationItem></classification><classification classificationScheme=\"country\"><classificationItem score=\"99\"><classCode>GC301</classCode><className>AUSTRALIA</className><classCode/><className/></classificationItem><classificationItem score=\"93\"><classCode>GC343</classCode><className>UNITED STATES</className><classCode/><className/></classificationItem><classificationItem score=\"92\"><classCode>GC339</classCode><className>CANADA</className><classCode/><className/></classificationItem><classificationItem score=\"92\"><classCode>GC322</classCode><className>NETHERLANDS</className><classCode/><className/></classificationItem><classificationItem score=\"79\"><classCode>GC306</classCode><className>JAPAN</className><classCode/><className/></classificationItem><classificationItem score=\"76\"><classCode>GC329</classCode><className>UNITED KINGDOM</className><classCode/><className/></classificationItem></classification></classificationGroup></metadata></articleDoc></content></entry>"}