{"prediction_class": "Fraud Embezzlement Misappropriation", "prediction_score": "0.98", "name": "Woodside Petroleum", "title": "WOODSIDE REVEALS FRAUD SACKINGS", "published": "2015-03-20T00:00:00Z", "updated": "2020-11-15T23:52:23Z", "cleaned_article": "[TITLE] WOODSIDE REVEALS FRAUD SACKINGS [TITLE] \n\nMARKET WRAP ENERGY giant Woodside Petroleum has revealed it sacked seven staff for \"fraud-related\" incidents last year as part of the findings of an audit into unethical conduct at the company. In its 2014 Sustainable Development report, it said there were 71 reports of improper behaviour or code of conduct breaches investigated last year. However, it said no violations of anti-bribery and corruption laws were detected within or in connection to the company.", "raw_cleaned_article": "<h2>WOODSIDE REVEALS FRAUD SACKINGS</h2><p><b>MARKET WRAP ENERGY giant Woodside Petroleum has revealed it sacked seven staff for \"fraud-related\" incidents last year as part of the findings of an audit into unethical conduct at the company.</b> In its 2014 Sustainable Development report, it said there were 71 reports of improper behaviour or code of conduct breaches investigated last year. However, it said no violations of anti-bribery and corruption laws were detected within or in connection to the company.</p>", "original_content": "<entry xmlns=\"http://www.w3.org/2005/Atom\"><id>urn:contentItem:5FJB-VJY1-JD3N-5120-00000-00</id><title>WOODSIDE REVEALS FRAUD SACKINGS</title><published>2015-03-20T00:00:00Z</published><updated>2020-11-15T23:52:23Z</updated><author><name>LexisNexis</name></author><content type=\"application/xml\"><!--Transformation version 1.23--><articleDoc xmlns=\"\" xmlns:xsi=\"http://www.w3.org/2001/XMLSchema-instance\" xsi:noNamespaceSchemaLocation=\"http://www.lexisnexis.com/xmlschemas/content/public/articledoc/1/\" schemaVersion=\"1.8\" xml:lang=\"en\"><articleDocHead><itemInfo><sourceSectionInfo><positionSection>BUSINESS</positionSection><positionSequence>Pg. 68</positionSequence></sourceSectionInfo></itemInfo></articleDocHead><nitf:body xmlns:nitf=\"http://iptc.org/std/NITF/2006-10-18/\"><nitf:body.head><nitf:hedline><nitf:hl1>WOODSIDE REVEALS FRAUD SACKINGS</nitf:hl1></nitf:hedline></nitf:body.head><nitf:body.content><bodyText><p nitf:lede=\"true\">MARKET WRAP ENERGY giant Woodside Petroleum has revealed it sacked seven staff for \"fraud-related\" incidents last year as part of the findings of an audit into unethical conduct at the company.</p><p>In its 2014 Sustainable Development report, it said there were 71 reports of improper behaviour or code of conduct breaches investigated last year.</p><p>However, it said no violations of anti-bribery and corruption laws were detected within or in connection to the company.</p><p>Woodside shares added 45c to $35.31.</p><p>It came as the Australian share market enjoyed a rollicking day as it latched onto growing expectations of another imminent cut to the official interest rate.</p><p>The benchmark ASX 200 index rose 1.9 per cent, with strong gains in the high-yield banking and finance sector.</p><p>IG market strategist Evan Lucas said investors were trading with the belief that a rate cut by May was more or less certain. \"Rate cuts are now not only well and truly back on the cards but pretty much a certainty,\" Mr Lucas said.</p><p>\"That's why there's been such a drive back to the banks - it's all about that yield trade.\" Wall Street surged overnight on Wednesday after the US Federal Reserve trimmed its economic forecast and flagged a cautious approach to a long-awaited rate rise.</p><p>At home, the ASX 200 index added 108.5 points, or 1.9 per cent, at 5950.8 points while the broader All Ordinaries index put on 104.5 points, or 1.9 per cent, at 5912.5.</p><p>Australia's big four banks each rose by about 2 per cent and Commonwealth Bank, ANZ and Westpac hit all-time highs. Telstra shot up 11c to $6.41.</p><p>Mining giant BHP Billiton added 38c to $30.58 and Rio Tinto rose 8c to $58.30. Fortescue Metals was up 6.7 per cent to $1.99.</p></bodyText></nitf:body.content></nitf:body><metadata><dc:metadata xmlns:dc=\"http://purl.org/dc/elements/1.1/\"><dc:identifier identifierScheme=\"DOC-ID\">HERSUN-Herald Sun20150320HeraldSun68000124629869</dc:identifier><dc:source sourceScheme=\"royaltyReportingKey\">HERSUN2015</dc:source><dc:identifier identifierScheme=\"PGUID\">urn:contentItem:5FJB-VJY1-JD3N-5120-00000-00</dc:identifier><dc:source sourceScheme=\"productContentSetIdentifier\">244784</dc:source><dc:date dateType=\"last-updated\">2019-10-02</dc:date></dc:metadata><wordCount number=\"280\"/><publicationInfo><copyright>Copyright 2015 Nationwide News Pty Limited All Rights Reserved</copyright><publicationName>Herald Sun (Australia)</publicationName><edition>HeraldSun Edition</edition><publicationDate day=\"20\" month=\"03\" year=\"2015\"><dateText>March 20, 2015 Friday</dateText></publicationDate><classification classificationScheme=\"publicationtype\"><classificationItem><className>Newspaper</className></classificationItem></classification><classification classificationScheme=\"publicationtype\"><classificationItem><className>Newspapers</className></classificationItem></classification></publicationInfo><classification classificationScheme=\"language\"><classificationItem classificationScheme=\"lang.english\"><className>ENGLISH</className></classificationItem></classification><classificationGroup classificationScheme=\"indexing-terms\"><classification classificationScheme=\"company\"><classificationItem score=\"82\"><classCode>CC00091HS</classCode><className>AUSTRALIA &amp; NEW ZEALAND BANKING GROUP LTD</className></classificationItem><classificationItem score=\"81\"><classCode>CC00024OT</classCode><className>BHP BILLITON PLC</className></classificationItem><classificationItem score=\"54\"><classCode>CC0002FD0</classCode><className>RIO TINTO GROUP</className></classificationItem></classification><classification classificationScheme=\"industry\"><classificationItem score=\"82\"><className>NAICS524210 INSURANCE AGENCIES &amp; BROKERAGES</className></classificationItem><classificationItem score=\"82\"><className>NAICS523920 PORTFOLIO MANAGEMENT</className></classificationItem><classificationItem score=\"82\"><className>NAICS522110 COMMERCIAL BANKING</className></classificationItem><classificationItem score=\"82\"><className>SIC6411 INSURANCE AGENTS, BROKERS, &amp; SERVICE</className></classificationItem><classificationItem score=\"82\"><className>SIC6282 INVESTMENT ADVICE</className></classificationItem><classificationItem score=\"81\"><className>NAICS212299 ALL OTHER METAL ORE MINING</className></classificationItem><classificationItem score=\"81\"><className>NAICS212234 COPPER ORE &amp; NICKEL ORE MINING</className></classificationItem><classificationItem score=\"81\"><className>NAICS212210 IRON ORE MINING</className></classificationItem><classificationItem score=\"81\"><className>SIC1021 COPPER ORES</className></classificationItem><classificationItem score=\"81\"><className>SIC1011 IRON ORES</className></classificationItem><classificationItem score=\"54\"><className>NAICS212221 GOLD ORE MINING</className></classificationItem><classificationItem score=\"54\"><className>NAICS212112 BITUMINOUS COAL UNDERGROUND MINING</className></classificationItem><classificationItem score=\"54\"><className>SIC1041 GOLD ORES</className></classificationItem></classification><classification classificationScheme=\"ticker\"><classificationItem score=\"82\"><className>ANZ (NZX)</className></classificationItem><classificationItem score=\"82\"><className>ANZ (ASX)</className></classificationItem><classificationItem score=\"81\"><className>BLT (LSE)</className></classificationItem><classificationItem score=\"81\"><className>BIBLT (JSE)</className></classificationItem><classificationItem score=\"81\"><className>BBL (NYSE)</className></classificationItem><classificationItem score=\"54\"><className>RIO (NYSE)</className></classificationItem><classificationItem score=\"54\"><className>RIO (LSE)</className></classificationItem><classificationItem score=\"54\"><className>RIO (ASX)</className></classificationItem></classification></classificationGroup><classificationGroup classificationScheme=\"indexing-terms\"><classification classificationScheme=\"legal\"><classificationItem><className>Banking Law</className><classCode>Z3VpZD11cm46dG9waWM6QjQyMUFCOUJBNURBNEFDREE3MTNCNDk5QkQ4NUM3RjI7cGFyZW50Z3VpZD0</classCode><classificationItem score=\"50\"><className>US Federal Reserve System</className><classCode>Z3VpZD11cm46dG9waWM6RUMwQTBCNEI1REYxNDExMDgzQzVBNTc4NzgwN0YzQzg7cGFyZW50Z3VpZD11cm46dG9waWM6MTEzMzQzODVBMzEzNDczMEE1ODM5N0REMTc3QzFDMkI</classCode></classificationItem></classificationItem><classificationItem><className>Business &amp; Corporate Compliance</className><classCode>Z3VpZD11cm46dG9waWM6MUFEMUQ2QTA1OUZCNEE5RjkzNTA2RERFMUNEOTk1RTI7cGFyZW50Z3VpZD0</classCode><classificationItem score=\"50\"><className>US Federal Reserve System</className><classCode>Z3VpZD11cm46dG9waWM6RUMwQTBCNEI1REYxNDExMDgzQzVBNTc4NzgwN0YzQzg7cGFyZW50Z3VpZD11cm46dG9waWM6MTEzMzQzODVBMzEzNDczMEE1ODM5N0REMTc3QzFDMkI</classCode></classificationItem></classificationItem></classification><classification classificationScheme=\"subject\"><classificationItem score=\"90\"><classCode>STX000654</classCode><className>ETHICS</className><classCode/><className/></classificationItem><classificationItem score=\"90\"><classCode>STX000759</classCode><className>FRAUD &amp; FINANCIAL CRIME</className><classCode/><className/></classificationItem><classificationItem score=\"90\"><classCode>STX000969</classCode><className>INVESTIGATIONS</className><classCode/><className/></classificationItem><classificationItem score=\"90\"><classCode>N523930MC</classCode><className>INVESTMENT ADVISERS</className><classCode>Z3VpZD11cm46dG9waWM6ODQ2M0Q5NUExRUZENEY2NDkzMzlDMDVFNjFCNTY3MTQ7cGFyZW50Z3VpZD11cm46dG9waWM6RkFFMTQ3ODhCRDYyNDkyN0IwQkEyQzRCRDlFMEM5ODc</classCode><className>Investment Advisers</className></classificationItem><classificationItem score=\"90\"><classCode>STX001149</classCode><className>MISCONDUCT</className><classCode/><className/></classificationItem><classificationItem score=\"90\"><classCode>ST0009FJK</classCode><className>NEGATIVE PERSONAL NEWS</className><classCode/><className/></classificationItem><classificationItem score=\"79\"><classCode>ST000DM8Y</classCode><className>BUSINESS NEWS</className><classCode/><className/></classificationItem><classificationItem score=\"78\"><classCode>ST0009SVL</classCode><className>BANKING &amp; FINANCE SECTOR PERFORMANCE</className><classCode/><className/></classificationItem><classificationItem score=\"78\"><classCode>ST000D5SG</classCode><className>CORRUPTION</className><classCode/><className/></classificationItem><classificationItem score=\"78\"><classCode>ST0009RDY</classCode><className>MINING &amp; EXTRACTION SECTOR PERFORMANCE</className><classCode/><className/></classificationItem><classificationItem score=\"77\"><classCode>N523920MM</classCode><className>INVESTMENT MANAGEMENT</className><classCode/><className/></classificationItem><classificationItem score=\"77\"><classCode>N523210MM</classCode><className>STOCK EXCHANGES</className><classCode>Z3VpZD11cm46dG9waWM6M0ZDMDg5MEQ3OTlGNEJCMkI0M0EyM0MwN0E1Njk1MEQ7cGFyZW50Z3VpZD11cm46dG9waWM6NDBGREFBMDgyNTQ0NERFRUI3MEUwNDBFOTM5NDExREI</classCode><className>Stock Exchanges</className></classificationItem><classificationItem score=\"75\"><classCode>STX001631</classCode><className>STOCK INDEXES</className><classCode/><className/></classificationItem><classificationItem score=\"73\"><classCode>ST000DL6M</classCode><className>SUSTAINABILITY</className><classCode/><className/></classificationItem><classificationItem score=\"71\"><classCode>STX000211</classCode><className>BRIBERY</className><classCode>Z3VpZD11cm46dG9waWM6MDdBNUZBQTcxQ0QzNEQ2MDk3MUU1RUM0Rjg0RDM1NDk7cGFyZW50Z3VpZD11cm46dG9waWM6RjgwNUY4MjJCMTg5NDgzRUJBMDQwNkM4NkUyNTJBMEY</classCode><className>Bribery</className></classificationItem><classificationItem score=\"70\"><classCode>ST00090NT</classCode><className>ECONOMIC CONDITIONS</className><classCode/><className/></classificationItem><classificationItem score=\"69\"><classCode>STX000943</classCode><className>INTEREST RATES</className><classCode/><className/></classificationItem></classification><classification classificationScheme=\"industry\"><classificationItem score=\"93\"><classCode>N520000CC</classCode><className>BANKING &amp; FINANCE</className><classCode/><className/></classificationItem><classificationItem score=\"93\"><classCode>ST0009RX6</classCode><classCode/><className/></classificationItem><classificationItem score=\"92\"><classCode>N524200CC</classCode><className>INSURANCE AGENCIES &amp; BROKERAGES</className><classCode/><className/></classificationItem><classificationItem score=\"91\"><classCode>ST0008X7V</classCode><className>MINES &amp; MINING</className><classCode/><className/></classificationItem><classificationItem score=\"90\"><classCode>N212234IM</classCode><className>COPPER MINING</className><classCode/><className/></classificationItem><classificationItem score=\"90\"><classCode>STX001900</classCode><className>ENERGY &amp; UTILITIES</className><classCode/><className/></classificationItem><classificationItem score=\"90\"><classCode>N212221MM</classCode><className>GOLD MINING</className><classCode/><className/></classificationItem><classificationItem score=\"90\"><classCode>N524000CC</classCode><className>INSURANCE</className><classCode/><className/></classificationItem><classificationItem score=\"90\"><classCode>N523930MC</classCode><className>INVESTMENT ADVISERS</className><classCode>Z3VpZD11cm46dG9waWM6ODQ2M0Q5NUExRUZENEY2NDkzMzlDMDVFNjFCNTY3MTQ7cGFyZW50Z3VpZD11cm46dG9waWM6RkFFMTQ3ODhCRDYyNDkyN0IwQkEyQzRCRDlFMEM5ODc</classCode><className>Investment Advisers</className></classificationItem><classificationItem score=\"90\"><classCode>N212200CC</classCode><className>METAL ORE MINING</className><classCode/><className/></classificationItem><classificationItem score=\"90\"><classCode>N212234OM</classCode><className>NICKEL MINING</className><classCode/><className/></classificationItem><classificationItem score=\"90\"><classCode>ST000A2VZ</classCode><classCode/><className/></classificationItem><classificationItem score=\"78\"><classCode>ST00090O3</classCode><className>BANKING &amp; FINANCE REGULATION &amp; POLICY</className><classCode/><className/></classificationItem><classificationItem score=\"78\"><classCode>ST0009SVL</classCode><className>BANKING &amp; FINANCE SECTOR PERFORMANCE</className><classCode/><className/></classificationItem><classificationItem score=\"78\"><classCode>N522110DC</classCode><className>COMMERCIAL BANKING</className><classCode>Z3VpZD11cm46dG9waWM6NDIyQTAxOUNERDI4NDdFNjkyMEFDOTFFM0MwMTQzNjQ7cGFyZW50Z3VpZD11cm46dG9waWM6QjQyMUFCOUJBNURBNEFDREE3MTNCNDk5QkQ4NUM3RjI</classCode><className>Commercial Banks</className></classificationItem><classificationItem score=\"78\"><classCode>N210000CC</classCode><className>MINING &amp; EXTRACTION</className><classCode/><className/></classificationItem><classificationItem score=\"78\"><classCode>ST0009RDY</classCode><className>MINING &amp; EXTRACTION SECTOR PERFORMANCE</className><classCode/><className/></classificationItem><classificationItem score=\"78\"><classCode>ST0009FBJ</classCode><className>PETROLEUM PRODUCTS</className><classCode/><className/></classificationItem><classificationItem score=\"77\"><classCode>N523920MM</classCode><className>INVESTMENT MANAGEMENT</className><classCode/><className/></classificationItem><classificationItem score=\"77\"><classCode>N523210MM</classCode><className>STOCK EXCHANGES</className><classCode>Z3VpZD11cm46dG9waWM6M0ZDMDg5MEQ3OTlGNEJCMkI0M0EyM0MwN0E1Njk1MEQ7cGFyZW50Z3VpZD11cm46dG9waWM6NDBGREFBMDgyNTQ0NERFRUI3MEUwNDBFOTM5NDExREI</classCode><className>Stock Exchanges</className></classificationItem><classificationItem score=\"76\"><classCode>ST0008YTW</classCode><className>UNDERGROUND MINING</className><classCode/><className/></classificationItem><classificationItem score=\"75\"><classCode>STX001631</classCode><className>STOCK INDEXES</className><classCode/><className/></classificationItem><classificationItem score=\"69\"><classCode>STX000943</classCode><className>INTEREST RATES</className><classCode/><className/></classificationItem></classification><classification classificationScheme=\"country\"><classificationItem score=\"94\"><classCode>GC301</classCode><className>AUSTRALIA</className><classCode/><className/></classificationItem><classificationItem score=\"79\"><classCode>GC351</classCode><className>NEW ZEALAND</className><classCode/><className/></classificationItem><classificationItem score=\"79\"><classCode>GC343</classCode><className>UNITED STATES</className><classCode/><className/></classificationItem><classificationItem score=\"58\"><classCode>GR156</classCode><className>AUSTRALIA &amp; NEW ZEALAND</className><classCode/><className/></classificationItem></classification></classificationGroup></metadata></articleDoc></content></entry>"}