{"prediction_class": "Fraud Embezzlement Misappropriation", "prediction_score": "0.99", "name": "Woodside Petroleum", "title": "Woodside sacked five for fraud", "published": "2016-03-20T00:00:00Z", "updated": "2020-11-15T23:52:15Z", "cleaned_article": "[TITLE] Woodside sacked five for fraud [TITLE] \n\nWoodside Petroleum sacked 14 staff last year for breaches of its code of conduct, including five for fraud, its sustainable development report has revealed. Nine of the terminations involved harassment or other \"inappropriate behaviour,\" the oil and gas producer said. Woodside operates a \"zero-tolerance\" approach to fraud, bribery and corruption, and other unethical behaviour, with employees and business partners able to use a confidential, external helpline to report suspected abuses. Six reports to the helpline were made last year.", "raw_cleaned_article": "<h2>Woodside sacked five for fraud</h2><p><b>Woodside Petroleum sacked 14 staff last year for breaches of its code of conduct, including five for fraud, its sustainable development report has revealed.</b> Nine of the terminations involved harassment or other \"inappropriate behaviour,\" the oil and gas producer said. Woodside operates a \"zero-tolerance\" approach to fraud, bribery and corruption, and other unethical behaviour, with employees and business partners able to use a confidential, external helpline to report suspected abuses. Six reports to the helpline were made last year.</p>", "original_content": "<entry xmlns=\"http://www.w3.org/2005/Atom\"><id>urn:contentItem:5JJ5-YYY1-DY19-C0HT-00000-00</id><title>Woodside sacked five for fraud</title><published>2016-03-20T00:00:00Z</published><updated>2020-11-15T23:52:15Z</updated><author><name>LexisNexis</name></author><content type=\"application/xml\"><!--Transformation version 1.23--><articleDoc xmlns=\"\" xmlns:xsi=\"http://www.w3.org/2001/XMLSchema-instance\" xsi:noNamespaceSchemaLocation=\"http://www.lexisnexis.com/xmlschemas/content/public/articledoc/1/\" schemaVersion=\"1.8\" xml:lang=\"en\"><articleDocHead><itemInfo/></articleDocHead><nitf:body xmlns:nitf=\"http://iptc.org/std/NITF/2006-10-18/\"><nitf:body.head><nitf:hedline><nitf:hl1>Woodside sacked five for fraud</nitf:hl1></nitf:hedline><nitf:byline><author><person><nameText>Angela Macdonald-Smith</nameText></person></author></nitf:byline></nitf:body.head><nitf:body.content><bodyText><p nitf:lede=\"true\">Woodside Petroleum sacked 14 staff last year for breaches of its code of conduct, including five for fraud, its sustainable development report has revealed.</p><p nitf:lede=\"true\">Nine of the terminations involved harassment or other \"inappropriate behaviour,\" the oil and gas producer said.</p><p>Woodside operates a \"zero-tolerance\" approach to fraud, bribery and corruption, and other unethical behaviour, with employees and business partners able to use a confidential, external helpline to report suspected abuses. Six reports to the helpline were made last year.</p><p>  Indigenous target missed  </p><p>In all, 36 reports were made of improper behaviour, of which 26 were substantiated and three remain under investigation. <url normalizedValue=\"http://www.afr.com/business/energy/oil/woodside-petroleum-sacked-seven-staff-for-fraudrelated-incidents-20150318-1m2m00\">The number is only about half of the incidents reported the previous year.</url></p><p>The report also discloses that Woodside missed its target for increasing the proportion of its Indigenous workforce to reflect the 3.3 per cent demographic in Western Australia, with the count equalling 2.7 per cent last year. While the rate rose marginally from 2.6 per cent in 2014, the absolute number of Indigenous employees fell by five to 94 amid 347 jobs lost across the company.</p><p>\"Our work to increase Indigenous representation in our workforce continues,\" chief executive Peter Coleman said.</p><p>\"While we didn't meet our 2015 employment target, we have made progress in reducing turnover rates and will continue to work hard to raise Indigenous employment levels.\"</p><p>Woodside is also running behind its target of increasing female representation on its board to 30 per cent by 2016, with no changes to its board last year. It has re-set the 30 per cent target for the end of 2016.</p><p>  Women representation increased  </p><p>However, it increased senior female management, to 13.8 per cent, and the overall percentage of women in the workforce rose to 28.2 per cent, well above the average of 16 per cent across the Australian resources sector.</p><p>Woodside said it met its targets for safety and the environment, but total greenhouse gas emissions at its oil and gas operations rose to 10.2 million tonnes of carbon dioxide equivalent from 10 million tonnes in 2014. The company's own share of emissions was flat at 3.6 million tonnes.</p><p>The flaring intensity of Woodside's operations has fallen from 14.2 tonnes of greenhouse gases per kilotonne of production in 2013 to 9.2 t/kt in 2015, and the 2016 target has been lowered to 9 t/kt. As of this year, annual energy efficiency targets will be set for all operations.</p><p>Woodside said it accepted international climate change science but believes that gas has \"a major role to play in containing global average temperatures\", providing the flexibility in power generation that is needed to support renewable energy. Woodside has assumed a price on carbon in its economic and planning work since 2008.</p><p>The report reveals that Woodside paid $111,100 each in membership fees for the business network forums of the Australian Labor Party and the Liberal Party, and spent a further $46,820 attending conferences and other business events linked with those parties and the National Party. No direct political donations were made.</p><p>Woodside said it saved about $15 million last year from sharing helicopter capacity at its offshore operations in the Exmouth region by partnering with other oil and gas companies.</p></bodyText></nitf:body.content></nitf:body><metadata><dc:metadata xmlns:dc=\"http://purl.org/dc/elements/1.1/\"><dc:identifier identifierScheme=\"DOC-ID\">AFRONL-1007121960</dc:identifier><dc:source sourceScheme=\"royaltyReportingKey\">AFRONL2016</dc:source><dc:identifier identifierScheme=\"PGUID\">urn:contentItem:5JJ5-YYY1-DY19-C0HT-00000-00</dc:identifier><dc:source sourceScheme=\"productContentSetIdentifier\">429670</dc:source><dc:date dateType=\"last-updated\">2019-10-06</dc:date></dc:metadata><wordCount number=\"548\"/><timeReceived>12:10 PM GMT</timeReceived><publicationInfo><copyright>Copyright 2016 Fairfax Media Publications Pty. Limited All Rights Reserved</copyright><publicationName>AFR Online</publicationName><publicationDate day=\"20\" month=\"03\" year=\"2016\"><dateText>March 20, 2016 Sunday</dateText></publicationDate><classification classificationScheme=\"publicationtype\"><classificationItem><className>Web Publication</className></classificationItem></classification><classification classificationScheme=\"publicationtype\"><classificationItem><className>Industry Trade Press</className></classificationItem></classification></publicationInfo><classification classificationScheme=\"language\"><classificationItem classificationScheme=\"lang.english\"><className>ENGLISH</className></classificationItem></classification><classificationGroup classificationScheme=\"indexing-terms\"><classification classificationScheme=\"company\"><classificationItem score=\"92\"><classCode>CC0001W04</classCode><className>WOODSIDE PETROLEUM LTD</className></classificationItem></classification><classification classificationScheme=\"industry\"><classificationItem score=\"92\"><className>NAICS211112 NATURAL GAS LIQUID EXTRACTION</className></classificationItem><classificationItem score=\"92\"><className>NAICS211111 CRUDE PETROLEUM &amp; NATURAL GAS EXTRACTION</className></classificationItem><classificationItem score=\"92\"><className>SIC1321 NATURAL GAS LIQUIDS</className></classificationItem><classificationItem score=\"92\"><className>SIC1311 CRUDE PETROLEUM &amp; NATURAL GAS</className></classificationItem></classification><classification classificationScheme=\"ticker\"><classificationItem score=\"92\"><className>WPL (ASX)</className></classificationItem></classification></classificationGroup><classificationGroup classificationScheme=\"licensor.indexing-terms\"><classification classificationScheme=\"licensor.subject\"><classificationItem><className>Energy</className></classificationItem><classificationItem><className>Climate</className></classificationItem><classificationItem><className>Oil</className></classificationItem><classificationItem><className>Gas</className></classificationItem></classification></classificationGroup><classificationGroup classificationScheme=\"indexing-terms\"><classification classificationScheme=\"subject\"><classificationItem score=\"90\"><classCode>STX000654</classCode><className>ETHICS</className><classCode/><className/></classificationItem><classificationItem score=\"90\"><classCode>STX000759</classCode><className>FRAUD &amp; FINANCIAL CRIME</className><classCode/><className/></classificationItem><classificationItem score=\"90\"><classCode>ST00097LT</classCode><className>LABOR FORCE</className><classCode/><className/></classificationItem><classificationItem score=\"90\"><classCode>ST0009FJK</classCode><className>NEGATIVE PERSONAL NEWS</className><classCode/><className/></classificationItem><classificationItem score=\"89\"><classCode>STX000310</classCode><className>CLIMATE CHANGE</className><classCode/><className/></classificationItem><classificationItem score=\"89\"><classCode>STX000594</classCode><className>EMISSIONS</className><classCode/><className/></classificationItem><classificationItem score=\"89\"><classCode>ST000D8B1</classCode><className>GREENHOUSE GASES</className><classCode/><className/></classificationItem><classificationItem score=\"89\"><classCode>ST000DL6M</classCode><className>SUSTAINABILITY</className><classCode/><className/></classificationItem><classificationItem score=\"78\"><classCode>ST0009ZGL</classCode><className>CLIMATOLOGY</className><classCode/><className/></classificationItem><classificationItem score=\"78\"><classCode>ST000D5SG</classCode><className>CORRUPTION</className><classCode/><className/></classificationItem><classificationItem score=\"78\"><classCode>STX000602</classCode><className>EMPLOYEE TURNOVER &amp; RETENTION</className><classCode/><className/></classificationItem><classificationItem score=\"78\"><classCode>ST0008ZAI</classCode><className>ENERGY &amp; ENVIRONMENT</className><classCode/><className/></classificationItem><classificationItem score=\"78\"><classCode>STX000617</classCode><className>ENERGY EFFICIENCY &amp; CONSERVATION</className><classCode/><className/></classificationItem><classificationItem score=\"78\"><classCode>STX000969</classCode><className>INVESTIGATIONS</className><classCode/><className/></classificationItem><classificationItem score=\"78\"><classCode>STX001660</classCode><className>SUSTAINABLE DEVELOPMENT</className><classCode/><className/></classificationItem><classificationItem score=\"78\"><classCode>STX001851</classCode><className>WOMEN</className><classCode/><className/></classificationItem><classificationItem score=\"78\"><classCode>ST00097FI</classCode><className>WOMEN WORKERS</className><classCode/><className/></classificationItem><classificationItem score=\"76\"><classCode>STX001925</classCode><className>BUSINESS OPERATIONS</className><classCode/><className/></classificationItem><classificationItem score=\"76\"><classCode>ST0008WWD</classCode><className>EMPLOYMENT RATES</className><classCode/><className/></classificationItem><classificationItem score=\"74\"><classCode>STX000796</classCode><className>GLOBAL WARMING</className><classCode/><className/></classificationItem><classificationItem score=\"70\"><classCode>ST0008X7K</classCode><className>INDIGENOUS PEOPLES</className><classCode/><className/></classificationItem><classificationItem score=\"66\"><classCode>ST000D1BY</classCode><className>EXECUTIVES</className><classCode/><className/></classificationItem><classificationItem score=\"64\"><classCode>ST0008XK3</classCode><className>BOARD CHANGES</className><classCode/><className/></classificationItem><classificationItem score=\"57\"><classCode>STX000211</classCode><className>BRIBERY</className><classCode>Z3VpZD11cm46dG9waWM6MDdBNUZBQTcxQ0QzNEQ2MDk3MUU1RUM0Rjg0RDM1NDk7cGFyZW50Z3VpZD11cm46dG9waWM6RjgwNUY4MjJCMTg5NDgzRUJBMDQwNkM4NkUyNTJBMEY</classCode><className>Bribery</className></classificationItem></classification><classification classificationScheme=\"industry\"><classificationItem score=\"93\"><classCode>STX001198</classCode><className>NATURAL GAS PRODUCTS</className><classCode/><className/></classificationItem><classificationItem score=\"92\"><classCode>STX001240</classCode><className>OIL &amp; GAS INDUSTRY</className><classCode/><className/></classificationItem><classificationItem score=\"92\"><classCode>ST0009FBJ</classCode><className>PETROLEUM PRODUCTS</className><classCode/><className/></classificationItem><classificationItem score=\"91\"><classCode>STX001199</classCode><className>NATURAL GAS LIQUIDS</className><classCode/><className/></classificationItem><classificationItem score=\"90\"><classCode>ST000DBCO</classCode><className>NATURAL GAS</className><classCode>Z3VpZD11cm46dG9waWM6OTYxNzdCMkVBQkIyNEM2RTk2MDkzQjNEMTg4MzVFRTE7cGFyZW50Z3VpZD11cm46dG9waWM6OUUzODAyRDk1QzVFNEZGMEJDM0RGMDYxOTlEMEEzRDA</classCode><className>Natural Gas Industry</className></classificationItem><classificationItem score=\"90\"><classCode>ST0009T2J</classCode><className>NATURAL GAS EXTRACTION</className><classCode/><className/></classificationItem><classificationItem score=\"90\"><classCode>ST0009G87</classCode><className>NATURAL GAS PROCESSING</className><classCode/><className/></classificationItem><classificationItem score=\"89\"><classCode>STX000594</classCode><className>EMISSIONS</className><classCode/><className/></classificationItem><classificationItem score=\"89\"><classCode>STX001900</classCode><className>ENERGY &amp; UTILITIES</className><classCode/><className/></classificationItem><classificationItem score=\"78\"><classCode>STX001466</classCode><className>ALTERNATIVE &amp; RENEWABLE ENERGY</className><classCode/><className/></classificationItem><classificationItem score=\"78\"><classCode>N221110CC</classCode><className>ELECTRIC POWER PLANTS</className><classCode>Z3VpZD11cm46dG9waWM6OUFENThDQTNGRUE4NDA3MkJGN0JGRjMxNUY3N0MxNTM7cGFyZW50Z3VpZD11cm46dG9waWM6QjNBOTc1MjdCNkU5NENCRDg1OTk1QjQyRjNBNDMwOUU</classCode><className>Electricity Generation</className></classificationItem><classificationItem score=\"78\"><classCode>ST0008ZAI</classCode><className>ENERGY &amp; ENVIRONMENT</className><classCode/><className/></classificationItem><classificationItem score=\"78\"><classCode>STX000617</classCode><className>ENERGY EFFICIENCY &amp; CONSERVATION</className><classCode/><className/></classificationItem><classificationItem score=\"78\"><classCode>STX001660</classCode><className>SUSTAINABLE DEVELOPMENT</className><classCode/><className/></classificationItem><classificationItem score=\"74\"><classCode>STX000796</classCode><className>GLOBAL WARMING</className><classCode/><className/></classificationItem></classification><classification classificationScheme=\"state\"><classificationItem score=\"79\"><classCode>GS004</classCode><className>WESTERN AUSTRALIA, AUSTRALIA</className><classCode/><className/></classificationItem></classification><classification classificationScheme=\"country\"><classificationItem score=\"91\"><classCode>GC301</classCode><className>AUSTRALIA</className><classCode/><className/></classificationItem></classification></classificationGroup></metadata></articleDoc></content></entry>"}