{"prediction_class": "Offensive Social Behaviour", "prediction_score": "0.66", "name": "Woodside Petroleum", "title": "Corporate chief calls for action on 18C restrictions", "published": "2016-11-14T00:00:00Z", "updated": "2020-11-16T00:19:31Z", "cleaned_article": "[TITLE] Corporate chief calls for action on 18C restrictions [TITLE] \n\nMichael Chaney, one of corporate Australia's most senior and respected leaders, has called for the scrapping of the contentious section 18C of the federal Racial Discrimination Act. The chairman of Wesfarmers and Woodside Petroleum, and a former chairman of National Australia Bank, he said the law - which allows for the sanction of those who \"insult\" or \"offend\" on the grounds of race - is excessive. \"I think 18C goes much too far and restricts freedom of speech,\" Mr Chaney said. \"Some of the debate around what is offensive and what is not offensive has been quite ridiculous and I'd like to see it repealed or certainly amended so freedom of speech wasn't threatened.\" Mr Chaney's comments come amid a debate over 18C following the decision by the Human Rights Commission to investigate The Australian's Bill Leak over one of his cartoons. The investigation was triggered by a complaint from West Australian student Melissa Dinnison, who says she experienced racial hatred and had been discriminated against as a result of the cartoon.", "raw_cleaned_article": "<h2>Corporate chief calls for action on 18C restrictions</h2><p>Michael Chaney, one of corporate Australia's most senior and respected leaders, has called for the scrapping of the contentious section 18C of the federal Racial Discrimination Act. <b>The chairman of Wesfarmers and Woodside Petroleum, and a former chairman of National Australia Bank, he said the law - which allows for the sanction of those who \"insult\" or \"offend\" on the grounds of race - is excessive.</b> \"I think 18C goes much too far and restricts freedom of speech,\" Mr Chaney said. \"Some of the debate around what is offensive and what is not offensive has been quite ridiculous and I'd like to see it repealed or certainly amended so freedom of speech wasn't threatened.\" Mr Chaney's comments come amid a debate over 18C following the decision by the Human Rights Commission to investigate The Australian's Bill Leak over one of his cartoons. The investigation was triggered by a complaint from West Australian student Melissa Dinnison, who says she experienced racial hatred and had been discriminated against as a result of the cartoon.</p>", "original_content": "<entry xmlns=\"http://www.w3.org/2005/Atom\"><id>urn:contentItem:5M5C-8HX1-F0JP-W2RG-00000-00</id><title>Corporate chief calls for action on 18C restrictions</title><published>2016-11-14T00:00:00Z</published><updated>2020-11-16T00:19:31Z</updated><author><name>LexisNexis</name></author><content type=\"application/xml\"><!--Transformation version 1.23--><articleDoc xmlns=\"\" xmlns:xsi=\"http://www.w3.org/2001/XMLSchema-instance\" xsi:noNamespaceSchemaLocation=\"http://www.lexisnexis.com/xmlschemas/content/public/articledoc/1/\" schemaVersion=\"1.8\" xml:lang=\"en\"><articleDocHead><itemInfo><sourceSectionInfo><positionSection>THENATION</positionSection><positionSequence>Pg. 4</positionSequence></sourceSectionInfo></itemInfo></articleDocHead><nitf:body xmlns:nitf=\"http://iptc.org/std/NITF/2006-10-18/\"><nitf:body.head><nitf:hedline><nitf:hl1>Corporate chief calls for action on 18C restrictions</nitf:hl1></nitf:hedline><nitf:byline><author><person><nameText>PAUL GARVEY, EXCLUSIVE</nameText></person></author></nitf:byline></nitf:body.head><nitf:body.content><bodyText><p nitf:lede=\"true\">Michael Chaney, one of corporate Australia's most senior and respected leaders, has called for the scrapping of the contentious section 18C of the federal Racial Discrimination Act.</p><p>The chairman of Wesfarmers and Woodside Petroleum, and a former chairman of National Australia Bank, he said the law - which allows for the sanction of those who \"insult\" or \"offend\" on the grounds of race - is excessive.</p><p>\"I think 18C goes much too far and restricts freedom of speech,\" Mr Chaney said. \"Some of the debate around what is offensive and what is not offensive has been quite ridiculous and I'd like to see it repealed or certainly amended so freedom of speech wasn't threatened.\" Mr Chaney's comments come amid a debate over 18C following the decision by the Human Rights Commission to investigate The Australian's Bill Leak over one of his cartoons.</p><p>The investigation was triggered by a complaint from West Australian student Melissa Dinnison, who says she experienced racial hatred and had been discriminated against as a result of the cartoon.</p><p>Several students at the Queensland University of Technology were subject to another 18C case under which they were being sued for $250,000 for commenting on Facebook about segregation after they were told to leave an indigenous-only computer lab, but the case was thrown out of court last week.Mr Chaney is the latest in a long line of prominent Australians to call for -action on 18C.</p></bodyText></nitf:body.content></nitf:body><metadata><dc:metadata xmlns:dc=\"http://purl.org/dc/elements/1.1/\"><dc:identifier identifierScheme=\"DOC-ID\">THEAUS-TheAustralian20161114Australian4000180217063</dc:identifier><dc:source sourceScheme=\"royaltyReportingKey\">THEAUS2016</dc:source><dc:identifier identifierScheme=\"PGUID\">urn:contentItem:5M5C-8HX1-F0JP-W2RG-00000-00</dc:identifier><dc:source sourceScheme=\"productContentSetIdentifier\">244777</dc:source><dc:date dateType=\"last-updated\">2018-10-17</dc:date></dc:metadata><wordCount number=\"237\"/><publicationInfo><copyright>Copyright 2016 Nationwide News Pty Limited All Rights Reserved</copyright><publicationName>The Australian</publicationName><edition>Australian Edition</edition><publicationDate day=\"14\" month=\"11\" year=\"2016\"><dateText>November 14, 2016 Monday</dateText></publicationDate><classification classificationScheme=\"publicationtype\"><classificationItem><className>Newspaper</className></classificationItem></classification><classification classificationScheme=\"publicationtype\"><classificationItem><className>Newspapers</className></classificationItem></classification></publicationInfo><classification classificationScheme=\"language\"><classificationItem classificationScheme=\"lang.english\"><className>ENGLISH</className></classificationItem></classification><classificationGroup classificationScheme=\"indexing-terms\"><classification classificationScheme=\"company\"><classificationItem score=\"58\"><classCode>CC0001V19</classCode><className>NATIONAL AUSTRALIA BANK LTD</className></classificationItem><classificationItem score=\"51\"><classCode>CC0009VRA</classCode><className>FACEBOOK INC</className></classificationItem></classification><classification classificationScheme=\"industry\"><classificationItem score=\"58\"><className>NAICS522293 INTERNATIONAL TRADE FINANCING</className></classificationItem><classificationItem score=\"58\"><className>NAICS522120 SAVINGS INSTITUTIONS</className></classificationItem><classificationItem score=\"58\"><className>NAICS522110 COMMERCIAL BANKING</className></classificationItem><classificationItem score=\"58\"><className>SIC6082 FOREIGN TRADE &amp; INTERNATIONAL BANKING INSTITUTIONS</className></classificationItem><classificationItem score=\"58\"><className>SIC6081 BRANCHES &amp; AGENCIES OF FOREIGN BANKS</className></classificationItem><classificationItem score=\"51\"><className>NAICS519130 INTERNET PUBLISHING &amp; BROADCASTING &amp; WEB SEARCH PORTALS</className></classificationItem></classification><classification classificationScheme=\"ticker\"><classificationItem score=\"58\"><className>NAB (ASX)</className></classificationItem><classificationItem score=\"51\"><className>FB (NASDAQ)</className></classificationItem></classification></classificationGroup><classificationGroup classificationScheme=\"indexing-terms\"><classification classificationScheme=\"subject\"><classificationItem score=\"90\"><classCode>ST000CYDJ</classCode><className>DISCRIMINATION</className><classCode/><className/></classificationItem><classificationItem score=\"90\"><classCode>ST000DDDE</classCode><className>DISCRIMINATION LAW</className><classCode/><className/></classificationItem><classificationItem score=\"90\"><classCode>STX000951</classCode><className>INTERNATIONAL TRADE</className><classCode/><className/></classificationItem><classificationItem score=\"90\"><classCode>N522293CC</classCode><className>INTERNATIONAL TRADE FINANCING</className><classCode/><className/></classificationItem><classificationItem score=\"90\"><classCode>ST0009RD1</classCode><className>INTERNET SOCIAL NETWORKING</className><classCode/><className/></classificationItem><classificationItem score=\"90\"><classCode>STX000969</classCode><className>INVESTIGATIONS</className><classCode/><className/></classificationItem><classificationItem score=\"90\"><classCode>ST0009FJK</classCode><className>NEGATIVE PERSONAL NEWS</className><classCode/><className/></classificationItem><classificationItem score=\"90\"><classCode>STX001444</classCode><className>RACE &amp; ETHNICITY</className><classCode/><className/></classificationItem><classificationItem score=\"90\"><classCode>ST000DA0C</classCode><className>RACISM &amp; XENOPHOBIA</className><classCode/><className/></classificationItem><classificationItem score=\"78\"><classCode>STX001648</classCode><className>SUITS &amp; CLAIMS</className><classCode/><className/></classificationItem><classificationItem score=\"77\"><classCode>ST0009J49</classCode><className>HUMAN RIGHTS &amp; CIVIL LIBERTIES LAW</className><classCode>Z3VpZD11cm46dG9waWM6NURDOUM5MEJFQUZGNEFBMDgzMkM0RTgwODdDNTMxREM7cGFyZW50Z3VpZD0</classCode><className>Civil Rights Law</className></classificationItem><classificationItem score=\"77\"><classCode>STX001040</classCode><className>LITIGATION</className><classCode/><className/></classificationItem><classificationItem score=\"76\"><classCode>ST000DLBO</classCode><className>CARTOONS &amp; COMICS</className><classCode/><className/></classificationItem><classificationItem score=\"73\"><classCode>STX000873</classCode><className>HUMAN RIGHTS</className><classCode>Z3VpZD11cm46dG9waWM6NTYzQjQyOTBDNzNDNEI2QUIyOTE2MEYyMTdBQTlDMzI7cGFyZW50Z3VpZD11cm46dG9waWM6MTZCMUU5OEUyREYzNDM4MjkzMkFCQzA0MTM3QUY1NjQ</classCode><className>Human Rights</className></classificationItem><classificationItem score=\"73\"><classCode>N813311MM</classCode><className>HUMAN RIGHTS ORGANIZATIONS</className><classCode/><className/></classificationItem><classificationItem score=\"67\"><classCode>ST0009HPZ</classCode><className>STUDENTS &amp; STUDENT LIFE</className><classCode/><className/></classificationItem></classification><classification classificationScheme=\"industry\"><classificationItem score=\"90\"><classCode>N520000CC</classCode><className>BANKING &amp; FINANCE</className><classCode/><className/></classificationItem><classificationItem score=\"90\"><classCode>N522293CC</classCode><className>INTERNATIONAL TRADE FINANCING</className><classCode/><className/></classificationItem><classificationItem score=\"90\"><classCode>ST0009RD1</classCode><className>INTERNET SOCIAL NETWORKING</className><classCode/><className/></classificationItem><classificationItem score=\"90\"><classCode>ST0009RX6</classCode><classCode/><className/></classificationItem><classificationItem score=\"76\"><classCode>ST000DLBO</classCode><className>CARTOONS &amp; COMICS</className><classCode/><className/></classificationItem><classificationItem score=\"76\"><classCode>STX000580</classCode><className>ELECTRONIC PUBLISHING</className><classCode/><className/></classificationItem><classificationItem score=\"76\"><classCode>STX000962</classCode><className>WEBSITES &amp; PORTALS</className><classCode/><className/></classificationItem><classificationItem score=\"71\"><classCode>STX001536</classCode><className>SEARCH ENGINES</className><classCode/><className/></classificationItem><classificationItem score=\"71\"><classCode>N518112MM</classCode><className>WEB SEARCH PORTALS</className><classCode/><className/></classificationItem></classification><classification classificationScheme=\"state\"><classificationItem score=\"73\"><classCode>GS002</classCode><className>QUEENSLAND, AUSTRALIA</className><classCode/><className/></classificationItem><classificationItem score=\"73\"><classCode>GS004</classCode><className>WESTERN AUSTRALIA, AUSTRALIA</className><classCode/><className/></classificationItem></classification><classification classificationScheme=\"country\"><classificationItem score=\"96\"><classCode>GC301</classCode><className>AUSTRALIA</className><classCode/><className/></classificationItem></classification></classificationGroup></metadata></articleDoc></content></entry>"}